{"type":"FeatureCollection","features":[{"type":"Feature","id":311073645,"properties":{"amenity":"atm","@type":"node","@id":311073645},"geometry":{"type":"Point","coordinates":[100.5363474,13.7273882]}},{"type":"Feature","id":330412272,"properties":{"addr:city":"Thung Kru","addr:housenumber":"194-196-198","addr:postcode":"10140","addr:street":"Pracha Uthit","amenity":"bank","atm":"yes","name":"Bangkok Bank","phone":"+662-872-6955","source":"www.bangkokbank.com/BangkokBank/WebServices/LocateUs/Pages/Default.aspx","@type":"node","@id":330412272},"geometry":{"type":"Point","coordinates":[100.4960531,13.6482451]}},{"type":"Feature","id":444384182,"properties":{"amenity":"bank","atm":"yes","level":"0","operator":"ธนาคารไทยพาณิชย์","operator:en":"Siam Commercial Bank","operator:th":"ธนาคารไทยพาณิชย์","@type":"node","@id":444384182},"geometry":{"type":"Point","coordinates":[100.5316241,13.7353822]}},{"type":"Feature","id":444402389,"properties":{"amenity":"atm","check_date":"2022-08-05","operator":"SCB","@type":"node","@id":444402389},"geometry":{"type":"Point","coordinates":[100.5347366,13.7395789]}},{"type":"Feature","id":444402390,"properties":{"amenity":"atm","@type":"node","@id":444402390},"geometry":{"type":"Point","coordinates":[100.5320193,13.7407865]}},{"type":"Feature","id":479719906,"properties":{"amenity":"atm","brand":"ธนาคารออมสิน","brand:en":"Government Savings Bank","brand:th":"ธนาคารออมสิน","brand:wikidata":"Q6579041","cash_in":"yes","name:en":"Government Savings Bank","name:th":"ธนาคารออมสิน","operator":"ธนาคารออมสิน","operator:wikidata":"Q6579041","@type":"node","@id":479719906},"geometry":{"type":"Point","coordinates":[100.5261311,13.7203814]}},{"type":"Feature","id":783852998,"properties":{"amenity":"atm","fee":"no","name":"ธนาคารกรุงไทย","operator":"Krungthai Bank","@type":"node","@id":783852998},"geometry":{"type":"Point","coordinates":[100.6016095,14.0772731]}},{"type":"Feature","id":874938084,"properties":{"amenity":"bank","levels":"2","name:en":"Thai Farmers Bank","@type":"node","@id":874938084},"geometry":{"type":"Point","coordinates":[100.6169567,14.0762706]}},{"type":"Feature","id":929190108,"properties":{"amenity":"atm","@type":"node","@id":929190108},"geometry":{"type":"Point","coordinates":[100.5270529,13.7233681]}},{"type":"Feature","id":942310340,"properties":{"addr:district":"หลักสี่","addr:housenumber":"29/190","addr:place":"หมู่ที่ 1","addr:province":"กรุงเทพมหานคร","addr:subdistrict":"ทุ่งสองห้อง","amenity":"bank","atm":"yes","name":"ธนาคารกรุงศรีอยุธยา","name:en":"Bank of Ayudhya","name:th":"ธนาคารกรุงศรีอยุธยา","source":"GPS; sign","@type":"node","@id":942310340},"geometry":{"type":"Point","coordinates":[100.5611882,13.8942464]}},{"type":"Feature","id":942310458,"properties":{"addr:district":"หลักสี่","addr:province":"กรุงเทพมหานคร","addr:subdistrict":"ทุ่งสองห้อง","amenity":"bank","atm":"yes","brand":"ธนาคารกรุงไทย","brand:en":"Krung Thai Bank","brand:th":"ธนาคารกรุงไทย","brand:wikidata":"Q962865","name":"ธนาคารกรุงไทย","name:en":"Krung Thai Bank","name:th":"ธนาคารกรุงไทย","source":"GPS; sign","@type":"node","@id":942310458},"geometry":{"type":"Point","coordinates":[100.5603527,13.8929593]}},{"type":"Feature","id":1034436403,"properties":{"amenity":"bank","atm":"yes","operator":"Krungthai Bank","@type":"node","@id":1034436403},"geometry":{"type":"Point","coordinates":[100.3516863,14.0310513]}},{"type":"Feature","id":1044140292,"properties":{"amenity":"bank","atm":"yes","brand":"ธนาคารกสิกรไทย","brand:en":"Kasikorn Bank","brand:th":"ธนาคารกสิกรไทย","name":"ธนาคารกสิกรไทย","name:en":"Kasikorn Bank","name:th":"ธนาคารกสิกรไทย","@type":"node","@id":1044140292},"geometry":{"type":"Point","coordinates":[100.6078818,13.6923992]}},{"type":"Feature","id":1081789397,"properties":{"alt_name:en":"Krungsri","amenity":"bank","brand":"กรุงศรี","brand:en":"Bank of Ayudhya","brand:th":"กรุงศรี","brand:wikidata":"Q782537","name":"กรุงศรี","name:en":"Bank of Ayudhya","name:th":"กรุงศรี","@type":"node","@id":1081789397},"geometry":{"type":"Point","coordinates":[100.6140479,13.7831424]}},{"type":"Feature","id":1104253975,"properties":{"amenity":"atm","operator":"ธนาคารกรุงเทพ","@type":"node","@id":1104253975},"geometry":{"type":"Point","coordinates":[100.4078711,13.6979121]}},{"type":"Feature","id":1138993490,"properties":{"amenity":"bank","name":"ธนาคารกรุงศรีอยุธยา จำกัด (มหาชน)","name:en":"Bank of Ayudhaya Public Company Limited","name:th":"ธนาคารกรุงศรีอยุธยา จำกัด (มหาชน)","@type":"node","@id":1138993490},"geometry":{"type":"Point","coordinates":[100.5715734,13.8429838]}},{"type":"Feature","id":1185825444,"properties":{"amenity":"atm","operator":"ธนาคารกรุงเทพ จำกัด (มหาชน)","@type":"node","@id":1185825444},"geometry":{"type":"Point","coordinates":[100.4396723,13.6724004]}},{"type":"Feature","id":1196935405,"properties":{"amenity":"atm","@type":"node","@id":1196935405},"geometry":{"type":"Point","coordinates":[100.5158115,13.7114864]}},{"type":"Feature","id":1204188747,"properties":{"amenity":"bank","brand":"Citibank","brand:wikidata":"Q857063","level":"0","name":"Citibank","opening_hours":"Mo-Fr 08:30-19:00","short_name":"Citi","wheelchair":"yes","@type":"node","@id":1204188747},"geometry":{"type":"Point","coordinates":[100.5617319,13.7366597]}},{"type":"Feature","id":1217707321,"properties":{"alt_name:en":"Krungsri","amenity":"bank","atm":"yes","brand":"กรุงศรี","brand:en":"Bank of Ayudhya","brand:th":"กรุงศรี","brand:wikidata":"Q782537","name":"กรุงศรี","name:en":"Bank of Ayudhya","name:th":"กรุงศรี","@type":"node","@id":1217707321},"geometry":{"type":"Point","coordinates":[100.5185896,13.7230767]}},{"type":"Feature","id":1283869430,"properties":{"amenity":"bank","atm":"yes","brand":"ธนาคารกรุงเทพ","brand:en":"Bangkok Bank","brand:th":"ธนาคารกรุงเทพ","brand:wikidata":"Q806483","brand:wikipedia":"en:Bangkok Bank","name":"ธนาคารกรุงเทพ","name:en":"Bangkok Bank","name:th":"ธนาคารกรุงเทพ","@type":"node","@id":1283869430},"geometry":{"type":"Point","coordinates":[100.6013507,13.7092898]}},{"type":"Feature","id":1368244537,"properties":{"amenity":"bank","atm":"yes","brand":"Siam Commercial Bank","brand:wikidata":"Q2038986","name":"Siam Commercial Bank","@type":"node","@id":1368244537},"geometry":{"type":"Point","coordinates":[100.5614264,13.7406153]}},{"type":"Feature","id":1374620774,"properties":{"addr:postcode":"10900","amenity":"bank","atm":"yes","brand":"ธนาคารไทยพาณิชย์","brand:en":"Siam Commercial Bank","brand:th":"ธนาคารไทยพาณิชย์","brand:wikidata":"Q2038986","drive_through":"no","name":"ธนาคารไทยพาณิชย์","name:en":"Siam Commercial Bank","name:th":"ธนาคารไทยพาณิชย์","opening_hours":"Mo-Sa 08:30-16:00","wheelchair":"yes","@type":"node","@id":1374620774},"geometry":{"type":"Point","coordinates":[100.5708469,13.8428813]}},{"type":"Feature","id":1374622555,"properties":{"amenity":"bank","atm":"yes","brand":"ธนาคารทหารไทยธนชาต","brand:en":"TMBThanachart Bank","brand:th":"ธนาคารทหารไทยธนชาต","brand:wikidata":"Q1527826","drive_through":"no","name":"ธนาคารทหารไทยธนชาต","name:en":"TMBThanachart Bank","name:th":"ธนาคารทหารไทยธนชาต","short_name":"ttb","wheelchair":"yes","@type":"node","@id":1374622555},"geometry":{"type":"Point","coordinates":[100.5703737,13.8429539]}},{"type":"Feature","id":1374637806,"properties":{"amenity":"atm","check_date":"2024-10-05","wheelchair":"no","@type":"node","@id":1374637806},"geometry":{"type":"Point","coordinates":[100.5669229,13.8487986]}},{"type":"Feature","id":1374641234,"properties":{"amenity":"bank","brand":"ธนาคารกสิกรไทย","brand:en":"Kasikornbank","brand:th":"ธนาคารกสิกรไทย","brand:wikidata":"Q276557","name":"ธนาคารกสิกรไทย","name:en":"Kasikornbank","name:th":"ธนาคารกสิกรไทย","@type":"node","@id":1374641234},"geometry":{"type":"Point","coordinates":[100.5694027,13.8436467]}},{"type":"Feature","id":1374644142,"properties":{"amenity":"bank","brand":"ธนาคารกรุงเทพ","brand:en":"Bangkok Bank","brand:th":"ธนาคารกรุงเทพ","brand:wikidata":"Q806483","name":"ธนาคารกรุงเทพ","name:en":"Bangkok Bank","name:th":"ธนาคารกรุงเทพ","@type":"node","@id":1374644142},"geometry":{"type":"Point","coordinates":[100.5697095,13.8434921]}},{"type":"Feature","id":1388306596,"properties":{"amenity":"bank","brand":"ธนาคารไทยพาณิชย์","brand:en":"Siam Commercial Bank","brand:th":"ธนาคารไทยพาณิชย์","brand:wikidata":"Q2038986","brand:wikipedia":"en:Siam Commercial Bank","name":"ธนาคารไทยพาณิชย์","name:en":"Siam Commercial Bank","name:th":"ธนาคารไทยพาณิชย์","@type":"node","@id":1388306596},"geometry":{"type":"Point","coordinates":[100.5346431,13.7621223]}},{"type":"Feature","id":1395854455,"properties":{"amenity":"bank","atm":"yes","brand":"ธนาคารไทยพาณิชย์","brand:en":"Siam Commercial Bank","brand:th":"ธนาคารไทยพาณิชย์","brand:wikidata":"Q2038986","brand:wikipedia":"en:Siam Commercial Bank","name":"ธนาคารไทยพาณิชย์","name:en":"Siam Commercial Bank","name:th":"ธนาคารไทยพาณิชย์","@type":"node","@id":1395854455},"geometry":{"type":"Point","coordinates":[100.5274593,13.7668223]}},{"type":"Feature","id":1395854489,"properties":{"amenity":"bank","atm":"yes","brand":"ธนาคารกรุงไทย","brand:en":"Krung Thai Bank","brand:th":"ธนาคารกรุงไทย","brand:wikidata":"Q962865","name":"ธนาคารกรุงไทย","name:en":"Krung Thai Bank","name:th":"ธนาคารกรุงไทย","@type":"node","@id":1395854489},"geometry":{"type":"Point","coordinates":[100.5284325,13.7675273]}},{"type":"Feature","id":1396209737,"properties":{"amenity":"bank","brand":"ธนาคารกสิกรไทย","brand:en":"Kasikornbank","brand:th":"ธนาคารกสิกรไทย","brand:wikidata":"Q276557","name":"ธนาคารกสิกรไทย","name:en":"Kasikornbank","name:th":"ธนาคารกสิกรไทย","@type":"node","@id":1396209737},"geometry":{"type":"Point","coordinates":[100.5516451,13.9134117]}},{"type":"Feature","id":1418211546,"properties":{"amenity":"bank","atm":"yes","name":"ธนาคารนครหลวงไทย","name:en":"Siam City Bank","name:th":"ธนาคารนครหลวงไทย","source":"bing; sign","@type":"node","@id":1418211546},"geometry":{"type":"Point","coordinates":[100.5241816,13.7216061]}},{"type":"Feature","id":1418211578,"properties":{"amenity":"bank","atm":"yes","brand":"ธนาคารกรุงเทพ","brand:en":"Bangkok Bank","brand:th":"ธนาคารกรุงเทพ","brand:wikidata":"Q806483","name":"ธนาคารกรุงเทพ","name:en":"Bangkok Bank","name:th":"ธนาคารกรุงเทพ","operator":"BBL","@type":"node","@id":1418211578},"geometry":{"type":"Point","coordinates":[100.5242213,13.7198137]}},{"type":"Feature","id":1430112440,"properties":{"amenity":"atm","@type":"node","@id":1430112440},"geometry":{"type":"Point","coordinates":[100.626085,13.9317869]}},{"type":"Feature","id":1509537555,"properties":{"amenity":"atm","@type":"node","@id":1509537555},"geometry":{"type":"Point","coordinates":[100.4565545,13.6723683]}},{"type":"Feature","id":1509537557,"properties":{"amenity":"atm","operator":"ธนาคารกรุงเทพ","@type":"node","@id":1509537557},"geometry":{"type":"Point","coordinates":[100.4538775,13.6750553]}},{"type":"Feature","id":1509537561,"properties":{"amenity":"atm","@type":"node","@id":1509537561},"geometry":{"type":"Point","coordinates":[100.4557654,13.6728999]}},{"type":"Feature","id":1513874780,"properties":{"addr:housenumber":"52/405","addr:postcode":"10150","addr:street":"ถนนพระรามที่ 2","amenity":"bank","atm":"yes","branch":"บางมด","brand":"ธนาคารไทยพาณิชย์","brand:en":"Siam Commercial Bank","brand:th":"ธนาคารไทยพาณิชย์","brand:wikidata":"Q2038986","name":"ธนาคารไทยพาณิชย์","name:en":"Siam Commercial Bank","name:th":"ธนาคารไทยพาณิชย์","@type":"node","@id":1513874780},"geometry":{"type":"Point","coordinates":[100.450491,13.6684579]}},{"type":"Feature","id":1538361973,"properties":{"amenity":"bank","name":"ธนาคารอาคารสงเคราะห์ สาขาถนนพิบูลสงคราม","name:en":"The Government Housing Bank Branch Phibun Songkhram Road","@type":"node","@id":1538361973},"geometry":{"type":"Point","coordinates":[100.5116641,13.8189802]}},{"type":"Feature","id":1585434048,"properties":{"amenity":"atm","@type":"node","@id":1585434048},"geometry":{"type":"Point","coordinates":[100.4068279,13.689107]}},{"type":"Feature","id":1597521452,"properties":{"addr:housenumber":"3000","addr:postcode":"10900","addr:street":"ถนนพหลโยธิน","amenity":"bank","atm":"yes","name":"TMB Bank","@type":"node","@id":1597521452},"geometry":{"type":"Point","coordinates":[100.5579744,13.8085697]}},{"type":"Feature","id":1597762385,"properties":{"addr:housenumber":"72/65-68","addr:postcode":"10150","addr:street":"ถนนเอกชัย","amenity":"bank","name":"ธนาคารยูโอบี สาขา บางบอน","name:en":"Bank UOB Branch Bangbon","@type":"node","@id":1597762385},"geometry":{"type":"Point","coordinates":[100.4383798,13.6806818]}},{"type":"Feature","id":1648163424,"properties":{"addr:housenumber":"55/622;55/623","amenity":"bank","atm":"yes","name":"ธนาคารออมสิน สาขาเมืองทองธานี","name:en":"Government Savings Bank, Muang Thong Thani Branch","@type":"node","@id":1648163424},"geometry":{"type":"Point","coordinates":[100.5402133,13.9129747]}},{"type":"Feature","id":1648163439,"properties":{"amenity":"bank","atm":"yes","brand":"SCB","name":"ธนาคารไทยพาณิชย์ สาขาแจ้งวัฒนะ","@type":"node","@id":1648163439},"geometry":{"type":"Point","coordinates":[100.5373903,13.901665]}},{"type":"Feature","id":1648163469,"properties":{"amenity":"bank","atm":"yes","brand":"K-Bn","name":"ธนาคารกสิกรไทย สาขาแจ้งวัฒนะ","@type":"node","@id":1648163469},"geometry":{"type":"Point","coordinates":[100.5361677,13.9021438]}},{"type":"Feature","id":1653906088,"properties":{"amenity":"atm","brand":"ธนาคารไทยพาณิชย์","brand:en":"Siam Commercial Bank","brand:th":"ธนาคารไทยพาณิชย์","brand:wikidata":"Q2038986","name:en":"Siam Commercial Bank","name:th":"ธนาคารไทยพาณิชย์","operator":"ธนาคารไทยพาณิชย์","operator:wikidata":"Q2038986","@type":"node","@id":1653906088},"geometry":{"type":"Point","coordinates":[100.4223682,13.7413975]}},{"type":"Feature","id":1657637999,"properties":{"amenity":"bank","atm":"yes","operator":"Krungsri Bank","@type":"node","@id":1657637999},"geometry":{"type":"Point","coordinates":[100.5972199,13.7324499]}},{"type":"Feature","id":1657638001,"properties":{"amenity":"bank","brand":"ธนาคารกสิกรไทย","brand:en":"Kasikornbank","brand:th":"ธนาคารกสิกรไทย","brand:wikidata":"Q276557","name":"ธนาคารกสิกรไทย","name:en":"Kasikornbank","name:th":"ธนาคารกสิกรไทย","operator":"Kasikorn Bank","@type":"node","@id":1657638001},"geometry":{"type":"Point","coordinates":[100.5972696,13.7326787]}},{"type":"Feature","id":1658904683,"properties":{"amenity":"atm","brand":"ธนาคารกสิกรไทย","brand:en":"Kasikornbank","brand:th":"ธนาคารกสิกรไทย","brand:wikidata":"Q276557","name":"ธนาคารกสิกรไทย","name:en":"Kasikornbank","name:th":"ธนาคารกสิกรไทย","operator":"ธนาคารกสิกรไทย","operator:wikidata":"Q276557","@type":"node","@id":1658904683},"geometry":{"type":"Point","coordinates":[100.5992595,13.7334096]}},{"type":"Feature","id":1658905155,"properties":{"amenity":"atm","operator":"Easybank","@type":"node","@id":1658905155},"geometry":{"type":"Point","coordinates":[100.5993428,13.7351475]}},{"type":"Feature","id":1658905159,"properties":{"amenity":"atm","@type":"node","@id":1658905159},"geometry":{"type":"Point","coordinates":[100.5993437,13.7351667]}},{"type":"Feature","id":1658905178,"properties":{"amenity":"atm","brand":"ธนาคารกรุงเทพ","brand:en":"Bangkok Bank","brand:th":"ธนาคารกรุงเทพ","brand:wikidata":"Q806483","name":"ธนาคารกรุงเทพ","name:en":"Bangkok Bank","name:th":"ธนาคารกรุงเทพ","operator":"ธนาคารกรุงเทพ","operator:wikidata":"Q806483","@type":"node","@id":1658905178},"geometry":{"type":"Point","coordinates":[100.5996117,13.7352711]}},{"type":"Feature","id":1658905181,"properties":{"amenity":"atm","operator":"Kasikorn Bank","@type":"node","@id":1658905181},"geometry":{"type":"Point","coordinates":[100.5993589,13.7352859]}},{"type":"Feature","id":1661935661,"properties":{"amenity":"atm","brand":"ธนาคารไทยพาณิชย์","brand:en":"Siam Commercial Bank","brand:th":"ธนาคารไทยพาณิชย์","brand:wikidata":"Q2038986","name":"ธนาคารไทยพาณิชย์","name:en":"Siam Commercial Bank","name:th":"ธนาคารไทยพาณิชย์","operator":"ธนาคารไทยพาณิชย์","operator:wikidata":"Q2038986","@type":"node","@id":1661935661},"geometry":{"type":"Point","coordinates":[100.5973198,13.7329389]}},{"type":"Feature","id":1661935663,"properties":{"amenity":"atm","brand":"ธนาคารกรุงเทพ","brand:en":"Bangkok Bank","brand:th":"ธนาคารกรุงเทพ","brand:wikidata":"Q806483","name":"ธนาคารกรุงเทพ","name:en":"Bangkok Bank","name:th":"ธนาคารกรุงเทพ","operator":"ธนาคารกรุงเทพ","operator:wikidata":"Q806483","@type":"node","@id":1661935663},"geometry":{"type":"Point","coordinates":[100.5973213,13.7329643]}},{"type":"Feature","id":1661935677,"properties":{"amenity":"atm","operator":"Bangkok Bank","@type":"node","@id":1661935677},"geometry":{"type":"Point","coordinates":[100.5978106,13.7349321]}},{"type":"Feature","id":1687389764,"properties":{"amenity":"atm","@type":"node","@id":1687389764},"geometry":{"type":"Point","coordinates":[100.4080155,13.695781]}},{"type":"Feature","id":1691658628,"properties":{"amenity":"bank","name":"ธนาคารกรุงเทพ","@type":"node","@id":1691658628},"geometry":{"type":"Point","coordinates":[100.5280455,13.7685345]}},{"type":"Feature","id":1691658631,"properties":{"amenity":"bank","name":"ธนาคารไทยพาณิชย์","@type":"node","@id":1691658631},"geometry":{"type":"Point","coordinates":[100.5281715,13.7684406]}},{"type":"Feature","id":1691658708,"properties":{"amenity":"bank","name":"ธนาคารกสิกรไทย","@type":"node","@id":1691658708},"geometry":{"type":"Point","coordinates":[100.5280429,13.7684043]}},{"type":"Feature","id":1692001908,"properties":{"amenity":"atm","operator":"Bangkok Bank ATM","@type":"node","@id":1692001908},"geometry":{"type":"Point","coordinates":[100.5885042,13.7941972]}},{"type":"Feature","id":1692927576,"properties":{"amenity":"bank","atm":"yes","name":"ธนาคารกรุงไทย","name:en":"Krung Thai Bank","name:th":"ธนาคารกรุงไทย","@type":"node","@id":1692927576},"geometry":{"type":"Point","coordinates":[100.5746751,13.7916322]}},{"type":"Feature","id":1697065995,"properties":{"amenity":"bank","atm":"yes","brand":"ธนาคารกรุงเทพ","brand:en":"Bangkok Bank","brand:th":"ธนาคารกรุงเทพ","brand:wikidata":"Q806483","name":"ธนาคารกรุงเทพ","name:en":"Bangkok Bank","name:th":"ธนาคารกรุงเทพ","@type":"node","@id":1697065995},"geometry":{"type":"Point","coordinates":[100.5345541,13.7453629]}},{"type":"Feature","id":1700165025,"properties":{"amenity":"bank","brand":"ธนาคารไทยพาณิชย์","brand:en":"Siam Commercial Bank","brand:th":"ธนาคารไทยพาณิชย์","brand:wikidata":"Q2038986","level":"0","name":"ธนาคารไทยพาณิชย์","name:en":"Siam Commercial Bank","name:th":"ธนาคารไทยพาณิชย์","@type":"node","@id":1700165025},"geometry":{"type":"Point","coordinates":[100.535147,13.7458237]}},{"type":"Feature","id":1700165252,"properties":{"amenity":"bank","level":"0","name":"ธนาคารธนชาต","name:en":"Thanachart Bank","@type":"node","@id":1700165252},"geometry":{"type":"Point","coordinates":[100.5341762,13.7465965]}},{"type":"Feature","id":1700165278,"properties":{"amenity":"bank","brand":"ธนาคารกรุงเทพ","brand:en":"Bangkok Bank","brand:th":"ธนาคารกรุงเทพ","brand:wikidata":"Q806483","level":"0","name":"ธนาคารกรุงเทพ","name:en":"Bangkok Bank","name:th":"ธนาคารกรุงเทพ","@type":"node","@id":1700165278},"geometry":{"type":"Point","coordinates":[100.5354903,13.745735]}},{"type":"Feature","id":1700165307,"properties":{"amenity":"bank","brand":"ธนาคารกสิกรไทย","brand:en":"Kasikornbank","brand:th":"ธนาคารกสิกรไทย","brand:wikidata":"Q276557","level":"0","name":"ธนาคารกสิกรไทย","name:en":"Kasikornbank","name:th":"ธนาคารกสิกรไทย","@type":"node","@id":1700165307},"geometry":{"type":"Point","coordinates":[100.5341965,13.7467074]}},{"type":"Feature","id":1700165397,"properties":{"amenity":"bank","brand":"UOB","brand:wikidata":"Q2064074","brand:zh":"大华银行","level":"1","name":"UOB","name:en":"UOB","name:zh":"大华银行","@type":"node","@id":1700165397},"geometry":{"type":"Point","coordinates":[100.5355598,13.7460427]}},{"type":"Feature","id":1700279732,"properties":{"amenity":"bank","brand":"ธนาคารกสิกรไทย","brand:en":"Kasikornbank","brand:th":"ธนาคารกสิกรไทย","brand:wikidata":"Q276557","name":"ธนาคารกสิกรไทย","name:en":"Kasikornbank","name:th":"ธนาคารกสิกรไทย","wheelchair":"limited","@type":"node","@id":1700279732},"geometry":{"type":"Point","coordinates":[100.5326165,13.7443599]}},{"type":"Feature","id":1700280564,"properties":{"amenity":"bank","branch":"สาขาสยามสแควร์","brand":"ธนาคารไทยพาณิชย์","brand:en":"Siam Commercial Bank","brand:th":"ธนาคารไทยพาณิชย์","brand:wikidata":"Q2038986","name":"ธนาคารไทยพาณิชย์","name:en":"Siam Commercial Bank","name:th":"ธนาคารไทยพาณิชย์","@type":"node","@id":1700280564},"geometry":{"type":"Point","coordinates":[100.5316612,13.7448409]}},{"type":"Feature","id":1704148954,"properties":{"amenity":"bank","brand":"ธนาคารทหารไทย","brand:en":"TMBThanachart Bank","brand:th":"ธนาคารทหารไทย","brand:wikidata":"Q1527826","name":"ธนาคารทหารไทย","name:en":"TMBThanachart Bank","name:th":"ธนาคารทหารไทย","short_name":"ttb","@type":"node","@id":1704148954},"geometry":{"type":"Point","coordinates":[100.5351426,13.7665802]}},{"type":"Feature","id":1705001209,"properties":{"amenity":"bank","level":"0","name":"ธนาคารธนชาต","name:en":"Thanachart Bank","@type":"node","@id":1705001209},"geometry":{"type":"Point","coordinates":[100.5379101,13.9049049]}},{"type":"Feature","id":1706519075,"properties":{"amenity":"atm","@type":"node","@id":1706519075},"geometry":{"type":"Point","coordinates":[100.5380691,13.9019919]}},{"type":"Feature","id":1706519210,"properties":{"amenity":"atm","brand":"K-Bank","operator":"ธนาคารกสิกรไทย","@type":"node","@id":1706519210},"geometry":{"type":"Point","coordinates":[100.5380756,13.9093062]}},{"type":"Feature","id":1706519253,"properties":{"amenity":"atm","brand":"Bualuang","operator":"ธนาคารกรุงเทพ","@type":"node","@id":1706519253},"geometry":{"type":"Point","coordinates":[100.5385315,13.9096324]}},{"type":"Feature","id":1707065005,"properties":{"amenity":"atm","brand":"KTB","operator":"ธนาคารกรุงไทย","@type":"node","@id":1707065005},"geometry":{"type":"Point","coordinates":[100.5383871,13.910552]}},{"type":"Feature","id":1707136181,"properties":{"amenity":"atm","brand":"KTB","operator":"ธนาคารกรุงไทย","@type":"node","@id":1707136181},"geometry":{"type":"Point","coordinates":[100.5394503,13.9125693]}},{"type":"Feature","id":1756541852,"properties":{"alt_name":"KBank","amenity":"bank","atm":"yes","name":"กสิกรไทย","operator":"กสิกรไทย","@type":"node","@id":1756541852},"geometry":{"type":"Point","coordinates":[100.511738,13.7501665]}},{"type":"Feature","id":1757045395,"properties":{"amenity":"atm","@type":"node","@id":1757045395},"geometry":{"type":"Point","coordinates":[100.574188,13.7818085]}},{"type":"Feature","id":1757144617,"properties":{"amenity":"atm","brand":"ธนาคารกรุงเทพ","brand:en":"Bangkok Bank","brand:th":"ธนาคารกรุงเทพ","brand:wikidata":"Q806483","cash_in":"yes","name":"ธนาคารกรุงเทพ","name:en":"Bangkok Bank","name:th":"ธนาคารกรุงเทพ","operator":"ธนาคารกรุงเทพ","operator:wikidata":"Q806483","@type":"node","@id":1757144617},"geometry":{"type":"Point","coordinates":[100.5322282,13.7458084]}},{"type":"Feature","id":1757144622,"properties":{"amenity":"atm","name":"ธนาคารอาคารสงเคราะห์","name:en":"Government Housing Bank","name:th":"ธนาคารอาคารสงเคราะห์","operator":"ธนาคารอาคารสงเคราะห์","@type":"node","@id":1757144622},"geometry":{"type":"Point","coordinates":[100.5321321,13.7450289]}},{"type":"Feature","id":1757144629,"properties":{"amenity":"atm","name":"ธนาคาธนชาต","name:en":"Thanachart Bank","name:th":"ธนาคารธนชาต","operator":"ธนาคารธนชาต","@type":"node","@id":1757144629},"geometry":{"type":"Point","coordinates":[100.5319937,13.7453285]}},{"type":"Feature","id":1761863962,"properties":{"amenity":"bank","atm":"yes","brand":"ธนาคารไทยพาณิชย์","brand:en":"Siam Commercial Bank","brand:th":"ธนาคารไทยพาณิชย์","brand:wikidata":"Q2038986","name":"ธนาคารไทยพาณิชย์","name:en":"Siam Commercial Bank","name:th":"ธนาคารไทยพาณิชย์","@type":"node","@id":1761863962},"geometry":{"type":"Point","coordinates":[100.5234671,13.7245314]}},{"type":"Feature","id":1775956309,"properties":{"amenity":"atm","@type":"node","@id":1775956309},"geometry":{"type":"Point","coordinates":[100.5524785,13.7426062]}},{"type":"Feature","id":1795310185,"properties":{"amenity":"atm","@type":"node","@id":1795310185},"geometry":{"type":"Point","coordinates":[100.5665657,13.6820518]}},{"type":"Feature","id":1797191334,"properties":{"amenity":"bank","atm":"yes","brand":"ธนาคารกรุงไทย","brand:en":"Krung Thai Bank","brand:th":"ธนาคารกรุงไทย","brand:wikidata":"Q962865","name":"ธนาคารกรุงไทย","name:en":"Krung Thai Bank","name:th":"ธนาคารกรุงไทย","source":"local knowledge","@type":"node","@id":1797191334},"geometry":{"type":"Point","coordinates":[100.5412581,13.7913297]}},{"type":"Feature","id":1797218317,"properties":{"amenity":"bank","atm":"yes","operator":"Kasikornthai Bank","@type":"node","@id":1797218317},"geometry":{"type":"Point","coordinates":[100.542964,13.7906159]}},{"type":"Feature","id":1797230875,"properties":{"amenity":"bank","atm":"yes","brand":"ธนาคารไทยพาณิชย์","brand:en":"Siam Commercial Bank","brand:th":"ธนาคารไทยพาณิชย์","brand:wikidata":"Q2038986","brand:wikipedia":"en:Siam Commercial Bank","name":"ธนาคารไทยพาณิชย์","name:en":"Siam Commercial Bank","name:th":"ธนาคารไทยพาณิชย์","@type":"node","@id":1797230875},"geometry":{"type":"Point","coordinates":[100.5493369,13.7917308]}},{"type":"Feature","id":1797232544,"properties":{"amenity":"bank","atm":"yes","brand":"ธนาคารกรุงเทพ","brand:en":"Bangkok Bank","brand:th":"ธนาคารกรุงเทพ","brand:wikidata":"Q806483","brand:wikipedia":"en:Bangkok Bank","designation":"Bangkok Bank, Big C Sapan Kwai Branch","name":"ธนาคารกรุงเทพ","name:en":"Bangkok Bank","name:th":"ธนาคารกรุงเทพ","source":"local knowledge","@type":"node","@id":1797232544},"geometry":{"type":"Point","coordinates":[100.5492726,13.791064]}},{"type":"Feature","id":1797233131,"properties":{"amenity":"bank","atm":"yes","name":"Kasikornthai Bank","source":"local knowledge","@type":"node","@id":1797233131},"geometry":{"type":"Point","coordinates":[100.5494603,13.7909129]}},{"type":"Feature","id":1797233616,"properties":{"amenity":"bank","atm":"yes","brand":"ธนาคารกรุงไทย","brand:en":"Krung Thai Bank","brand:th":"ธนาคารกรุงไทย","brand:wikidata":"Q962865","name":"ธนาคารกรุงไทย","name:en":"Krung Thai Bank","name:th":"ธนาคารกรุงไทย","@type":"node","@id":1797233616},"geometry":{"type":"Point","coordinates":[100.549294,13.7913766]}},{"type":"Feature","id":1797244569,"properties":{"amenity":"bank","atm":"yes","brand":"ธนาคารกรุงเทพ","brand:en":"Bangkok Bank","brand:th":"ธนาคารกรุงเทพ","brand:wikidata":"Q806483","brand:wikipedia":"en:Bangkok Bank","name":"ธนาคารกรุงเทพ","name:en":"Bangkok Bank","name:th":"ธนาคารกรุงเทพ","@type":"node","@id":1797244569},"geometry":{"type":"Point","coordinates":[100.5460861,13.790009]}},{"type":"Feature","id":1798466134,"properties":{"amenity":"bank","atm":"yes","brand":"ธนาคารออมสิน","brand:en":"Government Savings Bank","brand:th":"ธนาคารออมสิน","brand:wikidata":"Q6579041","name":"ธนาคารออมสิน","name:en":"Government Savings Bank","name:th":"ธนาคารออมสิน","@type":"node","@id":1798466134},"geometry":{"type":"Point","coordinates":[100.5367016,13.7919896]}},{"type":"Feature","id":1798905810,"properties":{"amenity":"bank","@type":"node","@id":1798905810},"geometry":{"type":"Point","coordinates":[100.5307664,13.732662]}},{"type":"Feature","id":1800192147,"properties":{"amenity":"bank","atm":"yes","name":"Kasikorn Bank","@type":"node","@id":1800192147},"geometry":{"type":"Point","coordinates":[100.5288334,13.8579561]}},{"type":"Feature","id":1849482563,"properties":{"amenity":"atm","operator":"ธนาคารกรุงศรีอยุธยา","@type":"node","@id":1849482563},"geometry":{"type":"Point","coordinates":[100.3127905,13.8016794]}},{"type":"Feature","id":1849523449,"properties":{"amenity":"atm","brand":"ธนาคารไทยพาณิชย์","brand:en":"Siam Commercial Bank","brand:th":"ธนาคารไทยพาณิชย์","brand:wikidata":"Q2038986","name:en":"Siam Commercial Bank","name:th":"ธนาคารไทยพาณิชย์","operator":"ธนาคารไทยพาณิชย์","operator:wikidata":"Q2038986","@type":"node","@id":1849523449},"geometry":{"type":"Point","coordinates":[100.3138419,13.8016794]}},{"type":"Feature","id":1851292007,"properties":{"amenity":"atm","brand":"ธนาคารกสิกรไทย","brand:en":"Kasikornbank","brand:th":"ธนาคารกสิกรไทย","brand:wikidata":"Q276557","name:en":"Kasikornbank","name:th":"ธนาคารกสิกรไทย","operator":"ธนาคารกสิกรไทย","operator:wikidata":"Q276557","@type":"node","@id":1851292007},"geometry":{"type":"Point","coordinates":[100.3159378,13.8014503]}},{"type":"Feature","id":1851292009,"properties":{"amenity":"atm","brand":"ธนาคารกรุงเทพ","brand:en":"Bangkok Bank","brand:th":"ธนาคารกรุงเทพ","brand:wikidata":"Q806483","name:en":"Bangkok Bank","name:th":"ธนาคารกรุงเทพ","operator":"ธนาคารกรุงเทพ","operator:wikidata":"Q806483","@type":"node","@id":1851292009},"geometry":{"type":"Point","coordinates":[100.3159754,13.8014503]}},{"type":"Feature","id":1851301667,"properties":{"amenity":"atm","brand":"ธนาคารกสิกรไทย","brand:en":"Kasikornbank","brand:th":"ธนาคารกสิกรไทย","brand:wikidata":"Q276557","name:en":"Kasikornbank","name:th":"ธนาคารกสิกรไทย","operator":"ธนาคารกสิกรไทย","operator:wikidata":"Q276557","@type":"node","@id":1851301667},"geometry":{"type":"Point","coordinates":[100.3178656,13.8012714]}},{"type":"Feature","id":1851301668,"properties":{"amenity":"atm","brand":"ธนาคารกรุงเทพ","brand:en":"Bangkok Bank","brand:th":"ธนาคารกรุงเทพ","brand:wikidata":"Q806483","name:en":"Bangkok Bank","name:th":"ธนาคารกรุงเทพ","operator":"ธนาคารกรุงเทพ","operator:wikidata":"Q806483","@type":"node","@id":1851301668},"geometry":{"type":"Point","coordinates":[100.3176786,13.8013956]}},{"type":"Feature","id":1851301669,"properties":{"amenity":"atm","brand":"ธนาคารไทยพาณิชย์","brand:en":"Siam Commercial Bank","brand:th":"ธนาคารไทยพาณิชย์","brand:wikidata":"Q2038986","name:en":"Siam Commercial Bank","name:th":"ธนาคารไทยพาณิชย์","operator":"ธนาคารไทยพาณิชย์","operator:wikidata":"Q2038986","@type":"node","@id":1851301669},"geometry":{"type":"Point","coordinates":[100.3178508,13.8012752]}},{"type":"Feature","id":1858345132,"properties":{"addr:housenumber":"139/32","addr:postcode":"73170","addr:street":"ถนนธรรมสพน์","amenity":"bank","atm":"yes","branch":"สาขาศาลายา","brand":"ธนาคารกรุงไทย","brand:en":"Krung Thai Bank","brand:th":"ธนาคารกรุงไทย","brand:wikidata":"Q962865","name":"ธนาคารกรุงไทย","name:en":"Krung Thai Bank","name:th":"ธนาคารกรุงไทย","@type":"node","@id":1858345132},"geometry":{"type":"Point","coordinates":[100.3263495,13.8015044]}},{"type":"Feature","id":1860713318,"properties":{"amenity":"atm","brand":"TMB","operator":"ธนาคารทหารไทย","@type":"node","@id":1860713318},"geometry":{"type":"Point","coordinates":[100.538052,13.908459]}},{"type":"Feature","id":1870876374,"properties":{"amenity":"atm","operator":"ธนาคารออมสิน","@type":"node","@id":1870876374},"geometry":{"type":"Point","coordinates":[100.4290939,13.7122798]}},{"type":"Feature","id":1870962637,"properties":{"amenity":"bank","atm":"yes","name":"ธนาคารกรุงไทย สาขาเพชรเกษม 39","@type":"node","@id":1870962637},"geometry":{"type":"Point","coordinates":[100.4302258,13.712332]}},{"type":"Feature","id":1872422281,"properties":{"addr:housenumber":"591","addr:postcode":"10160","addr:street":"ถนนเพชรเกษม","amenity":"bank","atm":"yes","name":"ธนาคารธนชาต สาขาเพชรเกษม","@type":"node","@id":1872422281},"geometry":{"type":"Point","coordinates":[100.4364586,13.7127193]}},{"type":"Feature","id":1872445995,"properties":{"addr:housenumber":"55","addr:postcode":"10160","addr:street":"ถนนเพชรเกษม","amenity":"bank","atm":"yes","branch":"สาขาภาษีเจริญ","brand":"ธนาคารกรุงเทพ","brand:en":"Bangkok Bank","brand:th":"ธนาคารกรุงเทพ","brand:wikidata":"Q806483","name":"ธนาคารกรุงเทพ","name:en":"Bangkok Bank","name:th":"ธนาคารกรุงเทพ","@type":"node","@id":1872445995},"geometry":{"type":"Point","coordinates":[100.4376576,13.7129017]}},{"type":"Feature","id":1876433350,"properties":{"amenity":"atm","brand":"SCB","operator":"ธนาคารไทยพาณิชย์","@type":"node","@id":1876433350},"geometry":{"type":"Point","coordinates":[100.5385457,13.909632]}},{"type":"Feature","id":1876433357,"properties":{"amenity":"atm","brand":"SCB","operator":"ธนาคารไทยพาณิชย์","@type":"node","@id":1876433357},"geometry":{"type":"Point","coordinates":[100.5394468,13.9125528]}},{"type":"Feature","id":1881948685,"properties":{"amenity":"bank","atm":"yes","branch":"สาขาเพชรเกษม 29 (ภาษีเจริญ)","brand":"ธนาคารกรุงไทย","brand:en":"Krung Thai Bank","brand:th":"ธนาคารกรุงไทย","brand:wikidata":"Q962865","name":"ธนาคารกรุงไทย","name:en":"Krung Thai Bank","name:th":"ธนาคารกรุงไทย","@type":"node","@id":1881948685},"geometry":{"type":"Point","coordinates":[100.4479244,13.7160896]}},{"type":"Feature","id":1883376881,"properties":{"amenity":"atm","brand":"ธนาคารกสิกรไทย","brand:en":"Kasikornbank","brand:th":"ธนาคารกสิกรไทย","brand:wikidata":"Q276557","name:en":"Kasikornbank","name:th":"ธนาคารกสิกรไทย","operator":"ธนาคารกสิกรไทย","operator:wikidata":"Q276557","@type":"node","@id":1883376881},"geometry":{"type":"Point","coordinates":[100.4553885,13.7195613]}},{"type":"Feature","id":1883389767,"properties":{"amenity":"atm","@type":"node","@id":1883389767},"geometry":{"type":"Point","coordinates":[100.453055,13.7184435]}},{"type":"Feature","id":1887121775,"properties":{"amenity":"bank","operator":"CIMB Thai","@type":"node","@id":1887121775},"geometry":{"type":"Point","coordinates":[100.4927831,13.7441093]}},{"type":"Feature","id":1887121836,"properties":{"amenity":"bank","branch":"สาขาท่าเตียน","brand":"ธนาคารกรุงไทย","brand:en":"Krung Thai Bank","brand:th":"ธนาคารกรุงไทย","brand:wikidata":"Q962865","name":"ธนาคารกรุงไทย","name:en":"Krung Thai Bank","name:th":"ธนาคารกรุงไทย","operator":"ธนาคารกรุงไทย","@type":"node","@id":1887121836},"geometry":{"type":"Point","coordinates":[100.491707,13.7452419]}},{"type":"Feature","id":1906477889,"properties":{"amenity":"atm","operator":"ธนาคารธนชาต","@type":"node","@id":1906477889},"geometry":{"type":"Point","coordinates":[100.4065562,13.6509267]}},{"type":"Feature","id":1915027064,"properties":{"amenity":"atm","brand":"ธนาคารกสิกรไทย","brand:en":"Kasikornbank","brand:th":"ธนาคารกสิกรไทย","brand:wikidata":"Q276557","name:en":"Kasikornbank","name:th":"ธนาคารกสิกรไทย","operator":"ธนาคารกสิกรไทย","operator:wikidata":"Q276557","@type":"node","@id":1915027064},"geometry":{"type":"Point","coordinates":[100.4500863,13.7172358]}},{"type":"Feature","id":1919605521,"properties":{"amenity":"atm","operator":"KBank","@type":"node","@id":1919605521},"geometry":{"type":"Point","coordinates":[100.6264293,13.7379909]}},{"type":"Feature","id":1923113109,"properties":{"amenity":"atm","brand":"ธนาคารกสิกรไทย","brand:en":"Kasikornbank","brand:th":"ธนาคารกสิกรไทย","brand:wikidata":"Q276557","name:en":"Kasikornbank","name:th":"ธนาคารกสิกรไทย","operator":"ธนาคารกสิกรไทย","operator:wikidata":"Q276557","@type":"node","@id":1923113109},"geometry":{"type":"Point","coordinates":[100.447716,13.7164738]}},{"type":"Feature","id":1926819182,"properties":{"amenity":"atm","brand":"ธนาคารกสิกรไทย","brand:en":"Kasikornbank","brand:th":"ธนาคารกสิกรไทย","brand:wikidata":"Q276557","name:en":"Kasikornbank","name:th":"ธนาคารกสิกรไทย","operator":"ธนาคารกสิกรไทย","operator:wikidata":"Q276557","@type":"node","@id":1926819182},"geometry":{"type":"Point","coordinates":[100.4451364,13.7156846]}},{"type":"Feature","id":1926819188,"properties":{"amenity":"atm","brand":"ธนาคารกรุงเทพ","brand:en":"Bangkok Bank","brand:th":"ธนาคารกรุงเทพ","brand:wikidata":"Q806483","name:en":"Bangkok Bank","name:th":"ธนาคารกรุงเทพ","operator":"ธนาคารกรุงเทพ","operator:wikidata":"Q806483","@type":"node","@id":1926819188},"geometry":{"type":"Point","coordinates":[100.4451203,13.7157159]}},{"type":"Feature","id":1950499927,"properties":{"addr:postcode":"10900","amenity":"bank","name":"ธนาคารกสิกรไทย","name:en":"Kasikornbank","operator":"KBANK","@type":"node","@id":1950499927},"geometry":{"type":"Point","coordinates":[100.5658711,13.8102156]}},{"type":"Feature","id":1950499963,"properties":{"amenity":"bank","brand":"KTC","name":"ธนาคารกรุงไทย","@type":"node","@id":1950499963},"geometry":{"type":"Point","coordinates":[100.5804113,13.8024665]}},{"type":"Feature","id":1950500029,"properties":{"amenity":"bank","name":"ธนาคารไทยพาณิชย์","name:en":"Siam Commercial Bank","operator":"SCB","@type":"node","@id":1950500029},"geometry":{"type":"Point","coordinates":[100.5661607,13.8100593]}},{"type":"Feature","id":1954012275,"properties":{"amenity":"bank","branch":"สาขาวิภาวดี 64","brand":"ธนาคารกรุงไทย","brand:en":"Krung Thai Bank","brand:th":"ธนาคารกรุงไทย","brand:wikidata":"Q962865","name":"ธนาคารกรุงไทย","name:en":"Krung Thai Bank","name:th":"ธนาคารกรุงไทย","@type":"node","@id":1954012275},"geometry":{"type":"Point","coordinates":[100.5775214,13.8754922]}},{"type":"Feature","id":1958715661,"properties":{"amenity":"atm","brand":"Bangkok Bank","@type":"node","@id":1958715661},"geometry":{"type":"Point","coordinates":[100.5210171,13.9056536]}},{"type":"Feature","id":1962313109,"properties":{"amenity":"bank","atm":"yes","name":"Krung Thai Bank","@type":"node","@id":1962313109},"geometry":{"type":"Point","coordinates":[100.6481504,14.0658908]}},{"type":"Feature","id":1971428046,"properties":{"amenity":"bank","atm":"yes","branch":"สาขาภาษีเจริญ","brand":"ธนาคารกสิกรไทย","brand:en":"Kasikornbank","brand:th":"ธนาคารกสิกรไทย","brand:wikidata":"Q276557","name":"ธนาคารกสิกรไทย","name:en":"Kasikornbank","name:th":"ธนาคารกสิกรไทย","@type":"node","@id":1971428046},"geometry":{"type":"Point","coordinates":[100.439554,13.713817]}},{"type":"Feature","id":1971862755,"properties":{"amenity":"atm","brand":"ธนาคารกรุงเทพ","brand:en":"Bangkok Bank","brand:th":"ธนาคารกรุงเทพ","brand:wikidata":"Q806483","name:en":"Bangkok Bank","name:th":"ธนาคารกรุงเทพ","operator":"ธนาคารกรุงเทพ","operator:wikidata":"Q806483","@type":"node","@id":1971862755},"geometry":{"type":"Point","coordinates":[100.4393743,13.7137423]}},{"type":"Feature","id":2006501291,"properties":{"amenity":"bank","name":"กรุงเทพ","@type":"node","@id":2006501291},"geometry":{"type":"Point","coordinates":[100.5745865,13.8374743]}},{"type":"Feature","id":2053929965,"properties":{"amenity":"bank","name":"ธนาคารออมสิน สาขาดอนเมือง","@type":"node","@id":2053929965},"geometry":{"type":"Point","coordinates":[100.6004015,13.9199367]}},{"type":"Feature","id":2053929966,"properties":{"amenity":"bank","name":"ธนาคารไทยพาณิชย์ สาขาถนนเชิดวุฒากาศ (ดอนเมือง)","@type":"node","@id":2053929966},"geometry":{"type":"Point","coordinates":[100.5984161,13.9165011]}},{"type":"Feature","id":2056959126,"properties":{"amenity":"atm","brand":"ธนาคารกสิกรไทย","brand:en":"Kasikornbank","brand:th":"ธนาคารกสิกรไทย","brand:wikidata":"Q276557","name:en":"Kasikornbank","name:th":"ธนาคารกสิกรไทย","operator":"ธนาคารกสิกรไทย","operator:wikidata":"Q276557","@type":"node","@id":2056959126},"geometry":{"type":"Point","coordinates":[100.4380468,13.7147226]}},{"type":"Feature","id":2059563428,"properties":{"amenity":"atm","operator":"ธนาคารไทยพาณิชย์","@type":"node","@id":2059563428},"geometry":{"type":"Point","coordinates":[100.4365615,13.7134622]}},{"type":"Feature","id":2064781209,"properties":{"Number zone":"A106","amenity":"bank","atm":"yes","level":"0","name":"SCB ธนาคารไทยพาณิชย์","@type":"node","@id":2064781209},"geometry":{"type":"Point","coordinates":[100.6105061,13.8340097]}},{"type":"Feature","id":2066489655,"properties":{"amenity":"bank","atm":"yes","brand":"ธนาคารกรุงไทย","brand:en":"Krung Thai Bank","brand:th":"ธนาคารกรุงไทย","brand:wikidata":"Q962865","level":"0","name":"ธนาคารกรุงไทย","name:en":"Krung Thai Bank","name:th":"ธนาคารกรุงไทย","@type":"node","@id":2066489655},"geometry":{"type":"Point","coordinates":[100.611072,13.8346336]}},{"type":"Feature","id":2066654946,"properties":{"amenity":"bank","atm":"yes","brand":"ธนาคารกสิกรไทย","brand:en":"Kasikornbank","brand:th":"ธนาคารกสิกรไทย","brand:wikidata":"Q276557","level":"0","name":"ธนาคารกสิกรไทย","name:en":"Kasikornbank","name:th":"ธนาคารกสิกรไทย","opening_hours":"Mo-Su 11:00-19:00","@type":"node","@id":2066654946},"geometry":{"type":"Point","coordinates":[100.6107447,13.8346882]}},{"type":"Feature","id":2068146688,"properties":{"amenity":"atm","brand":"ธนาคารกสิกรไทย","brand:en":"Kasikornbank","brand:th":"ธนาคารกสิกรไทย","brand:wikidata":"Q276557","level":"0","name:en":"Kasikornbank","name:th":"ธนาคารกสิกรไทย","operator":"ธนาคารกสิกรไทย","operator:wikidata":"Q276557","@type":"node","@id":2068146688},"geometry":{"type":"Point","coordinates":[100.6107768,13.8346856]}},{"type":"Feature","id":2068146690,"properties":{"amenity":"atm","brand":"ธนาคารกรุงไทย","brand:en":"Krung Thai Bank","brand:th":"ธนาคารกรุงไทย","brand:wikidata":"Q962865","level":"0","name:en":"Krung Thai Bank","name:th":"ธนาคารกรุงไทย","operator":"ธนาคารกรุงไทย","operator:wikidata":"Q962865","@type":"node","@id":2068146690},"geometry":{"type":"Point","coordinates":[100.6110437,13.834627]}},{"type":"Feature","id":2068146694,"properties":{"amenity":"atm","level":"0","operator":"SCB ธนาคารไทยพาณิชย์","@type":"node","@id":2068146694},"geometry":{"type":"Point","coordinates":[100.6105408,13.8340072]}},{"type":"Feature","id":2071894706,"properties":{"amenity":"bank","atm":"yes","brand":"ธนาคารไทยพาณิชย์","brand:en":"Siam Commercial Bank","brand:th":"ธนาคารไทยพาณิชย์","brand:wikidata":"Q2038986","brand:wikipedia":"en:Siam Commercial Bank","floor":"1","name":"ธนาคารไทยพาณิชย์","name:en":"Siam Commercial Bank","name:th":"ธนาคารไทยพาณิชย์","@type":"node","@id":2071894706},"geometry":{"type":"Point","coordinates":[100.5672568,13.8283014]}},{"type":"Feature","id":2071908604,"properties":{"amenity":"bank","floor":"1","name":"Standard Chartered BanK","@type":"node","@id":2071908604},"geometry":{"type":"Point","coordinates":[100.5666131,13.8283131]}},{"type":"Feature","id":2072480283,"properties":{"amenity":"atm","@type":"node","@id":2072480283},"geometry":{"type":"Point","coordinates":[100.5672031,13.8283288]}},{"type":"Feature","id":2074233910,"properties":{"amenity":"atm","@type":"node","@id":2074233910},"geometry":{"type":"Point","coordinates":[100.5692126,13.7200178]}},{"type":"Feature","id":2074238456,"properties":{"amenity":"atm","wheelchair":"yes","@type":"node","@id":2074238456},"geometry":{"type":"Point","coordinates":[100.5692902,13.7210419]}},{"type":"Feature","id":2074238532,"properties":{"amenity":"atm","@type":"node","@id":2074238532},"geometry":{"type":"Point","coordinates":[100.5692258,13.7207605]}},{"type":"Feature","id":2074694263,"properties":{"amenity":"atm","@type":"node","@id":2074694263},"geometry":{"type":"Point","coordinates":[100.5020109,13.7047031]}},{"type":"Feature","id":2074694275,"properties":{"amenity":"atm","@type":"node","@id":2074694275},"geometry":{"type":"Point","coordinates":[100.5029971,13.7032377]}},{"type":"Feature","id":2074694279,"properties":{"amenity":"atm","@type":"node","@id":2074694279},"geometry":{"type":"Point","coordinates":[100.5021826,13.7048542]}},{"type":"Feature","id":2074713690,"properties":{"amenity":"atm","@type":"node","@id":2074713690},"geometry":{"type":"Point","coordinates":[100.5031394,13.7039544]}},{"type":"Feature","id":2074713699,"properties":{"amenity":"atm","@type":"node","@id":2074713699},"geometry":{"type":"Point","coordinates":[100.5034234,13.7036938]}},{"type":"Feature","id":2074756226,"properties":{"amenity":"atm","brand":"ไทยพานิชย์","@type":"node","@id":2074756226},"geometry":{"type":"Point","coordinates":[100.5509411,13.8383133]}},{"type":"Feature","id":2074761142,"properties":{"amenity":"bank","atm":"yes","name":"Goverment Saving Bank(GSB)","@type":"node","@id":2074761142},"geometry":{"type":"Point","coordinates":[100.5035629,13.7038554]}},{"type":"Feature","id":2074761143,"properties":{"amenity":"bank","atm":"yes","name":"Siam Commercial Bank(SCB)","@type":"node","@id":2074761143},"geometry":{"type":"Point","coordinates":[100.5036702,13.7039492]}},{"type":"Feature","id":2075726487,"properties":{"amenity":"atm","@type":"node","@id":2075726487},"geometry":{"type":"Point","coordinates":[100.6775309,13.8267381]}},{"type":"Feature","id":2075726488,"properties":{"amenity":"atm","@type":"node","@id":2075726488},"geometry":{"type":"Point","coordinates":[100.6770106,13.8272173]}},{"type":"Feature","id":2075726900,"properties":{"amenity":"atm","designation":"ATM","source":"Section 4","@type":"node","@id":2075726900},"geometry":{"type":"Point","coordinates":[100.5515864,13.7994545]}},{"type":"Feature","id":2075727701,"properties":{"amenity":"bank","atm":"yes","brand":"UOB","brand:en":"UOB","brand:wikidata":"Q2064074","brand:zh":"大华银行","level":"1","name":"UOB","name:en":"UOB","name:zh":"大华银行","@type":"node","@id":2075727701},"geometry":{"type":"Point","coordinates":[100.585587,13.7188715]}},{"type":"Feature","id":2075727704,"properties":{"amenity":"bank","atm":"yes","brand":"ธนาคารไทยพาณิชย์","brand:en":"Siam Commercial Bank","brand:th":"ธนาคารไทยพาณิชย์","brand:wikidata":"Q2038986","name":"ธนาคารไทยพาณิชย์","name:en":"Siam Commercial Bank","name:th":"ธนาคารไทยพาณิชย์","@type":"node","@id":2075727704},"geometry":{"type":"Point","coordinates":[100.5857265,13.7187269]}},{"type":"Feature","id":2075733471,"properties":{"amenity":"bank","level":"0","name":"Thanachart Bank","@type":"node","@id":2075733471},"geometry":{"type":"Point","coordinates":[100.5449568,13.7799597]}},{"type":"Feature","id":2075738844,"properties":{"amenity":"bank","atm":"yes","brand":"ธนาคารกรุงเทพ","brand:en":"Bangkok Bank","brand:th":"ธนาคารกรุงเทพ","brand:wikidata":"Q806483","brand:wikipedia":"en:Bangkok Bank","level":"2","name":"ธนาคารกรุงเทพ","name:en":"Bangkok Bank","name:th":"ธนาคารกรุงเทพ","@type":"node","@id":2075738844},"geometry":{"type":"Point","coordinates":[100.5015042,13.7435452]}},{"type":"Feature","id":2075738845,"properties":{"amenity":"bank","atm":"yes","brand":"ธนาคารกสิกรไทย","brand:en":"Kasikornbank","brand:th":"ธนาคารกสิกรไทย","brand:wikidata":"Q276557","brand:wikipedia":"en:Kasikornbank","level":"2","name":"ธนาคารกสิกรไทย","name:en":"Kasikornbank","name:th":"ธนาคารกสิกรไทย","@type":"node","@id":2075738845},"geometry":{"type":"Point","coordinates":[100.5015603,13.7436629]}},{"type":"Feature","id":2075894371,"properties":{"amenity":"atm","@type":"node","@id":2075894371},"geometry":{"type":"Point","coordinates":[100.4438672,13.7670091]}},{"type":"Feature","id":2075895810,"properties":{"amenity":"bank","name":"KTC Touch","@type":"node","@id":2075895810},"geometry":{"type":"Point","coordinates":[100.4437977,13.7670325]}},{"type":"Feature","id":2075898428,"properties":{"amenity":"bank","name":"Bangkok Bank","@type":"node","@id":2075898428},"geometry":{"type":"Point","coordinates":[100.4435775,13.7670065]}},{"type":"Feature","id":2075902810,"properties":{"amenity":"atm","@type":"node","@id":2075902810},"geometry":{"type":"Point","coordinates":[100.4439718,13.7669492]}},{"type":"Feature","id":2075948501,"properties":{"amenity":"bank","name":"Siam Commercial Bank Public Company Limited","@type":"node","@id":2075948501},"geometry":{"type":"Point","coordinates":[100.4433276,13.7667387]}},{"type":"Feature","id":2076061378,"properties":{"amenity":"bank","name":"Krungthai Bank","@type":"node","@id":2076061378},"geometry":{"type":"Point","coordinates":[100.4423654,13.7676996]}},{"type":"Feature","id":2076061381,"properties":{"amenity":"bank","name":"LH Bank","@type":"node","@id":2076061381},"geometry":{"type":"Point","coordinates":[100.4422742,13.7677413]}},{"type":"Feature","id":2084105363,"properties":{"amenity":"atm","operator":"ธนาคารกรุงเทพ","@type":"node","@id":2084105363},"geometry":{"type":"Point","coordinates":[100.416619,13.7116531]}},{"type":"Feature","id":2084122489,"properties":{"amenity":"atm","operator":"ธนาคารไทยพาณิชย์","@type":"node","@id":2084122489},"geometry":{"type":"Point","coordinates":[100.4218225,13.7120675]}},{"type":"Feature","id":2084578896,"properties":{"amenity":"atm","operator":"Bangkok Bank (BBL)","@type":"node","@id":2084578896},"geometry":{"type":"Point","coordinates":[100.6044574,14.0697855]}},{"type":"Feature","id":2084578897,"properties":{"amenity":"atm","operator":"KTB","@type":"node","@id":2084578897},"geometry":{"type":"Point","coordinates":[100.6044562,14.0698022]}},{"type":"Feature","id":2084578898,"properties":{"amenity":"atm","operator":"Siam Commercial Bank (SCB)","@type":"node","@id":2084578898},"geometry":{"type":"Point","coordinates":[100.6013587,14.0729124]}},{"type":"Feature","id":2084578899,"properties":{"amenity":"atm","operator":"Krung Thai Bank (KTB)","@type":"node","@id":2084578899},"geometry":{"type":"Point","coordinates":[100.6012223,14.0729142]}},{"type":"Feature","id":2084578902,"properties":{"amenity":"atm","operator":"Krung Thai Bank (KTB)","@type":"node","@id":2084578902},"geometry":{"type":"Point","coordinates":[100.6020186,14.072858]}},{"type":"Feature","id":2084578903,"properties":{"amenity":"atm","operator":"Bangkok Bank (BBL)","@type":"node","@id":2084578903},"geometry":{"type":"Point","coordinates":[100.6012946,14.0729128]}},{"type":"Feature","id":2084578915,"properties":{"amenity":"bank","atm":"yes","branch":"(KTB)","brand":"ธนาคารกรุงไทย","brand:en":"Krung Thai Bank","brand:th":"ธนาคารกรุงไทย","brand:wikidata":"Q962865","name":"ธนาคารกรุงไทย","name:en":"Krung Thai Bank","name:th":"ธนาคารกรุงไทย","@type":"node","@id":2084578915},"geometry":{"type":"Point","coordinates":[100.6020591,14.070854]}},{"type":"Feature","id":2085857601,"properties":{"amenity":"atm","operator":"Aeon","source":"personal","@type":"node","@id":2085857601},"geometry":{"type":"Point","coordinates":[100.4974546,13.7613159]}},{"type":"Feature","id":2085857603,"properties":{"alt_name":"Bank of Ayudhya","amenity":"bank","atm":"yes","branch":"บางลำภู","full_name:th":"ธนาคารกรุงศรีอยุธยา","name":"กรุงศรี","name:en":"Krungsri","name:th":"กรุงศรี","opening_hours":"Mo-Fr 08:30-17:00;PH closed","wheelchair":"no","@type":"node","@id":2085857603},"geometry":{"type":"Point","coordinates":[100.4965356,13.7607096]}},{"type":"Feature","id":2085857612,"properties":{"amenity":"bank","atm":"yes","brand":"ธนาคารกสิกรไทย","brand:en":"Kasikornbank","brand:th":"ธนาคารกสิกรไทย","brand:wikidata":"Q276557","name":"ธนาคารกสิกรไทย","name:en":"Kasikornbank","name:th":"ธนาคารกสิกรไทย","opening_hours":"Mo-Fr 08:30-15:30","@type":"node","@id":2085857612},"geometry":{"type":"Point","coordinates":[100.4997274,13.761323]}},{"type":"Feature","id":2089860060,"properties":{"amenity":"atm","fee":"no","operator":"Aeon","source":"Visit","@type":"node","@id":2089860060},"geometry":{"type":"Point","coordinates":[100.5605127,13.7374055]}},{"type":"Feature","id":2098279628,"properties":{"amenity":"atm","fee":"กรุงไทยATM","level":"0","@type":"node","@id":2098279628},"geometry":{"type":"Point","coordinates":[100.613484,14.0739088]}},{"type":"Feature","id":2099197097,"properties":{"amenity":"bank","atm":"yes","level":"1","name":"AEON Thana","@type":"node","@id":2099197097},"geometry":{"type":"Point","coordinates":[100.5857703,13.7182561]}},{"type":"Feature","id":2103971550,"properties":{"amenity":"atm","@type":"node","@id":2103971550},"geometry":{"type":"Point","coordinates":[100.5033053,13.7032838]}},{"type":"Feature","id":2104238595,"properties":{"amenity":"bank","atm":"yes","brand":"ธนาคารกรุงเทพ","brand:en":"Bangkok Bank","brand:th":"ธนาคารกรุงเทพ","brand:wikidata":"Q806483","name":"ธนาคารกรุงเทพ","name:en":"Bangkok Bank","name:th":"ธนาคารกรุงเทพ","@type":"node","@id":2104238595},"geometry":{"type":"Point","coordinates":[100.5434312,13.7421469]}},{"type":"Feature","id":2106622999,"properties":{"amenity":"atm","operator":"ธนาคารกสิกรไทย","@type":"node","@id":2106622999},"geometry":{"type":"Point","coordinates":[100.4458485,13.7031145]}},{"type":"Feature","id":2106623008,"properties":{"amenity":"atm","operator":"ธนาคารกรุงเทพ","@type":"node","@id":2106623008},"geometry":{"type":"Point","coordinates":[100.4458727,13.7031041]}},{"type":"Feature","id":2107064527,"properties":{"amenity":"bank","atm":"yes","brand":"ธนาคารกรุงไทย","brand:en":"Krung Thai Bank","brand:th":"ธนาคารกรุงไทย","brand:wikidata":"Q962865","name":"ธนาคารกรุงไทย","name:en":"Krung Thai Bank","name:th":"ธนาคารกรุงไทย","opening_hours":"Mo-Fr 08:30-16:30","@type":"node","@id":2107064527},"geometry":{"type":"Point","coordinates":[100.5437425,13.7441555]}},{"type":"Feature","id":2111693497,"properties":{"amenity":"bank","@type":"node","@id":2111693497},"geometry":{"type":"Point","coordinates":[100.5344913,13.7343687]}},{"type":"Feature","id":2112486774,"properties":{"amenity":"atm","level":"0","name":"kbank","@type":"node","@id":2112486774},"geometry":{"type":"Point","coordinates":[100.5740435,13.7277528]}},{"type":"Feature","id":2112489434,"properties":{"amenity":"atm","level":"0","name":"scb","@type":"node","@id":2112489434},"geometry":{"type":"Point","coordinates":[100.5740434,13.7277896]}},{"type":"Feature","id":2112489697,"properties":{"amenity":"atm","level":"0","name":"krungsi","@type":"node","@id":2112489697},"geometry":{"type":"Point","coordinates":[100.5740447,13.7278305]}},{"type":"Feature","id":2112489954,"properties":{"amenity":"atm","level":"0","name":"krungthai","@type":"node","@id":2112489954},"geometry":{"type":"Point","coordinates":[100.5740441,13.7277137]}},{"type":"Feature","id":2114275658,"properties":{"amenity":"atm","name":"Kasikornthai Bank","@type":"node","@id":2114275658},"geometry":{"type":"Point","coordinates":[100.5487368,13.7981344]}},{"type":"Feature","id":2160505489,"properties":{"amenity":"bank","atm":"yes","name":"KTB","@type":"node","@id":2160505489},"geometry":{"type":"Point","coordinates":[100.5046671,13.7387744]}},{"type":"Feature","id":2160505490,"properties":{"amenity":"bank","atm":"yes","name":"TMB","@type":"node","@id":2160505490},"geometry":{"type":"Point","coordinates":[100.504815,13.7392042]}},{"type":"Feature","id":2169207110,"properties":{"amenity":"atm","brand":"ธนาคารทหารไทย","brand:en":"TMBThanachart Bank","brand:th":"ธนาคารทหารไทย","brand:wikidata":"Q1527826","cash_in":"no","check_date":"2024-12-26","indoor":"no","operator":"ธนาคารทหารไทย","operator:wikidata":"Q1527826","@type":"node","@id":2169207110},"geometry":{"type":"Point","coordinates":[100.4991224,13.7629217]}},{"type":"Feature","id":2173447692,"properties":{"amenity":"atm","cash_in":"yes","check_date":"2024-06-10","operator":"Siam City Bank","@type":"node","@id":2173447692},"geometry":{"type":"Point","coordinates":[100.4995945,13.7625393]}},{"type":"Feature","id":2179572613,"properties":{"amenity":"atm","brand":"ธนาคารไทยพาณิชย์","brand:en":"Siam Commercial Bank","brand:th":"ธนาคารไทยพาณิชย์","brand:wikidata":"Q2038986","name:en":"Siam Commercial Bank","name:th":"ธนาคารไทยพาณิชย์","operator":"ธนาคารไทยพาณิชย์","operator:wikidata":"Q2038986","@type":"node","@id":2179572613},"geometry":{"type":"Point","coordinates":[100.5049903,13.7704417]}},{"type":"Feature","id":2180465074,"properties":{"amenity":"bank","name":"ธนาคารกรุงไทย สาขาปากเกร็ด","@type":"node","@id":2180465074},"geometry":{"type":"Point","coordinates":[100.4973333,13.9118434]}},{"type":"Feature","id":2195621115,"properties":{"amenity":"atm","check_date":"2021-03-27","operator":"BBL","@type":"node","@id":2195621115},"geometry":{"type":"Point","coordinates":[100.5442802,13.7454625]}},{"type":"Feature","id":2265738101,"properties":{"amenity":"bank","brand":"ธนาคารทหารไทย","brand:en":"TMBThanachart Bank","brand:th":"ธนาคารทหารไทย","brand:wikidata":"Q1527826","name":"ธนาคารทหารไทย","name:en":"TMBThanachart Bank","name:th":"ธนาคารทหารไทย","operator":"TMB","short_name":"ttb","@type":"node","@id":2265738101},"geometry":{"type":"Point","coordinates":[100.5029232,13.7450983]}},{"type":"Feature","id":2337769996,"properties":{"amenity":"bank","atm":"yes","name":"ซีไอเอ็มบี ไทย","name:en":"CIMB Thai","name:th":"ซีไอเอ็มบี ไทย","source":"Bing; sign","@type":"node","@id":2337769996},"geometry":{"type":"Point","coordinates":[100.5484654,13.7243356]}},{"type":"Feature","id":2338147612,"properties":{"amenity":"bank","atm":"yes","brand":"ธนาคารกรุงเทพ","brand:en":"Bangkok Bank","brand:th":"ธนาคารกรุงเทพ","brand:wikidata":"Q806483","name":"ธนาคารกรุงเทพ","name:en":"Bangkok Bank","name:th":"ธนาคารกรุงเทพ","operator":"ธนาคารกรุงเทพ","@type":"node","@id":2338147612},"geometry":{"type":"Point","coordinates":[100.496621,13.6515791]}},{"type":"Feature","id":2338163474,"properties":{"air_conditioning":"yes","amenity":"bank","atm":"yes","brand":"ธนาคารไทยพาณิชย์","brand:en":"Siam Commercial Bank","brand:th":"ธนาคารไทยพาณิชย์","brand:wikidata":"Q2038986","currency:THB":"yes","drive_through":"no","name":"ธนาคารไทยพาณิชย์","name:en":"Siam Commercial Bank","name:th":"ธนาคารไทยพาณิชย์","source":"Bing;sign","@type":"node","@id":2338163474},"geometry":{"type":"Point","coordinates":[100.5494743,13.7243824]}},{"type":"Feature","id":2339066774,"properties":{"amenity":"atm","operator":"ธนาคารกรุงไทย","@type":"node","@id":2339066774},"geometry":{"type":"Point","coordinates":[100.3199947,13.8176344]}},{"type":"Feature","id":2340096858,"properties":{"amenity":"atm","@type":"node","@id":2340096858},"geometry":{"type":"Point","coordinates":[100.5560835,13.7797662]}},{"type":"Feature","id":2368392717,"properties":{"amenity":"atm","@type":"node","@id":2368392717},"geometry":{"type":"Point","coordinates":[100.5969245,14.0651289]}},{"type":"Feature","id":2368720794,"properties":{"amenity":"atm","@type":"node","@id":2368720794},"geometry":{"type":"Point","coordinates":[100.5979115,14.0616007]}},{"type":"Feature","id":2370994352,"properties":{"amenity":"bank","name":"ธนาคารยูโอบี สาขาบางมด","@type":"node","@id":2370994352},"geometry":{"type":"Point","coordinates":[100.4633649,13.6775906]}},{"type":"Feature","id":2370996704,"properties":{"amenity":"bank","name":"ธนาคารอาคารสงเคราะห์ สาขาพระราม 2","@type":"node","@id":2370996704},"geometry":{"type":"Point","coordinates":[100.4618334,13.6769703]}},{"type":"Feature","id":2379765595,"properties":{"amenity":"atm","brand":"ธนาคารกรุงเทพ","brand:en":"Bangkok Bank","brand:th":"ธนาคารกรุงเทพ","brand:wikidata":"Q806483","cash_in":"yes","name:en":"Bangkok Bank","name:th":"ธนาคารกรุงเทพ","operator":"ธนาคารกรุงเทพ","operator:wikidata":"Q806483","@type":"node","@id":2379765595},"geometry":{"type":"Point","coordinates":[100.5968717,14.074819]}},{"type":"Feature","id":2379770273,"properties":{"amenity":"atm","brand":"ธนาคารกรุงไทย","brand:en":"Krung Thai Bank","brand:th":"ธนาคารกรุงไทย","brand:wikidata":"Q962865","cash_in":"no","currency:THB":"yes","drive_through":"no","entrance":"yes","fee":"Krungthai ATM","name:en":"Krung Thai Bank","name:th":"ธนาคารกรุงไทย","operator":"ธนาคารกรุงไทย","operator:wikidata":"Q962865","@type":"node","@id":2379770273},"geometry":{"type":"Point","coordinates":[100.5972652,14.0764254]}},{"type":"Feature","id":2379785934,"properties":{"amenity":"atm","brand":"ธนาคารกรุงเทพ","brand:en":"Bangkok Bank","brand:th":"ธนาคารกรุงเทพ","brand:wikidata":"Q806483","name:en":"Bangkok Bank","name:th":"ธนาคารกรุงเทพ","operator":"ธนาคารกรุงเทพ","operator:wikidata":"Q806483","@type":"node","@id":2379785934},"geometry":{"type":"Point","coordinates":[100.5952483,14.0773915]}},{"type":"Feature","id":2385186297,"properties":{"amenity":"atm","@type":"node","@id":2385186297},"geometry":{"type":"Point","coordinates":[100.5495246,13.7997532]}},{"type":"Feature","id":2385186301,"properties":{"amenity":"atm","@type":"node","@id":2385186301},"geometry":{"type":"Point","coordinates":[100.5498409,13.7997731]}},{"type":"Feature","id":2386004011,"properties":{"amenity":"atm","brand":"ธนาคารกสิกรไทย","brand:en":"Kasikornbank","brand:th":"ธนาคารกสิกรไทย","brand:wikidata":"Q276557","drive_through":"no","name":"ธนาคารกสิกรไทย","name:en":"Kasikornbank","name:th":"ธนาคารกสิกรไทย","operator":"ธนาคารกสิกรไทย","operator:wikidata":"Q276557","wheelchair":"yes","@type":"node","@id":2386004011},"geometry":{"type":"Point","coordinates":[100.5840691,13.723278]}},{"type":"Feature","id":2386008005,"properties":{"amenity":"atm","brand":"ธนาคารกรุงไทย","brand:en":"Krung Thai Bank","brand:th":"ธนาคารกรุงไทย","brand:wikidata":"Q962865","drive_through":"no","name":"ธนาคารกรุงไทย","name:en":"Krung Thai Bank","name:th":"ธนาคารกรุงไทย","note":"ATM, ADM, Passbook Update","operator":"ธนาคารกรุงไทย","operator:wikidata":"Q962865","wheelchair":"yes","@type":"node","@id":2386008005},"geometry":{"type":"Point","coordinates":[100.5841469,13.7205735]}},{"type":"Feature","id":2398844424,"properties":{"amenity":"atm","fee":"Kosikorn","@type":"node","@id":2398844424},"geometry":{"type":"Point","coordinates":[100.496993,13.7589383]}},{"type":"Feature","id":2398844430,"properties":{"amenity":"atm","brand":"ธนาคารกรุงเทพ","brand:en":"Bangkok Bank","brand:th":"ธนาคารกรุงเทพ","brand:wikidata":"Q806483","name":"Bangkok Bank","name:en":"Bangkok Bank","name:th":"ธนาคารกรุงเทพ","operator":"ธนาคารกรุงเทพ","operator:wikidata":"Q806483","@type":"node","@id":2398844430},"geometry":{"type":"Point","coordinates":[100.4974065,13.7589389]}},{"type":"Feature","id":2398927932,"properties":{"amenity":"atm","operator":"Bangkok Bank","@type":"node","@id":2398927932},"geometry":{"type":"Point","coordinates":[100.4937619,13.7624318]}},{"type":"Feature","id":2398927946,"properties":{"amenity":"atm","operator":"Kasikorn","@type":"node","@id":2398927946},"geometry":{"type":"Point","coordinates":[100.4943878,13.7626437]}},{"type":"Feature","id":2398936021,"properties":{"amenity":"bank","name":"Siam City Bank","@type":"node","@id":2398936021},"geometry":{"type":"Point","coordinates":[100.4979468,13.7622748]}},{"type":"Feature","id":2400025700,"properties":{"amenity":"atm","cash_in":"yes","@type":"node","@id":2400025700},"geometry":{"type":"Point","coordinates":[100.5146747,13.7268108]}},{"type":"Feature","id":2400033407,"properties":{"amenity":"bank","atm":"yes","brand":"ธนาคารกรุงไทย","brand:en":"Krung Thai Bank","brand:th":"ธนาคารกรุงไทย","brand:wikidata":"Q962865","name":"ธนาคารกรุงไทย","name:en":"Krung Thai Bank","name:th":"ธนาคารกรุงไทย","@type":"node","@id":2400033407},"geometry":{"type":"Point","coordinates":[100.5166692,13.7213938]}},{"type":"Feature","id":2400033935,"properties":{"amenity":"atm","@type":"node","@id":2400033935},"geometry":{"type":"Point","coordinates":[100.5166131,13.7212481]}},{"type":"Feature","id":2400127397,"properties":{"amenity":"atm","brand":"ธนาคารกรุงเทพ","brand:en":"Bangkok Bank","brand:th":"ธนาคารกรุงเทพ","brand:wikidata":"Q806483","opening_hours":"24/7","operator":"ธนาคารกรุงเทพ","operator:wikidata":"Q806483","@type":"node","@id":2400127397},"geometry":{"type":"Point","coordinates":[100.516464,13.723345]}},{"type":"Feature","id":2402007923,"properties":{"amenity":"atm","operator":"Bangkok Bank","@type":"node","@id":2402007923},"geometry":{"type":"Point","coordinates":[100.4944993,13.763029]}},{"type":"Feature","id":2402012899,"properties":{"amenity":"atm","operator":"Kasikorn Bank","@type":"node","@id":2402012899},"geometry":{"type":"Point","coordinates":[100.4993719,13.7638454]}},{"type":"Feature","id":2402012901,"properties":{"amenity":"atm","check_date":"2024-06-11","operator":"Siam Commercial Bank","@type":"node","@id":2402012901},"geometry":{"type":"Point","coordinates":[100.4994745,13.7640161]}},{"type":"Feature","id":2402013881,"properties":{"amenity":"atm","cash_in":"no","check_date":"2025-11-13","operator":"Siam Commercial Bank","@type":"node","@id":2402013881},"geometry":{"type":"Point","coordinates":[100.5001471,13.7635066]}},{"type":"Feature","id":2402046846,"properties":{"amenity":"atm","@type":"node","@id":2402046846},"geometry":{"type":"Point","coordinates":[100.4982876,13.7594775]}},{"type":"Feature","id":2403979149,"properties":{"amenity":"atm","operator":"Kasikorn","@type":"node","@id":2403979149},"geometry":{"type":"Point","coordinates":[100.4982238,13.7604116]}},{"type":"Feature","id":2404109811,"properties":{"amenity":"bank","brand":"ธนาคารกสิกรไทย","brand:en":"Kasikornbank","brand:th":"ธนาคารกสิกรไทย","brand:wikidata":"Q276557","name":"ธนาคารกสิกรไทย","name:en":"Kasikornbank","name:th":"ธนาคารกสิกรไทย","@type":"node","@id":2404109811},"geometry":{"type":"Point","coordinates":[100.4962608,13.7595111]}},{"type":"Feature","id":2404894306,"properties":{"amenity":"bank","@type":"node","@id":2404894306},"geometry":{"type":"Point","coordinates":[100.5774415,13.7494887]}},{"type":"Feature","id":2404903504,"properties":{"amenity":"atm","@type":"node","@id":2404903504},"geometry":{"type":"Point","coordinates":[100.5752372,13.7521411]}},{"type":"Feature","id":2406012623,"properties":{"amenity":"atm","brand":"ธนาคารกสิกรไทย","brand:en":"Kasikornbank","brand:th":"ธนาคารกสิกรไทย","brand:wikidata":"Q276557","operator":"ธนาคารกสิกรไทย","operator:wikidata":"Q276557","@type":"node","@id":2406012623},"geometry":{"type":"Point","coordinates":[100.4987909,13.7581078]}},{"type":"Feature","id":2406468125,"properties":{"amenity":"atm","brand":"ธนาคารไทยพาณิชย์","brand:en":"Siam Commercial Bank","brand:th":"ธนาคารไทยพาณิชย์","brand:wikidata":"Q2038986","name:en":"Siam Commercial Bank","name:th":"ธนาคารไทยพาณิชย์","operator":"ธนาคารไทยพาณิชย์","operator:wikidata":"Q2038986","@type":"node","@id":2406468125},"geometry":{"type":"Point","coordinates":[100.5676235,13.7623985]}},{"type":"Feature","id":2424885968,"properties":{"amenity":"atm","@type":"node","@id":2424885968},"geometry":{"type":"Point","coordinates":[100.494362,13.7616518]}},{"type":"Feature","id":2424888224,"properties":{"amenity":"atm","name":"CIMB","@type":"node","@id":2424888224},"geometry":{"type":"Point","coordinates":[100.4943601,13.7619489]}},{"type":"Feature","id":2424889930,"properties":{"amenity":"atm","@type":"node","@id":2424889930},"geometry":{"type":"Point","coordinates":[100.4939348,13.7604336]}},{"type":"Feature","id":2424896756,"properties":{"amenity":"atm","@type":"node","@id":2424896756},"geometry":{"type":"Point","coordinates":[100.493248,13.7617402]}},{"type":"Feature","id":2424905814,"properties":{"amenity":"atm","wheelchair":"no","@type":"node","@id":2424905814},"geometry":{"type":"Point","coordinates":[100.498135,13.7595194]}},{"type":"Feature","id":2424906589,"properties":{"amenity":"atm","@type":"node","@id":2424906589},"geometry":{"type":"Point","coordinates":[100.4987381,13.759521]}},{"type":"Feature","id":2425117182,"properties":{"amenity":"atm","@type":"node","@id":2425117182},"geometry":{"type":"Point","coordinates":[100.493963,13.7622945]}},{"type":"Feature","id":2428799920,"properties":{"amenity":"bank","brand":"ธนาคารกรุงเทพ","brand:en":"Bangkok Bank","brand:th":"ธนาคารกรุงเทพ","brand:wikidata":"Q806483","name":"ธนาคารกรุงเทพ","name:en":"Bangkok Bank","name:th":"ธนาคารกรุงเทพ","@type":"node","@id":2428799920},"geometry":{"type":"Point","coordinates":[100.4984559,13.7584912]}},{"type":"Feature","id":2428799929,"properties":{"amenity":"atm","brand":"ธนาคารกสิกรไทย","brand:en":"Kasikornbank","brand:th":"ธนาคารกสิกรไทย","brand:wikidata":"Q276557","name":"Kasikorn","name:en":"Kasikornbank","name:th":"ธนาคารกสิกรไทย","operator":"ธนาคารกสิกรไทย","operator:wikidata":"Q276557","@type":"node","@id":2428799929},"geometry":{"type":"Point","coordinates":[100.4985869,13.7584348]}},{"type":"Feature","id":2428800184,"properties":{"amenity":"bank","operator":"Bangkok Bank","@type":"node","@id":2428800184},"geometry":{"type":"Point","coordinates":[100.4993647,13.7643068]}},{"type":"Feature","id":2428973239,"properties":{"amenity":"atm","brand":"UOB","brand:en":"UOB","brand:wikidata":"Q2064074","brand:zh":"大华银行","operator":"UOB","operator:wikidata":"Q2064074","wheelchair":"no","@type":"node","@id":2428973239},"geometry":{"type":"Point","coordinates":[100.4987747,13.758111]}},{"type":"Feature","id":2428973317,"properties":{"amenity":"atm","@type":"node","@id":2428973317},"geometry":{"type":"Point","coordinates":[100.4974354,13.7587431]}},{"type":"Feature","id":2429807792,"properties":{"amenity":"atm","@type":"node","@id":2429807792},"geometry":{"type":"Point","coordinates":[100.4976596,13.7597312]}},{"type":"Feature","id":2430549363,"properties":{"amenity":"atm","@type":"node","@id":2430549363},"geometry":{"type":"Point","coordinates":[100.4933309,13.7622192]}},{"type":"Feature","id":2448242824,"properties":{"amenity":"atm","operator":"ธนาคารกรุงเทพ","@type":"node","@id":2448242824},"geometry":{"type":"Point","coordinates":[100.5398928,13.9141059]}},{"type":"Feature","id":2469566344,"properties":{"amenity":"atm","wheelchair":"no","@type":"node","@id":2469566344},"geometry":{"type":"Point","coordinates":[100.5682237,13.8457673]}},{"type":"Feature","id":2494606493,"properties":{"alt_name":"ธนาคารกรุงศรีอยุธยา","alt_name:en":"Bank of Ayudhya","amenity":"bank","atm":"yes","brand":"กรุงศรี","brand:en":"Krungsri","brand:th":"กรุงศรี","name":"กรุงศรี","name:en":"Krungsri","name:th":"กรุงศรี","@type":"node","@id":2494606493},"geometry":{"type":"Point","coordinates":[100.538223,13.7508052]}},{"type":"Feature","id":2494606548,"properties":{"amenity":"atm","@type":"node","@id":2494606548},"geometry":{"type":"Point","coordinates":[100.5407132,13.749916]}},{"type":"Feature","id":2494606553,"properties":{"amenity":"atm","@type":"node","@id":2494606553},"geometry":{"type":"Point","coordinates":[100.5400356,13.7501498]}},{"type":"Feature","id":2499326262,"properties":{"amenity":"atm","name":"CIMB","operator":"CIMB Thai","@type":"node","@id":2499326262},"geometry":{"type":"Point","coordinates":[100.6380834,13.8511983]}},{"type":"Feature","id":2511149269,"properties":{"alt_name":"ธนาคารกรุงศรีอยุธยา","alt_name:en":"Bank of Ayudhya","amenity":"bank","atm":"yes","brand":"กรุงศรี","brand:en":"Krungsri","brand:th":"กรุงศรี","name":"กรุงศรี","name:en":"Krungsri","name:th":"กรุงศรี","opening_hours":"Mo-Fr 08:30-16:30; PH off","wheelchair":"limited","@type":"node","@id":2511149269},"geometry":{"type":"Point","coordinates":[100.5627695,13.735911]}},{"type":"Feature","id":2527698058,"properties":{"amenity":"bank","atm":"yes","name":"ธนาคาร กรุงศรีอยุทธยา","wheelchair":"no","@type":"node","@id":2527698058},"geometry":{"type":"Point","coordinates":[100.6154415,13.8637824]}},{"type":"Feature","id":2555278655,"properties":{"amenity":"atm","@type":"node","@id":2555278655},"geometry":{"type":"Point","coordinates":[100.7320421,13.8833694]}},{"type":"Feature","id":2558452841,"properties":{"amenity":"atm","operator":"KBank","@type":"node","@id":2558452841},"geometry":{"type":"Point","coordinates":[100.7204821,13.8606411]}},{"type":"Feature","id":2558495708,"properties":{"amenity":"bank","atm":"yes","name":"ธนาคารออมสิน","@type":"node","@id":2558495708},"geometry":{"type":"Point","coordinates":[100.7204676,13.8608726]}},{"type":"Feature","id":2558495709,"properties":{"amenity":"bank","atm":"yes","name":"ธนาคารไทยพานิชย์","@type":"node","@id":2558495709},"geometry":{"type":"Point","coordinates":[100.7204694,13.8610014]}},{"type":"Feature","id":2588061014,"properties":{"amenity":"bank","branch":"สาขาตลาดรวมใจ (เมืองทองธานี)","brand":"ธนาคารออมสิน","brand:en":"Government Savings Bank","brand:th":"ธนาคารออมสิน","brand:wikidata":"Q6579041","name":"ธนาคารออมสิน","name:en":"Government Savings Bank","name:th":"ธนาคารออมสิน","@type":"node","@id":2588061014},"geometry":{"type":"Point","coordinates":[100.5521179,13.9117416]}},{"type":"Feature","id":2588061015,"properties":{"amenity":"bank","branch":"สาขาเมืองทองธานีซิตี้เซ็นเตอร์ 2","brand":"ธนาคารไทยพาณิชย์","brand:en":"Siam Commercial Bank","brand:th":"ธนาคารไทยพาณิชย์","brand:wikidata":"Q2038986","name":"ธนาคารไทยพาณิชย์","name:en":"Siam Commercial Bank","name:th":"ธนาคารไทยพาณิชย์","@type":"node","@id":2588061015},"geometry":{"type":"Point","coordinates":[100.552572,13.9117957]}},{"type":"Feature","id":2599845155,"properties":{"amenity":"atm","brand":"ธนาคารกรุงเทพ","brand:en":"Bangkok Bank","brand:th":"ธนาคารกรุงเทพ","brand:wikidata":"Q806483","name:en":"Bangkok Bank","name:th":"ธนาคารกรุงเทพ","opening_hours":"24/7","operator":"ธนาคารกรุงเทพ","operator:wikidata":"Q806483","@type":"node","@id":2599845155},"geometry":{"type":"Point","coordinates":[100.5074087,13.7758306]}},{"type":"Feature","id":2619798325,"properties":{"amenity":"bank","atm":"yes","brand":"ธนาคารกรุงไทย","brand:en":"Krung Thai Bank","brand:th":"ธนาคารกรุงไทย","brand:wikidata":"Q962865","name":"ธนาคารกรุงไทย","name:en":"Krung Thai Bank","name:th":"ธนาคารกรุงไทย","@type":"node","@id":2619798325},"geometry":{"type":"Point","coordinates":[100.5019992,13.767755]}},{"type":"Feature","id":2640599222,"properties":{"addr:housenumber":"2146","addr:postcode":"10250","addr:street":"ถนนพัฒนาการ","amenity":"bank","atm":"yes","brand":"ธนาคารกรุงเทพ","brand:en":"Bangkok Bank","brand:th":"ธนาคารกรุงเทพ","brand:wikidata":"Q806483","name":"ธนาคารกรุงเทพ","name:en":"Bangkok Bank","name:th":"ธนาคารกรุงเทพ","phone":"0 2321 7000","website":"https://www.bangkokbank.com/","@type":"node","@id":2640599222},"geometry":{"type":"Point","coordinates":[100.6414529,13.7351626]}},{"type":"Feature","id":2640789587,"properties":{"addr:housenumber":"9","addr:postcode":"10900","addr:street":"ถนนรัชดาภิเษก","amenity":"bank","atm":"yes","name":"ธนาคาร ไทยพาณิชย์ สำนักงานใหญ่","name:en":"SCB Head Office","opening_hours":"8:30 - 15:30","phone":"0 2544 1000","website":"https://www.scb.co.th/","@type":"node","@id":2640789587},"geometry":{"type":"Point","coordinates":[100.5640829,13.8269827]}},{"type":"Feature","id":2655866538,"properties":{"amenity":"bank","atm":"yes","brand":"ธนาคารกรุงเทพ","brand:en":"Bangkok Bank","brand:th":"ธนาคารกรุงเทพ","brand:wikidata":"Q806483","name":"ธนาคารกรุงเทพ","name:en":"Bangkok Bank","name:th":"ธนาคารกรุงเทพ","@type":"node","@id":2655866538},"geometry":{"type":"Point","coordinates":[100.6019088,14.0771028]}},{"type":"Feature","id":2664103706,"properties":{"amenity":"bank","atm":"yes","brand":"ธนาคารไทยพาณิชย์","brand:en":"Siam Commercial Bank","brand:th":"ธนาคารไทยพาณิชย์","brand:wikidata":"Q2038986","name":"ธนาคารไทยพาณิชย์","name:en":"Siam Commercial Bank","name:th":"ธนาคารไทยพาณิชย์","operator":"ธนาคารไทยพาณิชย์","operator:en":"Siam Commercial Bank","operator:th":"ธนาคารไทยพาณิชย์","@type":"node","@id":2664103706},"geometry":{"type":"Point","coordinates":[100.5599759,13.8938265]}},{"type":"Feature","id":2671051373,"properties":{"amenity":"bank","name":"Krungsri","@type":"node","@id":2671051373},"geometry":{"type":"Point","coordinates":[100.5213719,13.719537]}},{"type":"Feature","id":2671062243,"properties":{"amenity":"bank","brand":"ธนาคารกรุงไทย","brand:en":"Krung Thai Bank","brand:th":"ธนาคารกรุงไทย","brand:wikidata":"Q962865","name":"ธนาคารกรุงไทย","name:en":"Krung Thai Bank","name:th":"ธนาคารกรุงไทย","@type":"node","@id":2671062243},"geometry":{"type":"Point","coordinates":[100.5235753,13.7201332]}},{"type":"Feature","id":2671062244,"properties":{"amenity":"atm","check_date":"2024-09-01","operator":"BBL","@type":"node","@id":2671062244},"geometry":{"type":"Point","coordinates":[100.5231109,13.7200203]}},{"type":"Feature","id":2671098155,"properties":{"amenity":"bank","name":"Krungsri","@type":"node","@id":2671098155},"geometry":{"type":"Point","coordinates":[100.5260167,13.7283418]}},{"type":"Feature","id":2671098158,"properties":{"amenity":"bank","name":"Thanachart Bank","@type":"node","@id":2671098158},"geometry":{"type":"Point","coordinates":[100.5255365,13.7281738]}},{"type":"Feature","id":2671242225,"properties":{"amenity":"bank","name":"KTB","@type":"node","@id":2671242225},"geometry":{"type":"Point","coordinates":[100.5276354,13.7260035]}},{"type":"Feature","id":2686102506,"properties":{"amenity":"atm","wheelchair":"no","@type":"node","@id":2686102506},"geometry":{"type":"Point","coordinates":[100.5668979,13.8485601]}},{"type":"Feature","id":2686102507,"properties":{"amenity":"atm","wheelchair":"no","@type":"node","@id":2686102507},"geometry":{"type":"Point","coordinates":[100.5668954,13.8486026]}},{"type":"Feature","id":2687337660,"properties":{"amenity":"atm","@type":"node","@id":2687337660},"geometry":{"type":"Point","coordinates":[100.4892932,13.7516406]}},{"type":"Feature","id":2696252155,"properties":{"amenity":"bank","atm":"yes","operator":"ธนาคารกรุงศรีอยุธยา","operator:en":"Bank of Ayudhya","operator:th":"ธนาคารกรุงศรีอยุธยา","@type":"node","@id":2696252155},"geometry":{"type":"Point","coordinates":[100.5464166,13.7634431]}},{"type":"Feature","id":2696252173,"properties":{"amenity":"bank","atm":"yes","operator":"ธนาคารกรุงเทพ","operator:en":"Bangkok Bank","operator:th":"ธนาคารกรุงเทพ","@type":"node","@id":2696252173},"geometry":{"type":"Point","coordinates":[100.5611056,13.8022386]}},{"type":"Feature","id":2696252200,"properties":{"amenity":"bank","atm":"yes","brand":"ธนาคารออมสิน","brand:en":"Government Savings Bank","brand:th":"ธนาคารออมสิน","brand:wikidata":"Q6579041","name":"ธนาคารออมสิน","name:en":"Government Savings Bank","name:th":"ธนาคารออมสิน","operator":"ธนาคารออมสิน","operator:en":"Government Savings Bank","operator:th":"ธนาคารออมสิน","@type":"node","@id":2696252200},"geometry":{"type":"Point","coordinates":[100.5808104,13.8852757]}},{"type":"Feature","id":2696252205,"properties":{"amenity":"bank","atm":"yes","operator":"ซีไอเอ็มบี ไทย","operator:en":"CIMB THAI","operator:th":"ซีไอเอ็มบี ไทย","@type":"node","@id":2696252205},"geometry":{"type":"Point","coordinates":[100.5807328,13.8853272]}},{"type":"Feature","id":2696252216,"properties":{"amenity":"bank","atm":"yes","brand":"ธนาคารกรุงเทพ","brand:en":"Bangkok Bank","brand:th":"ธนาคารกรุงเทพ","brand:wikidata":"Q806483","name":"ธนาคารกรุงเทพ","name:en":"Bangkok Bank","name:th":"ธนาคารกรุงเทพ","operator":"ธนาคารกรุงเทพ","operator:en":"Bangkok Bank","operator:th":"ธนาคารกรุงเทพ","@type":"node","@id":2696252216},"geometry":{"type":"Point","coordinates":[100.5566176,13.8953448]}},{"type":"Feature","id":2712349041,"properties":{"amenity":"atm","@type":"node","@id":2712349041},"geometry":{"type":"Point","coordinates":[100.7784644,13.7289537]}},{"type":"Feature","id":2808576402,"properties":{"amenity":"atm","brand":"Krungthai","@type":"node","@id":2808576402},"geometry":{"type":"Point","coordinates":[100.5970861,14.0604448]}},{"type":"Feature","id":2817752401,"properties":{"amenity":"atm","@type":"node","@id":2817752401},"geometry":{"type":"Point","coordinates":[100.6326285,13.6588542]}},{"type":"Feature","id":2822087800,"properties":{"amenity":"bank","brand":"ธนาคารกรุงเทพ","brand:en":"Bangkok Bank","brand:th":"ธนาคารกรุงเทพ","brand:wikidata":"Q806483","name":"ธนาคารกรุงเทพ","name:en":"Bangkok Bank","name:th":"ธนาคารกรุงเทพ","@type":"node","@id":2822087800},"geometry":{"type":"Point","coordinates":[100.5358016,13.7288973]}},{"type":"Feature","id":2987126992,"properties":{"amenity":"bank","atm":"yes","brand":"Siam Commercial Bank","brand:wikidata":"Q2038986","name":"Siam Commercial Bank","@type":"node","@id":2987126992},"geometry":{"type":"Point","coordinates":[100.5631361,13.7563196]}},{"type":"Feature","id":2987127008,"properties":{"amenity":"bank","atm":"yes","name":"Kasikorn Bank","wheelchair":"no","@type":"node","@id":2987127008},"geometry":{"type":"Point","coordinates":[100.5626982,13.7563612]}},{"type":"Feature","id":2997116113,"properties":{"amenity":"bank","atm":"yes","name":"Siam Commercial Bank","source":"Survey","@type":"node","@id":2997116113},"geometry":{"type":"Point","coordinates":[100.5266678,13.7120585]}},{"type":"Feature","id":3036715929,"properties":{"addr:city":"บางบอน","addr:housenumber":"125","addr:postcode":"10150","addr:street":"ถนนเอกชัย","amenity":"bank","name":"ธนาคารไทยพาณิชย์ สาขาบางบอน","opening_hours":"08:30-15:30","@type":"node","@id":3036715929},"geometry":{"type":"Point","coordinates":[100.4418252,13.6826195]}},{"type":"Feature","id":3036724140,"properties":{"addr:city":"บางบอน","addr:housenumber":"103/127-128","addr:postcode":"10150","addr:street":"ถนนเอกชัย","amenity":"bank","atm":"yes","name":"ธนาคารกรุงศรีอยุธยา สาขาบางบอน","opening_hours":"08:30-15:30","@type":"node","@id":3036724140},"geometry":{"type":"Point","coordinates":[100.4414242,13.6825518]}},{"type":"Feature","id":3038360173,"properties":{"addr:housenumber":"289, 291, 293, 295","addr:postcode":"10150","addr:street":"ถนนเอกชัย","amenity":"bank","atm":"yes","name":"ธนาคารยูโอบี สาขาบางบอน","@type":"node","@id":3038360173},"geometry":{"type":"Point","coordinates":[100.4379345,13.6804709]}},{"type":"Feature","id":3039149516,"properties":{"amenity":"atm","brand":"ธนาคารกรุงเทพ","brand:en":"Bangkok Bank","brand:th":"ธนาคารกรุงเทพ","brand:wikidata":"Q806483","name":"ธนาคารกรุงเทพ","name:en":"Bangkok Bank","name:th":"ธนาคารกรุงเทพ","operator":"ธนาคารกรุงเทพ","operator:wikidata":"Q806483","@type":"node","@id":3039149516},"geometry":{"type":"Point","coordinates":[100.5050074,13.7565374]}},{"type":"Feature","id":3039479696,"properties":{"amenity":"atm","check_date":"2026-03-02","name":"Cimb Thai","@type":"node","@id":3039479696},"geometry":{"type":"Point","coordinates":[100.4967984,13.7632448]}},{"type":"Feature","id":3052638772,"properties":{"amenity":"bank","atm":"yes","name":"ธนาคารกสิกรไทย","@type":"node","@id":3052638772},"geometry":{"type":"Point","coordinates":[100.5083655,13.7444911]}},{"type":"Feature","id":3056782469,"properties":{"amenity":"atm","operator":"ธนาคารกรุงไทย","@type":"node","@id":3056782469},"geometry":{"type":"Point","coordinates":[100.4243689,13.655028]}},{"type":"Feature","id":3056796663,"properties":{"addr:city":"บางขุนเทียน","addr:housenumber":"174/112-113","addr:postcode":"10150","addr:street":"พระรามที่ 2 ซอย 60","amenity":"bank","atm":"yes","name":"ธนาคารเพื่อการส่งออกและนำเข้าแห่งประเทศไทย สาขาพระราม 2","name:en":"Export-Import Bank of Thailand: Rama II Branch","@type":"node","@id":3056796663},"geometry":{"type":"Point","coordinates":[100.4245566,13.6551713]}},{"type":"Feature","id":3056887205,"properties":{"amenity":"atm","operator":"ธนาคารกรุงศรีอยุธยา","@type":"node","@id":3056887205},"geometry":{"type":"Point","coordinates":[100.4229983,13.6574467]}},{"type":"Feature","id":3056887206,"properties":{"amenity":"atm","operator":"ธนาคารไทยพาณิชย์","@type":"node","@id":3056887206},"geometry":{"type":"Point","coordinates":[100.4229969,13.657432]}},{"type":"Feature","id":3056922444,"properties":{"amenity":"atm","operator":"ธนาคารกสิกรไทย","@type":"node","@id":3056922444},"geometry":{"type":"Point","coordinates":[100.4250093,13.6536967]}},{"type":"Feature","id":3056922445,"properties":{"amenity":"atm","operator":"ธนาคารไทยพาณิชย์","@type":"node","@id":3056922445},"geometry":{"type":"Point","coordinates":[100.4250361,13.6536681]}},{"type":"Feature","id":3060907240,"properties":{"amenity":"atm","brand":"SCB","@type":"node","@id":3060907240},"geometry":{"type":"Point","coordinates":[100.5508441,13.7620201]}},{"type":"Feature","id":3081219570,"properties":{"addr:postcode":"10330","addr:street":"หลังสวน","amenity":"bank","atm":"yes","brand":"ธนาคารกสิกรไทย","brand:en":"Kasikornbank","brand:th":"ธนาคารกสิกรไทย","brand:wikidata":"Q276557","name":"ธนาคารกสิกรไทย","name:en":"Kasikornbank","name:th":"ธนาคารกสิกรไทย","@type":"node","@id":3081219570},"geometry":{"type":"Point","coordinates":[100.5428352,13.7391437]}},{"type":"Feature","id":3101525560,"properties":{"addr:housenumber":"471","addr:postcode":"10150","addr:street":"ถนนเอกชัย","amenity":"bank","atm":"yes","name":"ธนาคารกรุงเทพ สาขาบางบอน","@type":"node","@id":3101525560},"geometry":{"type":"Point","coordinates":[100.4328818,13.6775718]}},{"type":"Feature","id":3103286762,"properties":{"amenity":"atm","operator":"ธนาคารกรุงไทย","@type":"node","@id":3103286762},"geometry":{"type":"Point","coordinates":[100.4261662,13.6724685]}},{"type":"Feature","id":3103286763,"properties":{"amenity":"atm","operator":"ธนาคารนครหลวงไทย","@type":"node","@id":3103286763},"geometry":{"type":"Point","coordinates":[100.4261796,13.6724529]}},{"type":"Feature","id":3103286764,"properties":{"amenity":"atm","operator":"ธนาคารไทยพาณิชย์","@type":"node","@id":3103286764},"geometry":{"type":"Point","coordinates":[100.426189,13.6724425]}},{"type":"Feature","id":3110772275,"properties":{"addr:city":"บางขุนเทียน","addr:housenumber":"134","addr:postcode":"10150","addr:street":"ถนนบางขุนเทียน","amenity":"bank","atm":"yes","name":"ธนาคารทหารไทย สาขาสี่แยกถนนบางขุนเทียน-ถนนพระรามที่ 2","@type":"node","@id":3110772275},"geometry":{"type":"Point","coordinates":[100.429747,13.6577949]}},{"type":"Feature","id":3112828763,"properties":{"amenity":"atm","operator":"ธนาคารไทยพาณิชย์","@type":"node","@id":3112828763},"geometry":{"type":"Point","coordinates":[100.4287464,13.663997]}},{"type":"Feature","id":3190716085,"properties":{"amenity":"atm","@type":"node","@id":3190716085},"geometry":{"type":"Point","coordinates":[100.5416368,13.7268788]}},{"type":"Feature","id":3197975568,"properties":{"amenity":"atm","@type":"node","@id":3197975568},"geometry":{"type":"Point","coordinates":[100.6903641,13.9218061]}},{"type":"Feature","id":3200611809,"properties":{"amenity":"atm","@type":"node","@id":3200611809},"geometry":{"type":"Point","coordinates":[100.7462324,13.734093]}},{"type":"Feature","id":3225294729,"properties":{"amenity":"atm","brand":"ธนาคารกรุงเทพ","brand:en":"Bangkok Bank","brand:th":"ธนาคารกรุงเทพ","brand:wikidata":"Q806483","name":"ATM กรุงเทพ","name:en":"Bangkok Bank","name:th":"ธนาคารกรุงเทพ","operator":"ธนาคารกรุงเทพ","operator:wikidata":"Q806483","@type":"node","@id":3225294729},"geometry":{"type":"Point","coordinates":[100.6514979,13.7944881]}},{"type":"Feature","id":3225295195,"properties":{"amenity":"atm","brand":"ธนาคารกสิกรไทย","brand:en":"Kasikornbank","brand:th":"ธนาคารกสิกรไทย","brand:wikidata":"Q276557","name":"ATM กสิกรไทย","name:en":"Kasikornbank","name:th":"ธนาคารกสิกรไทย","operator":"ธนาคารกสิกรไทย","operator:wikidata":"Q276557","@type":"node","@id":3225295195},"geometry":{"type":"Point","coordinates":[100.6515245,13.7944399]}},{"type":"Feature","id":3234302720,"properties":{"amenity":"bank","atm":"yes","name":"Krunghtai Bank","@type":"node","@id":3234302720},"geometry":{"type":"Point","coordinates":[100.5944537,13.7141834]}},{"type":"Feature","id":3234302723,"properties":{"amenity":"bank","atm":"yes","brand":"ธนาคารทหารไทย","brand:en":"TMBThanachart Bank","brand:th":"ธนาคารทหารไทย","brand:wikidata":"Q1527826","name":"ธนาคารทหารไทย","name:en":"TMBThanachart Bank","name:th":"ธนาคารทหารไทย","short_name":"ttb","@type":"node","@id":3234302723},"geometry":{"type":"Point","coordinates":[100.5934937,13.7137978]}},{"type":"Feature","id":3247438065,"properties":{"amenity":"bank","atm":"yes","brand":"ธนาคารกสิกรไทย","brand:en":"Kasikornbank","brand:th":"ธนาคารกสิกรไทย","brand:wikidata":"Q276557","name":"ธนาคารกสิกรไทย","name:en":"Kasikornbank","name:th":"ธนาคารกสิกรไทย","opening_hours":"Mo-Fr 08:30-15:30","@type":"node","@id":3247438065},"geometry":{"type":"Point","coordinates":[100.5937164,13.7136603]}},{"type":"Feature","id":3247438066,"properties":{"amenity":"bank","atm":"yes","name":"Tanachart Bank","@type":"node","@id":3247438066},"geometry":{"type":"Point","coordinates":[100.5957654,13.7172196]}},{"type":"Feature","id":3247452091,"properties":{"amenity":"bank","atm":"yes","brand":"ธนาคารกรุงไทย","brand:en":"Krung Thai Bank","brand:th":"ธนาคารกรุงไทย","brand:wikidata":"Q962865","name":"ธนาคารกรุงไทย","name:en":"Krung Thai Bank","name:th":"ธนาคารกรุงไทย","@type":"node","@id":3247452091},"geometry":{"type":"Point","coordinates":[100.5961391,13.724051]}},{"type":"Feature","id":3247452092,"properties":{"amenity":"bank","atm":"yes","brand":"ธนาคารทหารไทย","brand:en":"TMBThanachart Bank","brand:th":"ธนาคารทหารไทย","brand:wikidata":"Q1527826","name":"ธนาคารทหารไทย","name:en":"TMBThanachart Bank","name:th":"ธนาคารทหารไทย","short_name":"ttb","@type":"node","@id":3247452092},"geometry":{"type":"Point","coordinates":[100.5957132,13.7240024]}},{"type":"Feature","id":3248982936,"properties":{"amenity":"atm","@type":"node","@id":3248982936},"geometry":{"type":"Point","coordinates":[100.6103599,13.6808496]}},{"type":"Feature","id":3248986947,"properties":{"amenity":"bank","atm":"yes","name":"Thanachart Bank","operator":"Thanachart Bank Public Company Limited","@type":"node","@id":3248986947},"geometry":{"type":"Point","coordinates":[100.6102725,13.6830884]}},{"type":"Feature","id":3248994138,"properties":{"amenity":"atm","brand":"UOB","brand:wikidata":"Q2064074","brand:zh":"大华银行","name":"UOB","name:zh":"大华银行","operator":"UOB","operator:wikidata":"Q2064074","@type":"node","@id":3248994138},"geometry":{"type":"Point","coordinates":[100.6105228,13.686288]}},{"type":"Feature","id":3248994319,"properties":{"amenity":"atm","name":"Kasikorn Thai Bank","@type":"node","@id":3248994319},"geometry":{"type":"Point","coordinates":[100.6097111,13.6882253]}},{"type":"Feature","id":3250995662,"properties":{"alt_name:en":"Krungsri","amenity":"bank","atm":"yes","brand":"กรุงศรี","brand:en":"Bank of Ayudhya","brand:th":"กรุงศรี","brand:wikidata":"Q782537","name":"กรุงศรี","name:en":"Bank of Ayudhya","name:th":"กรุงศรี","@type":"node","@id":3250995662},"geometry":{"type":"Point","coordinates":[100.5894453,13.7167641]}},{"type":"Feature","id":3251640380,"properties":{"amenity":"bank","atm":"yes","branch":"เซ็นทรัลพลาซา แกรนด์ พระราม 9","brand":"ธนาคารกรุงไทย","brand:en":"Krung Thai Bank","brand:th":"ธนาคารกรุงไทย","brand:wikidata":"Q962865","level":"5","name":"ธนาคารกรุงไทย","name:en":"Krung Thai Bank","name:th":"ธนาคารกรุงไทย","opening_hours":"Mo-Su 11:00-20:00","source":"http://www.ktb.co.th/ktb/th/ktb-locator.aspx","wheelchair":"yes","@type":"node","@id":3251640380},"geometry":{"type":"Point","coordinates":[100.5658145,13.7581268]}},{"type":"Feature","id":3251640381,"properties":{"amenity":"bank","atm":"yes","branch":"เซ็นทรัลพลาซา แกรนด์ พระราม 9","brand":"ธนาคารกสิกรไทย","brand:en":"Kasikornbank","brand:th":"ธนาคารกสิกรไทย","brand:wikidata":"Q276557","level":"5","name":"ธนาคารกสิกรไทย","name:en":"Kasikornbank","name:th":"ธนาคารกสิกรไทย","opening_hours":"Mo-Su 11:00-18:00","wheelchair":"yes","@type":"node","@id":3251640381},"geometry":{"type":"Point","coordinates":[100.5659974,13.7578447]}},{"type":"Feature","id":3251663421,"properties":{"amenity":"bank","atm":"yes","brand":"ธนาคารกสิกรไทย","brand:en":"Kasikornbank","brand:th":"ธนาคารกสิกรไทย","brand:wikidata":"Q276557","level":"0","name":"ธนาคารกสิกรไทย","name:en":"Kasikornbank","name:th":"ธนาคารกสิกรไทย","opening_hours":"Mo-Fr 09:00-16:00","@type":"node","@id":3251663421},"geometry":{"type":"Point","coordinates":[100.5617481,13.7365615]}},{"type":"Feature","id":3251663424,"properties":{"amenity":"bank","atm":"yes","brand":"ธนาคารกสิกรไทย","brand:en":"Kasikornbank","brand:th":"ธนาคารกสิกรไทย","brand:wikidata":"Q276557","level":"4","name":"ธนาคารกสิกรไทย","name:en":"Kasikornbank","name:th":"ธนาคารกสิกรไทย","opening_hours":"12:00-20:00","@type":"node","@id":3251663424},"geometry":{"type":"Point","coordinates":[100.5473245,13.7439247]}},{"type":"Feature","id":3251663425,"properties":{"amenity":"bank","atm":"yes","brand":"ธนาคารกรุงเทพ","brand:en":"Bangkok Bank","brand:th":"ธนาคารกรุงเทพ","brand:wikidata":"Q806483","name":"ธนาคารกรุงเทพ","name:en":"Bangkok Bank","name:th":"ธนาคารกรุงเทพ","opening_hours":"12:00-20:00","@type":"node","@id":3251663425},"geometry":{"type":"Point","coordinates":[100.5460853,13.7438778]}},{"type":"Feature","id":3251664462,"properties":{"amenity":"bank","atm":"yes","name":"ธนาคารธนชาติ","name:en":"Thanachart Bank","@type":"node","@id":3251664462},"geometry":{"type":"Point","coordinates":[100.5688447,13.7568522]}},{"type":"Feature","id":3257774991,"properties":{"addr:city":"บางบอน","addr:housenumber":"865","addr:postcode":"10150","addr:street":"ถนนเอกชัย","amenity":"bank","atm":"yes","name":"ธนาคารซีไอเอ็มบีไทย สาขาบางบอน","@type":"node","@id":3257774991},"geometry":{"type":"Point","coordinates":[100.4160659,13.6685832]}},{"type":"Feature","id":3257777891,"properties":{"amenity":"atm","operator":"ธนาคารธนชาต","@type":"node","@id":3257777891},"geometry":{"type":"Point","coordinates":[100.4165675,13.666897]}},{"type":"Feature","id":3257789587,"properties":{"amenity":"atm","@type":"node","@id":3257789587},"geometry":{"type":"Point","coordinates":[100.4133257,13.6668507]}},{"type":"Feature","id":3269930317,"properties":{"amenity":"bank","atm":"yes","name":"Bangkok Bank","name:th":"ธนาคารกรุงเทพ ถนนจันทร์ สะพาน 5","@type":"node","@id":3269930317},"geometry":{"type":"Point","coordinates":[100.5368884,13.7068838]}},{"type":"Feature","id":3272217108,"properties":{"amenity":"bank","atm":"yes","brand":"ธนาคารกรุงเทพ","brand:en":"Bangkok Bank","brand:th":"ธนาคารกรุงเทพ","brand:wikidata":"Q806483","name":"ธนาคารกรุงเทพ","name:en":"Bangkok Bank","name:th":"ธนาคารกรุงเทพ","@type":"node","@id":3272217108},"geometry":{"type":"Point","coordinates":[100.5406895,13.7008785]}},{"type":"Feature","id":3279936174,"properties":{"amenity":"atm","operator":"ธนาคารกสิกรไทย","@type":"node","@id":3279936174},"geometry":{"type":"Point","coordinates":[100.386968,13.6502163]}},{"type":"Feature","id":3279974425,"properties":{"amenity":"atm","operator":"ธนาคารกรุงไทย","@type":"node","@id":3279974425},"geometry":{"type":"Point","coordinates":[100.3844279,13.6483527]}},{"type":"Feature","id":3280462981,"properties":{"amenity":"atm","@type":"node","@id":3280462981},"geometry":{"type":"Point","coordinates":[100.5968629,13.7186673]}},{"type":"Feature","id":3280462982,"properties":{"amenity":"atm","@type":"node","@id":3280462982},"geometry":{"type":"Point","coordinates":[100.5968616,13.7186295]}},{"type":"Feature","id":3283296729,"properties":{"amenity":"atm","operator":"ธนาคารกสิกรไทย","@type":"node","@id":3283296729},"geometry":{"type":"Point","coordinates":[100.4026181,13.6618241]}},{"type":"Feature","id":3283353421,"properties":{"amenity":"atm","operator":"ธนาคารกรุงศรีอยุธยา","@type":"node","@id":3283353421},"geometry":{"type":"Point","coordinates":[100.3942939,13.6564657]}},{"type":"Feature","id":3283362614,"properties":{"amenity":"atm","operator":"ธนาคารกรุงเทพ","@type":"node","@id":3283362614},"geometry":{"type":"Point","coordinates":[100.3937883,13.6560839]}},{"type":"Feature","id":3283362615,"properties":{"amenity":"atm","operator":"ธนาคารกสิกรไทย","@type":"node","@id":3283362615},"geometry":{"type":"Point","coordinates":[100.3938017,13.6560695]}},{"type":"Feature","id":3285467734,"properties":{"amenity":"atm","operator":"K-bank","source":"Bing","@type":"node","@id":3285467734},"geometry":{"type":"Point","coordinates":[100.7399832,13.7140554]}},{"type":"Feature","id":3286552777,"properties":{"amenity":"bank","atm":"yes","brand":"ธนาคารกรุงเทพ","brand:en":"Bangkok Bank","brand:th":"ธนาคารกรุงเทพ","brand:wikidata":"Q806483","name":"ธนาคารกรุงเทพ","name:en":"Bangkok Bank","name:th":"ธนาคารกรุงเทพ","opening_hours":"Mo-Fr","@type":"node","@id":3286552777},"geometry":{"type":"Point","coordinates":[100.5815387,13.7304601]}},{"type":"Feature","id":3286552779,"properties":{"amenity":"bank","atm":"yes","name":"Krungsri","@type":"node","@id":3286552779},"geometry":{"type":"Point","coordinates":[100.5809526,13.7278854]}},{"type":"Feature","id":3286552780,"properties":{"amenity":"bank","atm":"yes","brand":"ธนาคารกสิกรไทย","brand:en":"Kasikornbank","brand:th":"ธนาคารกสิกรไทย","brand:wikidata":"Q276557","name":"ธนาคารกสิกรไทย","name:en":"Kasikornbank","name:th":"ธนาคารกสิกรไทย","wheelchair":"no","@type":"node","@id":3286552780},"geometry":{"type":"Point","coordinates":[100.5815798,13.7315643]}},{"type":"Feature","id":3286552781,"properties":{"amenity":"bank","atm":"yes","brand":"ธนาคารกรุงไทย","brand:en":"Krung Thai Bank","brand:th":"ธนาคารกรุงไทย","brand:wikidata":"Q962865","name":"ธนาคารกรุงไทย","name:en":"Krung Thai Bank","name:th":"ธนาคารกรุงไทย","@type":"node","@id":3286552781},"geometry":{"type":"Point","coordinates":[100.5812752,13.7304844]}},{"type":"Feature","id":3286552785,"properties":{"amenity":"bank","atm":"yes","brand":"ธนาคารทหารไทย","brand:en":"TMBThanachart Bank","brand:th":"ธนาคารทหารไทย","brand:wikidata":"Q1527826","name":"ธนาคารทหารไทย","name:en":"TMBThanachart Bank","name:th":"ธนาคารทหารไทย","short_name":"ttb","@type":"node","@id":3286552785},"geometry":{"type":"Point","coordinates":[100.5809355,13.7276206]}},{"type":"Feature","id":3286552786,"properties":{"amenity":"bank","atm":"yes","name":"Thanachart Bank","@type":"node","@id":3286552786},"geometry":{"type":"Point","coordinates":[100.5805484,13.7275434]}},{"type":"Feature","id":3286552787,"properties":{"amenity":"bank","atm":"yes","name":"Thanachart Bank","wheelchair":"no","@type":"node","@id":3286552787},"geometry":{"type":"Point","coordinates":[100.5813025,13.7305682]}},{"type":"Feature","id":3301457996,"properties":{"addr:housenumber":"8","addr:postcode":"10110","addr:province":"กรุงเทพมหานคร","addr:street":"Sukhumvit Soi 63 (Ekkamai), The Horizon 8150","amenity":"bank","atm":"yes","branch":"Horizon Ekkamai","brand":"ธนาคารกรุงเทพ","brand:en":"Bangkok Bank","brand:th":"ธนาคารกรุงเทพ","brand:wikidata":"Q806483","name":"ธนาคารกรุงเทพ","name:en":"Bangkok Bank","name:th":"ธนาคารกรุงเทพ","opening_hours":"Mo-Fr 10:00-19:00","phone":"66-2381-4740","@type":"node","@id":3301457996},"geometry":{"type":"Point","coordinates":[100.584801,13.7211338]}},{"type":"Feature","id":3301457997,"properties":{"amenity":"bank","brand":"ธนาคารกรุงเทพ","brand:en":"Bangkok Bank","brand:th":"ธนาคารกรุงเทพ","brand:wikidata":"Q806483","name":"ธนาคารกรุงเทพ","name:en":"Bangkok Bank","name:th":"ธนาคารกรุงเทพ","opening_hours":"Mo-Fr 07:30-15:00","@type":"node","@id":3301457997},"geometry":{"type":"Point","coordinates":[100.5844351,13.7236745]}},{"type":"Feature","id":3302160163,"properties":{"amenity":"bank","atm":"yes","name":"CIMB Thai Bank","@type":"node","@id":3302160163},"geometry":{"type":"Point","coordinates":[100.5855379,13.7266823]}},{"type":"Feature","id":3302160165,"properties":{"amenity":"bank","atm":"yes","brand":"ธนาคารกสิกรไทย","brand:en":"Kasikornbank","brand:th":"ธนาคารกสิกรไทย","brand:wikidata":"Q276557","name":"ธนาคารกสิกรไทย","name:en":"Kasikornbank","name:th":"ธนาคารกสิกรไทย","@type":"node","@id":3302160165},"geometry":{"type":"Point","coordinates":[100.5851856,13.7260075]}},{"type":"Feature","id":3302160168,"properties":{"amenity":"bank","atm":"yes","name":"Thanachart Bank","@type":"node","@id":3302160168},"geometry":{"type":"Point","coordinates":[100.585591,13.7274092]}},{"type":"Feature","id":3302604502,"properties":{"amenity":"bank","atm":"yes","name":"AEON","@type":"node","@id":3302604502},"geometry":{"type":"Point","coordinates":[100.597157,13.7188917]}},{"type":"Feature","id":3304690910,"properties":{"amenity":"bank","atm":"yes","brand":"ธนาคารกสิกรไทย","brand:en":"Kasikornbank","brand:th":"ธนาคารกสิกรไทย","brand:wikidata":"Q276557","name":"ธนาคารกสิกรไทย","name:en":"Kasikornbank","name:th":"ธนาคารกสิกรไทย","@type":"node","@id":3304690910},"geometry":{"type":"Point","coordinates":[100.5847894,13.7397914]}},{"type":"Feature","id":3304690915,"properties":{"amenity":"bank","atm":"yes","brand":"ธนาคารไทยพาณิชย์","brand:en":"Siam Commercial Bank","brand:th":"ธนาคารไทยพาณิชย์","brand:wikidata":"Q2038986","name":"ธนาคารไทยพาณิชย์","name:en":"Siam Commercial Bank","name:th":"ธนาคารไทยพาณิชย์","wheelchair":"no","@type":"node","@id":3304690915},"geometry":{"type":"Point","coordinates":[100.5826487,13.7345222]}},{"type":"Feature","id":3304690916,"properties":{"amenity":"bank","atm":"yes","name":"Thanachart Bank","@type":"node","@id":3304690916},"geometry":{"type":"Point","coordinates":[100.5828104,13.7349722]}},{"type":"Feature","id":3304690917,"properties":{"amenity":"bank","atm":"yes","name":"Thanachart Bank","@type":"node","@id":3304690917},"geometry":{"type":"Point","coordinates":[100.5839871,13.7376985]}},{"type":"Feature","id":3311383961,"properties":{"amenity":"bank","name":"SCB","@type":"node","@id":3311383961},"geometry":{"type":"Point","coordinates":[100.6031589,14.071864]}},{"type":"Feature","id":3311620565,"properties":{"amenity":"bank","name":"SCB","@type":"node","@id":3311620565},"geometry":{"type":"Point","coordinates":[100.6154647,14.0741977]}},{"type":"Feature","id":3320140547,"properties":{"amenity":"atm","brand":"ธนาคารทหารไทย","brand:en":"TMBThanachart Bank","brand:th":"ธนาคารทหารไทย","brand:wikidata":"Q1527826","name":"ธนาคารทหารไทย","name:en":"TMBThanachart Bank","name:th":"ธนาคารทหารไทย","operator":"ธนาคารทหารไทย","operator:wikidata":"Q1527826","short_name":"ttb","@type":"node","@id":3320140547},"geometry":{"type":"Point","coordinates":[100.6138821,13.6844631]}},{"type":"Feature","id":3320140878,"properties":{"amenity":"atm","name":"Krungsri Bank","operator":"Krungsri Bank","@type":"node","@id":3320140878},"geometry":{"type":"Point","coordinates":[100.614078,13.6844756]}},{"type":"Feature","id":3320141497,"properties":{"amenity":"bank","atm":"yes","name":"Thanachart Bank","operator":"Thanachart Bank","@type":"node","@id":3320141497},"geometry":{"type":"Point","coordinates":[100.5737213,13.7278169]}},{"type":"Feature","id":3326607301,"properties":{"amenity":"bank","atm":"yes","name":"Bank of Ayudhya","@type":"node","@id":3326607301},"geometry":{"type":"Point","coordinates":[100.5807215,13.7291885]}},{"type":"Feature","id":3328570884,"properties":{"amenity":"atm","operator":"ธนาคารกรุงเทพ","@type":"node","@id":3328570884},"geometry":{"type":"Point","coordinates":[100.385075,13.6630849]}},{"type":"Feature","id":3332709430,"properties":{"alt_name:en":"Krungsri","amenity":"bank","atm":"yes","brand":"กรุงศรี","brand:en":"Bank of Ayudhya","brand:th":"กรุงศรี","brand:wikidata":"Q782537","name":"กรุงศรี","name:en":"Bank of Ayudhya","name:th":"กรุงศรี","@type":"node","@id":3332709430},"geometry":{"type":"Point","coordinates":[100.5889078,13.7390563]}},{"type":"Feature","id":3332709432,"properties":{"amenity":"bank","atm":"yes","name":"Thanachart Bank","@type":"node","@id":3332709432},"geometry":{"type":"Point","coordinates":[100.589254,13.7390374]}},{"type":"Feature","id":3339710488,"properties":{"amenity":"atm","name":"SCB","@type":"node","@id":3339710488},"geometry":{"type":"Point","coordinates":[100.5318595,13.7052808]}},{"type":"Feature","id":3393053704,"properties":{"amenity":"bank","atm":"yes","brand":"ธนาคารกรุงเทพ","brand:en":"Bangkok Bank","brand:th":"ธนาคารกรุงเทพ","brand:wikidata":"Q806483","level":"0","name":"ธนาคารกรุงเทพ","name:en":"Bangkok Bank","name:th":"ธนาคารกรุงเทพ","@type":"node","@id":3393053704},"geometry":{"type":"Point","coordinates":[100.5617784,13.7417708]}},{"type":"Feature","id":3393053708,"properties":{"alt_name":"ธนาคารกรุงศรีอยุธยา","alt_name:en":"Bank of Ayudhya","amenity":"bank","atm":"yes","brand":"กรุงศรี","brand:en":"Krungsri","brand:th":"กรุงศรี","level":"0","name":"กรุงศรี","name:en":"Krungsri","name:th":"กรุงศรี","@type":"node","@id":3393053708},"geometry":{"type":"Point","coordinates":[100.5617302,13.7415158]}},{"type":"Feature","id":3393053711,"properties":{"amenity":"bank","atm":"yes","brand":"ธนาคารทหารไทย","brand:en":"TMBThanachart Bank","brand:th":"ธนาคารทหารไทย","brand:wikidata":"Q1527826","level":"3","name":"ธนาคารทหารไทย","name:en":"TMBThanachart Bank","name:th":"ธนาคารทหารไทย","opening_hours":"Mo-Fr 08:30-16:30","short_name":"ttb","@type":"node","@id":3393053711},"geometry":{"type":"Point","coordinates":[100.56202,13.7435942]}},{"type":"Feature","id":3393178151,"properties":{"amenity":"bank","atm":"yes","brand":"ธนาคารอิสลามแห่งประเทศไทย","brand:en":"Islamic Bank of Thailand","brand:th":"ธนาคารอิสลามแห่งประเทศไทย","name":"ธนาคารอิสลามแห่งประเทศไทย","name:en":"Islamic Bank of Thailand","name:th":"ธนาคารอิสลามแห่งประเทศไทย","@type":"node","@id":3393178151},"geometry":{"type":"Point","coordinates":[100.5626975,13.7453209]}},{"type":"Feature","id":3393178155,"properties":{"amenity":"bank","atm":"yes","brand":"ธนาคารธนชาต","brand:en":"Thanachart Bank","brand:th":"ธนาคารธนชาต","name":"ธนาคารธนชาต","name:en":"Thanachart Bank","name:th":"ธนาคารธนชาต","@type":"node","@id":3393178155},"geometry":{"type":"Point","coordinates":[100.5625319,13.7439356]}},{"type":"Feature","id":3397822151,"properties":{"amenity":"atm","brand":"ธนาคารทหารไทย","brand:en":"TMBThanachart Bank","brand:th":"ธนาคารทหารไทย","brand:wikidata":"Q1527826","name":"TMB","name:en":"TMBThanachart Bank","name:th":"ธนาคารทหารไทย","operator":"ธนาคารทหารไทย","operator:wikidata":"Q1527826","short_name":"ttb","@type":"node","@id":3397822151},"geometry":{"type":"Point","coordinates":[100.6838097,13.9212893]}},{"type":"Feature","id":3397825614,"properties":{"amenity":"atm","brand":"ธนาคารออมสิน","brand:en":"Government Savings Bank","brand:th":"ธนาคารออมสิน","brand:wikidata":"Q6579041","name":"ธนาคารออมสิน","name:en":"Omsin","name:th":"ธนาคารออมสิน","operator":"ธนาคารออมสิน","operator:wikidata":"Q6579041","@type":"node","@id":3397825614},"geometry":{"type":"Point","coordinates":[100.6848014,13.9216045]}},{"type":"Feature","id":3399357066,"properties":{"amenity":"atm","operator":"ธนาคารทหารไทย","@type":"node","@id":3399357066},"geometry":{"type":"Point","coordinates":[100.3851953,13.6742218]}},{"type":"Feature","id":3399373984,"properties":{"amenity":"atm","@type":"node","@id":3399373984},"geometry":{"type":"Point","coordinates":[100.3847623,13.6774743]}},{"type":"Feature","id":3399398497,"properties":{"amenity":"atm","operator":"ธนาคารกรุงไทย","@type":"node","@id":3399398497},"geometry":{"type":"Point","coordinates":[100.383722,13.6802044]}},{"type":"Feature","id":3405419246,"properties":{"amenity":"atm","name":"AEON","@type":"node","@id":3405419246},"geometry":{"type":"Point","coordinates":[100.7151859,13.9345169]}},{"type":"Feature","id":3405450593,"properties":{"amenity":"bank","atm":"yes","name":"SCM","@type":"node","@id":3405450593},"geometry":{"type":"Point","coordinates":[100.7151859,13.9346288]}},{"type":"Feature","id":3445233848,"properties":{"amenity":"bank","brand":"ธนาคารกสิกรไทย","brand:en":"Kasikornbank","brand:th":"ธนาคารกสิกรไทย","brand:wikidata":"Q276557","name":"ธนาคารกสิกรไทย","name:en":"Kasikornbank","name:th":"ธนาคารกสิกรไทย","@type":"node","@id":3445233848},"geometry":{"type":"Point","coordinates":[100.5532567,13.7430038]}},{"type":"Feature","id":3450904635,"properties":{"amenity":"bank","brand":"ธนาคารกรุงไทย","brand:en":"Krung Thai Bank","brand:th":"ธนาคารกรุงไทย","brand:wikidata":"Q962865","name":"ธนาคารกรุงไทย","name:en":"Krung Thai Bank","name:th":"ธนาคารกรุงไทย","@type":"node","@id":3450904635},"geometry":{"type":"Point","coordinates":[100.500876,13.7121037]}},{"type":"Feature","id":3450927504,"properties":{"amenity":"bank","name":"K Bank","@type":"node","@id":3450927504},"geometry":{"type":"Point","coordinates":[100.4988611,13.7112391]}},{"type":"Feature","id":3450932596,"properties":{"amenity":"bank","name":"Thanachart Bank","@type":"node","@id":3450932596},"geometry":{"type":"Point","coordinates":[100.499913,13.7117384]}},{"type":"Feature","id":3450946366,"properties":{"amenity":"bank","name":"Krungsri Bank","@type":"node","@id":3450946366},"geometry":{"type":"Point","coordinates":[100.5024025,13.7123851]}},{"type":"Feature","id":3450946397,"properties":{"amenity":"bank","name":"ธนาคารออมสิน","@type":"node","@id":3450946397},"geometry":{"type":"Point","coordinates":[100.5042349,13.7139006]}},{"type":"Feature","id":3450946726,"properties":{"amenity":"bank","name":"Thanachart Bank","@type":"node","@id":3450946726},"geometry":{"type":"Point","coordinates":[100.5038265,13.713575]}},{"type":"Feature","id":3450959998,"properties":{"amenity":"bank","name":"ธนาคารไทยพาณิชย์","@type":"node","@id":3450959998},"geometry":{"type":"Point","coordinates":[100.5061001,13.716079]}},{"type":"Feature","id":3452525931,"properties":{"amenity":"bank","name":"Krungsri Bank","@type":"node","@id":3452525931},"geometry":{"type":"Point","coordinates":[100.5083705,13.7187643]}},{"type":"Feature","id":3454340649,"properties":{"amenity":"bank","name":"Kasikorn Bank","wheelchair":"yes","@type":"node","@id":3454340649},"geometry":{"type":"Point","coordinates":[100.5673265,13.7323628]}},{"type":"Feature","id":3454340655,"properties":{"amenity":"bank","name":"Krungthai Bank","wheelchair":"yes","@type":"node","@id":3454340655},"geometry":{"type":"Point","coordinates":[100.5672447,13.7324346]}},{"type":"Feature","id":3454340657,"properties":{"alt_name:en":"Krungsri","amenity":"bank","brand":"กรุงศรี","brand:en":"Bank of Ayudhya","brand:th":"กรุงศรี","brand:wikidata":"Q782537","name":"กรุงศรี","name:en":"Bank of Ayudhya","name:th":"กรุงศรี","wheelchair":"no","@type":"node","@id":3454340657},"geometry":{"type":"Point","coordinates":[100.5680183,13.7318446]}},{"type":"Feature","id":3455634361,"properties":{"amenity":"bank","brand":"Siam Commercial Bank","brand:wikidata":"Q2038986","name":"Siam Commercial Bank","@type":"node","@id":3455634361},"geometry":{"type":"Point","coordinates":[100.5663712,13.7329826]}},{"type":"Feature","id":3457302209,"properties":{"amenity":"atm","@type":"node","@id":3457302209},"geometry":{"type":"Point","coordinates":[100.5754082,13.7270142]}},{"type":"Feature","id":3466598463,"properties":{"amenity":"bank","atm":"yes","name":"Bank of Agriculture","@type":"node","@id":3466598463},"geometry":{"type":"Point","coordinates":[100.6852139,13.9213208]}},{"type":"Feature","id":3466602301,"properties":{"amenity":"atm","currency:THB":"yes","@type":"node","@id":3466602301},"geometry":{"type":"Point","coordinates":[100.6851213,13.9213216]}},{"type":"Feature","id":3468361041,"properties":{"amenity":"bank","name":"TMB Bank","@type":"node","@id":3468361041},"geometry":{"type":"Point","coordinates":[100.5566449,13.7444781]}},{"type":"Feature","id":3469079755,"properties":{"amenity":"bank","atm":"yes","brand":"ธนาคารกสิกรไทย","brand:en":"Kasikornbank","brand:th":"ธนาคารกสิกรไทย","brand:wikidata":"Q276557","brand:wikipedia":"en:Kasikornbank","name":"ธนาคารกสิกรไทย","name:en":"Kasikornbank","name:th":"ธนาคารกสิกรไทย","opening_hours":"Mo-Fr 09:00-16:00","@type":"node","@id":3469079755},"geometry":{"type":"Point","coordinates":[100.5566852,13.742558]}},{"type":"Feature","id":3469090861,"properties":{"amenity":"bank","atm":"yes","brand":"ธนาคารกรุงเทพ","brand:en":"Bangkok Bank","brand:th":"ธนาคารกรุงเทพ","brand:wikidata":"Q806483","name":"ธนาคารกรุงเทพ","name:en":"Bangkok Bank","name:th":"ธนาคารกรุงเทพ","@type":"node","@id":3469090861},"geometry":{"type":"Point","coordinates":[100.5565167,13.7415062]}},{"type":"Feature","id":3469397951,"properties":{"amenity":"bank","name":"Siam Commerical Bank","@type":"node","@id":3469397951},"geometry":{"type":"Point","coordinates":[100.5561341,13.74062]}},{"type":"Feature","id":3471418196,"properties":{"amenity":"bank","brand":"ธนาคารทหารไทย","brand:en":"TMBThanachart Bank","brand:th":"ธนาคารทหารไทย","brand:wikidata":"Q1527826","name":"ธนาคารทหารไทย","name:en":"TMBThanachart Bank","name:th":"ธนาคารทหารไทย","short_name":"ttb","@type":"node","@id":3471418196},"geometry":{"type":"Point","coordinates":[100.528271,13.7287757]}},{"type":"Feature","id":3471430885,"properties":{"amenity":"bank","brand":"ธนาคารกสิกรไทย","brand:en":"Kasikornbank","brand:th":"ธนาคารกสิกรไทย","brand:wikidata":"Q276557","name":"ธนาคารกสิกรไทย","name:en":"Kasikornbank","name:th":"ธนาคารกสิกรไทย","@type":"node","@id":3471430885},"geometry":{"type":"Point","coordinates":[100.5312056,13.7296901]}},{"type":"Feature","id":3471433922,"properties":{"amenity":"bank","brand":"ธนาคารกรุงไทย","brand:en":"Krung Thai Bank","brand:th":"ธนาคารกรุงไทย","brand:wikidata":"Q962865","name":"ธนาคารกรุงไทย","name:en":"Krung Thai Bank","name:th":"ธนาคารกรุงไทย","@type":"node","@id":3471433922},"geometry":{"type":"Point","coordinates":[100.5314507,13.7297591]}},{"type":"Feature","id":3471464675,"properties":{"amenity":"bank","name":"Kasikorn Bank","@type":"node","@id":3471464675},"geometry":{"type":"Point","coordinates":[100.5320702,13.7302281]}},{"type":"Feature","id":3471478031,"properties":{"amenity":"bank","brand":"ธนาคารกรุงเทพ","brand:en":"Bangkok Bank","brand:th":"ธนาคารกรุงเทพ","brand:wikidata":"Q806483","name":"ธนาคารกรุงเทพ","name:en":"Bangkok Bank","name:th":"ธนาคารกรุงเทพ","@type":"node","@id":3471478031},"geometry":{"type":"Point","coordinates":[100.533009,13.7302646]}},{"type":"Feature","id":3471478034,"properties":{"amenity":"bank","name":"CIMB Thai Bank","@type":"node","@id":3471478034},"geometry":{"type":"Point","coordinates":[100.532309,13.7300171]}},{"type":"Feature","id":3474856688,"properties":{"amenity":"bank","brand":"ธนาคารไทยพาณิชย์","brand:en":"Siam Commercial Bank","brand:th":"ธนาคารไทยพาณิชย์","brand:wikidata":"Q2038986","name":"ธนาคารไทยพาณิชย์","name:en":"Siam Commercial Bank","name:th":"ธนาคารไทยพาณิชย์","@type":"node","@id":3474856688},"geometry":{"type":"Point","coordinates":[100.5721164,13.7424009]}},{"type":"Feature","id":3474856691,"properties":{"amenity":"bank","brand":"ธนาคารกรุงเทพ","brand:en":"Bangkok Bank","brand:th":"ธนาคารกรุงเทพ","brand:wikidata":"Q806483","name":"ธนาคารกรุงเทพ","name:en":"Bangkok Bank","name:th":"ธนาคารกรุงเทพ","@type":"node","@id":3474856691},"geometry":{"type":"Point","coordinates":[100.5720008,13.7424059]}},{"type":"Feature","id":3474975651,"properties":{"amenity":"bank","brand":"ธนาคารกสิกรไทย","brand:en":"Kasikornbank","brand:th":"ธนาคารกสิกรไทย","brand:wikidata":"Q276557","name":"ธนาคารกสิกรไทย","name:en":"Kasikornbank","name:th":"ธนาคารกสิกรไทย","@type":"node","@id":3474975651},"geometry":{"type":"Point","coordinates":[100.5739456,13.7468509]}},{"type":"Feature","id":3476138222,"properties":{"amenity":"bank","check_date":"2023-12-30","name":"UOB Bank","wheelchair":"no","@type":"node","@id":3476138222},"geometry":{"type":"Point","coordinates":[100.5632718,13.735201]}},{"type":"Feature","id":3476214642,"properties":{"amenity":"atm","operator":"ธนาคารทหารไทย","@type":"node","@id":3476214642},"geometry":{"type":"Point","coordinates":[100.3999152,13.7099109]}},{"type":"Feature","id":3478183326,"properties":{"addr:city":"บางแค","addr:housenumber":"1339","addr:postcode":"10160","addr:street":"ถนนเพชรเกษม","amenity":"bank","atm":"yes","name":"ธนาคารกสิกรไทย สาขาเพชรเกษม 51","opening_hours":"8.30-15.30 น.","operator":"ธนาคารกสิกรไทย","@type":"node","@id":3478183326},"geometry":{"type":"Point","coordinates":[100.3996197,13.7098025]}},{"type":"Feature","id":3478532380,"properties":{"addr:city":"บางแค","addr:housenumber":"1433, 1435","addr:postcode":"10160","addr:street":"ถนนเพชรเกษม","amenity":"bank","atm":"yes","name":"ธนาคารกรุงศรีอยุธยา สาขาถนนเพชรเกษม 55","opening_hours":"จันทร์ - ศุกร์ 8.30-15.30","operator":"ธนาคารกรุงศรีอยุธยา","@type":"node","@id":3478532380},"geometry":{"type":"Point","coordinates":[100.3949922,13.7094126]}},{"type":"Feature","id":3479102798,"properties":{"alt_name":"ธนาคารกรุงศรีอยุธยา","alt_name:en":"Bank of Ayudhya","amenity":"bank","atm":"yes","brand":"กรุงศรี","brand:en":"Krungsri","brand:th":"กรุงศรี","name":"กรุงศรี","name:en":"Krungsri","name:th":"กรุงศรี","@type":"node","@id":3479102798},"geometry":{"type":"Point","coordinates":[100.5586332,13.7384928]}},{"type":"Feature","id":3479102801,"properties":{"amenity":"bank","atm":"yes","brand":"ธนาคารกสิกรไทย","brand:en":"Kasikornbank","brand:th":"ธนาคารกสิกรไทย","brand:wikidata":"Q276557","name":"ธนาคารกสิกรไทย","name:en":"Kasikornbank","name:th":"ธนาคารกสิกรไทย","opening_hours":"Mo-Fr 09:00-16:00","@type":"node","@id":3479102801},"geometry":{"type":"Point","coordinates":[100.5583486,13.7386649]}},{"type":"Feature","id":3480407141,"properties":{"amenity":"atm","brand":"ธนาคารออมสิน","brand:en":"Government Savings Bank","brand:th":"ธนาคารออมสิน","brand:wikidata":"Q6579041","name:en":"Government Savings Bank","name:th":"ธนาคารออมสิน","operator":"ธนาคารออมสิน","operator:wikidata":"Q6579041","@type":"node","@id":3480407141},"geometry":{"type":"Point","coordinates":[100.3947787,13.7094717]}},{"type":"Feature","id":3480407143,"properties":{"amenity":"atm","@type":"node","@id":3480407143},"geometry":{"type":"Point","coordinates":[100.3946996,13.7094587]}},{"type":"Feature","id":3480417147,"properties":{"amenity":"atm","@type":"node","@id":3480417147},"geometry":{"type":"Point","coordinates":[100.3941189,13.7094248]}},{"type":"Feature","id":3484744678,"properties":{"amenity":"bank","brand":"ธนาคารไทยพาณิชย์","brand:en":"Siam Commercial Bank","brand:th":"ธนาคารไทยพาณิชย์","brand:wikidata":"Q2038986","brand:wikipedia":"en:Siam Commercial Bank","name":"ธนาคารไทยพาณิชย์","name:en":"Siam Commercial Bank","name:th":"ธนาคารไทยพาณิชย์","@type":"node","@id":3484744678},"geometry":{"type":"Point","coordinates":[100.5455799,13.7356539]}},{"type":"Feature","id":3491731098,"properties":{"amenity":"atm","@type":"node","@id":3491731098},"geometry":{"type":"Point","coordinates":[100.532774,13.7526719]}},{"type":"Feature","id":3500010486,"properties":{"amenity":"bank","atm":"yes","brand":"ICBC","brand:wikidata":"Q26463","name":"ICBC","name:zh":"工银泰国 (沙通分行)","@type":"node","@id":3500010486},"geometry":{"type":"Point","coordinates":[100.5408978,13.7247075]}},{"type":"Feature","id":3500010490,"properties":{"amenity":"bank","atm":"yes","name":"LH Bank","@type":"node","@id":3500010490},"geometry":{"type":"Point","coordinates":[100.5417205,13.7249295]}},{"type":"Feature","id":3500010491,"properties":{"amenity":"bank","atm":"yes","name":"ธนาคารแลนด์ แอนด์ เฮ้าส์","name:en":"Land and House Bank","name:th":"ธนาคารแลนด์ แอนด์ เฮ้าส์","@type":"node","@id":3500010491},"geometry":{"type":"Point","coordinates":[100.5439142,13.7252469]}},{"type":"Feature","id":3529871880,"properties":{"amenity":"bank","atm":"yes","brand":"ธนาคารไทยพาณิชย์","brand:en":"Siam Commercial Bank","brand:th":"ธนาคารไทยพาณิชย์","brand:wikidata":"Q2038986","brand:wikipedia":"en:Siam Commercial Bank","drive_through":"no","name":"ธนาคารไทยพาณิชย์","name:en":"Siam Commercial Bank","name:th":"ธนาคารไทยพาณิชย์","@type":"node","@id":3529871880},"geometry":{"type":"Point","coordinates":[100.5337903,13.7667344]}},{"type":"Feature","id":3605767548,"properties":{"amenity":"bank","atm":"yes","branch":"เทเวศร์","brand":"ธนาคารทหารไทย","brand:en":"TMBThanachart Bank","brand:th":"ธนาคารทหารไทย","brand:wikidata":"Q1527826","name":"ธนาคารทหารไทย","name:en":"TMBThanachart Bank","name:th":"ธนาคารทหารไทย","opening_hours":"Mo-Fr 08:30-15:30;PH closed","short_name":"ttb","short_name:en":"TMB","@type":"node","@id":3605767548},"geometry":{"type":"Point","coordinates":[100.5041678,13.7698967]}},{"type":"Feature","id":3605767550,"properties":{"amenity":"atm","@type":"node","@id":3605767550},"geometry":{"type":"Point","coordinates":[100.5042438,13.7704174]}},{"type":"Feature","id":3623101913,"properties":{"amenity":"atm","brand":"ธนาคารกรุงไทย","brand:en":"Krung Thai Bank","brand:th":"ธนาคารกรุงไทย","brand:wikidata":"Q962865","name:en":"Krung Thai Bank","name:th":"ธนาคารกรุงไทย","operator":"ธนาคารกรุงไทย","operator:wikidata":"Q962865","@type":"node","@id":3623101913},"geometry":{"type":"Point","coordinates":[100.3902175,13.7091105]}},{"type":"Feature","id":3623101914,"properties":{"amenity":"atm","brand":"ธนาคารกสิกรไทย","brand:en":"Kasikornbank","brand:th":"ธนาคารกสิกรไทย","brand:wikidata":"Q276557","name:en":"Kasikornbank","name:th":"ธนาคารกสิกรไทย","operator":"ธนาคารกสิกรไทย","operator:wikidata":"Q276557","@type":"node","@id":3623101914},"geometry":{"type":"Point","coordinates":[100.3902338,13.709116]}},{"type":"Feature","id":3623160781,"properties":{"amenity":"bank","atm":"yes","branch":"สาขาเพชรเกษม ซอย 63 2","brand":"ธนาคารกรุงเทพ","brand:en":"Bangkok Bank","brand:th":"ธนาคารกรุงเทพ","brand:wikidata":"Q806483","name":"ธนาคารกรุงเทพ","name:en":"Bangkok Bank","name:th":"ธนาคารกรุงเทพ","@type":"node","@id":3623160781},"geometry":{"type":"Point","coordinates":[100.3872231,13.7088104]}},{"type":"Feature","id":3646884016,"properties":{"addr:city":"บางแค","addr:housenumber":"601/12-13, 601/41-42","addr:postcode":"10160","addr:street":"ถนนเพชรเกษม","amenity":"bank","atm":"yes","branch":"สาขาเพชรเกษม 65 1 (บางแคเหนือ)","brand":"ธนาคารกรุงไทย","brand:en":"Krung Thai Bank","brand:th":"ธนาคารกรุงไทย","brand:wikidata":"Q962865","name":"ธนาคารกรุงไทย","name:en":"Krung Thai Bank","name:th":"ธนาคารกรุงไทย","opening_hours":"08:30-16:30","operator":"ธนาคารกรุงไทย","@type":"node","@id":3646884016},"geometry":{"type":"Point","coordinates":[100.3830742,13.7083847]}},{"type":"Feature","id":3646885757,"properties":{"amenity":"atm","brand":"ธนาคารกสิกรไทย","brand:en":"Kasikornbank","brand:th":"ธนาคารกสิกรไทย","brand:wikidata":"Q276557","name:en":"Kasikornbank","name:th":"ธนาคารกสิกรไทย","operator":"ธนาคารกสิกรไทย","operator:wikidata":"Q276557","@type":"node","@id":3646885757},"geometry":{"type":"Point","coordinates":[100.3830095,13.7084383]}},{"type":"Feature","id":3646885767,"properties":{"amenity":"atm","brand":"ธนาคารกรุงเทพ","brand:en":"Bangkok Bank","brand:th":"ธนาคารกรุงเทพ","brand:wikidata":"Q806483","name:en":"Bangkok Bank","name:th":"ธนาคารกรุงเทพ","operator":"ธนาคารกรุงเทพ","operator:wikidata":"Q806483","@type":"node","@id":3646885767},"geometry":{"type":"Point","coordinates":[100.3829643,13.7084333]}},{"type":"Feature","id":3667984693,"properties":{"amenity":"atm","name":"กรุงเทพ","@type":"node","@id":3667984693},"geometry":{"type":"Point","coordinates":[100.5743182,13.5775841]}},{"type":"Feature","id":3667984799,"properties":{"amenity":"atm","name":"ไทยพาณิชย์","@type":"node","@id":3667984799},"geometry":{"type":"Point","coordinates":[100.5745583,13.5770182]}},{"type":"Feature","id":3667985273,"properties":{"amenity":"atm","name":"กสิกรไทย","@type":"node","@id":3667985273},"geometry":{"type":"Point","coordinates":[100.5743291,13.5776053]}},{"type":"Feature","id":3667985879,"properties":{"amenity":"atm","name":"กสิกรไทย","@type":"node","@id":3667985879},"geometry":{"type":"Point","coordinates":[100.5745765,13.5770606]}},{"type":"Feature","id":3667994276,"properties":{"amenity":"bank","atm":"yes","name":"ธนาคารทหารไทย","@type":"node","@id":3667994276},"geometry":{"type":"Point","coordinates":[100.580083,13.5938202]}},{"type":"Feature","id":3667997571,"properties":{"amenity":"bank","atm":"yes","name":"ธนาคารกสิกรไทย","@type":"node","@id":3667997571},"geometry":{"type":"Point","coordinates":[100.5794203,13.5946984]}},{"type":"Feature","id":3683715400,"properties":{"amenity":"atm","drive_through":"no","operator":"SCB Bank","@type":"node","@id":3683715400},"geometry":{"type":"Point","coordinates":[100.6137583,14.0784671]}},{"type":"Feature","id":3684866851,"properties":{"amenity":"atm","@type":"node","@id":3684866851},"geometry":{"type":"Point","coordinates":[100.48945,13.7564607]}},{"type":"Feature","id":3684866852,"properties":{"amenity":"bank","brand":"ธนาคารทหารไทย","brand:en":"TMBThanachart Bank","brand:th":"ธนาคารทหารไทย","brand:wikidata":"Q1527826","name":"ธนาคารทหารไทย","name:en":"TMBThanachart Bank","name:th":"ธนาคารทหารไทย","short_name":"ttb","@type":"node","@id":3684866852},"geometry":{"type":"Point","coordinates":[100.489423,13.7564643]}},{"type":"Feature","id":3707008805,"properties":{"addr:street":"ถนนรัชดาภิเษก","amenity":"bank","atm":"yes","branch":"สาขา​รัชดาภิเษก​15","brand":"ธนาคารกสิกรไทย","brand:en":"Kasikornbank","brand:th":"ธนาคารกสิกรไทย","brand:wikidata":"Q276557","name":"ธนาคารกสิกรไทย","name:en":"Kasikornbank","name:th":"ธนาคารกสิกรไทย","opening_hours":"Mo-Fr 08:30-15:30","@type":"node","@id":3707008805},"geometry":{"type":"Point","coordinates":[100.5734821,13.7835374]}},{"type":"Feature","id":3707650132,"properties":{"amenity":"atm","brand":"Kasikorn Bank","drive_through":"no","opening_hours":"24/7","operator":"Kasikorn Bank","@type":"node","@id":3707650132},"geometry":{"type":"Point","coordinates":[100.6110415,14.0774548]}},{"type":"Feature","id":3707650458,"properties":{"amenity":"atm","brand":"Krungthai Bank","drive_through":"no","opening_hours":"24/7","operator":"Krungthai Bank","@type":"node","@id":3707650458},"geometry":{"type":"Point","coordinates":[100.6110247,14.0774549]}},{"type":"Feature","id":3718445432,"properties":{"amenity":"bank","atm":"yes","name":"CIMB Thai Bank","@type":"node","@id":3718445432},"geometry":{"type":"Point","coordinates":[100.5670145,13.7833356]}},{"type":"Feature","id":3724246385,"properties":{"amenity":"atm","brand":"SCB","@type":"node","@id":3724246385},"geometry":{"type":"Point","coordinates":[100.5678911,13.7854421]}},{"type":"Feature","id":3733857062,"properties":{"addr:city":"บางแค","addr:housenumber":"1759/6","addr:postcode":"10160","addr:street":"ถนนเพชรเกษม","amenity":"bank","atm":"yes","branch":"สาขาเพชรเกษม พาวเวอร์ เซ็นเตอร์","brand":"ธนาคารทหารไทย","brand:en":"TMBThanachart Bank","brand:th":"ธนาคารทหารไทย","brand:wikidata":"Q1527826","name":"ธนาคารทหารไทย","name:en":"TMBThanachart Bank","name:th":"ธนาคารทหารไทย","operator":"ธนาคารทหารไทย","short_name":"ttb","@type":"node","@id":3733857062},"geometry":{"type":"Point","coordinates":[100.3813709,13.7080729]}},{"type":"Feature","id":3768366114,"properties":{"amenity":"atm","operator":"Krungsri","@type":"node","@id":3768366114},"geometry":{"type":"Point","coordinates":[100.5842148,13.7234475]}},{"type":"Feature","id":3794543502,"properties":{"amenity":"atm","@type":"node","@id":3794543502},"geometry":{"type":"Point","coordinates":[100.5578745,13.7390517]}},{"type":"Feature","id":3800240717,"properties":{"amenity":"atm","brand":"ธนาคารกสิกรไทย","brand:en":"Kasikornbank","brand:th":"ธนาคารกสิกรไทย","brand:wikidata":"Q276557","name:en":"Kasikornbank","name:th":"ธนาคารกสิกรไทย","operator":"ธนาคารกสิกรไทย","operator:wikidata":"Q276557","@type":"node","@id":3800240717},"geometry":{"type":"Point","coordinates":[100.3751601,13.7048311]}},{"type":"Feature","id":3800252743,"properties":{"addr:city":"บางแค","addr:housenumber":"1797","addr:postcode":"10160","addr:street":"ถนนเพชรเกษม","amenity":"bank","atm":"yes","branch":"สาขาหมู่บ้านเศรษฐกิจ","brand":"ธนาคารออมสิน","brand:en":"Government Savings Bank","brand:th":"ธนาคารออมสิน","brand:wikidata":"Q6579041","name":"ธนาคารออมสิน","name:en":"Government Savings Bank","name:th":"ธนาคารออมสิน","operator":"ธนาคารออมสิน","@type":"node","@id":3800252743},"geometry":{"type":"Point","coordinates":[100.3793125,13.7080382]}},{"type":"Feature","id":3800277907,"properties":{"amenity":"atm","operator":"ธนาคารซีไอเอ็มบีไทย","@type":"node","@id":3800277907},"geometry":{"type":"Point","coordinates":[100.3751159,13.7049275]}},{"type":"Feature","id":3800305450,"properties":{"amenity":"bank","atm":"yes","name":"ธนาคารธนชาต สาขาเพชรเกษม 69","operator":"ธนาคารธนชาต","@type":"node","@id":3800305450},"geometry":{"type":"Point","coordinates":[100.3752194,13.7077565]}},{"type":"Feature","id":3801776826,"properties":{"amenity":"bank","name":"SCB","@type":"node","@id":3801776826},"geometry":{"type":"Point","coordinates":[100.6442874,13.9675864]}},{"type":"Feature","id":3835671825,"properties":{"amenity":"atm","operator":"TMB","@type":"node","@id":3835671825},"geometry":{"type":"Point","coordinates":[100.5176187,13.7375694]}},{"type":"Feature","id":3836982939,"properties":{"amenity":"bank","atm":"yes","brand":"ธนาคารกรุงเทพ","brand:en":"Bangkok Bank","brand:th":"ธนาคารกรุงเทพ","brand:wikidata":"Q806483","name":"ธนาคารกรุงเทพ","name:en":"Bangkok Bank","name:th":"ธนาคารกรุงเทพ","@type":"node","@id":3836982939},"geometry":{"type":"Point","coordinates":[100.5459145,13.7441652]}},{"type":"Feature","id":3836982947,"properties":{"amenity":"bank","atm":"yes","brand":"ธนาคารกสิกรไทย","brand:en":"Kasikorn Bank","brand:th":"ธนาคารกสิกรไทย","check_date":"2023-09-23","name":"ธนาคารกสิกรไทย","name:en":"Kasikorn Bank","name:th":"ธนาคารกสิกรไทย","@type":"node","@id":3836982947},"geometry":{"type":"Point","coordinates":[100.5481635,13.7428672]}},{"type":"Feature","id":3836982956,"properties":{"amenity":"bank","atm":"yes","brand":"ธนาคารไทยพาณิชย์","brand:en":"Siam Commercial Bank","brand:th":"ธนาคารไทยพาณิชย์","brand:wikidata":"Q2038986","brand:wikipedia":"en:Siam Commercial Bank","name":"ธนาคารไทยพาณิชย์","name:en":"Siam Commercial Bank","name:th":"ธนาคารไทยพาณิชย์","@type":"node","@id":3836982956},"geometry":{"type":"Point","coordinates":[100.551338,13.7413918]}},{"type":"Feature","id":3836987257,"properties":{"amenity":"bank","atm":"yes","brand":"ธนาคารไทยพาณิชย์","brand:en":"Siam Commercial Bank","brand:th":"ธนาคารไทยพาณิชย์","brand:wikidata":"Q2038986","level":"1","name":"ธนาคารไทยพาณิชย์","name:en":"Siam Commercial Bank","name:th":"ธนาคารไทยพาณิชย์","opening_hours":"Mo-Fr 08:30-16:30; PH off","@type":"node","@id":3836987257},"geometry":{"type":"Point","coordinates":[100.5420201,13.7439609]}},{"type":"Feature","id":3836987258,"properties":{"amenity":"bank","atm":"yes","brand":"ธนาคารทหารไทย","brand:en":"TMBThanachart Bank","brand:th":"ธนาคารทหารไทย","brand:wikidata":"Q1527826","name":"ธนาคารทหารไทย","name:en":"TMBThanachart Bank","name:th":"ธนาคารทหารไทย","short_name":"ttb","@type":"node","@id":3836987258},"geometry":{"type":"Point","coordinates":[100.5398755,13.7444307]}},{"type":"Feature","id":3836987262,"properties":{"alt_name":"United Overseas Bank","amenity":"bank","atm":"yes","brand":"UOB","brand:wikidata":"Q2064074","brand:zh":"大华银行","name":"UOB","name:zh":"大华银行","@type":"node","@id":3836987262},"geometry":{"type":"Point","coordinates":[100.5412706,13.7433758]}},{"type":"Feature","id":3839364794,"properties":{"amenity":"bank","atm":"yes","brand":"AEON","level":"4","name":"AEON","@type":"node","@id":3839364794},"geometry":{"type":"Point","coordinates":[100.5386172,13.7469888]}},{"type":"Feature","id":3839364796,"properties":{"amenity":"bank","atm":"yes","brand":"ธนาคารกรุงเทพ","brand:en":"Bangkok Bank","brand:th":"ธนาคารกรุงเทพ","brand:wikidata":"Q806483","level":"4","name":"ธนาคารกรุงเทพ","name:en":"Bangkok Bank","name:th":"ธนาคารกรุงเทพ","@type":"node","@id":3839364796},"geometry":{"type":"Point","coordinates":[100.5295456,13.7442885]}},{"type":"Feature","id":3839364800,"properties":{"amenity":"bank","atm":"yes","brand":"ซีไอเอ็มบี ไทย","brand:en":"CIMB THAI","brand:th":"ซีไอเอ็มบี ไทย","level":"4","name":"ซีไอเอ็มบี ไทย","name:en":"CIMB THAI","name:th":"ซีไอเอ็มบี ไทย","@type":"node","@id":3839364800},"geometry":{"type":"Point","coordinates":[100.5295474,13.7443745]}},{"type":"Feature","id":3839364803,"properties":{"amenity":"bank","atm":"yes","brand":"ธนาคารออมสิน","brand:en":"Government Savings Bank","brand:th":"ธนาคารออมสิน","brand:wikidata":"Q6579041","level":"4","name":"ธนาคารออมสิน","name:en":"Government Savings Bank","name:th":"ธนาคารออมสิน","opening_hours":"Mo-Su 10:30-19:30","@type":"node","@id":3839364803},"geometry":{"type":"Point","coordinates":[100.5386121,13.7470633]}},{"type":"Feature","id":3839364806,"properties":{"amenity":"bank","atm":"yes","brand":"ธนาคารกสิกรไทย","brand:en":"Kasikornbank","brand:th":"ธนาคารกสิกรไทย","brand:wikidata":"Q276557","level":"4","name":"ธนาคารกสิกรไทย","name:en":"Kasikornbank","name:th":"ธนาคารกสิกรไทย","@type":"node","@id":3839364806},"geometry":{"type":"Point","coordinates":[100.5295784,13.7442318]}},{"type":"Feature","id":3839364807,"properties":{"alt_name":"ธนาคารกรุงศรีอยุธยา","alt_name:en":"Bank of Ayudhya","amenity":"bank","atm":"yes","brand":"กรุงศรี","brand:en":"Krungsri","brand:th":"กรุงศรี","level":"4","name":"กรุงศรี","name:en":"Krungsri","name:th":"กรุงศรี","@type":"node","@id":3839364807},"geometry":{"type":"Point","coordinates":[100.5295653,13.7443499]}},{"type":"Feature","id":3839364808,"properties":{"amenity":"bank","atm":"yes","brand":"ธนาคารกรุงไทย","brand:en":"Krung Thai Bank","brand:th":"ธนาคารกรุงไทย","brand:wikidata":"Q962865","level":"4","name":"ธนาคารกรุงไทย","name:en":"Krung Thai Bank","name:th":"ธนาคารกรุงไทย","@type":"node","@id":3839364808},"geometry":{"type":"Point","coordinates":[100.5295492,13.7443341]}},{"type":"Feature","id":3839364809,"properties":{"amenity":"bank","atm":"yes","brand":"ธนาคารกรุงไทย","brand:en":"Krung Thai Bank","brand:th":"ธนาคารกรุงไทย","brand:wikidata":"Q962865","level":"4","name":"ธนาคารกรุงไทย","name:en":"Krung Thai Bank","name:th":"ธนาคารกรุงไทย","@type":"node","@id":3839364809},"geometry":{"type":"Point","coordinates":[100.5386274,13.7469268]}},{"type":"Feature","id":3839364810,"properties":{"amenity":"bank","atm":"yes","level":"4","name":"LH Bank","@type":"node","@id":3839364810},"geometry":{"type":"Point","coordinates":[100.5295564,13.7442428]}},{"type":"Feature","id":3839364817,"properties":{"amenity":"bank","atm":"yes","brand":"ธนาคารไทยพาณิชย์","brand:en":"Siam Commercial Bank","brand:th":"ธนาคารไทยพาณิชย์","brand:wikidata":"Q2038986","level":"4","name":"ธนาคารไทยพาณิชย์","name:en":"Siam Commercial Bank","name:th":"ธนาคารไทยพาณิชย์","@type":"node","@id":3839364817},"geometry":{"type":"Point","coordinates":[100.5295654,13.7442645]}},{"type":"Feature","id":3839364818,"properties":{"amenity":"bank","atm":"yes","brand":"ธนาคารไทยพาณิชย์","brand:en":"Siam Commercial Bank","brand:th":"ธนาคารไทยพาณิชย์","brand:wikidata":"Q2038986","level":"2","name":"ธนาคารไทยพาณิชย์","name:en":"Siam Commercial Bank","name:th":"ธนาคารไทยพาณิชย์","@type":"node","@id":3839364818},"geometry":{"type":"Point","coordinates":[100.5300062,13.7458177]}},{"type":"Feature","id":3839364819,"properties":{"amenity":"bank","atm":"yes","brand":"ธนาคารไทยพาณิชย์","brand:en":"Siam Commercial Bank","brand:th":"ธนาคารไทยพาณิชย์","brand:wikidata":"Q2038986","level":"4","name":"ธนาคารไทยพาณิชย์","name:en":"Siam Commercial Bank","name:th":"ธนาคารไทยพาณิชย์","@type":"node","@id":3839364819},"geometry":{"type":"Point","coordinates":[100.5386376,13.7468771]}},{"type":"Feature","id":3839364822,"properties":{"amenity":"bank","atm":"yes","brand":"ธนาคารทหารไทย","brand:en":"TMBThanachart Bank","brand:th":"ธนาคารทหารไทย","brand:wikidata":"Q1527826","level":"4","name":"ธนาคารทหารไทย","name:en":"TMBThanachart Bank","name:th":"ธนาคารทหารไทย","short_name":"ttb","@type":"node","@id":3839364822},"geometry":{"type":"Point","coordinates":[100.538653,13.7467406]}},{"type":"Feature","id":3839364823,"properties":{"amenity":"bank","atm":"yes","brand":"ธนาคารธนชาต","brand:en":"Thanachart Bank","brand:th":"ธนาคารธนชาต","level":"4","name":"ธนาคารธนชาต","name:en":"Thanachart Bank","name:th":"ธนาคารธนชาต","@type":"node","@id":3839364823},"geometry":{"type":"Point","coordinates":[100.5295683,13.744308]}},{"type":"Feature","id":3839364824,"properties":{"amenity":"bank","atm":"yes","brand":"ธนาคารธนชาต","brand:en":"Thanachart Bank","brand:th":"ธนาคารธนชาต","level":"2","name":"ธนาคารธนชาต","name:en":"Thanachart Bank","name:th":"ธนาคารธนชาต","@type":"node","@id":3839364824},"geometry":{"type":"Point","coordinates":[100.5299014,13.745814]}},{"type":"Feature","id":3839364825,"properties":{"amenity":"bank","atm":"yes","brand":"ธนาคารธนชาต","brand:en":"Thanachart Bank","brand:th":"ธนาคารธนชาต","level":"4","name":"ธนาคารธนชาต","name:en":"Thanachart Bank","name:th":"ธนาคารธนชาต","@type":"node","@id":3839364825},"geometry":{"type":"Point","coordinates":[100.5386453,13.74682]}},{"type":"Feature","id":3858706146,"properties":{"amenity":"bank","atm":"yes","brand":"ธนาคารกรุงเทพ","brand:en":"Bangkok Bank","brand:th":"ธนาคารกรุงเทพ","brand:wikidata":"Q806483","level":"1","name":"ธนาคารกรุงเทพ","name:en":"Bangkok Bank","name:th":"ธนาคารกรุงเทพ","opening_hours":"Mo-Su 11:00-19:00","@type":"node","@id":3858706146},"geometry":{"type":"Point","coordinates":[100.5397726,13.7469838]}},{"type":"Feature","id":3858706154,"properties":{"amenity":"bank","atm":"yes","brand":"ธนาคารกสิกรไทย","brand:en":"Kasikornbank","brand:th":"ธนาคารกสิกรไทย","brand:wikidata":"Q276557","name":"ธนาคารกสิกรไทย","name:en":"Kasikornbank","name:th":"ธนาคารกสิกรไทย","@type":"node","@id":3858706154},"geometry":{"type":"Point","coordinates":[100.5543863,13.7410048]}},{"type":"Feature","id":3860265988,"properties":{"alt_name:en":"Land and Houses Bank","amenity":"bank","atm":"yes","brand":"LH Bank","level":"-1","name":"LH Bank","opening_hours":"PH,Mo-Su 11:00-19:00","wheelchair":"yes","@type":"node","@id":3860265988},"geometry":{"type":"Point","coordinates":[100.5606788,13.7378276]}},{"type":"Feature","id":3860265994,"properties":{"amenity":"bank","atm":"yes","brand":"ธนาคารไทยพาณิชย์","brand:en":"Siam Commercial Bank","brand:th":"ธนาคารไทยพาณิชย์","brand:wikidata":"Q2038986","level":"-1","name":"ธนาคารไทยพาณิชย์","name:en":"Siam Commercial Bank","name:th":"ธนาคารไทยพาณิชย์","opening_hours":"PH,Mo-Su 11:00-18:00","wheelchair":"yes","@type":"node","@id":3860265994},"geometry":{"type":"Point","coordinates":[100.5606399,13.7377352]}},{"type":"Feature","id":3860265998,"properties":{"amenity":"bank","atm":"yes","brand":"ธนาคารทหารไทย","brand:en":"TMB","brand:th":"ธนาคารทหารไทย","check_date:opening_hours":"2022-08-15","level":"-1","name":"ธนาคารทหารไทย","name:en":"TMB","name:th":"ธนาคารทหารไทย","opening_hours":"Mo-Su 11:00-19:30","@type":"node","@id":3860265998},"geometry":{"type":"Point","coordinates":[100.5606543,13.7377674]}},{"type":"Feature","id":3872544190,"properties":{"amenity":"bank","atm":"yes","name":"Kasikorn","@type":"node","@id":3872544190},"geometry":{"type":"Point","coordinates":[100.3296894,13.7863633]}},{"type":"Feature","id":3877985906,"properties":{"amenity":"bank","atm":"yes","brand":"ธนาคารออมสิน","brand:en":"Government Savings Bank","brand:th":"ธนาคารออมสิน","brand:wikidata":"Q6579041","name":"ธนาคารออมสิน","name:en":"Government Savings Bank","name:th":"ธนาคารออมสิน","opening_hours":"Mo-Fr 08:30-15:30","@type":"node","@id":3877985906},"geometry":{"type":"Point","coordinates":[100.560244,13.7329127]}},{"type":"Feature","id":3877985908,"properties":{"amenity":"bank","atm":"yes","brand":"ธนาคารกสิกรไทย","brand:en":"Kasikornbank","brand:th":"ธนาคารกสิกรไทย","brand:wikidata":"Q276557","level":"0","name":"ธนาคารกสิกรไทย","name:en":"Kasikornbank","name:th":"ธนาคารกสิกรไทย","@type":"node","@id":3877985908},"geometry":{"type":"Point","coordinates":[100.5602316,13.731404]}},{"type":"Feature","id":3904165763,"properties":{"amenity":"bank","brand":"ธนาคารกรุงเทพ","brand:en":"Bangkok Bank","brand:th":"ธนาคารกรุงเทพ","brand:wikidata":"Q806483","name":"ธนาคารกรุงเทพ","name:en":"Bangkok Bank","name:th":"ธนาคารกรุงเทพ","@type":"node","@id":3904165763},"geometry":{"type":"Point","coordinates":[100.5227046,13.7474213]}},{"type":"Feature","id":3904178116,"properties":{"amenity":"bank","brand":"UOB","brand:wikidata":"Q2064074","brand:zh":"大华银行","name":"UOB","name:zh":"大华银行","@type":"node","@id":3904178116},"geometry":{"type":"Point","coordinates":[100.5225044,13.7474616]}},{"type":"Feature","id":3916401591,"properties":{"amenity":"bank","atm":"yes","brand":"ธนาคารกรุงเทพ","brand:en":"Bangkok Bank","brand:th":"ธนาคารกรุงเทพ","brand:wikidata":"Q806483","level":"0","name":"ธนาคารกรุงเทพ","name:en":"Bangkok Bank","name:th":"ธนาคารกรุงเทพ","opening_hours":"Mo-Fr 10:00-19:00","operator":"Bangkok Bank Public Company Limited","wheelchair":"yes","@type":"node","@id":3916401591},"geometry":{"type":"Point","coordinates":[100.5617603,13.735645]}},{"type":"Feature","id":3921333802,"properties":{"amenity":"bank","atm":"yes","brand":"ธนาคารไทยพาณิชย์","brand:en":"Siam Commercial Bank","brand:th":"ธนาคารไทยพาณิชย์","brand:wikidata":"Q2038986","level":"0","name":"ธนาคารไทยพาณิชย์","name:en":"Siam Commercial Bank","name:th":"ธนาคารไทยพาณิชย์","opening_hours":"Mo-Fr 10:00-18:00; PH off","operator":"Siam Commercial Bank","wheelchair":"yes","@type":"node","@id":3921333802},"geometry":{"type":"Point","coordinates":[100.5615432,13.7355038]}},{"type":"Feature","id":3921333803,"properties":{"amenity":"bank","atm":"yes","brand":"ธนาคารกรุงไทย","brand:en":"Krung Thai Bank","brand:th":"ธนาคารกรุงไทย","brand:wikidata":"Q962865","level":"0","name":"ธนาคารกรุงไทย","name:en":"Krung Thai Bank","name:th":"ธนาคารกรุงไทย","opening_hours":"Mo-Fr 10:30-18:30; PH off","operator":"Krungthai Bank Public Company Limited","@type":"node","@id":3921333803},"geometry":{"type":"Point","coordinates":[100.5617476,13.7355526]}},{"type":"Feature","id":3921333804,"properties":{"alt_name":"ธนาคารกรุงศรีอยุธยา","alt_name:en":"Bank of Ayudhya","amenity":"bank","atm":"yes","brand":"กรุงศรี","brand:en":"Krungsri","brand:th":"กรุงศรี","level":"0","name":"กรุงศรี","name:en":"Krungsri","name:th":"กรุงศรี","opening_hours":"Mo-Fr 09:30-18:00; PH off","operator":"Bank of Ayudhya Public Company Limited","@type":"node","@id":3921333804},"geometry":{"type":"Point","coordinates":[100.5617359,13.7350855]}},{"type":"Feature","id":3926562955,"properties":{"amenity":"atm","name":"Bangkok Bank","operator":"Bangkok Bank Public Company Limited","@type":"node","@id":3926562955},"geometry":{"type":"Point","coordinates":[100.560814,13.7312537]}},{"type":"Feature","id":3937642164,"properties":{"amenity":"bank","atm":"yes","brand":"ธนาคารกสิกรไทย","brand:en":"Kasikornbank","brand:th":"ธนาคารกสิกรไทย","brand:wikidata":"Q276557","name":"ธนาคารกสิกรไทย","name:en":"Kasikornbank","name:th":"ธนาคารกสิกรไทย","@type":"node","@id":3937642164},"geometry":{"type":"Point","coordinates":[100.610445,13.7525641]}},{"type":"Feature","id":3937642165,"properties":{"amenity":"bank","atm":"yes","name":"Krungsiri Bank","@type":"node","@id":3937642165},"geometry":{"type":"Point","coordinates":[100.6107445,13.752969]}},{"type":"Feature","id":3937642170,"properties":{"amenity":"bank","atm":"yes","name":"Thanachart Bank","@type":"node","@id":3937642170},"geometry":{"type":"Point","coordinates":[100.6102366,13.7524015]}},{"type":"Feature","id":3938034814,"properties":{"amenity":"bank","atm":"yes","name":"Thanachart Bank","@type":"node","@id":3938034814},"geometry":{"type":"Point","coordinates":[100.59757,13.733406]}},{"type":"Feature","id":3939206268,"properties":{"amenity":"bank","atm":"yes","name":"Islamic Bank of Thailand","@type":"node","@id":3939206268},"geometry":{"type":"Point","coordinates":[100.6247037,13.7410401]}},{"type":"Feature","id":3939206269,"properties":{"amenity":"bank","atm":"yes","name":"Kasikorn Bank","@type":"node","@id":3939206269},"geometry":{"type":"Point","coordinates":[100.6248641,13.7410561]}},{"type":"Feature","id":3939206275,"properties":{"amenity":"bank","atm":"yes","name":"TMB Bank","@type":"node","@id":3939206275},"geometry":{"type":"Point","coordinates":[100.6245906,13.7410313]}},{"type":"Feature","id":3939206276,"properties":{"amenity":"bank","atm":"yes","name":"Thanachart Bank","@type":"node","@id":3939206276},"geometry":{"type":"Point","coordinates":[100.624432,13.7410118]}},{"type":"Feature","id":3963966624,"properties":{"amenity":"bank","name":"Government Savings Bank","@type":"node","@id":3963966624},"geometry":{"type":"Point","coordinates":[100.5698672,13.7305268]}},{"type":"Feature","id":3964247269,"properties":{"amenity":"atm","check_date":"2024-04-23","name":"Krungsri Bank","@type":"node","@id":3964247269},"geometry":{"type":"Point","coordinates":[100.5567964,13.7437601]}},{"type":"Feature","id":3964329381,"properties":{"amenity":"bank","brand":"ธนาคารทหารไทย","brand:en":"TMB","brand:th":"ธนาคารทหารไทย","name":"ธนาคารทหารไทย","name:en":"TMB","name:th":"ธนาคารทหารไทย","wheelchair":"no","@type":"node","@id":3964329381},"geometry":{"type":"Point","coordinates":[100.5656391,13.73352]}},{"type":"Feature","id":3969123882,"properties":{"amenity":"atm","@type":"node","@id":3969123882},"geometry":{"type":"Point","coordinates":[100.5195194,13.736697]}},{"type":"Feature","id":3971793713,"properties":{"amenity":"atm","@type":"node","@id":3971793713},"geometry":{"type":"Point","coordinates":[100.5310852,13.7396043]}},{"type":"Feature","id":3990858272,"properties":{"amenity":"bank","name":"ธนาคารกรุงเทพ","@type":"node","@id":3990858272},"geometry":{"type":"Point","coordinates":[100.6020382,14.0717928]}},{"type":"Feature","id":4061331814,"properties":{"amenity":"bank","name":"ธนาคารกรุงเทพ","@type":"node","@id":4061331814},"geometry":{"type":"Point","coordinates":[100.6039355,14.0781873]}},{"type":"Feature","id":4062962168,"properties":{"amenity":"bank","atm":"yes","brand":"Bangkok Bank","brand:wikidata":"Q806483","brand:wikipedia":"en:Bangkok Bank","name":"Bangkok Bank","@type":"node","@id":4062962168},"geometry":{"type":"Point","coordinates":[100.7887248,13.7586978]}},{"type":"Feature","id":4089314420,"properties":{"amenity":"atm","level":"0","name":"TMB","operator":"TMB","@type":"node","@id":4089314420},"geometry":{"type":"Point","coordinates":[100.5165368,13.7392342]}},{"type":"Feature","id":4089314421,"properties":{"amenity":"atm","level":"0","name":"Thanachart","operator":"Thanachart","source":"personal_visit","source:date":"2016-03-31","@type":"node","@id":4089314421},"geometry":{"type":"Point","coordinates":[100.5164765,13.739242]}},{"type":"Feature","id":4089315868,"properties":{"amenity":"atm","level":"0","name":"Bangkok Bank","source":"Personal_visit","source:date":"2016-03-31","@type":"node","@id":4089315868},"geometry":{"type":"Point","coordinates":[100.5163974,13.7391729]}},{"type":"Feature","id":4089773703,"properties":{"amenity":"atm","level":"0","@type":"node","@id":4089773703},"geometry":{"type":"Point","coordinates":[100.5163894,13.7389376]}},{"type":"Feature","id":4089785136,"properties":{"amenity":"atm","level":"0","name":"Bangkok Bank","@type":"node","@id":4089785136},"geometry":{"type":"Point","coordinates":[100.5165462,13.7386537]}},{"type":"Feature","id":4089785137,"properties":{"amenity":"atm","level":"0","name":"Krungthai","@type":"node","@id":4089785137},"geometry":{"type":"Point","coordinates":[100.5167367,13.7386159]}},{"type":"Feature","id":4089785138,"properties":{"amenity":"atm","level":"0","name":"Kasikorn","source":"survey","source:date":"2016-03-31","@type":"node","@id":4089785138},"geometry":{"type":"Point","coordinates":[100.516793,13.7386146]}},{"type":"Feature","id":4092162096,"properties":{"amenity":"atm","opening_hours":"24/7","operator":"Krungsri Bank","wheelchair":"no","@type":"node","@id":4092162096},"geometry":{"type":"Point","coordinates":[100.6285718,13.7517028]}},{"type":"Feature","id":4127280992,"properties":{"amenity":"atm","opening_hours":"24/7","@type":"node","@id":4127280992},"geometry":{"type":"Point","coordinates":[100.7301838,13.7220011]}},{"type":"Feature","id":4134821080,"properties":{"amenity":"atm","@type":"node","@id":4134821080},"geometry":{"type":"Point","coordinates":[100.5068651,13.7058679]}},{"type":"Feature","id":4134821085,"properties":{"amenity":"atm","@type":"node","@id":4134821085},"geometry":{"type":"Point","coordinates":[100.513747,13.7152855]}},{"type":"Feature","id":4134821298,"properties":{"amenity":"bank","@type":"node","@id":4134821298},"geometry":{"type":"Point","coordinates":[100.4994753,13.694935]}},{"type":"Feature","id":4134821833,"properties":{"amenity":"atm","@type":"node","@id":4134821833},"geometry":{"type":"Point","coordinates":[100.5140653,13.7159439]}},{"type":"Feature","id":4140469835,"properties":{"amenity":"atm","brand":"ธนาคารไทยพาณิชย์","brand:en":"Siam Commercial Bank","brand:th":"ธนาคารไทยพาณิชย์","brand:wikidata":"Q2038986","name":"SCB","operator":"ธนาคารไทยพาณิชย์","operator:wikidata":"Q2038986","@type":"node","@id":4140469835},"geometry":{"type":"Point","coordinates":[100.5366763,13.7244032]}},{"type":"Feature","id":4140471412,"properties":{"amenity":"atm","name":"krungsri","@type":"node","@id":4140471412},"geometry":{"type":"Point","coordinates":[100.536665,13.7244257]}},{"type":"Feature","id":4140472397,"properties":{"amenity":"atm","brand":"ธนาคารทหารไทย","brand:en":"TMBThanachart Bank","brand:th":"ธนาคารทหารไทย","brand:wikidata":"Q1527826","name":"ATM ธนาคาร TTB","name:en":"TTB ATM","name:th":"ATM ธนาคาร TTB","operator":"ธนาคารทหารไทย","operator:wikidata":"Q1527826","short_name":"ttb","@type":"node","@id":4140472397},"geometry":{"type":"Point","coordinates":[100.5385314,13.7255213]}},{"type":"Feature","id":4141886036,"properties":{"amenity":"atm","operator":"Kasikorn Bank","@type":"node","@id":4141886036},"geometry":{"type":"Point","coordinates":[100.5450661,13.7802826]}},{"type":"Feature","id":4141886577,"properties":{"amenity":"atm","operator":"Kasikorn Bank","@type":"node","@id":4141886577},"geometry":{"type":"Point","coordinates":[100.5462222,13.7832496]}},{"type":"Feature","id":4142664090,"properties":{"amenity":"atm","opening_hours":"24/7","@type":"node","@id":4142664090},"geometry":{"type":"Point","coordinates":[100.5423024,13.7496062]}},{"type":"Feature","id":4143307547,"properties":{"addr:housenumber":"133-133/1","addr:province":"กรุงเทพมหานคร","addr:street":"ซอย สุขุมวิท 7/1","amenity":"bank","atm":"no","name":"Vasu Exchange","website":"https://www.vasuexchange.com/","@type":"node","@id":4143307547},"geometry":{"type":"Point","coordinates":[100.5555586,13.7406513]}},{"type":"Feature","id":4160750490,"properties":{"amenity":"atm","@type":"node","@id":4160750490},"geometry":{"type":"Point","coordinates":[100.6636044,13.6927222]}},{"type":"Feature","id":4165357990,"properties":{"amenity":"atm","@type":"node","@id":4165357990},"geometry":{"type":"Point","coordinates":[100.5080875,13.7579195]}},{"type":"Feature","id":4173793890,"properties":{"amenity":"bank","brand":"ธนาคารไทยพาณิชย์","brand:en":"Siam Commercial Bank","brand:th":"ธนาคารไทยพาณิชย์","brand:wikidata":"Q2038986","name":"ธนาคารไทยพาณิชย์","name:en":"Siam Commercial Bank","name:th":"ธนาคารไทยพาณิชย์","wheelchair":"no","@type":"node","@id":4173793890},"geometry":{"type":"Point","coordinates":[100.5278986,13.7765144]}},{"type":"Feature","id":4173820089,"properties":{"addr:street":"ถนนนครไชยศรี","amenity":"bank","name":"ธนาคารกรุงเทพฯ","@type":"node","@id":4173820089},"geometry":{"type":"Point","coordinates":[100.5226883,13.7793409]}},{"type":"Feature","id":4173820189,"properties":{"amenity":"bank","atm":"yes","brand":"ธนาคารกสิกรไทย","brand:en":"Kasikornbank","brand:th":"ธนาคารกสิกรไทย","brand:wikidata":"Q276557","name":"ธนาคารกสิกรไทย","name:en":"Kasikornbank","name:th":"ธนาคารกสิกรไทย","@type":"node","@id":4173820189},"geometry":{"type":"Point","coordinates":[100.5249191,13.7782]}},{"type":"Feature","id":4176055866,"properties":{"amenity":"atm","operator":"ธนาคารไทยพาณิชย์","@type":"node","@id":4176055866},"geometry":{"type":"Point","coordinates":[100.3689317,13.7072935]}},{"type":"Feature","id":4205169689,"properties":{"amenity":"atm","@type":"node","@id":4205169689},"geometry":{"type":"Point","coordinates":[100.5797576,13.7739003]}},{"type":"Feature","id":4217039398,"properties":{"amenity":"atm","opening_hours":"24/7","operator":"ไทยพาณิชย์","@type":"node","@id":4217039398},"geometry":{"type":"Point","coordinates":[100.6161468,14.0616307]}},{"type":"Feature","id":4217052394,"properties":{"amenity":"atm","opening_hours":"24/7","operator":"กสิกรไทย","@type":"node","@id":4217052394},"geometry":{"type":"Point","coordinates":[100.608131,14.0658919]}},{"type":"Feature","id":4217180291,"properties":{"amenity":"atm","operator":"GSB","@type":"node","@id":4217180291},"geometry":{"type":"Point","coordinates":[100.774578,13.7210563]}},{"type":"Feature","id":4217218989,"properties":{"amenity":"atm","operator":"K-Bank","@type":"node","@id":4217218989},"geometry":{"type":"Point","coordinates":[100.7754705,13.7215674]}},{"type":"Feature","id":4229197790,"properties":{"amenity":"atm","@type":"node","@id":4229197790},"geometry":{"type":"Point","coordinates":[100.516614,13.6353541]}},{"type":"Feature","id":4254764089,"properties":{"amenity":"atm","brand":"ธนาคารกรุงเทพ","brand:en":"Bangkok Bank","brand:th":"ธนาคารกรุงเทพ","brand:wikidata":"Q806483","operator":"ธนาคารกรุงเทพ","operator:wikidata":"Q806483","@type":"node","@id":4254764089},"geometry":{"type":"Point","coordinates":[100.4984066,13.752485]}},{"type":"Feature","id":4255743990,"properties":{"amenity":"atm","operator":"Krungsri","@type":"node","@id":4255743990},"geometry":{"type":"Point","coordinates":[100.4979756,13.7565652]}},{"type":"Feature","id":4257925292,"properties":{"amenity":"atm","opening_hours":"24/7","operator":"Thanachart Bank","@type":"node","@id":4257925292},"geometry":{"type":"Point","coordinates":[100.5093647,13.7453061]}},{"type":"Feature","id":4278019548,"properties":{"amenity":"atm","operator":"ธนาคารกสิกรไทย","@type":"node","@id":4278019548},"geometry":{"type":"Point","coordinates":[100.3666508,13.7071169]}},{"type":"Feature","id":4279252869,"properties":{"amenity":"bank","atm":"yes","drive_through":"no","name":"Krungsri Bank","website":"https://www.krungsri.com/bank/en/home.html","@type":"node","@id":4279252869},"geometry":{"type":"Point","coordinates":[100.5465215,13.7862418]}},{"type":"Feature","id":4279357090,"properties":{"amenity":"bank","name":"dbs pidf","@type":"node","@id":4279357090},"geometry":{"type":"Point","coordinates":[100.5481987,13.7370028]}},{"type":"Feature","id":4297622389,"properties":{"amenity":"atm","operator":"BKB","@type":"node","@id":4297622389},"geometry":{"type":"Point","coordinates":[100.5845802,13.8110205]}},{"type":"Feature","id":4318909858,"properties":{"amenity":"bank","atm":"yes","brand":"BOC","brand:wikidata":"Q790068","brand:wikipedia":"en:Bank of China","name":"BOC","official_name":"Bank of China","opening_hours":"PH,Mo-Su 11:00-18:00","website":"https://www.bankofchina.com/th/en/","wheelchair":"yes","@type":"node","@id":4318909858},"geometry":{"type":"Point","coordinates":[100.680186,13.6476598]}},{"type":"Feature","id":4330783391,"properties":{"amenity":"bank","brand":"UOB","brand:en":"UOB","brand:wikidata":"Q2064074","brand:wikipedia":"en:United Overseas Bank","brand:zh":"大华银行","name":"UOB","name:en":"UOB","name:zh":"大华银行","@type":"node","@id":4330783391},"geometry":{"type":"Point","coordinates":[100.5000336,13.7460318]}},{"type":"Feature","id":4332185196,"properties":{"amenity":"atm","opening_hours":"24/7","@type":"node","@id":4332185196},"geometry":{"type":"Point","coordinates":[100.5079286,13.7475871]}},{"type":"Feature","id":4345839088,"properties":{"amenity":"atm","currency:THB":"yes","operator":"Cimb","source":"survey","source:date":"2016-07-29","@type":"node","@id":4345839088},"geometry":{"type":"Point","coordinates":[100.5169915,13.738195]}},{"type":"Feature","id":4345839989,"properties":{"amenity":"atm","currency:THB":"yes","operator":"Krungsri","source":"survey","source:date":"2016-07-29","@type":"node","@id":4345839989},"geometry":{"type":"Point","coordinates":[100.5170124,13.738209]}},{"type":"Feature","id":4347024080,"properties":{"amenity":"atm","name":"ตู้เอทีเอ็มธนาคารไทยพาณิชย์","@type":"node","@id":4347024080},"geometry":{"type":"Point","coordinates":[100.5496378,13.8703154]}},{"type":"Feature","id":4347024083,"properties":{"amenity":"atm","@type":"node","@id":4347024083},"geometry":{"type":"Point","coordinates":[100.5517463,13.8706653]}},{"type":"Feature","id":4362441390,"properties":{"amenity":"bank","name:zh":"super rich","@type":"node","@id":4362441390},"geometry":{"type":"Point","coordinates":[100.5277189,13.7260314]}},{"type":"Feature","id":4362529028,"properties":{"addr:city":"บางแค","addr:housenumber":"9/406-7","addr:postcode":"10160","addr:street":"ถนนกาญจนาภิเษก","amenity":"bank","atm":"yes","name":"ธนาคารไทยพาณิชย์ สาขาวงแหวนเซ็นเตอร์ (ถนนกาญจนาภิเษก)","operator":"ธนาคารไทยพาณิชย์","@type":"node","@id":4362529028},"geometry":{"type":"Point","coordinates":[100.4065568,13.6883547]}},{"type":"Feature","id":4367820138,"properties":{"amenity":"atm","brand":"ธนาคารกสิกรไทย","brand:en":"Kasikornbank","brand:th":"ธนาคารกสิกรไทย","brand:wikidata":"Q276557","name":"ธนาคารกสิกรไทย","name:en":"Kasikornbank","name:th":"ธนาคารกสิกรไทย","operator":"ธนาคารกสิกรไทย","operator:wikidata":"Q276557","@type":"node","@id":4367820138},"geometry":{"type":"Point","coordinates":[100.6023038,13.7106233]}},{"type":"Feature","id":4395359216,"properties":{"amenity":"bank","name":"ธนาคาร กสิกรไทย สาขาตลาดมีนบุรี","name:th":"ธนาคาร กสิกรไทย สาขาตลาดมีนบุรี","opening_hours":"Mo-Fr 08:30-18:00; Sa 10:00-19:00","@type":"node","@id":4395359216},"geometry":{"type":"Point","coordinates":[100.7276424,13.8130712]}},{"type":"Feature","id":4395383492,"properties":{"amenity":"bank","name":"ธนาคาร กสิกรไทย สาขามีบุรี","name:th":"ธนาคาร กสิกรไทย สาขามีบุรี","opening_hours":"Mo-Fr 08:30-15:30","@type":"node","@id":4395383492},"geometry":{"type":"Point","coordinates":[100.7286013,13.8123245]}},{"type":"Feature","id":4405258589,"properties":{"amenity":"bank","brand":"ธนาคารกรุงไทย","brand:en":"Krung Thai Bank","brand:th":"ธนาคารกรุงไทย","brand:wikidata":"Q962865","name":"ธนาคารกรุงไทย","name:en":"Krung Thai Bank","name:th":"ธนาคารกรุงไทย","@type":"node","@id":4405258589},"geometry":{"type":"Point","coordinates":[100.5892898,13.7387873]}},{"type":"Feature","id":4405324789,"properties":{"alt_name":"United Overseas Bank","amenity":"bank","atm":"yes","brand":"UOB","brand:en":"UOB","brand:wikidata":"Q2064074","brand:zh":"大华银行","name":"UOB","name:en":"UOB","name:zh":"大华银行","@type":"node","@id":4405324789},"geometry":{"type":"Point","coordinates":[100.5082667,13.7434147]}},{"type":"Feature","id":4405324790,"properties":{"amenity":"bank","name:en":"K-Bank PLC","@type":"node","@id":4405324790},"geometry":{"type":"Point","coordinates":[100.5110321,13.7413489]}},{"type":"Feature","id":4405326689,"properties":{"amenity":"bank","atm":"yes","brand":"ธนาคารอาคารสงเคราะห์","brand:en":"Government Housing Bank","brand:th":"ธนาคารอาคารสงเคราะห์","name":"ธนาคารอาคารสงเคราะห์","name:en":"Government Housing Bank","name:th":"ธนาคารอาคารสงเคราะห์","@type":"node","@id":4405326689},"geometry":{"type":"Point","coordinates":[100.5138653,13.7405354]}},{"type":"Feature","id":4405480293,"properties":{"amenity":"atm","operator":"SCB","@type":"node","@id":4405480293},"geometry":{"type":"Point","coordinates":[100.6039908,13.7058336]}},{"type":"Feature","id":4405710389,"properties":{"amenity":"bank","brand":"ธนาคารทหารไทย","brand:en":"TMBThanachart Bank","brand:th":"ธนาคารทหารไทย","brand:wikidata":"Q1527826","name":"ธนาคารทหารไทย","name:en":"TMBThanachart Bank","name:th":"ธนาคารทหารไทย","short_name":"ttb","@type":"node","@id":4405710389},"geometry":{"type":"Point","coordinates":[100.5869929,13.7440133]}},{"type":"Feature","id":4406016555,"properties":{"amenity":"bank","atm":"yes","name":"krungthai bank","name:th":"ธนาคาร กรุงไทย","@type":"node","@id":4406016555},"geometry":{"type":"Point","coordinates":[100.6635396,14.0288544]}},{"type":"Feature","id":4406663495,"properties":{"amenity":"atm","operator":"SCB","@type":"node","@id":4406663495},"geometry":{"type":"Point","coordinates":[100.5547442,13.744908]}},{"type":"Feature","id":4409240292,"properties":{"amenity":"bank","name":"ธนาคารกสิกร","name:en":"K Bank","name:th":"ธนาคารกสิกร","@type":"node","@id":4409240292},"geometry":{"type":"Point","coordinates":[100.5566415,13.7209695]}},{"type":"Feature","id":4409244590,"properties":{"amenity":"bank","brand":"HSBC","brand:wikidata":"Q190464","name":"HSBC","name:en":"HSBC","@type":"node","@id":4409244590},"geometry":{"type":"Point","coordinates":[100.5412124,13.7271664]}},{"type":"Feature","id":4410690790,"properties":{"amenity":"bank","brand":"ธนาคารไทยพาณิชย์","brand:en":"Siam Commercial Bank","brand:th":"ธนาคารไทยพาณิชย์","brand:wikidata":"Q2038986","name":"ธนาคารไทยพาณิชย์","name:en":"Siam Commercial Bank","name:th":"ธนาคารไทยพาณิชย์","@type":"node","@id":4410690790},"geometry":{"type":"Point","coordinates":[100.5732439,13.7282872]}},{"type":"Feature","id":4410796789,"properties":{"amenity":"bank","brand":"ธนาคารกสิกรไทย","brand:en":"Kasikornbank","brand:th":"ธนาคารกสิกรไทย","brand:wikidata":"Q276557","brand:wikipedia":"en:Kasikornbank","name":"ธนาคารกสิกรไทย","name:en":"Kasikornbank","name:th":"ธนาคารกสิกรไทย","wheelchair":"yes","@type":"node","@id":4410796789},"geometry":{"type":"Point","coordinates":[100.7521396,13.692108]}},{"type":"Feature","id":4412474697,"properties":{"amenity":"atm","opening_hours":"24/7","@type":"node","@id":4412474697},"geometry":{"type":"Point","coordinates":[100.6288781,13.7420353]}},{"type":"Feature","id":4412475092,"properties":{"amenity":"atm","opening_hours":"24/7","operator":"SCB","@type":"node","@id":4412475092},"geometry":{"type":"Point","coordinates":[100.6289273,13.7417909]}},{"type":"Feature","id":4412475093,"properties":{"amenity":"atm","opening_hours":"24/7","@type":"node","@id":4412475093},"geometry":{"type":"Point","coordinates":[100.6289683,13.7416912]}},{"type":"Feature","id":4412497089,"properties":{"amenity":"bank","brand":"ธนาคารไทยพาณิชย์","brand:en":"Siam Commercial Bank","brand:th":"ธนาคารไทยพาณิชย์","brand:wikidata":"Q2038986","name":"ธนาคารไทยพาณิชย์","name:en":"Siam Commercial Bank","name:th":"ธนาคารไทยพาณิชย์","@type":"node","@id":4412497089},"geometry":{"type":"Point","coordinates":[100.60701,13.7484595]}},{"type":"Feature","id":4414289719,"properties":{"amenity":"atm","check_date":"2021-05-30","opening_hours":"24/7","operator":"kbank","wheelchair":"no","@type":"node","@id":4414289719},"geometry":{"type":"Point","coordinates":[100.5816272,13.7314439]}},{"type":"Feature","id":4414294089,"properties":{"amenity":"bank","brand":"ธนาคารออมสิน","brand:en":"Government Savings Bank","brand:th":"ธนาคารออมสิน","brand:wikidata":"Q6579041","name":"ธนาคารออมสิน","name:en":"Government Savings Bank","name:th":"ธนาคารออมสิน","@type":"node","@id":4414294089},"geometry":{"type":"Point","coordinates":[100.58144,13.7309795]}},{"type":"Feature","id":4441448460,"properties":{"amenity":"atm","currency:THB":"yes","layer":"1","name":"TMB","operator":"TMB","source":"survey","@type":"node","@id":4441448460},"geometry":{"type":"Point","coordinates":[100.6179857,13.9092565]}},{"type":"Feature","id":4443062940,"properties":{"amenity":"atm","layer":"0","name":"BBL","operator":"Bangkok Bank","@type":"node","@id":4443062940},"geometry":{"type":"Point","coordinates":[100.6178284,13.9092492]}},{"type":"Feature","id":4451069790,"properties":{"amenity":"atm","operator":"K-Bank","@type":"node","@id":4451069790},"geometry":{"type":"Point","coordinates":[100.7385059,13.7221642]}},{"type":"Feature","id":4451073493,"properties":{"amenity":"atm","operator":"Bangkok Bank","@type":"node","@id":4451073493},"geometry":{"type":"Point","coordinates":[100.7384767,13.7221639]}},{"type":"Feature","id":4451075191,"properties":{"amenity":"atm","operator":"K-bank","@type":"node","@id":4451075191},"geometry":{"type":"Point","coordinates":[100.7387713,13.7223449]}},{"type":"Feature","id":4451075192,"properties":{"amenity":"atm","operator":"Krungthai","@type":"node","@id":4451075192},"geometry":{"type":"Point","coordinates":[100.7387693,13.7222976]}},{"type":"Feature","id":4451075193,"properties":{"amenity":"atm","operator":"SCB","@type":"node","@id":4451075193},"geometry":{"type":"Point","coordinates":[100.7387718,13.7222851]}},{"type":"Feature","id":4451141190,"properties":{"amenity":"atm","operator":"Krungthai","@type":"node","@id":4451141190},"geometry":{"type":"Point","coordinates":[100.7385176,13.7221622]}},{"type":"Feature","id":4451141291,"properties":{"amenity":"atm","operator":"GSB","@type":"node","@id":4451141291},"geometry":{"type":"Point","coordinates":[100.7387708,13.7223112]}},{"type":"Feature","id":4451163389,"properties":{"amenity":"atm","operator":"Siam Commercial","@type":"node","@id":4451163389},"geometry":{"type":"Point","coordinates":[100.7385345,13.7221622]}},{"type":"Feature","id":4451163390,"properties":{"amenity":"atm","operator":"TMB","@type":"node","@id":4451163390},"geometry":{"type":"Point","coordinates":[100.7388038,13.7222385]}},{"type":"Feature","id":4451163489,"properties":{"amenity":"atm","operator":"Thanachart","@type":"node","@id":4451163489},"geometry":{"type":"Point","coordinates":[100.7385485,13.7221618]}},{"type":"Feature","id":4451165689,"properties":{"amenity":"atm","operator":"Krungsri","@type":"node","@id":4451165689},"geometry":{"type":"Point","coordinates":[100.7387703,13.7223256]}},{"type":"Feature","id":4455129490,"properties":{"amenity":"bank","name":"ไทยพาณิชย์","name:th":"ไทยพาณิชย์","@type":"node","@id":4455129490},"geometry":{"type":"Point","coordinates":[100.7438203,13.8711375]}},{"type":"Feature","id":4459016561,"properties":{"amenity":"bank","atm":"yes","brand":"ธนาคารธนชาต","brand:en":"Thanachart Bank","brand:th":"ธนาคารธนชาต","name":"ธนาคารธนชาต","name:en":"Thanachart Bank","name:th":"ธนาคารธนชาต","opening_hours":"Mo-Fr 08:30-16:00; PH off","@type":"node","@id":4459016561},"geometry":{"type":"Point","coordinates":[100.5165563,13.7373934]}},{"type":"Feature","id":4459530697,"properties":{"amenity":"bank","atm":"yes","brand":"ธนาคารธนชาต","brand:en":"Thanachart Bank","brand:th":"ธนาคารธนชาต","name":"ธนาคารธนชาต","name:en":"Thanachart Bank","name:th":"ธนาคารธนชาต","opening_hours":"Mo-Fr 08:30-16:00; PH off","@type":"node","@id":4459530697},"geometry":{"type":"Point","coordinates":[100.5126586,13.7383602]}},{"type":"Feature","id":4459535481,"properties":{"amenity":"bank","atm":"yes","brand":"ธนาคารธนชาต","brand:en":"Thanachart Bank","brand:th":"ธนาคารธนชาต","name":"ธนาคารธนชาต","name:en":"Thanachart Bank","name:th":"ธนาคารธนชาต","opening_hours":"Mo-Fr 08:30-16:00; PH off","@type":"node","@id":4459535481},"geometry":{"type":"Point","coordinates":[100.5112722,13.7393425]}},{"type":"Feature","id":4459548644,"properties":{"amenity":"bank","atm":"yes","brand":"ธนาคารออมสิน","brand:en":"Government Savings Bank","brand:th":"ธนาคารออมสิน","name":"ธนาคารออมสิน","name:en":"Government Savings Bank","name:th":"ธนาคารออมสิน","opening_hours":"Mo-Fr 08:30-15:30; PH off","@type":"node","@id":4459548644},"geometry":{"type":"Point","coordinates":[100.5101772,13.7400043]}},{"type":"Feature","id":4459548645,"properties":{"alt_name":"ธนาคารกรุงศรีอยุธยา","alt_name:en":"Bank of Ayudhya","amenity":"bank","atm":"yes","brand":"กรุงศรี","brand:en":"Krungsri","brand:th":"กรุงศรี","name":"กรุงศรี","name:en":"Krungsri","name:th":"กรุงศรี","@type":"node","@id":4459548645},"geometry":{"type":"Point","coordinates":[100.5102706,13.7402732]}},{"type":"Feature","id":4459548646,"properties":{"amenity":"bank","atm":"yes","brand":"ธนาคารกรุงไทย","brand:en":"Krungthai Bank","brand:th":"ธนาคารกรุงไทย","name":"ธนาคารกรุงไทย","name:en":"Krungthai Bank","name:th":"ธนาคารกรุงไทย","opening_hours":"Mo-Fr 08:30-16:00; PH off","@type":"node","@id":4459548646},"geometry":{"type":"Point","coordinates":[100.5102415,13.7399638]}},{"type":"Feature","id":4459562290,"properties":{"amenity":"bank","atm":"yes","brand":"ธนาคารกรุงเทพ","brand:en":"Bangkok Bank","brand:th":"ธนาคารกรุงเทพ","brand:wikidata":"Q806483","name":"ธนาคารกรุงเทพ","name:en":"Bangkok Bank","name:th":"ธนาคารกรุงเทพ","@type":"node","@id":4459562290},"geometry":{"type":"Point","coordinates":[100.5094101,13.7402793]}},{"type":"Feature","id":4459562292,"properties":{"amenity":"bank","atm":"yes","brand":"ธนาคารไทยพาณิชย์","brand:en":"Siam Commercial Bank","brand:th":"ธนาคารไทยพาณิชย์","brand:wikidata":"Q2038986","name":"ธนาคารไทยพาณิชย์","name:en":"Siam Commercial Bank","name:th":"ธนาคารไทยพาณิชย์","opening_hours":"Mo-Fr 08:30-16:00; PH off","@type":"node","@id":4459562292},"geometry":{"type":"Point","coordinates":[100.5090527,13.7402255]}},{"type":"Feature","id":4459562293,"properties":{"alt_name":"United Overseas Bank","amenity":"bank","atm":"yes","brand":"UOB","name":"UOB","opening_hours":"Mo-Fr 08:30-15:00; PH off","@type":"node","@id":4459562293},"geometry":{"type":"Point","coordinates":[100.50952,13.7404024]}},{"type":"Feature","id":4459581490,"properties":{"amenity":"bank","atm":"yes","brand":"ธนาคารกรุงเทพ","brand:en":"Bangkok Bank","brand:th":"ธนาคารกรุงเทพ","brand:wikidata":"Q806483","check_date":"2024-03-01","name":"ธนาคารกรุงเทพ","name:en":"Bangkok Bank","name:th":"ธนาคารกรุงเทพ","source":"survey","@type":"node","@id":4459581490},"geometry":{"type":"Point","coordinates":[100.5071338,13.7406918]}},{"type":"Feature","id":4459581491,"properties":{"amenity":"bank","brand":"Indian Overseas Bank","brand:wikidata":"Q2003611","name":"Indian Overseas Bank","opening_hours":"Mo-Fr 09:00-15:30","@type":"node","@id":4459581491},"geometry":{"type":"Point","coordinates":[100.5054518,13.7401533]}},{"type":"Feature","id":4459581494,"properties":{"amenity":"bank","atm":"yes","brand":"ธนาคารกสิกรไทย","brand:en":"en:Kasikornbank","brand:th":"ธนาคารกสิกรไทย","brand:wikidata":"Q276557","name":"ธนาคารกสิกรไทย","name:en":"en:Kasikornbank","name:th":"ธนาคารกสิกรไทย","opening_hours":"Mo-Sa 08:30-16:30","@type":"node","@id":4459581494},"geometry":{"type":"Point","coordinates":[100.5055284,13.7402508]}},{"type":"Feature","id":4459581495,"properties":{"amenity":"bank","atm":"yes","brand":"ธนาคารกสิกรไทย","brand:en":"en:Kasikornbank","brand:th":"ธนาคารกสิกรไทย","brand:wikidata":"Q276557","name":"ธนาคารกสิกรไทย","name:en":"en:Kasikornbank","name:th":"ธนาคารกสิกรไทย","opening_hours":"Mo-Sa 09:00-16:30","@type":"node","@id":4459581495},"geometry":{"type":"Point","coordinates":[100.5068316,13.7403769]}},{"type":"Feature","id":4459581496,"properties":{"alt_name":"ธนาคารกรุงศรีอยุธยา","alt_name:en":"Bank of Ayudhya","amenity":"bank","atm":"yes","brand":"กรุงศรี","brand:en":"Krungsri","brand:th":"กรุงศรี","name":"กรุงศรี","name:en":"Krungsri","name:th":"กรุงศรี","@type":"node","@id":4459581496},"geometry":{"type":"Point","coordinates":[100.5064859,13.7413265]}},{"type":"Feature","id":4459581497,"properties":{"alt_name":"ธนาคารแลนด์ แอนด์ เฮ้าส์","alt_name:en":"Land and Houses Bank","amenity":"bank","atm":"yes","brand":"LH Bank","name":"LH Bank","@type":"node","@id":4459581497},"geometry":{"type":"Point","coordinates":[100.5067557,13.7402678]}},{"type":"Feature","id":4459581502,"properties":{"amenity":"bank","atm":"yes","brand":"ธนาคารไทยพาณิชย์","brand:en":"Siam Commercial Bank","brand:th":"ธนาคารไทยพาณิชย์","brand:wikidata":"Q2038986","name":"ธนาคารไทยพาณิชย์","name:en":"Siam Commercial Bank","name:th":"ธนาคารไทยพาณิชย์","@type":"node","@id":4459581502},"geometry":{"type":"Point","coordinates":[100.5059188,13.7411186]}},{"type":"Feature","id":4459581503,"properties":{"amenity":"bank","atm":"yes","brand":"ธนาคารธนชาต","brand:en":"Thanachart Bank","brand:th":"ธนาคารธนชาต","name":"ธนาคารธนชาต","name:en":"Thanachart Bank","name:th":"ธนาคารธนชาต","@type":"node","@id":4459581503},"geometry":{"type":"Point","coordinates":[100.508524,13.739304]}},{"type":"Feature","id":4459581504,"properties":{"amenity":"bank","name":"Tisco Bank","opening_hours":"Mo-Fr 08:30-16:30; PH off","@type":"node","@id":4459581504},"geometry":{"type":"Point","coordinates":[100.5055644,13.74029]}},{"type":"Feature","id":4459581505,"properties":{"alt_name":"United Overseas Bank","amenity":"bank","atm":"yes","brand":"UOB","brand:wikidata":"Q2064074","name":"UOB","@type":"node","@id":4459581505},"geometry":{"type":"Point","coordinates":[100.5053736,13.7400126]}},{"type":"Feature","id":4459588969,"properties":{"amenity":"bank","atm":"yes","brand":"ธนาคารกรุงไทย","brand:en":"Krung Thai Bank","brand:th":"ธนาคารกรุงไทย","brand:wikidata":"Q962865","name":"ธนาคารกรุงไทย","name:en":"Krung Thai Bank","name:th":"ธนาคารกรุงไทย","opening_hours":"Mo-Fr 08:30-16:30","@type":"node","@id":4459588969},"geometry":{"type":"Point","coordinates":[100.5048329,13.7398598]}},{"type":"Feature","id":4459617673,"properties":{"amenity":"bank","atm":"yes","brand":"ธนาคารกรุงเทพ","brand:en":"Bangkok Bank","brand:th":"ธนาคารกรุงเทพ","brand:wikidata":"Q806483","name":"ธนาคารกรุงเทพ","name:en":"Bangkok Bank","name:th":"ธนาคารกรุงเทพ","@type":"node","@id":4459617673},"geometry":{"type":"Point","coordinates":[100.5050691,13.7396763]}},{"type":"Feature","id":4459617674,"properties":{"amenity":"bank","atm":"yes","brand":"ซีไอเอ็มบี ไทย","brand:en":"CIMB THAI","brand:th":"ซีไอเอ็มบี ไทย","name":"ซีไอเอ็มบี ไทย","name:en":"CIMB THAI","name:th":"ซีไอเอ็มบี ไทย","@type":"node","@id":4459617674},"geometry":{"type":"Point","coordinates":[100.5033359,13.7429576]}},{"type":"Feature","id":4459617675,"properties":{"alt_name":"ธนาคารกรุงศรีอยุธยา","alt_name:en":"Krungsri","amenity":"bank","atm":"yes","brand":"กรุงศรี","brand:en":"Bank of Ayudhya","brand:th":"กรุงศรี","brand:wikidata":"Q782537","name":"กรุงศรี","name:en":"Bank of Ayudhya","name:th":"กรุงศรี","@type":"node","@id":4459617675},"geometry":{"type":"Point","coordinates":[100.503245,13.7428129]}},{"type":"Feature","id":4459617676,"properties":{"amenity":"bank","atm":"yes","brand":"ธนาคารไทยพาณิชย์","brand:en":"Siam Commercial Bank","brand:th":"ธนาคารไทยพาณิชย์","brand:wikidata":"Q2038986","brand:wikipedia":"en:Siam Commercial Bank","name":"ธนาคารไทยพาณิชย์","name:en":"Siam Commercial Bank","name:th":"ธนาคารไทยพาณิชย์","@type":"node","@id":4459617676},"geometry":{"type":"Point","coordinates":[100.5035437,13.7433605]}},{"type":"Feature","id":4459617677,"properties":{"amenity":"bank","name":"ธนาคารไทยเครดิต","name:en":"Thai Credit Retail Bank","name:th":"ธนาคารไทยเครดิต","@type":"node","@id":4459617677},"geometry":{"type":"Point","coordinates":[100.5058395,13.7432768]}},{"type":"Feature","id":4459617678,"properties":{"amenity":"bank","atm":"yes","brand":"ธนาคารธนชาต","brand:en":"Thanachart Bank","brand:th":"ธนาคารธนชาต","name":"ธนาคารธนชาต","name:en":"Thanachart Bank","name:th":"ธนาคารธนชาต","@type":"node","@id":4459617678},"geometry":{"type":"Point","coordinates":[100.5037694,13.7404268]}},{"type":"Feature","id":4460149622,"properties":{"amenity":"bank","atm":"yes","brand":"ธนาคารไทยพาณิชย์","brand:en":"Siam Commercial Bank","brand:th":"ธนาคารไทยพาณิชย์","brand:wikidata":"Q2038986","name":"ธนาคารไทยพาณิชย์","name:en":"Siam Commercial Bank","name:th":"ธนาคารไทยพาณิชย์","@type":"node","@id":4460149622},"geometry":{"type":"Point","coordinates":[100.505892,13.7456137]}},{"type":"Feature","id":4460155689,"properties":{"alt_name":"ธนาคารแลนด์ แอนด์ เฮ้าส์","alt_name:en":"Land and Houses Bank","amenity":"bank","atm":"yes","brand":"LH Bank","name":"LH Bank","@type":"node","@id":4460155689},"geometry":{"type":"Point","coordinates":[100.5061756,13.7453656]}},{"type":"Feature","id":4460155691,"properties":{"amenity":"bank","atm":"yes","brand":"ธนาคารธนชาต","brand:en":"Thanachart Bank","brand:th":"ธนาคารธนชาต","name":"ธนาคารธนชาต","name:en":"Thanachart Bank","name:th":"ธนาคารธนชาต","@type":"node","@id":4460155691},"geometry":{"type":"Point","coordinates":[100.5072132,13.7445311]}},{"type":"Feature","id":4460207571,"properties":{"amenity":"bank","atm":"yes","brand":"ซีไอเอ็มบี ไทย","brand:en":"CIMB THAI","brand:th":"ซีไอเอ็มบี ไทย","name":"ซีไอเอ็มบี ไทย","name:en":"CIMB THAI","name:th":"ซีไอเอ็มบี ไทย","opening_hours":"Mo-Fr 08:30-15:30","@type":"node","@id":4460207571},"geometry":{"type":"Point","coordinates":[100.5077994,13.7437773]}},{"type":"Feature","id":4460207572,"properties":{"alt_name":"ธนาคารกรุงศรีอยุธยา","alt_name:en":"Bank of Ayudhya","amenity":"bank","atm":"yes","brand":"กรุงศรี","brand:en":"Krungsri","brand:th":"กรุงศรี","name":"กรุงศรี","name:en":"Krungsri","name:th":"กรุงศรี","opening_hours":"Mo-Fr 08:30-15:30","@type":"node","@id":4460207572},"geometry":{"type":"Point","coordinates":[100.5086099,13.7434211]}},{"type":"Feature","id":4460218403,"properties":{"amenity":"bank","atm":"yes","brand":"ธนาคารธนชาต","brand:en":"Thanachart Bank","brand:th":"ธนาคารธนชาต","name":"ธนาคารธนชาต","name:en":"Thanachart Bank","name:th":"ธนาคารธนชาต","opening_hours":"Mo-Fr 08:30-16:00; PH off","@type":"node","@id":4460218403},"geometry":{"type":"Point","coordinates":[100.5098738,13.7420418]}},{"type":"Feature","id":4460254362,"properties":{"alt_name":"ธนาคารกรุงศรีอยุธยา","alt_name:en":"Bank of Ayudhya","amenity":"bank","atm":"yes","brand":"กรุงศรี","brand:en":"Krungsri","brand:th":"กรุงศรี","name":"กรุงศรี","name:en":"Krungsri","name:th":"กรุงศรี","@type":"node","@id":4460254362},"geometry":{"type":"Point","coordinates":[100.5130434,13.7418562]}},{"type":"Feature","id":4460300489,"properties":{"amenity":"bank","atm":"yes","brand":"ซีไอเอ็มบี ไทย","brand:en":"CIMB THAI","brand:th":"ซีไอเอ็มบี ไทย","name":"ซีไอเอ็มบี ไทย","name:en":"CIMB THAI","name:th":"ซีไอเอ็มบี ไทย","@type":"node","@id":4460300489},"geometry":{"type":"Point","coordinates":[100.512837,13.7374872]}},{"type":"Feature","id":4460800308,"properties":{"amenity":"bank","atm":"yes","brand":"ซีไอเอ็มบี ไทย","brand:en":"CIMB THAI","brand:th":"ซีไอเอ็มบี ไทย","name":"ซีไอเอ็มบี ไทย","name:en":"CIMB THAI","name:th":"ซีไอเอ็มบี ไทย","opening_hours":"Mo-Fr 08:30-15:30","@type":"node","@id":4460800308},"geometry":{"type":"Point","coordinates":[100.5621599,13.7355101]}},{"type":"Feature","id":4460800313,"properties":{"amenity":"bank","atm":"yes","brand":"ธนาคารกสิกรไทย","brand:en":"Kasikornbank","brand:th":"ธนาคารกสิกรไทย","brand:wikidata":"Q276557","level":"0","name":"ธนาคารกสิกรไทย","name:en":"Kasikornbank","name:th":"ธนาคารกสิกรไทย","@type":"node","@id":4460800313},"geometry":{"type":"Point","coordinates":[100.5617171,13.7413759]}},{"type":"Feature","id":4460800318,"properties":{"amenity":"bank","atm":"yes","brand":"ธนาคารไทยพาณิชย์","brand:en":"Siam Commercial Bank","brand:th":"ธนาคารไทยพาณิชย์","brand:wikidata":"Q2038986","level":"0","name":"ธนาคารไทยพาณิชย์","name:en":"Siam Commercial Bank","name:th":"ธนาคารไทยพาณิชย์","opening_hours":"Mo-Fr 08:30-16:00; PH off","@type":"node","@id":4460800318},"geometry":{"type":"Point","coordinates":[100.5617653,13.7365958]}},{"type":"Feature","id":4460802618,"properties":{"alt_name":"United Overseas Bank","amenity":"bank","atm":"yes","brand":"UOB","brand:wikidata":"Q2064074","level":"0","name":"UOB","@type":"node","@id":4460802618},"geometry":{"type":"Point","coordinates":[100.5615986,13.7418773]}},{"type":"Feature","id":4462541140,"properties":{"amenity":"bank","atm":"yes","brand":"ธนาคารกรุงไทย","brand:en":"Krung Thai Bank","brand:th":"ธนาคารกรุงไทย","brand:wikidata":"Q962865","level":"0","name":"ธนาคารกรุงไทย","name:en":"Krung Thai Bank","name:th":"ธนาคารกรุงไทย","@type":"node","@id":4462541140},"geometry":{"type":"Point","coordinates":[100.5627109,13.7470706]}},{"type":"Feature","id":4462541141,"properties":{"alt_name":"ธนาคารแลนด์ แอนด์ เฮ้าส์","alt_name:en":"Land and Houses Bank","amenity":"bank","atm":"yes","brand":"LH Bank","name":"LH Bank","@type":"node","@id":4462541141},"geometry":{"type":"Point","coordinates":[100.5628554,13.7456747]}},{"type":"Feature","id":4466071191,"properties":{"amenity":"bank","brand":"ธนาคารกรุงเทพ","brand:en":"Bangkok Bank","brand:th":"ธนาคารกรุงเทพ","brand:wikidata":"Q806483","name":"ธนาคารกรุงเทพ","name:en":"Bangkok Bank","name:th":"ธนาคารกรุงเทพ","opening_hours":"Mo-Fr 08:30-16:00","@type":"node","@id":4466071191},"geometry":{"type":"Point","coordinates":[100.6024967,13.7036038]}},{"type":"Feature","id":4466102296,"properties":{"amenity":"atm","operator":"K-Bank","@type":"node","@id":4466102296},"geometry":{"type":"Point","coordinates":[100.6015923,13.7050661]}},{"type":"Feature","id":4466147392,"properties":{"amenity":"bank","name:en":"Government Saving Bank","@type":"node","@id":4466147392},"geometry":{"type":"Point","coordinates":[100.6246101,13.7412307]}},{"type":"Feature","id":4468434589,"properties":{"amenity":"atm","brand":"ธนาคารกรุงไทย","brand:en":"Krung Thai Bank","brand:th":"ธนาคารกรุงไทย","brand:wikidata":"Q962865","name":"ธนาคารกรุงไทย","name:en":"Krung Thai Bank","name:th":"ธนาคารกรุงไทย","operator":"ธนาคารกรุงไทย","operator:wikidata":"Q962865","@type":"node","@id":4468434589},"geometry":{"type":"Point","coordinates":[100.6013001,13.7058734]}},{"type":"Feature","id":4470628789,"properties":{"amenity":"atm","@type":"node","@id":4470628789},"geometry":{"type":"Point","coordinates":[100.607717,13.6654304]}},{"type":"Feature","id":4475356240,"properties":{"addr:housenumber":"61/6","amenity":"bank","atm":"yes","brand":"ธนาคารกสิกรไทย","brand:en":"Kasikornbank","brand:th":"ธนาคารกสิกรไทย","brand:wikidata":"Q276557","name":"ธนาคารกสิกรไทย","name:en":"Kasikornbank","name:th":"ธนาคารกสิกรไทย","opening_hours":"Mo-Fr 09:00-16:00","@type":"node","@id":4475356240},"geometry":{"type":"Point","coordinates":[100.5798083,13.7262609]}},{"type":"Feature","id":4475356245,"properties":{"amenity":"bank","atm":"yes","brand":"ธนาคารไทยพาณิชย์","brand:en":"Siam Commercial Bank","brand:th":"ธนาคารไทยพาณิชย์","brand:wikidata":"Q2038986","name":"ธนาคารไทยพาณิชย์","name:en":"Siam Commercial Bank","name:th":"ธนาคารไทยพาณิชย์","@type":"node","@id":4475356245},"geometry":{"type":"Point","coordinates":[100.5798263,13.7256528]}},{"type":"Feature","id":4475418054,"properties":{"amenity":"bank","atm":"yes","brand":"ซีไอเอ็มบี ไทย","brand:en":"CIMB THAI","brand:th":"ซีไอเอ็มบี ไทย","name":"ซีไอเอ็มบี ไทย","name:en":"CIMB THAI","name:th":"ซีไอเอ็มบี ไทย","opening_hours":"Mo-Fr 08:30-16:30","@type":"node","@id":4475418054},"geometry":{"type":"Point","coordinates":[100.5786897,13.7243155]}},{"type":"Feature","id":4475556541,"properties":{"alt_name":"United Overseas Bank","amenity":"bank","atm":"yes","brand":"UOB","brand:wikidata":"Q2064074","brand:wikipedia":"en:United Overseas Bank","name":"UOB","opening_hours":"Mo-Fr 08:30-15:30","@type":"node","@id":4475556541},"geometry":{"type":"Point","coordinates":[100.570537,13.7296082]}},{"type":"Feature","id":4481728090,"properties":{"amenity":"bank","name":"Government Saving Bank","name:th":"Government Saving Bank","@type":"node","@id":4481728090},"geometry":{"type":"Point","coordinates":[100.5084273,13.7412323]}},{"type":"Feature","id":4484450398,"properties":{"amenity":"bank","atm":"yes","brand":"ธนาคารธนชาต","brand:en":"Thanachart Bank","brand:th":"ธนาคารธนชาต","name":"ธนาคารธนชาต","name:en":"Thanachart Bank","name:th":"ธนาคารธนชาต","@type":"node","@id":4484450398},"geometry":{"type":"Point","coordinates":[100.7602116,13.6114276]}},{"type":"Feature","id":4484491438,"properties":{"amenity":"bank","atm":"yes","brand":"ธนาคารกรุงเทพ","brand:en":"Bangkok Bank","brand:th":"ธนาคารกรุงเทพ","brand:wikidata":"Q806483","brand:wikipedia":"en:Bangkok Bank","name":"ธนาคารกรุงเทพ","name:en":"Bangkok Bank","name:th":"ธนาคารกรุงเทพ","@type":"node","@id":4484491438},"geometry":{"type":"Point","coordinates":[100.6788972,13.6526412]}},{"type":"Feature","id":4484525092,"properties":{"amenity":"bank","atm":"yes","brand":"ธนาคารกรุงเทพ","brand:en":"Bangkok Bank","brand:th":"ธนาคารกรุงเทพ","brand:wikidata":"Q806483","name":"ธนาคารกรุงเทพ","name:en":"Bangkok Bank","name:th":"ธนาคารกรุงเทพ","@type":"node","@id":4484525092},"geometry":{"type":"Point","coordinates":[100.6366644,13.6679654]}},{"type":"Feature","id":4484525096,"properties":{"amenity":"bank","atm":"yes","brand":"ธนาคารทหารไทย","brand:en":"TMBThanachart Bank","brand:th":"ธนาคารทหารไทย","brand:wikidata":"Q1527826","name":"ธนาคารทหารไทย","name:en":"TMBThanachart Bank","name:th":"ธนาคารทหารไทย","short_name":"ttb","@type":"node","@id":4484525096},"geometry":{"type":"Point","coordinates":[100.6437513,13.6665454]}},{"type":"Feature","id":4484539485,"properties":{"amenity":"bank","atm":"yes","brand":"ธนาคารกรุงไทย","brand:en":"Krung Thai Bank","brand:th":"ธนาคารกรุงไทย","brand:wikidata":"Q962865","name":"ธนาคารกรุงไทย","name:en":"Krung Thai Bank","name:th":"ธนาคารกรุงไทย","@type":"node","@id":4484539485},"geometry":{"type":"Point","coordinates":[100.6044422,13.6990315]}},{"type":"Feature","id":4484539486,"properties":{"amenity":"bank","atm":"yes","brand":"ธนาคารไทยพาณิชย์","brand:en":"Siam Commercial Bank","brand:th":"ธนาคารไทยพาณิชย์","brand:wikidata":"Q2038986","name":"ธนาคารไทยพาณิชย์","name:en":"Siam Commercial Bank","name:th":"ธนาคารไทยพาณิชย์","@type":"node","@id":4484539486},"geometry":{"type":"Point","coordinates":[100.6059869,13.696141]}},{"type":"Feature","id":4484539487,"properties":{"amenity":"bank","atm":"yes","brand":"ธนาคารทหารไทย","brand:en":"TMBThanachart Bank","brand:th":"ธนาคารทหารไทย","brand:wikidata":"Q1527826","name":"ธนาคารทหารไทย","name:en":"TMBThanachart Bank","name:th":"ธนาคารทหารไทย","short_name":"ttb","@type":"node","@id":4484539487},"geometry":{"type":"Point","coordinates":[100.6041913,13.6995501]}},{"type":"Feature","id":4484624690,"properties":{"amenity":"bank","atm":"yes","brand":"ธนาคารกรุงเทพ","brand:en":"Bangkok Bank","brand:th":"ธนาคารกรุงเทพ","brand:wikidata":"Q806483","name":"ธนาคารกรุงเทพ","name:en":"Bangkok Bank","name:th":"ธนาคารกรุงเทพ","@type":"node","@id":4484624690},"geometry":{"type":"Point","coordinates":[100.5729283,13.728474]}},{"type":"Feature","id":4484624696,"properties":{"amenity":"bank","atm":"yes","brand":"ธนาคารธนชาต","brand:en":"Thanachart Bank","brand:th":"ธนาคารธนชาต","name":"ธนาคารธนชาต","name:en":"Thanachart Bank","name:th":"ธนาคารธนชาต","@type":"node","@id":4484624696},"geometry":{"type":"Point","coordinates":[100.5745079,13.7272635]}},{"type":"Feature","id":4484651856,"properties":{"amenity":"bank","atm":"yes","brand":"ธนาคารอาคารสงเคราะห์","brand:en":"Government Housing Bank","brand:th":"ธนาคารอาคารสงเคราะห์","name":"ธนาคารอาคารสงเคราะห์","name:en":"Government Housing Bank","name:th":"ธนาคารอาคารสงเคราะห์","wheelchair":"no","@type":"node","@id":4484651856},"geometry":{"type":"Point","coordinates":[100.5632082,13.7352307]}},{"type":"Feature","id":4494582892,"properties":{"amenity":"bank","name":"กรุงไทย สาขาติวานนท์3","name:th":"กรุงไทย สาขาติวานนท์3","@type":"node","@id":4494582892},"geometry":{"type":"Point","coordinates":[100.5155997,13.8501281]}},{"type":"Feature","id":4503624990,"properties":{"amenity":"atm","brand":"ธนาคารทหารไทย","brand:en":"TMBThanachart Bank","brand:th":"ธนาคารทหารไทย","brand:wikidata":"Q1527826","name":"ธนาคารทหารไทย","name:en":"TMBThanachart Bank","name:th":"ธนาคารทหารไทย","opening_hours":"24/7","operator":"ธนาคารทหารไทย","operator:wikidata":"Q1527826","short_name":"ttb","@type":"node","@id":4503624990},"geometry":{"type":"Point","coordinates":[100.5338491,13.7577991]}},{"type":"Feature","id":4505784421,"properties":{"amenity":"atm","name":"CIMB","@type":"node","@id":4505784421},"geometry":{"type":"Point","coordinates":[100.4969097,13.7601792]}},{"type":"Feature","id":4512014701,"properties":{"amenity":"bank","atm":"yes","brand":"ธนาคารกสิกรไทย","brand:en":"Kasikornbank","brand:th":"ธนาคารกสิกรไทย","brand:wikidata":"Q276557","level":"0","name":"ธนาคารกสิกรไทย","name:en":"Kasikornbank","name:th":"ธนาคารกสิกรไทย","opening_hours":"Mo-Fr 10:00-18:00","@type":"node","@id":4512014701},"geometry":{"type":"Point","coordinates":[100.5615323,13.7354365]}},{"type":"Feature","id":4520034692,"properties":{"amenity":"atm","operator":"Kasikorn","@type":"node","@id":4520034692},"geometry":{"type":"Point","coordinates":[100.5456824,13.7816002]}},{"type":"Feature","id":4520088990,"properties":{"amenity":"atm","operator":"Kasikorn","@type":"node","@id":4520088990},"geometry":{"type":"Point","coordinates":[100.5461117,13.7832159]}},{"type":"Feature","id":4522728287,"properties":{"addr:city":"หนองแขม","addr:housenumber":"14/23-25","addr:postcode":"10160","addr:street":"ถนนเพชรเกษม","alt_name:en":"Krungsri","amenity":"bank","atm":"yes","brand":"กรุงศรี","brand:en":"Bank of Ayudhya","brand:th":"กรุงศรี","brand:wikidata":"Q782537","name":"กรุงศรี","name:en":"Bank of Ayudhya","name:th":"กรุงศรี","operator":"ธนาคารกรุงศรีอยุธยา","@type":"node","@id":4522728287},"geometry":{"type":"Point","coordinates":[100.3543823,13.7060566]}},{"type":"Feature","id":4522760043,"properties":{"amenity":"atm","brand":"ธนาคารไทยพาณิชย์","brand:en":"Siam Commercial Bank","brand:th":"ธนาคารไทยพาณิชย์","brand:wikidata":"Q2038986","name:en":"Siam Commercial Bank","name:th":"ธนาคารไทยพาณิชย์","operator":"ธนาคารไทยพาณิชย์","operator:wikidata":"Q2038986","@type":"node","@id":4522760043},"geometry":{"type":"Point","coordinates":[100.3528012,13.705906]}},{"type":"Feature","id":4522767387,"properties":{"addr:city":"หนองแขม","addr:housenumber":"7","addr:postcode":"10160","addr:street":"ถนนเพชรเกษม","amenity":"bank","atm":"yes","name":"ธนาคารซีไอเอ็มบี ไทย จำกัด (มหาชน) สาขาหนองแขม","operator":"ธนาคารซีไอเอ็มบีไทย","@type":"node","@id":4522767387},"geometry":{"type":"Point","coordinates":[100.3524981,13.7059008]}},{"type":"Feature","id":4522847557,"properties":{"amenity":"atm","brand":"ธนาคารกสิกรไทย","brand:en":"Kasikornbank","brand:th":"ธนาคารกสิกรไทย","brand:wikidata":"Q276557","name:en":"Kasikornbank","name:th":"ธนาคารกสิกรไทย","operator":"ธนาคารกสิกรไทย","operator:wikidata":"Q276557","@type":"node","@id":4522847557},"geometry":{"type":"Point","coordinates":[100.3500687,13.7055969]}},{"type":"Feature","id":4525584600,"properties":{"amenity":"atm","operator":"ธนาคารกรุงเทพ","@type":"node","@id":4525584600},"geometry":{"type":"Point","coordinates":[100.3573172,13.7027351]}},{"type":"Feature","id":4525588717,"properties":{"amenity":"atm","operator":"ธนาคารไทยพาณิชย์","@type":"node","@id":4525588717},"geometry":{"type":"Point","coordinates":[100.3579528,13.7026843]}},{"type":"Feature","id":4525732906,"properties":{"amenity":"atm","brand":"ธนาคารกรุงไทย","brand:en":"Krung Thai Bank","brand:th":"ธนาคารกรุงไทย","brand:wikidata":"Q962865","name:en":"Krung Thai Bank","name:th":"ธนาคารกรุงไทย","operator":"ธนาคารกรุงไทย","operator:wikidata":"Q962865","@type":"node","@id":4525732906},"geometry":{"type":"Point","coordinates":[100.3789821,13.6925356]}},{"type":"Feature","id":4525837754,"properties":{"amenity":"atm","operator":"ธนาคารไทยพาณิชย์","@type":"node","@id":4525837754},"geometry":{"type":"Point","coordinates":[100.3640254,13.6875576]}},{"type":"Feature","id":4527517187,"properties":{"amenity":"atm","operator":"ธนาคารกสิกรไทย","@type":"node","@id":4527517187},"geometry":{"type":"Point","coordinates":[100.3539321,13.6841266]}},{"type":"Feature","id":4527517792,"properties":{"amenity":"atm","operator":"ธนาคารกรุงไทย","@type":"node","@id":4527517792},"geometry":{"type":"Point","coordinates":[100.353857,13.6842647]}},{"type":"Feature","id":4527527221,"properties":{"amenity":"atm","operator":"ธนาคารกรุงเทพ","@type":"node","@id":4527527221},"geometry":{"type":"Point","coordinates":[100.3529954,13.6839486]}},{"type":"Feature","id":4527753905,"properties":{"amenity":"atm","operator":"ธนาคารกรุงไทย","@type":"node","@id":4527753905},"geometry":{"type":"Point","coordinates":[100.3261929,13.6764343]}},{"type":"Feature","id":4529451397,"properties":{"amenity":"atm","operator":"ธนาคารไทยพาณิชย์","@type":"node","@id":4529451397},"geometry":{"type":"Point","coordinates":[100.343241,13.6866216]}},{"type":"Feature","id":4529463680,"properties":{"amenity":"atm","operator":"ธนาคารกสิกรไทย","@type":"node","@id":4529463680},"geometry":{"type":"Point","coordinates":[100.343278,13.6866079]}},{"type":"Feature","id":4529463681,"properties":{"amenity":"atm","operator":"ธนาคารกรุงเทพ","@type":"node","@id":4529463681},"geometry":{"type":"Point","coordinates":[100.3433021,13.6866183]}},{"type":"Feature","id":4529538491,"properties":{"amenity":"bank","name":"ธนาคารไทยพาณิชย์ สาขาประชาชื่น","name:en":"Siam Commercial Bank Prachachuen Branch","name:th":"ธนาคารไทยพาณิชย์ สาขาประชาชื่น","@type":"node","@id":4529538491},"geometry":{"type":"Point","coordinates":[100.5379631,13.8262359]}},{"type":"Feature","id":4529558832,"properties":{"amenity":"bank","atm":"yes","name":"ธนาคารเพื่อการเกษตรและสหกรณ์การเกษตร สาขาย่อยหนองแขม","operator":"ธนาคารเพื่อการเกษตรและสหกรณ์การเกษตร","@type":"node","@id":4529558832},"geometry":{"type":"Point","coordinates":[100.3423371,13.6909829]}},{"type":"Feature","id":4529568010,"properties":{"amenity":"atm","operator":"ธนาคารกรุงไทย","@type":"node","@id":4529568010},"geometry":{"type":"Point","coordinates":[100.3423499,13.6902198]}},{"type":"Feature","id":4529606498,"properties":{"amenity":"bank","name":"ธนาคารกสิกรไทย สาขาเทสโก้โลตัสเพชรเกษม 81","@type":"node","@id":4529606498},"geometry":{"type":"Point","coordinates":[100.3418684,13.6914552]}},{"type":"Feature","id":4529666588,"properties":{"amenity":"atm","operator":"ธนาคารทหารไทย","@type":"node","@id":4529666588},"geometry":{"type":"Point","coordinates":[100.3418611,13.692831]}},{"type":"Feature","id":4529673326,"properties":{"amenity":"atm","operator":"ธนาคารกรุงเทพ","@type":"node","@id":4529673326},"geometry":{"type":"Point","coordinates":[100.3416351,13.6943289]}},{"type":"Feature","id":4529932124,"properties":{"amenity":"atm","operator":"ธนาคารซีไอเอ็มบีไทย","@type":"node","@id":4529932124},"geometry":{"type":"Point","coordinates":[100.3403959,13.6995051]}},{"type":"Feature","id":4529945691,"properties":{"amenity":"atm","brand":"ธนาคารกรุงเทพ","brand:en":"Bangkok Bank","brand:th":"ธนาคารกรุงเทพ","brand:wikidata":"Q806483","name":"ธนาคารกรุงเทพ","name:en":"Bangkok Bank","name:th":"ธนาคารกรุงเทพ","operator":"ธนาคารกรุงเทพ","operator:wikidata":"Q806483","@type":"node","@id":4529945691},"geometry":{"type":"Point","coordinates":[100.5882334,13.7360988]}},{"type":"Feature","id":4530220894,"properties":{"amenity":"bank","brand":"ธนาคารไทยพาณิชย์","brand:en":"Siam Commercial Bank","brand:th":"ธนาคารไทยพาณิชย์","brand:wikidata":"Q2038986","name":"ธนาคารไทยพาณิชย์","name:en":"Siam Commercial Bank","name:th":"ธนาคารไทยพาณิชย์","@type":"node","@id":4530220894},"geometry":{"type":"Point","coordinates":[100.587604,13.7346073]}},{"type":"Feature","id":4530287995,"properties":{"amenity":"bank","brand":"ธนาคารทหารไทย","brand:en":"TMBThanachart Bank","brand:th":"ธนาคารทหารไทย","brand:wikidata":"Q1527826","name":"ธนาคารทหารไทย","name:en":"TMBThanachart Bank","name:th":"ธนาคารทหารไทย","short_name":"ttb","@type":"node","@id":4530287995},"geometry":{"type":"Point","coordinates":[100.5878454,13.7353099]}},{"type":"Feature","id":4531147542,"properties":{"amenity":"atm","brand":"ธนาคารออมสิน","brand:en":"Government Savings Bank","brand:th":"ธนาคารออมสิน","brand:wikidata":"Q6579041","name:en":"Government Savings Bank","name:th":"ธนาคารออมสิน","operator":"ธนาคารออมสิน","operator:wikidata":"Q6579041","@type":"node","@id":4531147542},"geometry":{"type":"Point","coordinates":[100.3495123,13.7057527]}},{"type":"Feature","id":4531147621,"properties":{"amenity":"atm","brand":"ธนาคารกรุงไทย","brand:en":"Krung Thai Bank","brand:th":"ธนาคารกรุงไทย","brand:wikidata":"Q962865","name:en":"Krung Thai Bank","name:th":"ธนาคารกรุงไทย","operator":"ธนาคารกรุงไทย","operator:wikidata":"Q962865","@type":"node","@id":4531147621},"geometry":{"type":"Point","coordinates":[100.3490356,13.7057142]}},{"type":"Feature","id":4531179481,"properties":{"amenity":"bank","atm":"yes","name":"ธนาคารยูโอบี สาขาหนองแขม","@type":"node","@id":4531179481},"geometry":{"type":"Point","coordinates":[100.3363245,13.7046219]}},{"type":"Feature","id":4531188058,"properties":{"amenity":"atm","operator":"ธนาคารทหารไทย","@type":"node","@id":4531188058},"geometry":{"type":"Point","coordinates":[100.3353214,13.7021281]}},{"type":"Feature","id":4531206817,"properties":{"amenity":"bank","atm":"yes","name":"ธนาคารอาคารสงเคราะห์ สาขาหนองแขม","operator":"ธนาคารอาคารสงเคราะห์","@type":"node","@id":4531206817},"geometry":{"type":"Point","coordinates":[100.3340159,13.7044387]}},{"type":"Feature","id":4532190834,"properties":{"amenity":"bank","name":"KTB","@type":"node","@id":4532190834},"geometry":{"type":"Point","coordinates":[100.5085174,13.7673162]}},{"type":"Feature","id":4538263125,"properties":{"amenity":"atm","operator":"ATM","@type":"node","@id":4538263125},"geometry":{"type":"Point","coordinates":[100.5515579,13.7993414]}},{"type":"Feature","id":4538263126,"properties":{"amenity":"atm","operator":"ATM","@type":"node","@id":4538263126},"geometry":{"type":"Point","coordinates":[100.582293,13.7344657]}},{"type":"Feature","id":4538289092,"properties":{"amenity":"atm","operator":"ATM","@type":"node","@id":4538289092},"geometry":{"type":"Point","coordinates":[100.5218124,13.73238]}},{"type":"Feature","id":4538921590,"properties":{"amenity":"atm","@type":"node","@id":4538921590},"geometry":{"type":"Point","coordinates":[100.4157126,13.7615753]}},{"type":"Feature","id":4547466354,"properties":{"amenity":"bank","brand":"ธนาคารกสิกรไทย","brand:en":"Kasikornbank","brand:th":"ธนาคารกสิกรไทย","brand:wikidata":"Q276557","name":"ธนาคารกสิกรไทย","name:en":"Kasikornbank","name:th":"ธนาคารกสิกรไทย","@type":"node","@id":4547466354},"geometry":{"type":"Point","coordinates":[100.5134405,13.7876597]}},{"type":"Feature","id":4549009692,"properties":{"amenity":"atm","brand":"ธนาคารไทยพาณิชย์","brand:en":"Siam Commercial Bank","brand:th":"ธนาคารไทยพาณิชย์","brand:wikidata":"Q2038986","name":"ธนาคารไทยพาณิชย์","name:en":"Siam Commercial Bank","name:th":"ธนาคารไทยพาณิชย์","opening_hours":"24/7","operator":"ธนาคารไทยพาณิชย์","operator:wikidata":"Q2038986","@type":"node","@id":4549009692},"geometry":{"type":"Point","coordinates":[100.5882083,13.7416367]}},{"type":"Feature","id":4549172690,"properties":{"amenity":"atm","check_date":"2022-06-27","operator":"Ktb","@type":"node","@id":4549172690},"geometry":{"type":"Point","coordinates":[100.5673219,13.7324768]}},{"type":"Feature","id":4549198789,"properties":{"amenity":"bank","name:en":"Krungthai","@type":"node","@id":4549198789},"geometry":{"type":"Point","coordinates":[100.5648757,13.7322817]}},{"type":"Feature","id":4549198790,"properties":{"amenity":"atm","operator":"Kasikornthai","wheelchair":"yes","@type":"node","@id":4549198790},"geometry":{"type":"Point","coordinates":[100.5673922,13.7323146]}},{"type":"Feature","id":4549198989,"properties":{"amenity":"atm","@type":"node","@id":4549198989},"geometry":{"type":"Point","coordinates":[100.5647176,13.7322889]}},{"type":"Feature","id":4551174990,"properties":{"amenity":"atm","check_date":"2024-02-10","operator":"Krungsri","@type":"node","@id":4551174990},"geometry":{"type":"Point","coordinates":[100.5629515,13.7355291]}},{"type":"Feature","id":4551213289,"properties":{"amenity":"atm","check_date":"2024-02-10","operator":"K","@type":"node","@id":4551213289},"geometry":{"type":"Point","coordinates":[100.562943,13.7354736]}},{"type":"Feature","id":4552341992,"properties":{"amenity":"atm","operator":"Easybank","@type":"node","@id":4552341992},"geometry":{"type":"Point","coordinates":[100.5325198,13.7271748]}},{"type":"Feature","id":4553850696,"properties":{"amenity":"atm","operator":"Krungsi","@type":"node","@id":4553850696},"geometry":{"type":"Point","coordinates":[100.5650298,13.7321266]}},{"type":"Feature","id":4566445903,"properties":{"amenity":"atm","brand":"ธนาคารกรุงเทพ","brand:en":"Bangkok Bank","brand:th":"ธนาคารกรุงเทพ","brand:wikidata":"Q806483","currency:THB":"yes","drive_through":"no","name":"ATM ธนาคารกรุงเทพ","name:en":"Bangkok Bank ATM","name:th":"ATM ธนาคารกรุงเทพ","operator":"ธนาคารกรุงเทพ","operator:wikidata":"Q806483","@type":"node","@id":4566445903},"geometry":{"type":"Point","coordinates":[100.5148006,13.7300929]}},{"type":"Feature","id":4577043772,"properties":{"amenity":"atm","currency:THB":"yes","operator":"Kasikorn Thai","@type":"node","@id":4577043772},"geometry":{"type":"Point","coordinates":[100.6846919,13.919627]}},{"type":"Feature","id":4578487765,"properties":{"amenity":"atm","@type":"node","@id":4578487765},"geometry":{"type":"Point","coordinates":[100.5743328,13.7892021]}},{"type":"Feature","id":4583413089,"properties":{"addr:housenumber":"10","addr:postcode":"10250","addr:street":"ซอยรามคำแหง 24 แยก 24","amenity":"bank","name":"หอพัก โจอี้","@type":"node","@id":4583413089},"geometry":{"type":"Point","coordinates":[100.6263565,13.7458431]}},{"type":"Feature","id":4585149865,"properties":{"amenity":"atm","currency:THB":"yes","operator":"Krungsri","@type":"node","@id":4585149865},"geometry":{"type":"Point","coordinates":[100.5742643,13.7875877]}},{"type":"Feature","id":4585231694,"properties":{"amenity":"atm","currency:THB":"yes","@type":"node","@id":4585231694},"geometry":{"type":"Point","coordinates":[100.5750949,13.7895865]}},{"type":"Feature","id":4588328407,"properties":{"amenity":"atm","brand":"ธนาคารกรุงไทย","brand:en":"Krung Thai Bank","brand:th":"ธนาคารกรุงไทย","brand:wikidata":"Q962865","check_date":"2022-06-18","layer":"1","name":"ธนาคารกรุงไทย","name:en":"Krung Thai Bank","name:th":"ธนาคารกรุงไทย","operator":"ธนาคารกรุงไทย","operator:wikidata":"Q962865","@type":"node","@id":4588328407},"geometry":{"type":"Point","coordinates":[100.5273932,13.7469572]}},{"type":"Feature","id":4588328408,"properties":{"amenity":"atm","brand":"ธนาคารกรุงไทย","brand:en":"Krung Thai Bank","brand:th":"ธนาคารกรุงไทย","brand:wikidata":"Q962865","check_date":"2022-06-18","layer":"1","name":"ธนาคารกรุงไทย","name:en":"Krung Thai Bank","name:th":"ธนาคารกรุงไทย","operator":"ธนาคารกรุงไทย","operator:wikidata":"Q962865","@type":"node","@id":4588328408},"geometry":{"type":"Point","coordinates":[100.5274407,13.7469507]}},{"type":"Feature","id":4588597234,"properties":{"amenity":"bank","atm":"yes","bic":"KRTHTHBK","brand":"ธนาคารกรุงไทย","brand:en":"Krung Thai Bank","brand:th":"ธนาคารกรุงไทย","brand:wikidata":"Q962865","name":"ธนาคารกรุงไทย","name:en":"Krung Thai Bank","name:th":"ธนาคารกรุงไทย","opening_hours":"Mo-Fr 08:30-16:30","wheelchair":"yes","@type":"node","@id":4588597234},"geometry":{"type":"Point","coordinates":[100.52731,13.7470617]}},{"type":"Feature","id":4589192890,"properties":{"amenity":"bank","name":"TMB","name:en":"TMB","@type":"node","@id":4589192890},"geometry":{"type":"Point","coordinates":[100.5293305,13.9529615]}},{"type":"Feature","id":4592081198,"properties":{"amenity":"atm","operator":"ธนาคารไทยพาณิชย์","@type":"node","@id":4592081198},"geometry":{"type":"Point","coordinates":[100.3238311,13.7037626]}},{"type":"Feature","id":4592081199,"properties":{"amenity":"atm","operator":"ธนาคารกรุงเทพ;ธนาคารกสิกรไทย","@type":"node","@id":4592081199},"geometry":{"type":"Point","coordinates":[100.3238311,13.7037626]}},{"type":"Feature","id":4592365984,"properties":{"amenity":"atm","operator":"ธนาคารไทยพาณิชย์","@type":"node","@id":4592365984},"geometry":{"type":"Point","coordinates":[100.3173536,13.7044862]}},{"type":"Feature","id":4594046889,"properties":{"addr:city":"อ้อมน้อย","addr:housenumber":"131","addr:postcode":"74130","addr:street":"ถนนเพชรเกษม","amenity":"bank","atm":"yes","name":"ธนาคารไทยพาณิชย์ สาขาอ้อมน้อย","operator":"ธนาคารไทยพาณิชย์","@type":"node","@id":4594046889},"geometry":{"type":"Point","coordinates":[100.3160443,13.7044843]}},{"type":"Feature","id":4594065593,"properties":{"amenity":"atm","operator":"ธนาคารไทยพาณิชย์","@type":"node","@id":4594065593},"geometry":{"type":"Point","coordinates":[100.315856,13.7023649]}},{"type":"Feature","id":4594065594,"properties":{"amenity":"atm","operator":"ธนาคารกสิกรไทย","@type":"node","@id":4594065594},"geometry":{"type":"Point","coordinates":[100.315856,13.7023649]}},{"type":"Feature","id":4594362269,"properties":{"addr:postcode":"10110","addr:province":"กรุงเทพมหานคร","addr:street":"ซอย อ่อนนุช 1/1","amenity":"bank","name":"SCB","@type":"node","@id":4594362269},"geometry":{"type":"Point","coordinates":[100.6009802,13.7129588]}},{"type":"Feature","id":4595766390,"properties":{"amenity":"bank","name":"ธนาคารกรุงไทย","name:en":"Krungthai Bank PLC","opening_hours":"Mo-Fr 08:30-16:00","website":"https://www.ktb.co.th","@type":"node","@id":4595766390},"geometry":{"type":"Point","coordinates":[100.5559712,13.8706329]}},{"type":"Feature","id":4601113494,"properties":{"amenity":"bank","atm":"yes","name":"Siam City Bank","name:en":"Ellizabeth Guest House","tourism":"guest_house","@type":"node","@id":4601113494},"geometry":{"type":"Point","coordinates":[100.5355266,13.7519685]}},{"type":"Feature","id":4605890322,"properties":{"amenity":"bank","atm":"yes","name":"GHB","@type":"node","@id":4605890322},"geometry":{"type":"Point","coordinates":[100.5059619,13.7388638]}},{"type":"Feature","id":4609360803,"properties":{"amenity":"atm","operator":"Krungsri","@type":"node","@id":4609360803},"geometry":{"type":"Point","coordinates":[100.5479444,13.9139838]}},{"type":"Feature","id":4609360804,"properties":{"amenity":"atm","operator":"Bangkok Bank","@type":"node","@id":4609360804},"geometry":{"type":"Point","coordinates":[100.5479949,13.9141197]}},{"type":"Feature","id":4609360811,"properties":{"amenity":"bank","name:en":"Krungsri","@type":"node","@id":4609360811},"geometry":{"type":"Point","coordinates":[100.5485831,13.9137165]}},{"type":"Feature","id":4609386296,"properties":{"amenity":"bank","name:en":"Krungsri","@type":"node","@id":4609386296},"geometry":{"type":"Point","coordinates":[100.5478309,13.9139589]}},{"type":"Feature","id":4609387801,"properties":{"amenity":"atm","operator":"Krungsri","@type":"node","@id":4609387801},"geometry":{"type":"Point","coordinates":[100.5481639,13.9151199]}},{"type":"Feature","id":4609387894,"properties":{"amenity":"atm","operator":"Kasikornthai","@type":"node","@id":4609387894},"geometry":{"type":"Point","coordinates":[100.5479785,13.9140759]}},{"type":"Feature","id":4609387895,"properties":{"amenity":"atm","operator":"Krungthai Bank","@type":"node","@id":4609387895},"geometry":{"type":"Point","coordinates":[100.548011,13.9141628]}},{"type":"Feature","id":4609387994,"properties":{"amenity":"atm","operator":"Tmb","@type":"node","@id":4609387994},"geometry":{"type":"Point","coordinates":[100.5475108,13.9142375]}},{"type":"Feature","id":4609387997,"properties":{"amenity":"atm","operator":"Scm","@type":"node","@id":4609387997},"geometry":{"type":"Point","coordinates":[100.5479607,13.9140293]}},{"type":"Feature","id":4609387999,"properties":{"amenity":"atm","operator":"Bangkok Bank","@type":"node","@id":4609387999},"geometry":{"type":"Point","coordinates":[100.5489093,13.9152642]}},{"type":"Feature","id":4609388000,"properties":{"amenity":"atm","operator":"Kasikorn Bank","@type":"node","@id":4609388000},"geometry":{"type":"Point","coordinates":[100.5489921,13.9152373]}},{"type":"Feature","id":4609395791,"properties":{"amenity":"atm","operator":"Krungsri","@type":"node","@id":4609395791},"geometry":{"type":"Point","coordinates":[100.5477899,13.9138489]}},{"type":"Feature","id":4609761595,"properties":{"amenity":"atm","@type":"node","@id":4609761595},"geometry":{"type":"Point","coordinates":[100.5606846,13.8157746]}},{"type":"Feature","id":4609763200,"properties":{"amenity":"bank","name:en":"Government Savings","@type":"node","@id":4609763200},"geometry":{"type":"Point","coordinates":[100.5596611,13.8161793]}},{"type":"Feature","id":4609763201,"properties":{"amenity":"atm","operator":"Goverment Savings","@type":"node","@id":4609763201},"geometry":{"type":"Point","coordinates":[100.5596214,13.8161876]}},{"type":"Feature","id":4609880189,"properties":{"amenity":"bank","name:en":"Kiatnakin","@type":"node","@id":4609880189},"geometry":{"type":"Point","coordinates":[100.5597435,13.8161582]}},{"type":"Feature","id":4611602727,"properties":{"amenity":"atm","@type":"node","@id":4611602727},"geometry":{"type":"Point","coordinates":[100.5743995,13.7884225]}},{"type":"Feature","id":4617237590,"properties":{"amenity":"bank","name:en":"Siam Commercial","@type":"node","@id":4617237590},"geometry":{"type":"Point","coordinates":[100.559771,13.8156225]}},{"type":"Feature","id":4617393494,"properties":{"amenity":"bank","name:en":"Krungthai","@type":"node","@id":4617393494},"geometry":{"type":"Point","coordinates":[100.5596876,13.8160799]}},{"type":"Feature","id":4617393497,"properties":{"amenity":"bank","name:en":"Thanachart","@type":"node","@id":4617393497},"geometry":{"type":"Point","coordinates":[100.5603171,13.8157666]}},{"type":"Feature","id":4617406289,"properties":{"amenity":"bank","name:en":"Kasikorn Bank","@type":"node","@id":4617406289},"geometry":{"type":"Point","coordinates":[100.5598541,13.8155921]}},{"type":"Feature","id":4617406290,"properties":{"amenity":"bank","name:en":"Ktc","@type":"node","@id":4617406290},"geometry":{"type":"Point","coordinates":[100.5601357,13.8156984]}},{"type":"Feature","id":4617406389,"properties":{"amenity":"bank","name:en":"Bangkok","@type":"node","@id":4617406389},"geometry":{"type":"Point","coordinates":[100.5597347,13.8157541]}},{"type":"Feature","id":4617406390,"properties":{"amenity":"bank","name:en":"Tisco","@type":"node","@id":4617406390},"geometry":{"type":"Point","coordinates":[100.5597256,13.8158737]}},{"type":"Feature","id":4617406393,"properties":{"amenity":"bank","name:en":"Krungsi","@type":"node","@id":4617406393},"geometry":{"type":"Point","coordinates":[100.560016,13.8156553]}},{"type":"Feature","id":4617406489,"properties":{"amenity":"bank","name:en":"Tmb","@type":"node","@id":4617406489},"geometry":{"type":"Point","coordinates":[100.5597055,13.8159854]}},{"type":"Feature","id":4618435592,"properties":{"amenity":"atm","@type":"node","@id":4618435592},"geometry":{"type":"Point","coordinates":[100.5404394,13.9177335]}},{"type":"Feature","id":4618465889,"properties":{"amenity":"atm","operator":"Bangkok Bank","@type":"node","@id":4618465889},"geometry":{"type":"Point","coordinates":[100.532422,13.9027309]}},{"type":"Feature","id":4618471989,"properties":{"amenity":"atm","@type":"node","@id":4618471989},"geometry":{"type":"Point","coordinates":[100.5288608,13.9034003]}},{"type":"Feature","id":4620810492,"properties":{"amenity":"atm","@type":"node","@id":4620810492},"geometry":{"type":"Point","coordinates":[100.5677593,13.8283114]}},{"type":"Feature","id":4620810493,"properties":{"amenity":"bank","name:en":"Kiatnakin","@type":"node","@id":4620810493},"geometry":{"type":"Point","coordinates":[100.5672999,13.8281608]}},{"type":"Feature","id":4620815495,"properties":{"amenity":"atm","brand":"ธนาคารกรุงเทพ","brand:en":"Bangkok Bank","brand:th":"ธนาคารกรุงเทพ","brand:wikidata":"Q806483","operator":"ธนาคารกรุงเทพ","operator:wikidata":"Q806483","@type":"node","@id":4620815495},"geometry":{"type":"Point","coordinates":[100.5675569,13.8282028]}},{"type":"Feature","id":4620815498,"properties":{"amenity":"atm","@type":"node","@id":4620815498},"geometry":{"type":"Point","coordinates":[100.5686181,13.8285088]}},{"type":"Feature","id":4620817994,"properties":{"amenity":"atm","operator":"Kasikornthai","@type":"node","@id":4620817994},"geometry":{"type":"Point","coordinates":[100.5530879,13.7412153]}},{"type":"Feature","id":4620840293,"properties":{"amenity":"bank","name":"Thanachart Bank","name:en":"Thanachart","@type":"node","@id":4620840293},"geometry":{"type":"Point","coordinates":[100.5676087,13.8282192]}},{"type":"Feature","id":4620840294,"properties":{"amenity":"bank","brand":"ธนาคารกสิกรไทย","brand:en":"Kasikornbank","brand:th":"ธนาคารกสิกรไทย","brand:wikidata":"Q276557","name":"ธนาคารกสิกรไทย","name:en":"Kasikornbank","name:th":"ธนาคารกสิกรไทย","@type":"node","@id":4620840294},"geometry":{"type":"Point","coordinates":[100.567754,13.8282438]}},{"type":"Feature","id":4620840891,"properties":{"amenity":"atm","@type":"node","@id":4620840891},"geometry":{"type":"Point","coordinates":[100.5686975,13.8286066]}},{"type":"Feature","id":4620842092,"properties":{"amenity":"bank","brand":"ธนาคารกรุงเทพ","brand:en":"Bangkok Bank","brand:th":"ธนาคารกรุงเทพ","brand:wikidata":"Q806483","name":"ธนาคารกรุงเทพ","name:en":"Bangkok Bank","name:th":"ธนาคารกรุงเทพ","@type":"node","@id":4620842092},"geometry":{"type":"Point","coordinates":[100.567508,13.8282197]}},{"type":"Feature","id":4620844189,"properties":{"amenity":"bank","name:en":"City","@type":"node","@id":4620844189},"geometry":{"type":"Point","coordinates":[100.5674406,13.8278721]}},{"type":"Feature","id":4620844190,"properties":{"amenity":"bank","brand":"ธนาคารกรุงไทย","brand:en":"Krung Thai Bank","brand:th":"ธนาคารกรุงไทย","brand:wikidata":"Q962865","name":"ธนาคารกรุงไทย","name:en":"Krung Thai Bank","name:th":"ธนาคารกรุงไทย","@type":"node","@id":4620844190},"geometry":{"type":"Point","coordinates":[100.5676719,13.82823]}},{"type":"Feature","id":4620844591,"properties":{"amenity":"atm","@type":"node","@id":4620844591},"geometry":{"type":"Point","coordinates":[100.5682648,13.8283571]}},{"type":"Feature","id":4620853594,"properties":{"amenity":"bank","name:en":"Krungsi","@type":"node","@id":4620853594},"geometry":{"type":"Point","coordinates":[100.5675048,13.8253886]}},{"type":"Feature","id":4620879389,"properties":{"amenity":"atm","brand":"ธนาคารกรุงไทย","brand:en":"Krung Thai Bank","brand:th":"ธนาคารกรุงไทย","brand:wikidata":"Q962865","operator":"ธนาคารกรุงไทย","operator:wikidata":"Q962865","@type":"node","@id":4620879389},"geometry":{"type":"Point","coordinates":[100.5528772,13.7414538]}},{"type":"Feature","id":4621777394,"properties":{"amenity":"atm","@type":"node","@id":4621777394},"geometry":{"type":"Point","coordinates":[100.5420818,13.9412716]}},{"type":"Feature","id":4621816692,"properties":{"amenity":"atm","operator":"Easybank","@type":"node","@id":4621816692},"geometry":{"type":"Point","coordinates":[100.538534,13.9363894]}},{"type":"Feature","id":4622990593,"properties":{"amenity":"atm","operator":"uob","@type":"node","@id":4622990593},"geometry":{"type":"Point","coordinates":[100.5556145,13.7406142]}},{"type":"Feature","id":4623045689,"properties":{"amenity":"atm","operator":"Kasikorn","@type":"node","@id":4623045689},"geometry":{"type":"Point","coordinates":[100.5583628,13.7386122]}},{"type":"Feature","id":4623869994,"properties":{"amenity":"atm","operator":"krungsri","@type":"node","@id":4623869994},"geometry":{"type":"Point","coordinates":[100.5541169,13.7423214]}},{"type":"Feature","id":4627860221,"properties":{"amenity":"atm","operator":"Bangkok Bank","@type":"node","@id":4627860221},"geometry":{"type":"Point","coordinates":[100.7361851,13.7073742]}},{"type":"Feature","id":4628763069,"properties":{"amenity":"atm","brand":"ธนาคารกสิกรไทย","brand:en":"Kasikornbank","brand:th":"ธนาคารกสิกรไทย","brand:wikidata":"Q276557","name:en":"Kasikornbank","name:th":"ธนาคารกสิกรไทย","operator":"ธนาคารกสิกรไทย","operator:wikidata":"Q276557","source":"http://www.mapillary.com/map/im/SlFP4HQCqSOrgUF2-m-2Dg/photo","@type":"node","@id":4628763069},"geometry":{"type":"Point","coordinates":[100.6378365,13.8325808]}},{"type":"Feature","id":4631946203,"properties":{"amenity":"atm","@type":"node","@id":4631946203},"geometry":{"type":"Point","coordinates":[100.5458654,13.9232172]}},{"type":"Feature","id":4633782626,"properties":{"amenity":"bank","atm":"yes","brand":"ธนาคารไทยพาณิชย์","brand:en":"Siam Commercial Bank","brand:th":"ธนาคารไทยพาณิชย์","brand:wikidata":"Q2038986","brand:wikipedia":"en:Siam Commercial Bank","name":"ธนาคารไทยพาณิชย์","name:en":"Siam Commercial Bank","name:th":"ธนาคารไทยพาณิชย์","operator":"Siam Commercial Bank","@type":"node","@id":4633782626},"geometry":{"type":"Point","coordinates":[100.684902,13.9192138]}},{"type":"Feature","id":4633782627,"properties":{"amenity":"atm","brand":"ธนาคารไทยพาณิชย์","brand:en":"Siam Commercial Bank","brand:th":"ธนาคารไทยพาณิชย์","brand:wikidata":"Q2038986","currency:THB":"yes","name":"SCB","name:en":"Siam Commercial Bank","name:th":"ธนาคารไทยพาณิชย์","operator":"ธนาคารไทยพาณิชย์","operator:wikidata":"Q2038986","@type":"node","@id":4633782627},"geometry":{"type":"Point","coordinates":[100.6848343,13.9192275]}},{"type":"Feature","id":4634245462,"properties":{"amenity":"atm","@type":"node","@id":4634245462},"geometry":{"type":"Point","coordinates":[100.5510479,13.7987867]}},{"type":"Feature","id":4634831597,"properties":{"amenity":"bank","name":"กรุงศรี","name:en":"Krungsri","name:th":"กรุงศรี","@type":"node","@id":4634831597},"geometry":{"type":"Point","coordinates":[100.573255,13.8360252]}},{"type":"Feature","id":4636417889,"properties":{"amenity":"atm","@type":"node","@id":4636417889},"geometry":{"type":"Point","coordinates":[100.5350424,13.9338971]}},{"type":"Feature","id":4639046830,"properties":{"amenity":"bank","atm":"yes","name":"Thai Military Bank","@type":"node","@id":4639046830},"geometry":{"type":"Point","coordinates":[100.4704704,13.7859443]}},{"type":"Feature","id":4639046831,"properties":{"amenity":"atm","brand":"ธนาคารทหารไทย","brand:en":"TMBThanachart Bank","brand:th":"ธนาคารทหารไทย","brand:wikidata":"Q1527826","currency:THB":"yes","name:en":"TMBThanachart Bank","name:th":"ธนาคารทหารไทย","operator":"ธนาคารทหารไทย","operator:wikidata":"Q1527826","short_name":"ttb","@type":"node","@id":4639046831},"geometry":{"type":"Point","coordinates":[100.4704021,13.7859424]}},{"type":"Feature","id":4640099693,"properties":{"amenity":"atm","operator":"k","@type":"node","@id":4640099693},"geometry":{"type":"Point","coordinates":[100.5607656,13.7382165]}},{"type":"Feature","id":4640099794,"properties":{"amenity":"atm","operator":"Krungthai","@type":"node","@id":4640099794},"geometry":{"type":"Point","coordinates":[100.5608092,13.7382246]}},{"type":"Feature","id":4640121989,"properties":{"amenity":"atm","operator":"Krungthai","@type":"node","@id":4640121989},"geometry":{"type":"Point","coordinates":[100.5530347,13.7409433]}},{"type":"Feature","id":4640258690,"properties":{"amenity":"atm","operator":"Cimb","@type":"node","@id":4640258690},"geometry":{"type":"Point","coordinates":[100.5530912,13.741356]}},{"type":"Feature","id":4641867402,"properties":{"amenity":"atm","@type":"node","@id":4641867402},"geometry":{"type":"Point","coordinates":[100.6233835,13.9622118]}},{"type":"Feature","id":4641880607,"properties":{"amenity":"bank","brand":"ธนาคารทหารไทย","brand:en":"TMBThanachart Bank","brand:th":"ธนาคารทหารไทย","brand:wikidata":"Q1527826","name":"ธนาคารทหารไทย","name:en":"TMBThanachart Bank","name:th":"ธนาคารทหารไทย","short_name":"ttb","@type":"node","@id":4641880607},"geometry":{"type":"Point","coordinates":[100.6240113,13.9620465]}},{"type":"Feature","id":4641880612,"properties":{"amenity":"atm","check_date":"2023-01-22","operator":"Siam Commercial","@type":"node","@id":4641880612},"geometry":{"type":"Point","coordinates":[100.6219842,13.9600321]}},{"type":"Feature","id":4641880713,"properties":{"amenity":"bank","name:en":"Krungthai","@type":"node","@id":4641880713},"geometry":{"type":"Point","coordinates":[100.6238992,13.9619669]}},{"type":"Feature","id":4641880719,"properties":{"amenity":"bank","name:en":"Krungsri","@type":"node","@id":4641880719},"geometry":{"type":"Point","coordinates":[100.6241305,13.9621312]}},{"type":"Feature","id":4641880720,"properties":{"amenity":"atm","operator":"Krungsri","@type":"node","@id":4641880720},"geometry":{"type":"Point","coordinates":[100.6241795,13.9621657]}},{"type":"Feature","id":4641880812,"properties":{"amenity":"atm","@type":"node","@id":4641880812},"geometry":{"type":"Point","coordinates":[100.6239889,13.9618494]}},{"type":"Feature","id":4641880814,"properties":{"amenity":"bank","name:en":"Thanachart","@type":"node","@id":4641880814},"geometry":{"type":"Point","coordinates":[100.6239498,13.9618984]}},{"type":"Feature","id":4641880822,"properties":{"amenity":"atm","brand":"ธนาคารทหารไทย","brand:en":"TMBThanachart Bank","brand:th":"ธนาคารทหารไทย","brand:wikidata":"Q1527826","check_date":"2023-01-22","name:en":"TMBThanachart Bank","name:th":"ธนาคารทหารไทย","operator":"ธนาคารทหารไทย","operator:wikidata":"Q1527826","short_name":"ttb","@type":"node","@id":4641880822},"geometry":{"type":"Point","coordinates":[100.6220448,13.9600798]}},{"type":"Feature","id":4641897607,"properties":{"amenity":"atm","@type":"node","@id":4641897607},"geometry":{"type":"Point","coordinates":[100.6231678,13.96184]}},{"type":"Feature","id":4641897608,"properties":{"amenity":"atm","operator":"scb","@type":"node","@id":4641897608},"geometry":{"type":"Point","coordinates":[100.6234101,13.9614043]}},{"type":"Feature","id":4641909192,"properties":{"amenity":"bank","brand":"ธนาคารทหารไทย","brand:en":"TMBThanachart Bank","brand:th":"ธนาคารทหารไทย","brand:wikidata":"Q1527826","name":"ธนาคารทหารไทย","name:en":"TMBThanachart Bank","name:th":"ธนาคารทหารไทย","short_name":"ttb","@type":"node","@id":4641909192},"geometry":{"type":"Point","coordinates":[100.6195938,13.9635703]}},{"type":"Feature","id":4641909193,"properties":{"amenity":"atm","@type":"node","@id":4641909193},"geometry":{"type":"Point","coordinates":[100.6195599,13.9636958]}},{"type":"Feature","id":4641910693,"properties":{"amenity":"atm","@type":"node","@id":4641910693},"geometry":{"type":"Point","coordinates":[100.6124155,13.9401172]}},{"type":"Feature","id":4641910701,"properties":{"amenity":"bank","name:en":"Kasikorn","@type":"node","@id":4641910701},"geometry":{"type":"Point","coordinates":[100.6233398,13.9621755]}},{"type":"Feature","id":4641910702,"properties":{"amenity":"atm","operator":"Govetnment Savings","@type":"node","@id":4641910702},"geometry":{"type":"Point","coordinates":[100.6233833,13.9614395]}},{"type":"Feature","id":4641915390,"properties":{"amenity":"atm","@type":"node","@id":4641915390},"geometry":{"type":"Point","coordinates":[100.5683246,13.8906562]}},{"type":"Feature","id":4641915392,"properties":{"amenity":"atm","@type":"node","@id":4641915392},"geometry":{"type":"Point","coordinates":[100.5766124,13.8872883]}},{"type":"Feature","id":4641930998,"properties":{"amenity":"atm","operator":"Krungthai","@type":"node","@id":4641930998},"geometry":{"type":"Point","coordinates":[100.6239511,13.9619999]}},{"type":"Feature","id":4641933601,"properties":{"amenity":"bank","name:en":"Siam Commercial","@type":"node","@id":4641933601},"geometry":{"type":"Point","coordinates":[100.6236279,13.9614947]}},{"type":"Feature","id":4641933602,"properties":{"amenity":"atm","operator":"Siam Commercial","@type":"node","@id":4641933602},"geometry":{"type":"Point","coordinates":[100.623687,13.9614939]}},{"type":"Feature","id":4641933612,"properties":{"amenity":"atm","operator":"Bangkok","@type":"node","@id":4641933612},"geometry":{"type":"Point","coordinates":[100.6219554,13.96001]}},{"type":"Feature","id":4641942694,"properties":{"amenity":"atm","brand":"ธนาคารทหารไทย","brand:en":"TMBThanachart Bank","brand:th":"ธนาคารทหารไทย","brand:wikidata":"Q1527826","name:en":"TMBThanachart Bank","name:th":"ธนาคารทหารไทย","operator":"ธนาคารทหารไทย","operator:wikidata":"Q1527826","short_name":"ttb","@type":"node","@id":4641942694},"geometry":{"type":"Point","coordinates":[100.624061,13.9620793]}},{"type":"Feature","id":4641943699,"properties":{"amenity":"atm","check_date":"2023-01-22","operator":"Kasikornthai","@type":"node","@id":4641943699},"geometry":{"type":"Point","coordinates":[100.6220131,13.9600554]}},{"type":"Feature","id":4642662689,"properties":{"amenity":"bank","name":"ATM","name:th":"ATM","@type":"node","@id":4642662689},"geometry":{"type":"Point","coordinates":[100.5758554,13.7060157]}},{"type":"Feature","id":4643401489,"properties":{"amenity":"atm","@type":"node","@id":4643401489},"geometry":{"type":"Point","coordinates":[100.5458801,13.9231797]}},{"type":"Feature","id":4647533001,"properties":{"amenity":"atm","operator":"ktb","@type":"node","@id":4647533001},"geometry":{"type":"Point","coordinates":[100.52754,13.9596882]}},{"type":"Feature","id":4648475789,"properties":{"amenity":"atm","operator":"Kasikornthai","@type":"node","@id":4648475789},"geometry":{"type":"Point","coordinates":[100.5411744,13.9418168]}},{"type":"Feature","id":4650406490,"properties":{"amenity":"atm","operator":"Krungsri","@type":"node","@id":4650406490},"geometry":{"type":"Point","coordinates":[100.5359754,13.9346646]}},{"type":"Feature","id":4652876296,"properties":{"amenity":"atm","operator":"Krungthai","@type":"node","@id":4652876296},"geometry":{"type":"Point","coordinates":[100.5533568,13.7417002]}},{"type":"Feature","id":4652901692,"properties":{"amenity":"atm","operator":"Siam Commercial","@type":"node","@id":4652901692},"geometry":{"type":"Point","coordinates":[100.5532683,13.7417887]}},{"type":"Feature","id":4652911890,"properties":{"amenity":"atm","operator":"Bangkok","@type":"node","@id":4652911890},"geometry":{"type":"Point","coordinates":[100.5527306,13.7423976]}},{"type":"Feature","id":4652911891,"properties":{"amenity":"atm","operator":"Kasikornthai","@type":"node","@id":4652911891},"geometry":{"type":"Point","coordinates":[100.5526932,13.7424167]}},{"type":"Feature","id":4652935089,"properties":{"amenity":"atm","check_date":"2023-11-19","operator":"Krungsri","@type":"node","@id":4652935089},"geometry":{"type":"Point","coordinates":[100.5527715,13.7423826]}},{"type":"Feature","id":4652936089,"properties":{"amenity":"atm","operator":"Siam Commercial","@type":"node","@id":4652936089},"geometry":{"type":"Point","coordinates":[100.5526509,13.7424343]}},{"type":"Feature","id":4652936689,"properties":{"amenity":"atm","brand":"UOB","brand:wikidata":"Q2064074","brand:zh":"大华银行","name":"UOB","name:zh":"大华银行","operator":"UOB","operator:wikidata":"Q2064074","@type":"node","@id":4652936689},"geometry":{"type":"Point","coordinates":[100.553309,13.7417696]}},{"type":"Feature","id":4661765616,"properties":{"amenity":"bank","atm":"yes","brand":"ธนาคารทหารไทย","brand:en":"TMBThanachart Bank","brand:th":"ธนาคารทหารไทย","brand:wikidata":"Q1527826","name":"ธนาคารทหารไทย","name:en":"TMBThanachart Bank","name:th":"ธนาคารทหารไทย","short_name":"ttb","@type":"node","@id":4661765616},"geometry":{"type":"Point","coordinates":[100.6274195,13.8578183]}},{"type":"Feature","id":4661765617,"properties":{"amenity":"atm","@type":"node","@id":4661765617},"geometry":{"type":"Point","coordinates":[100.6273803,13.8577857]}},{"type":"Feature","id":4661765619,"properties":{"amenity":"atm","@type":"node","@id":4661765619},"geometry":{"type":"Point","coordinates":[100.6273041,13.8578257]}},{"type":"Feature","id":4661808125,"properties":{"amenity":"atm","@type":"node","@id":4661808125},"geometry":{"type":"Point","coordinates":[100.6267844,13.8581103]}},{"type":"Feature","id":4662129017,"properties":{"amenity":"bank","brand":"ธนาคารกรุงเทพ","brand:en":"Bangkok Bank","brand:th":"ธนาคารกรุงเทพ","brand:wikidata":"Q806483","brand:wikipedia":"en:Bangkok Bank","name":"ธนาคารกรุงเทพ","name:en":"Bangkok Bank","name:th":"ธนาคารกรุงเทพ","@type":"node","@id":4662129017},"geometry":{"type":"Point","coordinates":[100.6238105,13.859124]}},{"type":"Feature","id":4662129018,"properties":{"amenity":"atm","@type":"node","@id":4662129018},"geometry":{"type":"Point","coordinates":[100.6237824,13.8592402]}},{"type":"Feature","id":4662984619,"properties":{"amenity":"atm","@type":"node","@id":4662984619},"geometry":{"type":"Point","coordinates":[100.6274464,13.8577481]}},{"type":"Feature","id":4663404098,"properties":{"amenity":"atm","wheelchair":"no","@type":"node","@id":4663404098},"geometry":{"type":"Point","coordinates":[100.562902,13.736932]}},{"type":"Feature","id":4663460690,"properties":{"amenity":"atm","wheelchair":"no","@type":"node","@id":4663460690},"geometry":{"type":"Point","coordinates":[100.5628673,13.7365713]}},{"type":"Feature","id":4664703285,"properties":{"amenity":"atm","name":"SCM","@type":"node","@id":4664703285},"geometry":{"type":"Point","coordinates":[100.6847171,13.9196532]}},{"type":"Feature","id":4664703290,"properties":{"amenity":"atm","brand":"ธนาคารกรุงไทย","brand:en":"Krung Thai Bank","brand:th":"ธนาคารกรุงไทย","brand:wikidata":"Q962865","currency:THB":"yes","name:en":"Krung Thai Bank","name:th":"ธนาคารกรุงไทย","operator":"ธนาคารกรุงไทย","operator:wikidata":"Q962865","source":"survey","@type":"node","@id":4664703290},"geometry":{"type":"Point","coordinates":[100.685299,13.920074]}},{"type":"Feature","id":4664747914,"properties":{"amenity":"atm","name":"ตู้ ATM ธนาคารกรุงไทย","@type":"node","@id":4664747914},"geometry":{"type":"Point","coordinates":[100.6021071,14.0723354]}},{"type":"Feature","id":4664809228,"properties":{"amenity":"bank","atm":"yes","brand":"ธนาคารกรุงไทย","brand:en":"Krung Thai Bank","brand:th":"ธนาคารกรุงไทย","brand:wikidata":"Q962865","brand:wikipedia":"en:Krung Thai Bank","name":"ธนาคารกรุงไทย","name:de":"Krungthai Bank","name:en":"Krung Thai Bank","name:th":"ธนาคารกรุงไทย","@type":"node","@id":4664809228},"geometry":{"type":"Point","coordinates":[100.6852718,13.9201344]}},{"type":"Feature","id":4665576490,"properties":{"amenity":"atm","check_date":"2023-10-07","@type":"node","@id":4665576490},"geometry":{"type":"Point","coordinates":[100.515247,13.7196759]}},{"type":"Feature","id":4665596489,"properties":{"amenity":"atm","check_date":"2023-10-07","@type":"node","@id":4665596489},"geometry":{"type":"Point","coordinates":[100.5153225,13.7196563]}},{"type":"Feature","id":4665596789,"properties":{"amenity":"atm","check_date":"2023-10-07","@type":"node","@id":4665596789},"geometry":{"type":"Point","coordinates":[100.5152783,13.7196682]}},{"type":"Feature","id":4665598089,"properties":{"amenity":"bank","name:en":"Cimb","@type":"node","@id":4665598089},"geometry":{"type":"Point","coordinates":[100.516118,13.7205772]}},{"type":"Feature","id":4667350090,"properties":{"amenity":"bank","name:en":"Kasikornthai","@type":"node","@id":4667350090},"geometry":{"type":"Point","coordinates":[100.5411144,13.941878]}},{"type":"Feature","id":4668637193,"properties":{"amenity":"atm","@type":"node","@id":4668637193},"geometry":{"type":"Point","coordinates":[100.554171,13.7425763]}},{"type":"Feature","id":4672065591,"properties":{"amenity":"atm","brand":"Citibank","brand:wikidata":"Q857063","name":"Citibank","operator":"Citibank","operator:wikidata":"Q857063","short_name":"Citi","@type":"node","@id":4672065591},"geometry":{"type":"Point","coordinates":[100.5616859,13.7367419]}},{"type":"Feature","id":4672224889,"properties":{"amenity":"atm","operator":"Krungthai","@type":"node","@id":4672224889},"geometry":{"type":"Point","coordinates":[100.5529785,13.73902]}},{"type":"Feature","id":4672225389,"properties":{"amenity":"atm","brand":"ธนาคารไทยพาณิชย์","brand:en":"Siam Commercial Bank","brand:th":"ธนาคารไทยพาณิชย์","brand:wikidata":"Q2038986","name":"ATM ธนาคารไทยพาณิชย์","name:en":"Siam Commercial Bank ATM","name:th":"ATM ธนาคารไทยพาณิชย์","operator":"ธนาคารไทยพาณิชย์","operator:wikidata":"Q2038986","@type":"node","@id":4672225389},"geometry":{"type":"Point","coordinates":[100.5529687,13.7391761]}},{"type":"Feature","id":4672225589,"properties":{"alt_name:en":"Krungsri","amenity":"atm","brand":"กรุงศรี","brand:en":"Bank of Ayudhya","brand:th":"กรุงศรี","brand:wikidata":"Q782537","name":"ATM กรุงศรี","name:en":"Bank of Ayudhya ATM","name:th":"ATM กรุงศรี","operator":"กรุงศรี","operator:wikidata":"Q782537","@type":"node","@id":4672225589},"geometry":{"type":"Point","coordinates":[100.5529687,13.739181]}},{"type":"Feature","id":4676364092,"properties":{"amenity":"atm","@type":"node","@id":4676364092},"geometry":{"type":"Point","coordinates":[100.527018,13.9696459]}},{"type":"Feature","id":4676650494,"properties":{"amenity":"atm","@type":"node","@id":4676650494},"geometry":{"type":"Point","coordinates":[100.5270445,13.957837]}},{"type":"Feature","id":4676650495,"properties":{"amenity":"atm","@type":"node","@id":4676650495},"geometry":{"type":"Point","coordinates":[100.5270604,13.9578698]}},{"type":"Feature","id":4676676692,"properties":{"amenity":"atm","@type":"node","@id":4676676692},"geometry":{"type":"Point","coordinates":[100.5270993,13.9578455]}},{"type":"Feature","id":4676694489,"properties":{"amenity":"atm","@type":"node","@id":4676694489},"geometry":{"type":"Point","coordinates":[100.5270813,13.9578162]}},{"type":"Feature","id":4682211890,"properties":{"amenity":"atm","opening_hours":"24/7","@type":"node","@id":4682211890},"geometry":{"type":"Point","coordinates":[100.635918,13.7717327]}},{"type":"Feature","id":4701315913,"properties":{"amenity":"atm","currency:THB":"yes","name":"Bangkok Bank","operator":"Bangkok Bank","source":"survey","source:date":"2017-02-23","@type":"node","@id":4701315913},"geometry":{"type":"Point","coordinates":[100.7035082,13.9218216]}},{"type":"Feature","id":4707926939,"properties":{"amenity":"atm","brand":"ธนาคารกรุงไทย","brand:en":"Krung Thai Bank","brand:th":"ธนาคารกรุงไทย","brand:wikidata":"Q962865","currency:THB":"yes","name:en":"Krung Thai Bank","name:th":"ธนาคารกรุงไทย","operator":"ธนาคารกรุงไทย","operator:wikidata":"Q962865","source":"survey","@type":"node","@id":4707926939},"geometry":{"type":"Point","coordinates":[100.6245477,13.8600353]}},{"type":"Feature","id":4707926940,"properties":{"amenity":"atm","brand":"ธนาคารกรุงเทพ","brand:en":"Bangkok Bank","brand:th":"ธนาคารกรุงเทพ","brand:wikidata":"Q806483","currency:THB":"yes","name:en":"Bangkok Bank","name:th":"ธนาคารกรุงเทพ","operator":"ธนาคารกรุงเทพ","operator:wikidata":"Q806483","source":"survey","@type":"node","@id":4707926940},"geometry":{"type":"Point","coordinates":[100.6245646,13.8600359]}},{"type":"Feature","id":4707926941,"properties":{"amenity":"atm","brand":"ธนาคารทหารไทย","brand:en":"TMBThanachart Bank","brand:th":"ธนาคารทหารไทย","brand:wikidata":"Q1527826","currency:THB":"yes","name:en":"TMBThanachart Bank","name:th":"ธนาคารทหารไทย","operator":"ธนาคารทหารไทย","operator:wikidata":"Q1527826","short_name":"ttb","source":"survey","@type":"node","@id":4707926941},"geometry":{"type":"Point","coordinates":[100.6245309,13.8600345]}},{"type":"Feature","id":4708003756,"properties":{"amenity":"bank","atm":"yes","brand":"ธนาคารกสิกรไทย","brand:en":"Kasikornbank","brand:th":"ธนาคารกสิกรไทย","brand:wikidata":"Q276557","name":"ธนาคารกสิกรไทย","name:en":"Kasikornbank","name:th":"ธนาคารกสิกรไทย","@type":"node","@id":4708003756},"geometry":{"type":"Point","coordinates":[100.6258968,13.8588516]}},{"type":"Feature","id":4708003757,"properties":{"amenity":"atm","brand":"ธนาคารกสิกรไทย","brand:en":"Kasikornbank","brand:th":"ธนาคารกสิกรไทย","brand:wikidata":"Q276557","currency:THB":"yes","name:en":"Kasikornbank","name:th":"ธนาคารกสิกรไทย","operator":"ธนาคารกสิกรไทย","operator:wikidata":"Q276557","source":"survey","@type":"node","@id":4708003757},"geometry":{"type":"Point","coordinates":[100.6259418,13.8587116]}},{"type":"Feature","id":4708020066,"properties":{"amenity":"atm","brand":"ธนาคารทหารไทย","brand:en":"TMBThanachart Bank","brand:th":"ธนาคารทหารไทย","brand:wikidata":"Q1527826","currency:THB":"yes","name:en":"TMBThanachart Bank","name:th":"ธนาคารทหารไทย","operator":"ธนาคารทหารไทย","operator:wikidata":"Q1527826","short_name":"ttb","source":"survey","@type":"node","@id":4708020066},"geometry":{"type":"Point","coordinates":[100.6269348,13.8580189]}},{"type":"Feature","id":4708020067,"properties":{"amenity":"atm","brand":"ธนาคารกสิกรไทย","brand:en":"Kasikornbank","brand:th":"ธนาคารกสิกรไทย","brand:wikidata":"Q276557","currency:THB":"yes","name:en":"Kasikornbank","name:th":"ธนาคารกสิกรไทย","operator":"ธนาคารกสิกรไทย","operator:wikidata":"Q276557","source":"survey","@type":"node","@id":4708020067},"geometry":{"type":"Point","coordinates":[100.6269274,13.8580117]}},{"type":"Feature","id":4708020068,"properties":{"amenity":"atm","brand":"ธนาคารไทยพาณิชย์","brand:en":"Siam Commercial Bank","brand:th":"ธนาคารไทยพาณิชย์","brand:wikidata":"Q2038986","currency:THB":"yes","name:en":"Siam Commercial Bank","name:th":"ธนาคารไทยพาณิชย์","operator":"ธนาคารไทยพาณิชย์","operator:wikidata":"Q2038986","source":"survey","@type":"node","@id":4708020068},"geometry":{"type":"Point","coordinates":[100.6269227,13.8580039]}},{"type":"Feature","id":4708020069,"properties":{"amenity":"atm","currency:THB":"yes","operator":"Omsin Bank","source":"survey","@type":"node","@id":4708020069},"geometry":{"type":"Point","coordinates":[100.6269174,13.8579961]}},{"type":"Feature","id":4708118784,"properties":{"amenity":"atm","brand":"ธนาคารกรุงเทพ","brand:en":"Bangkok Bank","brand:th":"ธนาคารกรุงเทพ","brand:wikidata":"Q806483","currency:THB":"yes","name:en":"Bangkok Bank","name:th":"ธนาคารกรุงเทพ","operator":"ธนาคารกรุงเทพ","operator:wikidata":"Q806483","source":"survey","@type":"node","@id":4708118784},"geometry":{"type":"Point","coordinates":[100.6277516,13.8583098]}},{"type":"Feature","id":4742988621,"properties":{"amenity":"atm","opening_hours":"24/7","operator":"ออมสิน","@type":"node","@id":4742988621},"geometry":{"type":"Point","coordinates":[100.6813592,13.8215825]}},{"type":"Feature","id":4744955498,"properties":{"amenity":"bank","brand":"BOC","brand:wikidata":"Q790068","name":"BOC","official_name":"Bank of China","@type":"node","@id":4744955498},"geometry":{"type":"Point","coordinates":[100.5662325,13.7615587]}},{"type":"Feature","id":4789618400,"properties":{"amenity":"atm","@type":"node","@id":4789618400},"geometry":{"type":"Point","coordinates":[100.6005431,13.7070837]}},{"type":"Feature","id":4789631596,"properties":{"amenity":"atm","name":"Krungthai","@type":"node","@id":4789631596},"geometry":{"type":"Point","coordinates":[100.6005619,13.7070523]}},{"type":"Feature","id":4789632031,"properties":{"amenity":"atm","brand":"ธนาคารไทยพาณิชย์","brand:en":"Siam Commercial Bank","brand:th":"ธนาคารไทยพาณิชย์","brand:wikidata":"Q2038986","name":"ธนาคารไทยพาณิชย์","name:en":"Siam Commercial Bank","name:th":"ธนาคารไทยพาณิชย์","operator":"ธนาคารไทยพาณิชย์","operator:wikidata":"Q2038986","@type":"node","@id":4789632031},"geometry":{"type":"Point","coordinates":[100.6005287,13.7071136]}},{"type":"Feature","id":4793634073,"properties":{"amenity":"bank","name":"Kasikorn","@type":"node","@id":4793634073},"geometry":{"type":"Point","coordinates":[100.796817,13.7556018]}},{"type":"Feature","id":4796403038,"properties":{"amenity":"atm","name":"Thanachart Bank","@type":"node","@id":4796403038},"geometry":{"type":"Point","coordinates":[100.5627895,13.7322543]}},{"type":"Feature","id":4798111956,"properties":{"amenity":"bank","brand":"ธนาคารไทยพาณิชย์","brand:en":"Siam Commercial Bank","brand:th":"ธนาคารไทยพาณิชย์","brand:wikidata":"Q2038986","name":"ธนาคารไทยพาณิชย์","name:en":"Siam Commercial Bank","name:th":"ธนาคารไทยพาณิชย์","@type":"node","@id":4798111956},"geometry":{"type":"Point","coordinates":[100.6582035,13.7700005]}},{"type":"Feature","id":4798636128,"properties":{"amenity":"atm","brand":"ธนาคารกรุงไทย","brand:en":"Krung Thai Bank","brand:th":"ธนาคารกรุงไทย","brand:wikidata":"Q962865","name":"ธนาคารกรุงไทย","name:en":"Krung Thai Bank","name:th":"ธนาคารกรุงไทย","operator":"ธนาคารกรุงไทย","operator:wikidata":"Q962865","@type":"node","@id":4798636128},"geometry":{"type":"Point","coordinates":[100.6979394,13.921513]}},{"type":"Feature","id":4798636129,"properties":{"amenity":"atm","brand":"ธนาคารไทยพาณิชย์","brand:en":"Siam Commercial Bank","brand:th":"ธนาคารไทยพาณิชย์","brand:wikidata":"Q2038986","name":"ธนาคารไทยพาณิชย์","name:en":"Siam Commercial Bank","name:th":"ธนาคารไทยพาณิชย์","operator":"ธนาคารไทยพาณิชย์","operator:wikidata":"Q2038986","@type":"node","@id":4798636129},"geometry":{"type":"Point","coordinates":[100.6979401,13.9214788]}},{"type":"Feature","id":4798636130,"properties":{"amenity":"atm","name:en":"krungsri bank","@type":"node","@id":4798636130},"geometry":{"type":"Point","coordinates":[100.6979296,13.9213473]}},{"type":"Feature","id":4798636131,"properties":{"amenity":"atm","brand":"ธนาคารกสิกรไทย","brand:en":"Kasikornbank","brand:th":"ธนาคารกสิกรไทย","brand:wikidata":"Q276557","name":"ธนาคารกสิกรไทย","name:en":"Kasikornbank","name:th":"ธนาคารกสิกรไทย","operator":"ธนาคารกสิกรไทย","operator:wikidata":"Q276557","@type":"node","@id":4798636131},"geometry":{"type":"Point","coordinates":[100.6979289,13.9213345]}},{"type":"Feature","id":4806845409,"properties":{"amenity":"bank","atm":"yes","brand":"Siam Commercial Bank","brand:wikidata":"Q2038986","brand:wikipedia":"en:Siam Commercial Bank","name":"Siam Commercial Bank","@type":"node","@id":4806845409},"geometry":{"type":"Point","coordinates":[100.7888981,13.7586978]}},{"type":"Feature","id":4811247379,"properties":{"amenity":"atm","@type":"node","@id":4811247379},"geometry":{"type":"Point","coordinates":[100.633184,13.845518]}},{"type":"Feature","id":4811253918,"properties":{"amenity":"atm","operator":"KBank","@type":"node","@id":4811253918},"geometry":{"type":"Point","coordinates":[100.6325993,13.843708]}},{"type":"Feature","id":4811254727,"properties":{"amenity":"atm","operator":"KBank","@type":"node","@id":4811254727},"geometry":{"type":"Point","coordinates":[100.6325456,13.8439763]}},{"type":"Feature","id":4832079280,"properties":{"amenity":"bank","atm":"yes","name":"Kasikornbank","@type":"node","@id":4832079280},"geometry":{"type":"Point","coordinates":[100.7890494,13.7581561]}},{"type":"Feature","id":4832079281,"properties":{"amenity":"bank","atm":"yes","name":"Krung Thai Bank","@type":"node","@id":4832079281},"geometry":{"type":"Point","coordinates":[100.7890438,13.7586998]}},{"type":"Feature","id":4853286813,"properties":{"amenity":"atm","brand":"ธนาคารกรุงเทพ","brand:en":"Bangkok Bank","brand:th":"ธนาคารกรุงเทพ","brand:wikidata":"Q806483","name":"ธนาคารกรุงเทพ","name:en":"Bangkok Bank","name:th":"ธนาคารกรุงเทพ","operator":"ธนาคารกรุงเทพ","operator:wikidata":"Q806483","@type":"node","@id":4853286813},"geometry":{"type":"Point","coordinates":[100.5513024,13.7443627]}},{"type":"Feature","id":4858945992,"properties":{"amenity":"atm","name":"Bangkok Bank","@type":"node","@id":4858945992},"geometry":{"type":"Point","coordinates":[100.5655103,13.7206407]}},{"type":"Feature","id":4863050073,"properties":{"amenity":"atm","name":"Siam Commercial Bank","@type":"node","@id":4863050073},"geometry":{"type":"Point","coordinates":[100.5585567,13.7415591]}},{"type":"Feature","id":4863073921,"properties":{"amenity":"bank","name":"ธนาคาร กรุงศรี สาขาสำเหร่","name:en":"Krungsri Somrae","@type":"node","@id":4863073921},"geometry":{"type":"Point","coordinates":[100.4895446,13.7153908]}},{"type":"Feature","id":4863815047,"properties":{"alt_name:en":"Krungsri","amenity":"bank","brand":"กรุงศรี","brand:en":"Bank of Ayudhya","brand:th":"กรุงศรี","brand:wikidata":"Q782537","level":"0","name":"กรุงศรี","name:en":"Bank of Ayudhya","name:th":"กรุงศรี","website":"https://www.krungsri.com","@type":"node","@id":4863815047},"geometry":{"type":"Point","coordinates":[100.5153527,13.7375589]}},{"type":"Feature","id":4863815048,"properties":{"amenity":"atm","covered":"no","quantity":"3","@type":"node","@id":4863815048},"geometry":{"type":"Point","coordinates":[100.5154317,13.737652]}},{"type":"Feature","id":4865439627,"properties":{"amenity":"atm","brand":"ธนาคารไทยพาณิชย์","brand:en":"Siam Commercial Bank","brand:th":"ธนาคารไทยพาณิชย์","brand:wikidata":"Q2038986","name":"ธนาคารไทยพาณิชย์","name:en":"Siam Commercial Bank","name:th":"ธนาคารไทยพาณิชย์","operator":"ธนาคารไทยพาณิชย์","operator:wikidata":"Q2038986","@type":"node","@id":4865439627},"geometry":{"type":"Point","coordinates":[100.5668797,13.737497]}},{"type":"Feature","id":4877744024,"properties":{"addr:housenumber":"1","addr:postcode":"10120","amenity":"bank","brand":"กรุงศรี","brand:th":"กรุงศรี","brand:wikidata":"Q782537","contact:phone":"+66 02 3438791 3","name":"กรุงศรี","name:en":"Krungsri","name:th":"กรุงศรี","opening_hours":"Mo-Fr 08:30-16:30","ref":"0539","website":"https://www.krungsri.com/","@type":"node","@id":4877744024},"geometry":{"type":"Point","coordinates":[100.5442191,13.7253163]}},{"type":"Feature","id":4898944721,"properties":{"amenity":"atm","brand":"ธนาคารกสิกรไทย","brand:en":"Kasikornbank","brand:th":"ธนาคารกสิกรไทย","brand:wikidata":"Q276557","name":"ธนาคารกสิกรไทย","name:en":"Kasikornbank","name:th":"ธนาคารกสิกรไทย","operator":"ธนาคารกสิกรไทย","operator:wikidata":"Q276557","@type":"node","@id":4898944721},"geometry":{"type":"Point","coordinates":[100.550798,13.8012903]}},{"type":"Feature","id":4907286426,"properties":{"amenity":"atm","@type":"node","@id":4907286426},"geometry":{"type":"Point","coordinates":[100.5570311,13.7501765]}},{"type":"Feature","id":4928574096,"properties":{"amenity":"atm","currency:THB":"yes","operator":"Kasikornbank","@type":"node","@id":4928574096},"geometry":{"type":"Point","coordinates":[100.5488671,13.7193281]}},{"type":"Feature","id":4969530821,"properties":{"amenity":"atm","check_date":"2026-08-06","@type":"node","@id":4969530821},"geometry":{"type":"Point","coordinates":[100.5788786,13.8209629]}},{"type":"Feature","id":5007609724,"properties":{"amenity":"bank","brand":"ธนาคารไทยพาณิชย์","brand:en":"Siam Commercial Bank","brand:th":"ธนาคารไทยพาณิชย์","brand:wikidata":"Q2038986","name":"ธนาคารไทยพาณิชย์","name:en":"Siam Commercial Bank","name:th":"ธนาคารไทยพาณิชย์","@type":"node","@id":5007609724},"geometry":{"type":"Point","coordinates":[100.6248734,13.9854703]}},{"type":"Feature","id":5082914147,"properties":{"amenity":"bank","atm":"yes","name":"Thai Military Bank","name:th":"ธนาคารทหารไทย","@type":"node","@id":5082914147},"geometry":{"type":"Point","coordinates":[100.519539,13.7367384]}},{"type":"Feature","id":5108873944,"properties":{"amenity":"atm","@type":"node","@id":5108873944},"geometry":{"type":"Point","coordinates":[100.5154163,13.7615227]}},{"type":"Feature","id":5125944500,"properties":{"amenity":"bank","atm":"yes","drive_through":"no","name":"Siam Commercial Bank","operator":"Siam Commercial Bank","wheelchair":"no","@type":"node","@id":5125944500},"geometry":{"type":"Point","coordinates":[100.4909929,13.7191259]}},{"type":"Feature","id":5185393221,"properties":{"amenity":"atm","@type":"node","@id":5185393221},"geometry":{"type":"Point","coordinates":[100.5515578,13.7471089]}},{"type":"Feature","id":5185599147,"properties":{"amenity":"atm","currency:Baht":"yes","currency:THB":"yes","operator":"Krungsri","@type":"node","@id":5185599147},"geometry":{"type":"Point","coordinates":[100.6204316,13.9590619]}},{"type":"Feature","id":5185599148,"properties":{"amenity":"atm","currency:THB":"yes","operator":"Thanachart","@type":"node","@id":5185599148},"geometry":{"type":"Point","coordinates":[100.6204517,13.9590397]}},{"type":"Feature","id":5185728793,"properties":{"amenity":"atm","brand":"ธนาคารกรุงเทพ","brand:en":"Bangkok Bank","brand:th":"ธนาคารกรุงเทพ","brand:wikidata":"Q806483","currency:THB":"yes","operator":"ธนาคารกรุงเทพ","operator:wikidata":"Q806483","@type":"node","@id":5185728793},"geometry":{"type":"Point","coordinates":[100.6021864,13.9229969]}},{"type":"Feature","id":5185728794,"properties":{"amenity":"atm","brand":"ธนาคารไทยพาณิชย์","brand:en":"Siam Commercial Bank","brand:th":"ธนาคารไทยพาณิชย์","brand:wikidata":"Q2038986","currency:THB":"yes","operator":"ธนาคารไทยพาณิชย์","operator:wikidata":"Q2038986","@type":"node","@id":5185728794},"geometry":{"type":"Point","coordinates":[100.6021759,13.9229795]}},{"type":"Feature","id":5185739083,"properties":{"amenity":"bank","atm":"yes","name":"Thanachart","@type":"node","@id":5185739083},"geometry":{"type":"Point","coordinates":[100.6022647,13.9231839]}},{"type":"Feature","id":5212043226,"properties":{"amenity":"bank","brand":"ธนาคารทหารไทย","brand:en":"TMBThanachart Bank","brand:th":"ธนาคารทหารไทย","brand:wikidata":"Q1527826","name":"ธนาคารทหารไทย","name:en":"TMBThanachart Bank","name:ru":"Банк ТМВ","name:th":"ธนาคารทหารไทย","short_name":"ttb","@type":"node","@id":5212043226},"geometry":{"type":"Point","coordinates":[100.5497372,13.799632]}},{"type":"Feature","id":5212168623,"properties":{"amenity":"bank","name:en":"Exchange","name:ru":"Обменник","@type":"node","@id":5212168623},"geometry":{"type":"Point","coordinates":[100.5498,13.7997178]}},{"type":"Feature","id":5212168624,"properties":{"amenity":"bank","name:en":"Exchange","name:ru":"Банк, обменник","@type":"node","@id":5212168624},"geometry":{"type":"Point","coordinates":[100.5497579,13.7996646]}},{"type":"Feature","id":5212168625,"properties":{"amenity":"bank","brand":"ธนาคารไทยพาณิชย์","brand:en":"Siam Commercial Bank","brand:th":"ธนาคารไทยพาณิชย์","brand:wikidata":"Q2038986","name":"ธนาคารไทยพาณิชย์","name:en":"Siam Commercial Bank","name:ru":"Банк","name:th":"ธนาคารไทยพาณิชย์","@type":"node","@id":5212168625},"geometry":{"type":"Point","coordinates":[100.5486224,13.799678]}},{"type":"Feature","id":5212168626,"properties":{"amenity":"atm","operator":"SCB","@type":"node","@id":5212168626},"geometry":{"type":"Point","coordinates":[100.548627,13.7996281]}},{"type":"Feature","id":5212184921,"properties":{"amenity":"atm","brand":"ธนาคารทหารไทย","brand:en":"TMBThanachart Bank","brand:th":"ธนาคารทหารไทย","brand:wikidata":"Q1527826","name":"ธนาคารทหารไทย","name:en":"TMBThanachart Bank","name:th":"ธนาคารทหารไทย","operator":"ธนาคารทหารไทย","operator:wikidata":"Q1527826","short_name":"ttb","@type":"node","@id":5212184921},"geometry":{"type":"Point","coordinates":[100.5515829,13.799616]}},{"type":"Feature","id":5212184922,"properties":{"amenity":"atm","brand":"ธนาคารทหารไทย","brand:en":"TMBThanachart Bank","brand:th":"ธนาคารทหารไทย","brand:wikidata":"Q1527826","name":"ธนาคารทหารไทย","name:en":"TMBThanachart Bank","name:th":"ธนาคารทหารไทย","operator":"ธนาคารทหารไทย","operator:wikidata":"Q1527826","short_name":"ttb","@type":"node","@id":5212184922},"geometry":{"type":"Point","coordinates":[100.5518436,13.8022264]}},{"type":"Feature","id":5214158823,"properties":{"amenity":"atm","operator":"LH Bank","@type":"node","@id":5214158823},"geometry":{"type":"Point","coordinates":[100.5974353,13.5937724]}},{"type":"Feature","id":5214164521,"properties":{"amenity":"bank","name:en":"LH Bank","@type":"node","@id":5214164521},"geometry":{"type":"Point","coordinates":[100.5974338,13.5937288]}},{"type":"Feature","id":5234743157,"properties":{"amenity":"atm","@type":"node","@id":5234743157},"geometry":{"type":"Point","coordinates":[100.6538559,13.513446]}},{"type":"Feature","id":5240732463,"properties":{"amenity":"atm","@type":"node","@id":5240732463},"geometry":{"type":"Point","coordinates":[100.5032552,13.7454523]}},{"type":"Feature","id":5253614929,"properties":{"amenity":"atm","@type":"node","@id":5253614929},"geometry":{"type":"Point","coordinates":[100.5136854,13.7379747]}},{"type":"Feature","id":5255005911,"properties":{"amenity":"atm","atm":"yes","drive_through":"no","operator":"SCB","@type":"node","@id":5255005911},"geometry":{"type":"Point","coordinates":[100.4914357,13.8424408]}},{"type":"Feature","id":5255005914,"properties":{"amenity":"atm","@type":"node","@id":5255005914},"geometry":{"type":"Point","coordinates":[100.4915818,13.8424409]}},{"type":"Feature","id":5255005919,"properties":{"amenity":"bank","atm":"yes","name":"Thanachart","@type":"node","@id":5255005919},"geometry":{"type":"Point","coordinates":[100.4920358,13.8426013]}},{"type":"Feature","id":5255005920,"properties":{"amenity":"atm","@type":"node","@id":5255005920},"geometry":{"type":"Point","coordinates":[100.4920477,13.8425427]}},{"type":"Feature","id":5255006122,"properties":{"amenity":"atm","@type":"node","@id":5255006122},"geometry":{"type":"Point","coordinates":[100.4919851,13.8425294]}},{"type":"Feature","id":5261602939,"properties":{"amenity":"atm","operator":"UOB Bank","@type":"node","@id":5261602939},"geometry":{"type":"Point","coordinates":[100.5913392,13.7959841]}},{"type":"Feature","id":5261602940,"properties":{"amenity":"bank","check_date":"2023-06-12","name":"UOB","@type":"node","@id":5261602940},"geometry":{"type":"Point","coordinates":[100.5913244,13.7959802]}},{"type":"Feature","id":5263049463,"properties":{"amenity":"atm","operator":"Krungthai Bank","@type":"node","@id":5263049463},"geometry":{"type":"Point","coordinates":[100.6004418,13.7912549]}},{"type":"Feature","id":5263049464,"properties":{"amenity":"atm","operator":"Krungthai Bank","@type":"node","@id":5263049464},"geometry":{"type":"Point","coordinates":[100.5948952,13.7942977]}},{"type":"Feature","id":5263049465,"properties":{"amenity":"atm","operator":"Krungthai Bank","@type":"node","@id":5263049465},"geometry":{"type":"Point","coordinates":[100.5948606,13.7947458]}},{"type":"Feature","id":5263801660,"properties":{"amenity":"atm","brand":"Krungsri","@type":"node","@id":5263801660},"geometry":{"type":"Point","coordinates":[100.5042221,13.7699882]}},{"type":"Feature","id":5277320962,"properties":{"addr:city":"อ้อมใหญ่","addr:housenumber":"23/23-4","addr:postcode":"73160","addr:street":"ถนนเพชรเกษม","amenity":"bank","atm":"yes","name":"ธนาคารธนชาต สาขาอ้อมใหญ่","operator":"ธนาคารธนชาต","@type":"node","@id":5277320962},"geometry":{"type":"Point","coordinates":[100.2836127,13.7077532]}},{"type":"Feature","id":5292825324,"properties":{"amenity":"atm","opening_hours":"24/7","operator":"Krungthai KTB","@type":"node","@id":5292825324},"geometry":{"type":"Point","coordinates":[100.6549473,14.0694125]}},{"type":"Feature","id":5292825325,"properties":{"amenity":"atm","opening_hours":"24/7","operator":"Bangkok Bank","@type":"node","@id":5292825325},"geometry":{"type":"Point","coordinates":[100.6477145,14.0750225]}},{"type":"Feature","id":5299285721,"properties":{"amenity":"bank","name":"ธนาคารอาคารสงเคราะห์ สำนักงานใหญ่","@type":"node","@id":5299285721},"geometry":{"type":"Point","coordinates":[100.5697783,13.7618717]}},{"type":"Feature","id":5304502590,"properties":{"amenity":"bank","atm":"yes","check_date":"2025-01-16","name":"Krungthai Bank","@type":"node","@id":5304502590},"geometry":{"type":"Point","coordinates":[100.5152906,13.7564476]}},{"type":"Feature","id":5316366121,"properties":{"amenity":"atm","brand":"ธนาคารกรุงไทย","brand:en":"Krung Thai Bank","brand:th":"ธนาคารกรุงไทย","brand:wikidata":"Q962865","name":"ธนาคารกรุงไทย","name:en":"Krung Thai Bank","name:th":"ธนาคารกรุงไทย","operator":"ธนาคารกรุงไทย","operator:wikidata":"Q962865","@type":"node","@id":5316366121},"geometry":{"type":"Point","coordinates":[100.5314589,13.7528119]}},{"type":"Feature","id":5316410624,"properties":{"addr:housenumber":"112","addr:postcode":"10400","addr:province":"กรุงเทพมหานคร","addr:street":"ถนนพญาไท","amenity":"bank","brand":"ธนาคารกรุงไทย","brand:en":"Krung Thai Bank","brand:th":"ธนาคารกรุงไทย","brand:wikidata":"Q962865","name":"ธนาคารกรุงไทย","name:en":"Krung Thai Bank","name:th":"ธนาคารกรุงไทย","@type":"node","@id":5316410624},"geometry":{"type":"Point","coordinates":[100.5314617,13.7528355]}},{"type":"Feature","id":5321369722,"properties":{"amenity":"atm","@type":"node","@id":5321369722},"geometry":{"type":"Point","coordinates":[100.5283924,13.7543027]}},{"type":"Feature","id":5327625226,"properties":{"amenity":"bank","level":"1","name":"SCB Siam Commercial Bank","opening_hours":"Mo-Su 11:00-19:30","@type":"node","@id":5327625226},"geometry":{"type":"Point","coordinates":[100.6004953,13.7054825]}},{"type":"Feature","id":5328499698,"properties":{"amenity":"atm","brand":"ธนาคารทหารไทย","brand:en":"TMBThanachart Bank","brand:th":"ธนาคารทหารไทย","brand:wikidata":"Q1527826","currency:THB":"yes","name:en":"TMBThanachart Bank","name:th":"ธนาคารทหารไทย","operator":"ธนาคารทหารไทย","operator:wikidata":"Q1527826","short_name":"ttb","@type":"node","@id":5328499698},"geometry":{"type":"Point","coordinates":[100.6846405,13.9203532]}},{"type":"Feature","id":5330510621,"properties":{"amenity":"atm","opening_hours":"24/7","operator":"HOME","@type":"node","@id":5330510621},"geometry":{"type":"Point","coordinates":[100.5880402,13.7699023]}},{"type":"Feature","id":5334748421,"properties":{"amenity":"atm","opening_hours":"Sa 00:00-24:00","operator":"Thai Military Bank","@type":"node","@id":5334748421},"geometry":{"type":"Point","coordinates":[100.5378102,13.7509438]}},{"type":"Feature","id":5336990053,"properties":{"amenity":"atm","brand":"ธนาคารกสิกรไทย","brand:en":"Kasikornbank","brand:th":"ธนาคารกสิกรไทย","brand:wikidata":"Q276557","name:en":"Kasikornbank","name:th":"ธนาคารกสิกรไทย","operator":"ธนาคารกสิกรไทย","operator:wikidata":"Q276557","@type":"node","@id":5336990053},"geometry":{"type":"Point","coordinates":[100.5042638,13.7697055]}},{"type":"Feature","id":5350109522,"properties":{"amenity":"atm","operator":"Krungsri","@type":"node","@id":5350109522},"geometry":{"type":"Point","coordinates":[100.847944,13.614977]}},{"type":"Feature","id":5355868568,"properties":{"amenity":"bank","atm":"yes","brand":"ธนาคารกสิกรไทย","brand:en":"Kasikornbank","brand:th":"ธนาคารกสิกรไทย","brand:wikidata":"Q276557","brand:wikipedia":"en:Kasikornbank","name":"ธนาคารกสิกรไทย","name:en":"Kasikornbank","name:th":"ธนาคารกสิกรไทย","@type":"node","@id":5355868568},"geometry":{"type":"Point","coordinates":[100.6832955,13.9212274]}},{"type":"Feature","id":5355896381,"properties":{"amenity":"atm","@type":"node","@id":5355896381},"geometry":{"type":"Point","coordinates":[100.6833216,13.9212458]}},{"type":"Feature","id":5355896386,"properties":{"alt_name:en":"Krungsri","amenity":"bank","atm":"yes","brand":"กรุงศรี","brand:en":"Bank of Ayudhya","brand:th":"กรุงศรี","brand:wikidata":"Q782537","name":"กรุงศรี","name:en":"Bank of Ayudhya","name:th":"กรุงศรี","@type":"node","@id":5355896386},"geometry":{"type":"Point","coordinates":[100.6831781,13.921215]}},{"type":"Feature","id":5355896387,"properties":{"alt_name:en":"Krungsri","amenity":"atm","brand":"กรุงศรี","brand:en":"Bank of Ayudhya","brand:th":"กรุงศรี","brand:wikidata":"Q782537","name:en":"Bank of Ayudhya","name:th":"กรุงศรี","operator":"กรุงศรี","operator:wikidata":"Q782537","@type":"node","@id":5355896387},"geometry":{"type":"Point","coordinates":[100.6831922,13.9212426]}},{"type":"Feature","id":5363941250,"properties":{"amenity":"atm","operator":"ธนาคารธนชาต","operator:en":"Thanachart Bank","operator:wikidata":"Q16306480","@type":"node","@id":5363941250},"geometry":{"type":"Point","coordinates":[100.5385482,13.7517355]}},{"type":"Feature","id":5372711041,"properties":{"amenity":"bank","name":"Bangkok Bank","@type":"node","@id":5372711041},"geometry":{"type":"Point","coordinates":[100.5251233,13.8248882]}},{"type":"Feature","id":5391739721,"properties":{"amenity":"bank","name":"ธนาคาร กรุงศรีอยุธยา","name:en":"Krungsri Bank","@type":"node","@id":5391739721},"geometry":{"type":"Point","coordinates":[100.5107352,13.8884192]}},{"type":"Feature","id":5397814940,"properties":{"amenity":"atm","operator":"ธนาคารธนชาต","@type":"node","@id":5397814940},"geometry":{"type":"Point","coordinates":[100.5599511,13.7492358]}},{"type":"Feature","id":5404965866,"properties":{"amenity":"atm","wheelchair":"no","@type":"node","@id":5404965866},"geometry":{"type":"Point","coordinates":[100.4978102,13.7596032]}},{"type":"Feature","id":5412714628,"properties":{"amenity":"atm","operator":"Bangkok Bank","operator:wikidata":"Q806483","@type":"node","@id":5412714628},"geometry":{"type":"Point","coordinates":[100.5065457,13.7745015]}},{"type":"Feature","id":5412714631,"properties":{"amenity":"atm","operator":"Siam Commercial Bank","operator:wikidata":"Q2038986","@type":"node","@id":5412714631},"geometry":{"type":"Point","coordinates":[100.5065276,13.7744618]}},{"type":"Feature","id":5434456625,"properties":{"amenity":"bank","name":"ธนาคารศรีอยุธยา","name:en":"Bank of Ayudhaya","@type":"node","@id":5434456625},"geometry":{"type":"Point","coordinates":[100.7852678,13.7217776]}},{"type":"Feature","id":5466078378,"properties":{"amenity":"atm","brand":"Diebold","level":"0","opening_hours":"Mo-Su","operator":"SCB","wheelchair":"yes","@type":"node","@id":5466078378},"geometry":{"type":"Point","coordinates":[100.5918762,13.7144037]}},{"type":"Feature","id":5475318822,"properties":{"amenity":"atm","@type":"node","@id":5475318822},"geometry":{"type":"Point","coordinates":[100.5586591,13.7717532]}},{"type":"Feature","id":5480804423,"properties":{"amenity":"atm","@type":"node","@id":5480804423},"geometry":{"type":"Point","coordinates":[100.4902457,13.9129692]}},{"type":"Feature","id":5501738717,"properties":{"amenity":"atm","@type":"node","@id":5501738717},"geometry":{"type":"Point","coordinates":[100.6408537,13.6930385]}},{"type":"Feature","id":5503956496,"properties":{"amenity":"atm","currency:THB":"yes","wheelchair":"yes","@type":"node","@id":5503956496},"geometry":{"type":"Point","coordinates":[100.7496741,13.6924471]}},{"type":"Feature","id":5584351452,"properties":{"addr:street":"Baan Chart Chakrabongse Rd","amenity":"atm","brand":"ธนาคารไทยพาณิชย์","brand:en":"Siam Commercial Bank","brand:th":"ธนาคารไทยพาณิชย์","brand:wikidata":"Q2038986","cash_in":"yes","check_date":"2024-08-02","name":"Siam Commercial Bank","name:en":"Siam Commercial Bank","name:th":"ธนาคารไทยพาณิชย์","opening_hours":"24/7","operator":"ธนาคารไทยพาณิชย์","operator:wikidata":"Q2038986","phone":"+66027777777","website":"https://www.scb.co.th/","@type":"node","@id":5584351452},"geometry":{"type":"Point","coordinates":[100.4963962,13.7601976]}},{"type":"Feature","id":5584352521,"properties":{"addr:street":"Baan Chart Chakrabongse Rd","amenity":"atm","brand":"ธนาคารทหารไทย","brand:en":"TMBThanachart Bank","brand:th":"ธนาคารทหารไทย","brand:wikidata":"Q1527826","cash_in":"no","check_date":"2024-08-02","name:en":"TMBThanachart Bank","name:th":"ธนาคารทหารไทย","opening_hours":"24/7","operator":"ธนาคารทหารไทย","operator:wikidata":"Q1527826","phone":"±6622991558","short_name":"ttb","website":"https://www.tmbbank.com/","wheelchair":"no","@type":"node","@id":5584352521},"geometry":{"type":"Point","coordinates":[100.4964059,13.7601878]}},{"type":"Feature","id":5584354173,"properties":{"alt_name:en":"Krungsri","amenity":"atm","brand":"กรุงศรี","brand:en":"Bank of Ayudhya","brand:th":"กรุงศรี","brand:wikidata":"Q782537","currency:THB":"yes","name:en":"Bank of Ayudhya","name:th":"กรุงศรี","operator":"กรุงศรี","operator:wikidata":"Q782537","@type":"node","@id":5584354173},"geometry":{"type":"Point","coordinates":[100.6950582,13.9231096]}},{"type":"Feature","id":5584354174,"properties":{"amenity":"atm","brand":"ธนาคารกสิกรไทย","brand:en":"Kasikornbank","brand:th":"ธนาคารกสิกรไทย","brand:wikidata":"Q276557","currency:THB":"yes","name":"ธนาคารกสิกรไทย","name:en":"Kasikornbank","name:th":"ธนาคารกสิกรไทย","operator":"ธนาคารกสิกรไทย","operator:wikidata":"Q276557","@type":"node","@id":5584354174},"geometry":{"type":"Point","coordinates":[100.6950743,13.9231101]}},{"type":"Feature","id":5584354175,"properties":{"amenity":"atm","brand":"ธนาคารไทยพาณิชย์","brand:en":"Siam Commercial Bank","brand:th":"ธนาคารไทยพาณิชย์","brand:wikidata":"Q2038986","currency:THB":"yes","name:en":"Siam Commercial Bank","name:th":"ธนาคารไทยพาณิชย์","operator":"ธนาคารไทยพาณิชย์","operator:wikidata":"Q2038986","@type":"node","@id":5584354175},"geometry":{"type":"Point","coordinates":[100.6950897,13.9231093]}},{"type":"Feature","id":5587941521,"properties":{"amenity":"bank","brand":"ธนาคารกสิกรไทย","brand:en":"Kasikornbank","brand:th":"ธนาคารกสิกรไทย","brand:wikidata":"Q276557","brand:wikipedia":"en:Kasikornbank","name":"ธนาคารกสิกรไทย","name:en":"Kasikornbank","name:th":"ธนาคารกสิกรไทย","opening_hours":"Mo-Su 11:00-19:30","phone":"028888888","website":"http://www.kasikornbankgroup.com","@type":"node","@id":5587941521},"geometry":{"type":"Point","coordinates":[100.5961088,13.6500556]}},{"type":"Feature","id":5587966224,"properties":{"amenity":"atm","operator":"Kasikorn Bank","@type":"node","@id":5587966224},"geometry":{"type":"Point","coordinates":[100.5959823,13.6501344]}},{"type":"Feature","id":5588022223,"properties":{"amenity":"bank","brand":"ธนาคารไทยพาณิชย์","brand:en":"Siam Commercial Bank","brand:th":"ธนาคารไทยพาณิชย์","brand:wikidata":"Q2038986","brand:wikipedia":"en:Siam Commercial Bank","name":"ธนาคารไทยพาณิชย์","name:en":"Siam Commercial Bank","name:th":"ธนาคารไทยพาณิชย์","opening_hours":"Mo-Su 10:30-19:30","@type":"node","@id":5588022223},"geometry":{"type":"Point","coordinates":[100.5963211,13.6500233]}},{"type":"Feature","id":5588046021,"properties":{"amenity":"atm","operator":"Siam Commercial Bank","@type":"node","@id":5588046021},"geometry":{"type":"Point","coordinates":[100.5964075,13.650015]}},{"type":"Feature","id":5651170670,"properties":{"amenity":"bank","atm":"yes","brand":"ธนาคารกรุงไทย","brand:en":"Krung Thai Bank","brand:th":"ธนาคารกรุงไทย","brand:wikidata":"Q962865","name":"ธนาคารกรุงไทย","name:en":"Krung Thai Bank","name:th":"ธนาคารกรุงไทย","@type":"node","@id":5651170670},"geometry":{"type":"Point","coordinates":[100.6329028,13.7727209]}},{"type":"Feature","id":5651170673,"properties":{"amenity":"bank","atm":"yes","brand":"ธนาคารกรุงเทพ","brand:en":"Bangkok Bank","brand:th":"ธนาคารกรุงเทพ","brand:wikidata":"Q806483","name":"ธนาคารกรุงเทพ","name:en":"Bangkok Bank","name:th":"ธนาคารกรุงเทพ","@type":"node","@id":5651170673},"geometry":{"type":"Point","coordinates":[100.6356212,13.7711148]}},{"type":"Feature","id":5725214618,"properties":{"amenity":"atm","cash_in":"yes","check_date":"2024-09-21","covered":"yes","name":"ธนาคารไทยพาณิชย์","operator":"ธนาคารไทยพาณิชย์","@type":"node","@id":5725214618},"geometry":{"type":"Point","coordinates":[100.5272971,13.755011]}},{"type":"Feature","id":5744765977,"properties":{"amenity":"atm","currency:THB":"yes","drive_through":"no","operator":"Siam Commercial Bank","@type":"node","@id":5744765977},"geometry":{"type":"Point","coordinates":[100.5791073,13.8331151]}},{"type":"Feature","id":5797670453,"properties":{"amenity":"atm","@type":"node","@id":5797670453},"geometry":{"type":"Point","coordinates":[100.7102987,13.5994775]}},{"type":"Feature","id":5825431753,"properties":{"addr:street":"Rong Mueng 5","amenity":"bank","brand":"Western Union","brand:wikidata":"Q861042","name":"Western Union","name:ru":"Вестерн Юнион","opening_hours":"Mo-Su 10:00-18:00","@type":"node","@id":5825431753},"geometry":{"type":"Point","coordinates":[100.5226191,13.7474464]}},{"type":"Feature","id":5826983386,"properties":{"amenity":"bank","brand":"Western Union","brand:wikidata":"Q861042","name":"Western Union","name:ru":"Вестерн Юнион","opening_hours":"Mo-Fr 08:30-20:00; Sa-Su 10:30-20:00","@type":"node","@id":5826983386},"geometry":{"type":"Point","coordinates":[100.5301325,13.7439113]}},{"type":"Feature","id":5828209453,"properties":{"amenity":"bank","atm":"yes","name":"Aeon","@type":"node","@id":5828209453},"geometry":{"type":"Point","coordinates":[100.5248462,13.7479174]}},{"type":"Feature","id":5828209454,"properties":{"amenity":"atm","cash_in":"yes","currency:THB":"yes","level":"2","operator":"Aeon","@type":"node","@id":5828209454},"geometry":{"type":"Point","coordinates":[100.5248542,13.7479695]}},{"type":"Feature","id":5881473788,"properties":{"amenity":"atm","@type":"node","@id":5881473788},"geometry":{"type":"Point","coordinates":[100.5239084,13.7168725]}},{"type":"Feature","id":5885488390,"properties":{"amenity":"atm","opening_hours":"24/7","operator":"K bank","@type":"node","@id":5885488390},"geometry":{"type":"Point","coordinates":[100.585407,13.8986067]}},{"type":"Feature","id":5960980306,"properties":{"amenity":"atm","brand":"ธนาคารออมสิน","brand:en":"Government Savings Bank","brand:th":"ธนาคารออมสิน","brand:wikidata":"Q6579041","name":"ธนาคารออมสิน","name:en":"Government Savings Bank","name:th":"ธนาคารออมสิน","operator":"ธนาคารออมสิน","operator:wikidata":"Q6579041","@type":"node","@id":5960980306},"geometry":{"type":"Point","coordinates":[100.488196,13.766201]}},{"type":"Feature","id":5965121985,"properties":{"amenity":"atm","operator":"Krungsri Bank","@type":"node","@id":5965121985},"geometry":{"type":"Point","coordinates":[100.5398012,13.8918629]}},{"type":"Feature","id":5975878812,"properties":{"amenity":"atm","brand":"ธนาคารทหารไทย","brand:en":"TMBThanachart Bank","brand:th":"ธนาคารทหารไทย","brand:wikidata":"Q1527826","name:en":"TMBThanachart Bank","name:th":"ธนาคารทหารไทย","operator":"ธนาคารทหารไทย","operator:wikidata":"Q1527826","short_name":"ttb","@type":"node","@id":5975878812},"geometry":{"type":"Point","coordinates":[100.5016795,13.7572965]}},{"type":"Feature","id":6009172191,"properties":{"amenity":"bank","brand":"ธนาคารออมสิน","brand:en":"Government Savings Bank","brand:th":"ธนาคารออมสิน","brand:wikidata":"Q6579041","brand:wikipedia":"en:Government Savings Bank (Thailand)","name":"ธนาคารออมสิน","name:en":"Government Savings Bank","name:th":"ธนาคารออมสิน","@type":"node","@id":6009172191},"geometry":{"type":"Point","coordinates":[100.6831379,13.921671]}},{"type":"Feature","id":6009420730,"properties":{"amenity":"atm","brand":"ธนาคารทหารไทย","brand:en":"TMBThanachart Bank","brand:th":"ธนาคารทหารไทย","brand:wikidata":"Q1527826","name:en":"TMBThanachart Bank","name:th":"ธนาคารทหารไทย","operator":"ธนาคารทหารไทย","operator:wikidata":"Q1527826","short_name":"ttb","@type":"node","@id":6009420730},"geometry":{"type":"Point","coordinates":[100.6664351,13.9225642]}},{"type":"Feature","id":6012563594,"properties":{"amenity":"bank","atm":"yes","name":"SCB","@type":"node","@id":6012563594},"geometry":{"type":"Point","coordinates":[100.6554188,13.8887818]}},{"type":"Feature","id":6012563595,"properties":{"amenity":"bank","atm":"yes","name":"Thanachart","@type":"node","@id":6012563595},"geometry":{"type":"Point","coordinates":[100.6553612,13.888774]}},{"type":"Feature","id":6012563596,"properties":{"amenity":"bank","atm":"yes","brand":"ธนาคารกรุงเทพ","brand:en":"Bangkok Bank","brand:th":"ธนาคารกรุงเทพ","brand:wikidata":"Q806483","name":"ธนาคารกรุงเทพ","name:en":"Bangkok Bank","name:th":"ธนาคารกรุงเทพ","@type":"node","@id":6012563596},"geometry":{"type":"Point","coordinates":[100.6552995,13.888761]}},{"type":"Feature","id":6012563597,"properties":{"amenity":"bank","atm":"yes","brand":"ธนาคารกสิกรไทย","brand:en":"Kasikornbank","brand:th":"ธนาคารกสิกรไทย","brand:wikidata":"Q276557","name":"ธนาคารกสิกรไทย","name:en":"Kasikornbank","name:th":"ธนาคารกสิกรไทย","@type":"node","@id":6012563597},"geometry":{"type":"Point","coordinates":[100.6552378,13.8887506]}},{"type":"Feature","id":6015237802,"properties":{"amenity":"atm","check_date":"2022-02-22","level":"1","operator":"Krungsri","@type":"node","@id":6015237802},"geometry":{"type":"Point","coordinates":[100.6822362,13.9336956]}},{"type":"Feature","id":6015237803,"properties":{"amenity":"atm","level":"1","operator":"Kasikorn","@type":"node","@id":6015237803},"geometry":{"type":"Point","coordinates":[100.6822241,13.9335733]}},{"type":"Feature","id":6016798014,"properties":{"amenity":"atm","operator":"Kasikorn","@type":"node","@id":6016798014},"geometry":{"type":"Point","coordinates":[100.6848954,13.9212751]}},{"type":"Feature","id":6016798015,"properties":{"amenity":"atm","@type":"node","@id":6016798015},"geometry":{"type":"Point","coordinates":[100.6849195,13.9212752]}},{"type":"Feature","id":6017492489,"properties":{"amenity":"atm","operator":"Kasikornthai Bank","@type":"node","@id":6017492489},"geometry":{"type":"Point","coordinates":[100.5320775,13.7302091]}},{"type":"Feature","id":6019185285,"properties":{"amenity":"bank","name:en":"UOB branch","@type":"node","@id":6019185285},"geometry":{"type":"Point","coordinates":[100.5718377,13.7551903]}},{"type":"Feature","id":6021246476,"properties":{"amenity":"atm","operator":"Kasikorn","@type":"node","@id":6021246476},"geometry":{"type":"Point","coordinates":[100.6664737,13.9225653]}},{"type":"Feature","id":6021247831,"properties":{"amenity":"bank","atm":"yes","brand":"ธนาคารไทยพาณิชย์","brand:en":"Siam Commercial Bank","brand:th":"ธนาคารไทยพาณิชย์","brand:wikidata":"Q2038986","brand:wikipedia":"en:Siam Commercial Bank","name":"ธนาคารไทยพาณิชย์","name:en":"Siam Commercial Bank","name:th":"ธนาคารไทยพาณิชย์","@type":"node","@id":6021247831},"geometry":{"type":"Point","coordinates":[100.6667789,13.9218824]}},{"type":"Feature","id":6021247832,"properties":{"amenity":"atm","@type":"node","@id":6021247832},"geometry":{"type":"Point","coordinates":[100.6667247,13.9218876]}},{"type":"Feature","id":6021247835,"properties":{"amenity":"bank","atm":"yes","brand":"ธนาคารกสิกรไทย","brand:en":"Kasikornbank","brand:th":"ธนาคารกสิกรไทย","brand:wikidata":"Q276557","brand:wikipedia":"en:Kasikornbank","name":"ธนาคารกสิกรไทย","name:en":"Kasikornbank","name:th":"ธนาคารกสิกรไทย","@type":"node","@id":6021247835},"geometry":{"type":"Point","coordinates":[100.6667762,13.9218043]}},{"type":"Feature","id":6021247836,"properties":{"amenity":"atm","@type":"node","@id":6021247836},"geometry":{"type":"Point","coordinates":[100.6667247,13.9218043]}},{"type":"Feature","id":6021247837,"properties":{"amenity":"bank","atm":"yes","brand":"ธนาคารกรุงเทพ","brand:en":"Bangkok Bank","brand:th":"ธนาคารกรุงเทพ","brand:wikidata":"Q806483","brand:wikipedia":"en:Bangkok Bank","name":"ธนาคารกรุงเทพ","name:en":"Bangkok Bank","name:th":"ธนาคารกรุงเทพ","@type":"node","@id":6021247837},"geometry":{"type":"Point","coordinates":[100.6667641,13.9215974]}},{"type":"Feature","id":6021247838,"properties":{"amenity":"atm","@type":"node","@id":6021247838},"geometry":{"type":"Point","coordinates":[100.6667082,13.9215979]}},{"type":"Feature","id":6021247839,"properties":{"amenity":"bank","atm":"yes","name":"Krungthai","@type":"node","@id":6021247839},"geometry":{"type":"Point","coordinates":[100.6667373,13.9215101]}},{"type":"Feature","id":6021247840,"properties":{"amenity":"atm","@type":"node","@id":6021247840},"geometry":{"type":"Point","coordinates":[100.6666762,13.9214804]}},{"type":"Feature","id":6030012295,"properties":{"amenity":"atm","brand":"ธนาคารกรุงเทพ","brand:en":"Bangkok Bank","brand:th":"ธนาคารกรุงเทพ","brand:wikidata":"Q806483","name:en":"Bangkok Bank","name:th":"ธนาคารกรุงเทพ","operator":"ธนาคารกรุงเทพ","operator:wikidata":"Q806483","@type":"node","@id":6030012295},"geometry":{"type":"Point","coordinates":[100.5026025,13.7594208]}},{"type":"Feature","id":6033903193,"properties":{"amenity":"atm","operator":"Kasikorn","@type":"node","@id":6033903193},"geometry":{"type":"Point","coordinates":[100.6846376,13.9204796]}},{"type":"Feature","id":6033903194,"properties":{"amenity":"atm","operator":"Omsin","@type":"node","@id":6033903194},"geometry":{"type":"Point","coordinates":[100.6846386,13.9204353]}},{"type":"Feature","id":6033903195,"properties":{"amenity":"atm","operator":"SCB","@type":"node","@id":6033903195},"geometry":{"type":"Point","coordinates":[100.6846399,13.9203793]}},{"type":"Feature","id":6054062360,"properties":{"amenity":"atm","@type":"node","@id":6054062360},"geometry":{"type":"Point","coordinates":[100.5478852,13.8236413]}},{"type":"Feature","id":6054075924,"properties":{"amenity":"bank","@type":"node","@id":6054075924},"geometry":{"type":"Point","coordinates":[100.5494976,13.7923103]}},{"type":"Feature","id":6057325686,"properties":{"amenity":"bank","brand":"Western Union","brand:wikidata":"Q861042","name":"Western Union","name:en":"Western Union","@type":"node","@id":6057325686},"geometry":{"type":"Point","coordinates":[100.5283006,13.7291783]}},{"type":"Feature","id":6085951698,"properties":{"alt_name:en":"Krungsri","amenity":"atm","brand":"กรุงศรี","brand:en":"Bank of Ayudhya","brand:th":"กรุงศรี","brand:wikidata":"Q782537","cash_in":"yes","check_date":"2024-08-02","colour":"yellow","name:en":"Bank of Ayudhya","name:th":"กรุงศรี","operator":"กรุงศรี","operator:wikidata":"Q782537","wheelchair":"no","@type":"node","@id":6085951698},"geometry":{"type":"Point","coordinates":[100.496386,13.7602079]}},{"type":"Feature","id":6089231438,"properties":{"amenity":"bank","atm":"yes","name":"ธนาคารกรุุงไทย","@type":"node","@id":6089231438},"geometry":{"type":"Point","coordinates":[100.6538093,13.7695987]}},{"type":"Feature","id":6089231439,"properties":{"amenity":"bank","name":"ที่จอดรถพี่เงาะ","@type":"node","@id":6089231439},"geometry":{"type":"Point","coordinates":[100.6543095,13.771984]}},{"type":"Feature","id":6108814839,"properties":{"amenity":"atm","network":"ธนาคารกรุงเทพ","@type":"node","@id":6108814839},"geometry":{"type":"Point","coordinates":[100.4420131,13.6657378]}},{"type":"Feature","id":6135318576,"properties":{"amenity":"atm","brand":"ธนาคารกรุงเทพ","brand:en":"Bangkok Bank","brand:th":"ธนาคารกรุงเทพ","brand:wikidata":"Q806483","cash_in":"no","check_date":"2025-02-21","level":"0","name":"ธนาคารกรุงเทพ","name:en":"Bangkok Bank","name:th":"ธนาคารกรุงเทพ","operator":"ธนาคารกรุงเทพ","operator:wikidata":"Q806483","@type":"node","@id":6135318576},"geometry":{"type":"Point","coordinates":[100.5284533,13.7472955]}},{"type":"Feature","id":6144643691,"properties":{"amenity":"atm","name":"Krungsri","@type":"node","@id":6144643691},"geometry":{"type":"Point","coordinates":[100.5331605,13.727643]}},{"type":"Feature","id":6160234794,"properties":{"amenity":"atm","cash_in":"no","currency:THB":"yes","drive_through":"no","operator":"KBANK","@type":"node","@id":6160234794},"geometry":{"type":"Point","coordinates":[100.4722962,13.8276196]}},{"type":"Feature","id":6160234795,"properties":{"amenity":"atm","cash_in":"no","currency:THB":"yes","operator":"SCB","@type":"node","@id":6160234795},"geometry":{"type":"Point","coordinates":[100.4723808,13.8275176]}},{"type":"Feature","id":6160234796,"properties":{"amenity":"atm","cash_in":"no","currency:THB":"yes","operator":"KTB","@type":"node","@id":6160234796},"geometry":{"type":"Point","coordinates":[100.472396,13.827504]}},{"type":"Feature","id":6160648801,"properties":{"amenity":"bank","atm":"yes","brand":"ธนาคารกสิกรไทย","brand:en":"en:Kasikornbank","brand:wikidata":"Q276557","drive_through":"yes","name":"ธนาคารกสิกรไทย","name:en":"en:Kasikornbank","name:th":"ธนาคารกสิกรไทย","opening_hours":"Mo-Fr 08:30-15:30","@type":"node","@id":6160648801},"geometry":{"type":"Point","coordinates":[100.4963545,13.8401431]}},{"type":"Feature","id":6167299776,"properties":{"amenity":"atm","operator":"TMB","@type":"node","@id":6167299776},"geometry":{"type":"Point","coordinates":[100.4879268,13.8419578]}},{"type":"Feature","id":6167299777,"properties":{"amenity":"atm","operator":"SCB","@type":"node","@id":6167299777},"geometry":{"type":"Point","coordinates":[100.4880146,13.8419578]}},{"type":"Feature","id":6167299778,"properties":{"amenity":"atm","operator":"KTB","@type":"node","@id":6167299778},"geometry":{"type":"Point","coordinates":[100.4880515,13.8419586]}},{"type":"Feature","id":6172371085,"properties":{"amenity":"atm","@type":"node","@id":6172371085},"geometry":{"type":"Point","coordinates":[100.5486916,13.7998543]}},{"type":"Feature","id":6174173764,"properties":{"amenity":"atm","description":"Floor G","drive_through":"no","operator":"SCB, GSB, BBL, BAT, KTB, KBANK","@type":"node","@id":6174173764},"geometry":{"type":"Point","coordinates":[100.5426209,13.8548084]}},{"type":"Feature","id":6174222711,"properties":{"amenity":"bank","atm":"yes","description":"Floor 1","name":"TMB","@type":"node","@id":6174222711},"geometry":{"type":"Point","coordinates":[100.5425264,13.8550835]}},{"type":"Feature","id":6177766973,"properties":{"amenity":"atm","description":"G Floor","operator":"TMB","@type":"node","@id":6177766973},"geometry":{"type":"Point","coordinates":[100.5422778,13.8549369]}},{"type":"Feature","id":6182772468,"properties":{"amenity":"atm","operator":"KTB","@type":"node","@id":6182772468},"geometry":{"type":"Point","coordinates":[100.5025658,13.6930529]}},{"type":"Feature","id":6187371601,"properties":{"amenity":"atm","brand":"ธนาคารไทยพาณิชย์","brand:en":"Siam Commercial Bank","brand:th":"ธนาคารไทยพาณิชย์","brand:wikidata":"Q2038986","indoor":"yes","level":"0","name":"ธนาคารไทยพาณิชย์","name:en":"Siam Commercial Bank","name:th":"ธนาคารไทยพาณิชย์","operator":"ธนาคารไทยพาณิชย์","operator:wikidata":"Q2038986","@type":"node","@id":6187371601},"geometry":{"type":"Point","coordinates":[100.528895,13.7468787]}},{"type":"Feature","id":6187371602,"properties":{"amenity":"atm","check_date":"2023-11-16","indoor":"yes","level":"0","operator":"ธนาคารกรุงศรีอยุธยา","operator:wikidata":"Q782537","@type":"node","@id":6187371602},"geometry":{"type":"Point","coordinates":[100.5288829,13.746881]}},{"type":"Feature","id":6204739087,"properties":{"amenity":"atm","operator":"KTB, BBL, Krungsri, KBANK","@type":"node","@id":6204739087},"geometry":{"type":"Point","coordinates":[100.4808036,13.8240969]}},{"type":"Feature","id":6204770820,"properties":{"amenity":"atm","operator":"SCB","@type":"node","@id":6204770820},"geometry":{"type":"Point","coordinates":[100.4806103,13.8240667]}},{"type":"Feature","id":6212301687,"properties":{"amenity":"atm","operator":"SCB","@type":"node","@id":6212301687},"geometry":{"type":"Point","coordinates":[100.4871596,13.9551977]}},{"type":"Feature","id":6212301688,"properties":{"amenity":"atm","operator":"KBANK","@type":"node","@id":6212301688},"geometry":{"type":"Point","coordinates":[100.487159,13.9552185]}},{"type":"Feature","id":6215304196,"properties":{"amenity":"atm","operator":"KrungThai Bank","@type":"node","@id":6215304196},"geometry":{"type":"Point","coordinates":[100.49055,13.955758]}},{"type":"Feature","id":6222243286,"properties":{"amenity":"atm","brand":"ธนาคารกสิกรไทย","brand:en":"Kasikornbank","brand:th":"ธนาคารกสิกรไทย","brand:wikidata":"Q276557","name":"ธนาคารกสิกรไทย","name:en":"Kasikornbank","name:th":"ธนาคารกสิกรไทย","operator":"ธนาคารกสิกรไทย","operator:wikidata":"Q276557","@type":"node","@id":6222243286},"geometry":{"type":"Point","coordinates":[100.520004,13.7430219]}},{"type":"Feature","id":6222243287,"properties":{"amenity":"atm","brand":"ธนาคารไทยพาณิชย์","brand:en":"Siam Commercial Bank","brand:th":"ธนาคารไทยพาณิชย์","brand:wikidata":"Q2038986","name":"ธนาคารไทยพาณิชย์","name:en":"Siam Commercial Bank","name:th":"ธนาคารไทยพาณิชย์","operator":"ธนาคารไทยพาณิชย์","operator:wikidata":"Q2038986","@type":"node","@id":6222243287},"geometry":{"type":"Point","coordinates":[100.5200053,13.7430296]}},{"type":"Feature","id":6235306085,"properties":{"amenity":"atm","@type":"node","@id":6235306085},"geometry":{"type":"Point","coordinates":[100.5010584,13.7625654]}},{"type":"Feature","id":6257111987,"properties":{"amenity":"bank","@type":"node","@id":6257111987},"geometry":{"type":"Point","coordinates":[100.506264,13.742999]}},{"type":"Feature","id":6257112086,"properties":{"amenity":"bank","brand":"ธนาคารกรุงเทพ","brand:en":"Bangkok Bank","brand:th":"ธนาคารกรุงเทพ","brand:wikidata":"Q806483","name":"ธนาคารกรุงเทพ","name:en":"Bangkok Bank","name:th":"ธนาคารกรุงเทพ","@type":"node","@id":6257112086},"geometry":{"type":"Point","coordinates":[100.5067196,13.7425325]}},{"type":"Feature","id":6270581315,"properties":{"amenity":"bank","@type":"node","@id":6270581315},"geometry":{"type":"Point","coordinates":[100.5053161,13.7459842]}},{"type":"Feature","id":6270591290,"properties":{"amenity":"bank","@type":"node","@id":6270591290},"geometry":{"type":"Point","coordinates":[100.4839501,13.7705437]}},{"type":"Feature","id":6270592092,"properties":{"amenity":"bank","@type":"node","@id":6270592092},"geometry":{"type":"Point","coordinates":[100.4787137,13.7771717]}},{"type":"Feature","id":6270593799,"properties":{"amenity":"bank","name:en":"Kasikorn","@type":"node","@id":6270593799},"geometry":{"type":"Point","coordinates":[100.506129,13.746183]}},{"type":"Feature","id":6270594197,"properties":{"amenity":"bank","@type":"node","@id":6270594197},"geometry":{"type":"Point","coordinates":[100.5054903,13.7458509]}},{"type":"Feature","id":6270595986,"properties":{"amenity":"bank","brand":"ธนาคารกสิกรไทย","brand:en":"Kasikornbank","brand:th":"ธนาคารกสิกรไทย","brand:wikidata":"Q276557","name":"ธนาคารกสิกรไทย","name:en":"Kasikornbank","name:th":"ธนาคารกสิกรไทย","@type":"node","@id":6270595986},"geometry":{"type":"Point","coordinates":[100.5087721,13.7409767]}},{"type":"Feature","id":6274385786,"properties":{"amenity":"atm","@type":"node","@id":6274385786},"geometry":{"type":"Point","coordinates":[100.5291787,13.7937931]}},{"type":"Feature","id":6274438987,"properties":{"amenity":"bank","name:en":"Kasikorn","@type":"node","@id":6274438987},"geometry":{"type":"Point","coordinates":[100.504824,13.7682011]}},{"type":"Feature","id":6274450086,"properties":{"alt_name:en":"Krungsri","amenity":"bank","brand":"กรุงศรี","brand:en":"Bank of Ayudhya","brand:th":"กรุงศรี","brand:wikidata":"Q782537","name":"กรุงศรี","name:en":"Bank of Ayudhya","name:th":"กรุงศรี","@type":"node","@id":6274450086},"geometry":{"type":"Point","coordinates":[100.504281,13.7628377]}},{"type":"Feature","id":6274453789,"properties":{"amenity":"bank","atm":"yes","brand":"ธนาคารกสิกรไทย","brand:en":"Kasikornbank","brand:th":"ธนาคารกสิกรไทย","brand:wikidata":"Q276557","name":"ธนาคารกสิกรไทย","name:en":"Kasikornbank","name:th":"ธนาคารกสิกรไทย","@type":"node","@id":6274453789},"geometry":{"type":"Point","coordinates":[100.5164803,13.7485136]}},{"type":"Feature","id":6274454090,"properties":{"amenity":"bank","name:en":"Thanachart","@type":"node","@id":6274454090},"geometry":{"type":"Point","coordinates":[100.4979129,13.7622844]}},{"type":"Feature","id":6276417291,"properties":{"amenity":"bank","brand":"ธนาคารทหารไทย","brand:en":"TMBThanachart Bank","brand:th":"ธนาคารทหารไทย","brand:wikidata":"Q1527826","name":"ธนาคารทหารไทย","name:en":"TMBThanachart Bank","name:th":"ธนาคารทหารไทย","opening_hours":"Mo-Fr 08:30-16:00","short_name":"ttb","@type":"node","@id":6276417291},"geometry":{"type":"Point","coordinates":[100.5216037,13.7236877]}},{"type":"Feature","id":6276435187,"properties":{"amenity":"bank","name:en":"Government Savings Bank","@type":"node","@id":6276435187},"geometry":{"type":"Point","coordinates":[100.5259317,13.7202351]}},{"type":"Feature","id":6276435188,"properties":{"amenity":"bank","brand":"ธนาคารทหารไทย","brand:en":"TMBThanachart Bank","brand:th":"ธนาคารทหารไทย","brand:wikidata":"Q1527826","name":"ธนาคารทหารไทย","name:en":"TMBThanachart Bank","name:th":"ธนาคารทหารไทย","opening_hours":"Mo-Fr 08:30-16:00","short_name":"ttb","toilets:wheelchair":"no","wheelchair":"limited","@type":"node","@id":6276435188},"geometry":{"type":"Point","coordinates":[100.5254787,13.7201683]}},{"type":"Feature","id":6282046785,"properties":{"amenity":"bank","brand":"UOB","brand:wikidata":"Q2064074","brand:zh":"大华银行","name":"UOB","name:en":"UOB","name:zh":"大华银行","@type":"node","@id":6282046785},"geometry":{"type":"Point","coordinates":[100.5350977,13.7442603]}},{"type":"Feature","id":6287460719,"properties":{"amenity":"bank","name:en":"UOB","@type":"node","@id":6287460719},"geometry":{"type":"Point","coordinates":[100.5075946,13.7496964]}},{"type":"Feature","id":6287460723,"properties":{"addr:district":"พระนคร","addr:postcode":"10200","addr:province":"กรุงเทพมหานคร","addr:street":"ถนนจักรพงษ์","addr:subdistrict":"ตลาดยอด","amenity":"bank","name:en":"Thanachart","@type":"node","@id":6287460723},"geometry":{"type":"Point","coordinates":[100.4981629,13.7618567]}},{"type":"Feature","id":6287460725,"properties":{"amenity":"bank","brand":"ธนาคารทหารไทย","brand:en":"TMBThanachart Bank","brand:th":"ธนาคารทหารไทย","brand:wikidata":"Q1527826","name":"ธนาคารทหารไทย","name:en":"TMBThanachart Bank","name:th":"ธนาคารทหารไทย","short_name":"ttb","@type":"node","@id":6287460725},"geometry":{"type":"Point","coordinates":[100.5160676,13.7338046]}},{"type":"Feature","id":6287460732,"properties":{"amenity":"bank","branch":"บางรัก","brand":"ธนาคารทหารไทย","brand:en":"TMBThanachart Bank","brand:th":"ธนาคารทหารไทย","brand:wikidata":"Q1527826","name":"ธนาคารทหารไทย","name:en":"TMBThanachart Bank","name:th":"ธนาคารทหารไทย","short_name":"ttb","@type":"node","@id":6287460732},"geometry":{"type":"Point","coordinates":[100.5165521,13.7214435]}},{"type":"Feature","id":6287460733,"properties":{"addr:housenumber":"1249","addr:street":"ถนนเจริญกรุง","amenity":"bank","brand":"UOB","brand:en":"UOB","brand:wikidata":"Q2064074","brand:zh":"大华银行","name":"UOB","name:en":"UOB","name:zh":"大华银行","@type":"node","@id":6287460733},"geometry":{"type":"Point","coordinates":[100.5165807,13.7237883]}},{"type":"Feature","id":6315288788,"properties":{"amenity":"bank","name:en":"Krungsri","@type":"node","@id":6315288788},"geometry":{"type":"Point","coordinates":[100.516043,13.7271989]}},{"type":"Feature","id":6315288802,"properties":{"amenity":"bank","name:en":"Kasikorn","@type":"node","@id":6315288802},"geometry":{"type":"Point","coordinates":[100.3275823,13.7967701]}},{"type":"Feature","id":6315288985,"properties":{"alt_name:en":"Krungsri","amenity":"bank","brand":"กรุงศรี","brand:en":"Bank of Ayudhya","brand:th":"กรุงศรี","brand:wikidata":"Q782537","name":"กรุงศรี","name:en":"Bank of Ayudhya","name:th":"กรุงศรี","@type":"node","@id":6315288985},"geometry":{"type":"Point","coordinates":[100.4736746,13.7825229]}},{"type":"Feature","id":6315289005,"properties":{"amenity":"bank","name":"Thanachart","@type":"node","@id":6315289005},"geometry":{"type":"Point","coordinates":[100.3276807,13.7936243]}},{"type":"Feature","id":6315289013,"properties":{"amenity":"bank","name:en":"Bangkok","@type":"node","@id":6315289013},"geometry":{"type":"Point","coordinates":[100.3275366,13.7979861]}},{"type":"Feature","id":6315289038,"properties":{"alt_name:en":"Krungsri","amenity":"bank","brand":"กรุงศรี","brand:en":"Bank of Ayudhya","brand:th":"กรุงศรี","brand:wikidata":"Q782537","name":"กรุงศรี","name:en":"Bank of Ayudhya","name:th":"กรุงศรี","@type":"node","@id":6315289038},"geometry":{"type":"Point","coordinates":[100.5093586,13.755507]}},{"type":"Feature","id":6328350685,"properties":{"amenity":"bank","name:en":"AEON","@type":"node","@id":6328350685},"geometry":{"type":"Point","coordinates":[100.5494655,13.7915643]}},{"type":"Feature","id":6339282737,"properties":{"amenity":"atm","operator":"Krungsri ATM","@type":"node","@id":6339282737},"geometry":{"type":"Point","coordinates":[100.5396997,13.7645272]}},{"type":"Feature","id":6341124793,"properties":{"amenity":"bank","name":"ธนาคารกรุงศรีอยุธยา (สาขาบางบัวทอง)","name:en":"Krungsri Bank (Bang Bua Thong branch)","name:th":"ธนาคารกรุงศรีอยุธยา (สาขาบางบัวทอง)","@type":"node","@id":6341124793},"geometry":{"type":"Point","coordinates":[100.4199225,13.919935]}},{"type":"Feature","id":6342580566,"properties":{"amenity":"bank","name":"Islamic Bank of Thailand","@type":"node","@id":6342580566},"geometry":{"type":"Point","coordinates":[100.4953165,13.843399]}},{"type":"Feature","id":6344514807,"properties":{"amenity":"atm","brand":"ธนาคารไทยพาณิชย์","brand:en":"Siam Commercial Bank","brand:th":"ธนาคารไทยพาณิชย์","brand:wikidata":"Q2038986","name:en":"Siam Commercial Bank","name:th":"ธนาคารไทยพาณิชย์","operator":"ธนาคารไทยพาณิชย์","operator:wikidata":"Q2038986","@type":"node","@id":6344514807},"geometry":{"type":"Point","coordinates":[100.6687459,13.9212848]}},{"type":"Feature","id":6344607188,"properties":{"amenity":"atm","operator":"Omsin","@type":"node","@id":6344607188},"geometry":{"type":"Point","coordinates":[100.6574261,13.9318157]}},{"type":"Feature","id":6344803034,"properties":{"amenity":"atm","operator":"Kasikorn","@type":"node","@id":6344803034},"geometry":{"type":"Point","coordinates":[100.672467,13.9077719]}},{"type":"Feature","id":6346684831,"properties":{"amenity":"atm","@type":"node","@id":6346684831},"geometry":{"type":"Point","coordinates":[100.5487359,13.8116922]}},{"type":"Feature","id":6347340391,"properties":{"amenity":"bank","atm":"yes","name":"Omsin","@type":"node","@id":6347340391},"geometry":{"type":"Point","coordinates":[100.548659,13.8123962]}},{"type":"Feature","id":6347378244,"properties":{"amenity":"atm","brand":"ธนาคารทหารไทย","brand:en":"TMBThanachart Bank","brand:th":"ธนาคารทหารไทย","brand:wikidata":"Q1527826","level":"0","name":"ธนาคารทหารไทย","name:en":"TMBThanachart Bank","name:th":"ธนาคารทหารไทย","operator":"ธนาคารทหารไทย","operator:wikidata":"Q1527826","short_name":"ttb","@type":"node","@id":6347378244},"geometry":{"type":"Point","coordinates":[100.5489574,13.8129871]}},{"type":"Feature","id":6347378245,"properties":{"amenity":"atm","brand":"ธนาคารไทยพาณิชย์","brand:en":"Siam Commercial Bank","brand:th":"ธนาคารไทยพาณิชย์","brand:wikidata":"Q2038986","level":"0","name:en":"Siam Commercial Bank","name:th":"ธนาคารไทยพาณิชย์","operator":"ธนาคารไทยพาณิชย์","operator:wikidata":"Q2038986","@type":"node","@id":6347378245},"geometry":{"type":"Point","coordinates":[100.5489544,13.8129793]}},{"type":"Feature","id":6347378246,"properties":{"amenity":"atm","brand":"ธนาคารกรุงไทย","brand:en":"Krung Thai Bank","brand:th":"ธนาคารกรุงไทย","brand:wikidata":"Q962865","level":"0","name:en":"Krung Thai Bank","name:th":"ธนาคารกรุงไทย","operator":"ธนาคารกรุงไทย","operator:wikidata":"Q962865","@type":"node","@id":6347378246},"geometry":{"type":"Point","coordinates":[100.5489524,13.8129725]}},{"type":"Feature","id":6347378247,"properties":{"amenity":"atm","level":"0","operator":"Omsin","@type":"node","@id":6347378247},"geometry":{"type":"Point","coordinates":[100.5489467,13.8129578]}},{"type":"Feature","id":6347378248,"properties":{"amenity":"atm","brand":"ธนาคารกรุงเทพ","brand:en":"Bangkok Bank","brand:th":"ธนาคารกรุงเทพ","brand:wikidata":"Q806483","level":"0","name":"ธนาคารกรุงเทพ","name:en":"Bangkok Bank","name:th":"ธนาคารกรุงเทพ","operator":"ธนาคารกรุงเทพ","operator:wikidata":"Q806483","@type":"node","@id":6347378248},"geometry":{"type":"Point","coordinates":[100.54895,13.8129656]}},{"type":"Feature","id":6347378249,"properties":{"alt_name:en":"Krungsri","amenity":"atm","brand":"กรุงศรี","brand:en":"Bank of Ayudhya","brand:th":"กรุงศรี","brand:wikidata":"Q782537","level":"0","name:en":"Bank of Ayudhya","name:th":"กรุงศรี","operator":"กรุงศรี","operator:wikidata":"Q782537","@type":"node","@id":6347378249},"geometry":{"type":"Point","coordinates":[100.548942,13.8129464]}},{"type":"Feature","id":6347378250,"properties":{"amenity":"atm","level":"0","operator":"Kasikhorn","@type":"node","@id":6347378250},"geometry":{"type":"Point","coordinates":[100.548939,13.812935]}},{"type":"Feature","id":6347378254,"properties":{"amenity":"atm","brand":"ธนาคารกรุงเทพ","brand:en":"Bangkok Bank","brand:th":"ธนาคารกรุงเทพ","brand:wikidata":"Q806483","level":"0","name":"ธนาคารกรุงเทพ","name:en":"Bangkok Bank","name:th":"ธนาคารกรุงเทพ","operator":"ธนาคารกรุงเทพ","operator:wikidata":"Q806483","@type":"node","@id":6347378254},"geometry":{"type":"Point","coordinates":[100.5489209,13.8136051]}},{"type":"Feature","id":6371298102,"properties":{"amenity":"bank","brand":"ธนาคารเพื่อการเกษตรและสหกรณ์การเกษตร","brand:en":"Bank for Agriculture and Agricultural Co-operatives","brand:th":"ธนาคารเพื่อการเกษตรและสหกรณ์การเกษตร","brand:wikidata":"Q23043470","level":"0","name":"ธนาคารเพื่อการเกษตรและสหกรณ์การเกษตร","name:en":"Bank for Agriculture and Agricultural Co-operatives","name:th":"ธนาคารเพื่อการเกษตรและสหกรณ์การเกษตร","@type":"node","@id":6371298102},"geometry":{"type":"Point","coordinates":[100.5485195,13.8130174]}},{"type":"Feature","id":6371298103,"properties":{"amenity":"bank","atm":"yes","brand":"ธนาคารกรุงไทย","brand:en":"Krung Thai Bank","brand:th":"ธนาคารกรุงไทย","brand:wikidata":"Q962865","level":"0","name":"ธนาคารกรุงไทย","name:en":"Krung Thai Bank","name:th":"ธนาคารกรุงไทย","@type":"node","@id":6371298103},"geometry":{"type":"Point","coordinates":[100.5485195,13.8130969]}},{"type":"Feature","id":6372466860,"properties":{"amenity":"atm","operator":"SCB","@type":"node","@id":6372466860},"geometry":{"type":"Point","coordinates":[100.5103289,13.6971612]}},{"type":"Feature","id":6372466861,"properties":{"amenity":"atm","operator":"KTB","@type":"node","@id":6372466861},"geometry":{"type":"Point","coordinates":[100.5100017,13.6967182]}},{"type":"Feature","id":6372466862,"properties":{"amenity":"bank","atm":"yes","brand":"ธนาคารกรุงเทพ","brand:en":"Bangkok Bank","brand:th":"ธนาคารกรุงเทพ","brand:wikidata":"Q806483","name":"ธนาคารกรุงเทพ","name:en":"Bangkok Bank","name:th":"ธนาคารกรุงเทพ","@type":"node","@id":6372466862},"geometry":{"type":"Point","coordinates":[100.5106259,13.6976796]}},{"type":"Feature","id":6372466863,"properties":{"amenity":"bank","atm":"yes","brand":"ธนาคารกสิกรไทย","brand:en":"Kasikornbank","brand:th":"ธนาคารกสิกรไทย","brand:wikidata":"Q276557","name":"ธนาคารกสิกรไทย","name:en":"Kasikornbank","name:th":"ธนาคารกสิกรไทย","@type":"node","@id":6372466863},"geometry":{"type":"Point","coordinates":[100.5096152,13.6957369]}},{"type":"Feature","id":6390064170,"properties":{"amenity":"bank","brand":"ธนาคารออมสิน","brand:en":"Government Savings Bank","brand:th":"ธนาคารออมสิน","brand:wikidata":"Q6579041","brand:wikipedia":"en:Government Savings Bank (Thailand)","name":"ธนาคารออมสิน","name:en":"Government Savings Bank","name:th":"ธนาคารออมสิน","@type":"node","@id":6390064170},"geometry":{"type":"Point","coordinates":[100.4963488,13.843674]}},{"type":"Feature","id":6390328085,"properties":{"amenity":"bank","name:en":"AEON Bank","@type":"node","@id":6390328085},"geometry":{"type":"Point","coordinates":[100.5350168,13.7279929]}},{"type":"Feature","id":6391251775,"properties":{"amenity":"atm","operator":"BAY","@type":"node","@id":6391251775},"geometry":{"type":"Point","coordinates":[100.4855271,13.824207]}},{"type":"Feature","id":6391251776,"properties":{"amenity":"atm","operator":"GSB","@type":"node","@id":6391251776},"geometry":{"type":"Point","coordinates":[100.4855271,13.8241857]}},{"type":"Feature","id":6391889314,"properties":{"alt_name:en":"Krungsri","amenity":"bank","brand":"กรุงศรี","brand:en":"Bank of Ayudhya","brand:th":"กรุงศรี","brand:wikidata":"Q782537","name":"กรุงศรี","name:en":"Bank of Ayudhya","name:th":"กรุงศรี","@type":"node","@id":6391889314},"geometry":{"type":"Point","coordinates":[100.5137974,13.7883268]}},{"type":"Feature","id":6391901321,"properties":{"amenity":"bank","brand":"ธนาคารกรุงเทพ","brand:en":"Bangkok Bank","brand:th":"ธนาคารกรุงเทพ","brand:wikidata":"Q806483","name":"ธนาคารกรุงเทพ","name:en":"Bangkok Bank","name:th":"ธนาคารกรุงเทพ","opening_hours":"Mo-Fr 08:30-16:00","@type":"node","@id":6391901321},"geometry":{"type":"Point","coordinates":[100.5012151,13.7469258]}},{"type":"Feature","id":6391901322,"properties":{"amenity":"bank","name:en":"Thanachart","@type":"node","@id":6391901322},"geometry":{"type":"Point","coordinates":[100.5235542,13.7290585]}},{"type":"Feature","id":6391901342,"properties":{"alt_name:en":"Krungsri","amenity":"bank","brand":"กรุงศรี","brand:en":"Bank of Ayudhya","brand:th":"กรุงศรี","brand:wikidata":"Q782537","name":"กรุงศรี","name:en":"Bank of Ayudhya","name:th":"กรุงศรี","@type":"node","@id":6391901342},"geometry":{"type":"Point","coordinates":[100.5026264,13.7518969]}},{"type":"Feature","id":6391901413,"properties":{"amenity":"bank","name:en":"Kasikorn","@type":"node","@id":6391901413},"geometry":{"type":"Point","coordinates":[100.5128201,13.7564472]}},{"type":"Feature","id":6391901507,"properties":{"amenity":"bank","brand":"ธนาคารกสิกรไทย","brand:en":"Kasikornbank","brand:th":"ธนาคารกสิกรไทย","brand:wikidata":"Q276557","name":"ธนาคารกสิกรไทย","name:en":"Kasikornbank","name:th":"ธนาคารกสิกรไทย","@type":"node","@id":6391901507},"geometry":{"type":"Point","coordinates":[100.5166389,13.7255588]}},{"type":"Feature","id":6391901692,"properties":{"amenity":"bank","name:en":"Bangkok","@type":"node","@id":6391901692},"geometry":{"type":"Point","coordinates":[100.5125577,13.7862751]}},{"type":"Feature","id":6397689278,"properties":{"amenity":"atm","name":"ATM SCB, KBANK, TMB (IKEA)","@type":"node","@id":6397689278},"geometry":{"type":"Point","coordinates":[100.4129189,13.8782256]}},{"type":"Feature","id":6417398334,"properties":{"amenity":"atm","@type":"node","@id":6417398334},"geometry":{"type":"Point","coordinates":[100.4477095,13.8196863]}},{"type":"Feature","id":6430621444,"properties":{"amenity":"atm","brand":"ธนาคารไทยพาณิชย์","brand:en":"Siam Commercial Bank","brand:th":"ธนาคารไทยพาณิชย์","brand:wikidata":"Q2038986","colour":"purple","covered":"yes","name:en":"Siam Commercial Bank","name:th":"ธนาคารไทยพาณิชย์","operator":"ธนาคารไทยพาณิชย์","operator:wikidata":"Q2038986","@type":"node","@id":6430621444},"geometry":{"type":"Point","coordinates":[100.5069986,13.7751358]}},{"type":"Feature","id":6514556084,"properties":{"amenity":"atm","cash_in":"yes","check_date":"2026-01-05","operator":"Bangkok Bank","@type":"node","@id":6514556084},"geometry":{"type":"Point","coordinates":[100.5137296,13.8188604]}},{"type":"Feature","id":6533323747,"properties":{"amenity":"bank","name":"Bangkok Bank","@type":"node","@id":6533323747},"geometry":{"type":"Point","coordinates":[100.524615,13.8245788]}},{"type":"Feature","id":6533345584,"properties":{"amenity":"bank","name":"Krungsri Bank","@type":"node","@id":6533345584},"geometry":{"type":"Point","coordinates":[100.5310774,13.809788]}},{"type":"Feature","id":6543739889,"properties":{"amenity":"atm","@type":"node","@id":6543739889},"geometry":{"type":"Point","coordinates":[100.7529982,13.7225105]}},{"type":"Feature","id":6543739891,"properties":{"amenity":"atm","@type":"node","@id":6543739891},"geometry":{"type":"Point","coordinates":[100.7531489,13.7224354]}},{"type":"Feature","id":6574814817,"properties":{"amenity":"atm","brand":"ธนาคารไทยพาณิชย์","brand:en":"Siam Commercial Bank","brand:th":"ธนาคารไทยพาณิชย์","brand:wikidata":"Q2038986","colour":"purple","name:en":"Siam Commercial Bank","name:th":"ธนาคารไทยพาณิชย์","operator":"ธนาคารไทยพาณิชย์","operator:wikidata":"Q2038986","@type":"node","@id":6574814817},"geometry":{"type":"Point","coordinates":[100.5160512,13.7262917]}},{"type":"Feature","id":6579562527,"properties":{"amenity":"atm","operator":"KTB","@type":"node","@id":6579562527},"geometry":{"type":"Point","coordinates":[100.6476366,14.0748594]}},{"type":"Feature","id":6579562528,"properties":{"amenity":"atm","operator":"KTB","@type":"node","@id":6579562528},"geometry":{"type":"Point","coordinates":[100.6486967,14.073052]}},{"type":"Feature","id":6609441185,"properties":{"amenity":"atm","@type":"node","@id":6609441185},"geometry":{"type":"Point","coordinates":[100.6012706,13.9184614]}},{"type":"Feature","id":6609441285,"properties":{"amenity":"atm","@type":"node","@id":6609441285},"geometry":{"type":"Point","coordinates":[100.6022331,13.9186998]}},{"type":"Feature","id":6609760886,"properties":{"amenity":"atm","brand":"ธนาคารกรุงเทพ","brand:en":"Bangkok Bank","brand:th":"ธนาคารกรุงเทพ","brand:wikidata":"Q806483","operator":"ธนาคารกรุงเทพ","operator:wikidata":"Q806483","@type":"node","@id":6609760886},"geometry":{"type":"Point","coordinates":[100.6011778,13.9168002]}},{"type":"Feature","id":6609779790,"properties":{"amenity":"atm","@type":"node","@id":6609779790},"geometry":{"type":"Point","coordinates":[100.6021934,13.9187137]}},{"type":"Feature","id":6609779791,"properties":{"amenity":"atm","@type":"node","@id":6609779791},"geometry":{"type":"Point","coordinates":[100.6021602,13.9187293]}},{"type":"Feature","id":6609779989,"properties":{"amenity":"atm","@type":"node","@id":6609779989},"geometry":{"type":"Point","coordinates":[100.6032969,13.921521]}},{"type":"Feature","id":6636472385,"properties":{"amenity":"atm","@type":"node","@id":6636472385},"geometry":{"type":"Point","coordinates":[100.6011659,13.9167799]}},{"type":"Feature","id":6636472485,"properties":{"amenity":"atm","@type":"node","@id":6636472485},"geometry":{"type":"Point","coordinates":[100.6011629,13.9167673]}},{"type":"Feature","id":6636481089,"properties":{"amenity":"atm","brand":"ธนาคารไทยพาณิชย์","brand:en":"Siam Commercial Bank","brand:th":"ธนาคารไทยพาณิชย์","brand:wikidata":"Q2038986","operator":"ธนาคารไทยพาณิชย์","operator:wikidata":"Q2038986","@type":"node","@id":6636481089},"geometry":{"type":"Point","coordinates":[100.600113,13.9142399]}},{"type":"Feature","id":6636481090,"properties":{"amenity":"atm","@type":"node","@id":6636481090},"geometry":{"type":"Point","coordinates":[100.6000965,13.9142069]}},{"type":"Feature","id":6659642985,"properties":{"amenity":"atm","@type":"node","@id":6659642985},"geometry":{"type":"Point","coordinates":[100.5295252,13.7794701]}},{"type":"Feature","id":6660285289,"properties":{"amenity":"atm","@type":"node","@id":6660285289},"geometry":{"type":"Point","coordinates":[100.5396244,13.7547966]}},{"type":"Feature","id":6664607785,"properties":{"amenity":"atm","opening_hours":"24/7","@type":"node","@id":6664607785},"geometry":{"type":"Point","coordinates":[100.4967361,13.7420819]}},{"type":"Feature","id":6665087186,"properties":{"amenity":"atm","@type":"node","@id":6665087186},"geometry":{"type":"Point","coordinates":[100.4951964,13.7425785]}},{"type":"Feature","id":6665096085,"properties":{"amenity":"atm","@type":"node","@id":6665096085},"geometry":{"type":"Point","coordinates":[100.4955425,13.7426908]}},{"type":"Feature","id":6665096185,"properties":{"amenity":"atm","opening_hours":"24/7","@type":"node","@id":6665096185},"geometry":{"type":"Point","coordinates":[100.4941187,13.7429921]}},{"type":"Feature","id":6741737778,"properties":{"amenity":"bank","brand":"ธนาคารกสิกรไทย","brand:en":"Kasikornbank","brand:th":"ธนาคารกสิกรไทย","brand:wikidata":"Q276557","name":"ธนาคารกสิกรไทย","name:en":"Kasikornbank","name:th":"ธนาคารกสิกรไทย","@type":"node","@id":6741737778},"geometry":{"type":"Point","coordinates":[100.5167239,13.8506255]}},{"type":"Feature","id":6771366862,"properties":{"amenity":"bank","branch":"สาขา ประชาราษฎร์-นนทบุรี","name":"TMB","@type":"node","@id":6771366862},"geometry":{"type":"Point","coordinates":[100.4974614,13.8435217]}},{"type":"Feature","id":7041771828,"properties":{"amenity":"bank","atm":"yes","name":"Krungsri","@type":"node","@id":7041771828},"geometry":{"type":"Point","coordinates":[100.510112,13.7400659]}},{"type":"Feature","id":7060019685,"properties":{"amenity":"bank","brand":"ธนาคารทหารไทย","brand:en":"TMBThanachart Bank","brand:th":"ธนาคารทหารไทย","brand:wikidata":"Q1527826","name":"ธนาคารทหารไทย","name:en":"TMBThanachart Bank","name:th":"ธนาคารทหารไทย","short_name":"ttb","@type":"node","@id":7060019685},"geometry":{"type":"Point","coordinates":[100.5065747,13.7429651]}},{"type":"Feature","id":7060739386,"properties":{"amenity":"bank","brand":"ICBC","brand:wikidata":"Q26463","name":"ICBC","@type":"node","@id":7060739386},"geometry":{"type":"Point","coordinates":[100.5080864,13.7415379]}},{"type":"Feature","id":7062662886,"properties":{"alt_name:en":"Krungsri","amenity":"bank","brand":"กรุงศรี","brand:en":"Bank of Ayudhya","brand:th":"กรุงศรี","brand:wikidata":"Q782537","name":"กรุงศรี","name:en":"Bank of Ayudhya","name:th":"กรุงศรี","@type":"node","@id":7062662886},"geometry":{"type":"Point","coordinates":[100.4997469,13.7462326]}},{"type":"Feature","id":7062668387,"properties":{"amenity":"atm","brand":"ธนาคารกรุงเทพ","brand:en":"Bangkok Bank","brand:th":"ธนาคารกรุงเทพ","brand:wikidata":"Q806483","name:en":"Bangkok Bank","name:th":"ธนาคารกรุงเทพ","operator":"ธนาคารกรุงเทพ","operator:wikidata":"Q806483","@type":"node","@id":7062668387},"geometry":{"type":"Point","coordinates":[100.4704055,13.7216667]}},{"type":"Feature","id":7065056742,"properties":{"amenity":"atm","@type":"node","@id":7065056742},"geometry":{"type":"Point","coordinates":[100.498521,13.760272]}},{"type":"Feature","id":7068147213,"properties":{"amenity":"atm","name":"Kungsri","@type":"node","@id":7068147213},"geometry":{"type":"Point","coordinates":[100.4981823,13.7604205]}},{"type":"Feature","id":7095865385,"properties":{"amenity":"bank","@type":"node","@id":7095865385},"geometry":{"type":"Point","coordinates":[100.4997817,13.7461528]}},{"type":"Feature","id":7104313685,"properties":{"amenity":"atm","operator":"KBank","@type":"node","@id":7104313685},"geometry":{"type":"Point","coordinates":[100.5387384,13.7525815]}},{"type":"Feature","id":7113697759,"properties":{"amenity":"atm","brand":"Bangkok Bank","@type":"node","@id":7113697759},"geometry":{"type":"Point","coordinates":[100.5210974,13.9054659]}},{"type":"Feature","id":7115940785,"properties":{"amenity":"bank","name:en":"SCB Bank","@type":"node","@id":7115940785},"geometry":{"type":"Point","coordinates":[100.546724,13.7437422]}},{"type":"Feature","id":7118327647,"properties":{"amenity":"atm","operator":"Easybank","@type":"node","@id":7118327647},"geometry":{"type":"Point","coordinates":[100.5142697,13.7500876]}},{"type":"Feature","id":7229650885,"properties":{"amenity":"bank","brand":"ธนาคารกสิกรไทย","brand:en":"Kasikornbank","brand:th":"ธนาคารกสิกรไทย","brand:wikidata":"Q276557","brand:wikipedia":"en:Kasikornbank","name":"ธนาคารกสิกรไทย","name:en":"Kasikornbank","name:th":"ธนาคารกสิกรไทย","@type":"node","@id":7229650885},"geometry":{"type":"Point","coordinates":[100.5419271,13.7484892]}},{"type":"Feature","id":7270892370,"properties":{"amenity":"bank","brand":"Bangkok Bank","brand:wikidata":"Q806483","brand:wikipedia":"en:Bangkok Bank","name":"Bangkok Bank","@type":"node","@id":7270892370},"geometry":{"type":"Point","coordinates":[100.3560906,13.6245244]}},{"type":"Feature","id":7284105027,"properties":{"amenity":"atm","brand":"SCB","@type":"node","@id":7284105027},"geometry":{"type":"Point","coordinates":[100.6215225,13.7570247]}},{"type":"Feature","id":7307476185,"properties":{"amenity":"bank","name:en":"Krungsri","@type":"node","@id":7307476185},"geometry":{"type":"Point","coordinates":[100.564692,13.7574301]}},{"type":"Feature","id":7307476186,"properties":{"amenity":"bank","brand":"ธนาคารกรุงเทพ","brand:en":"Bangkok Bank","brand:th":"ธนาคารกรุงเทพ","brand:wikidata":"Q806483","name":"ธนาคารกรุงเทพ","name:en":"Bangkok Bank","name:th":"ธนาคารกรุงเทพ","@type":"node","@id":7307476186},"geometry":{"type":"Point","coordinates":[100.5647328,13.7574903]}},{"type":"Feature","id":7313680535,"properties":{"amenity":"atm","brand":"กรุงศรี","brand:th":"กรุงศรี","brand:wikidata":"Q782537","image":"https://images.mapillary.com/J4AoVlunydUyZCer3SdrtQ/thumb-2048.jpg","mapillary":"300770658277062","name":"ATM กรุงศรี","name:en":"Krungsri ATM","name:th":"ATM กรุงศรี","operator":"กรุงศรี","operator:wikidata":"Q782537","@type":"node","@id":7313680535},"geometry":{"type":"Point","coordinates":[100.5306115,13.7273633]}},{"type":"Feature","id":7320997104,"properties":{"amenity":"atm","operator":"SCB","@type":"node","@id":7320997104},"geometry":{"type":"Point","coordinates":[100.5662595,13.7485068]}},{"type":"Feature","id":7416933997,"properties":{"amenity":"bank","brand":"UOB","brand:wikidata":"Q2064074","brand:wikipedia":"en:United Overseas Bank","name":"UOB","@type":"node","@id":7416933997},"geometry":{"type":"Point","coordinates":[100.5361715,13.7880243]}},{"type":"Feature","id":7590207697,"properties":{"amenity":"atm","indoor":"yes","name":"Krungsri","@type":"node","@id":7590207697},"geometry":{"type":"Point","coordinates":[100.6007075,13.7056116]}},{"type":"Feature","id":7590207708,"properties":{"amenity":"atm","brand":"ธนาคารไทยพาณิชย์","brand:en":"Siam Commercial Bank","brand:th":"ธนาคารไทยพาณิชย์","brand:wikidata":"Q2038986","indoor":"yes","name":"ธนาคารไทยพาณิชย์","name:en":"Siam Commercial Bank","name:th":"ธนาคารไทยพาณิชย์","operator":"ธนาคารไทยพาณิชย์","operator:wikidata":"Q2038986","@type":"node","@id":7590207708},"geometry":{"type":"Point","coordinates":[100.6007108,13.7056133]}},{"type":"Feature","id":7987267685,"properties":{"amenity":"atm","brand":"Bangkok Bank","level":"0","@type":"node","@id":7987267685},"geometry":{"type":"Point","coordinates":[100.5521774,13.7459446]}},{"type":"Feature","id":8244084301,"properties":{"amenity":"bank","atm":"yes","brand":"ธนาคารกสิกรไทย","brand:en":"Kasikornbank","brand:th":"ธนาคารกสิกรไทย","brand:wikidata":"Q276557","name":"ธนาคารกสิกรไทย","name:en":"Kasikornbank","name:th":"ธนาคารกสิกรไทย","@type":"node","@id":8244084301},"geometry":{"type":"Point","coordinates":[100.5454223,13.74492]}},{"type":"Feature","id":8244084302,"properties":{"amenity":"atm","brand":"ธนาคารกรุงเทพ","brand:en":"Bangkok Bank","brand:th":"ธนาคารกรุงเทพ","brand:wikidata":"Q806483","name":"ธนาคารกรุงเทพ","name:en":"Bangkok Bank","name:th":"ธนาคารกรุงเทพ","operator":"ธนาคารกรุงเทพ","operator:wikidata":"Q806483","@type":"node","@id":8244084302},"geometry":{"type":"Point","coordinates":[100.5454008,13.744563]}},{"type":"Feature","id":8617103387,"properties":{"air_conditioning":"yes","amenity":"bank","atm":"yes","brand":"ธนาคารกสิกรไทย","brand:en":"Kasikornbank","brand:th":"ธนาคารกสิกรไทย","brand:wikidata":"Q276557","drive_through":"no","name":"ธนาคารกสิกรไทย","name:en":"Kasikornbank","name:th":"ธนาคารกสิกรไทย","opening_hours":"09:00-17:00","operator":"Kasikorn","@type":"node","@id":8617103387},"geometry":{"type":"Point","coordinates":[100.641992,13.7361555]}},{"type":"Feature","id":8818331729,"properties":{"amenity":"bank","name":"Thanachart","@type":"node","@id":8818331729},"geometry":{"type":"Point","coordinates":[100.6300393,13.6262589]}},{"type":"Feature","id":8819628900,"properties":{"amenity":"bank","atm":"yes","brand":"ธนาคารกรุงไทย","brand:en":"Krung Thai Bank","brand:th":"ธนาคารกรุงไทย","brand:wikidata":"Q962865","brand:wikipedia":"en:Krung Thai Bank","drive_through":"no","fixme":"Resurvey opening hours","name":"ธนาคารกรุงไทย","name:en":"Krung Thai Bank","name:th":"ธนาคารกรุงไทย","opening_hours":"Mo-Su 09:00-18:00","@type":"node","@id":8819628900},"geometry":{"type":"Point","coordinates":[100.408863,13.8778564]}},{"type":"Feature","id":8920852165,"properties":{"addr:city":"แขวงคลองจั่น","addr:postcode":"10240","addr:street":"ถนนเสรีไทย","amenity":"bank","atm":"yes","brand":"ธนาคารกสิกรไทย","brand:en":"Kasikornbank","brand:th":"ธนาคารกสิกรไทย","brand:wikidata":"Q276557","brand:wikipedia":"en:Kasikornbank","name":"ธนาคารกสิกรไทย","name:en":"Kasikornbank","name:th":"ธนาคารกสิกรไทย","opening_hours":"Mo-Fr 08:00-15:00","@type":"node","@id":8920852165},"geometry":{"type":"Point","coordinates":[100.6488038,13.7668572]}},{"type":"Feature","id":8946024603,"properties":{"amenity":"atm","brand":"กสิกรไทย","cash_in":"yes","operator":"กสิกรไทย","@type":"node","@id":8946024603},"geometry":{"type":"Point","coordinates":[100.6494035,13.7755434]}},{"type":"Feature","id":8946110496,"properties":{"amenity":"atm","brand":"ไทยพาณิชย์","cash_in":"no","operator":"ไทยพาณิชย์","@type":"node","@id":8946110496},"geometry":{"type":"Point","coordinates":[100.6494312,13.7755164]}},{"type":"Feature","id":9026269083,"properties":{"amenity":"atm","atm":"yes","operator":"Krungsri Bank","@type":"node","@id":9026269083},"geometry":{"type":"Point","coordinates":[100.4915424,13.8424584]}},{"type":"Feature","id":9026269089,"properties":{"amenity":"atm","operator":"ATM","@type":"node","@id":9026269089},"geometry":{"type":"Point","coordinates":[100.492037,13.8426077]}},{"type":"Feature","id":9116353185,"properties":{"amenity":"atm","@type":"node","@id":9116353185},"geometry":{"type":"Point","coordinates":[100.512445,13.8233358]}},{"type":"Feature","id":9116353192,"properties":{"amenity":"atm","check_date":"2026-01-05","@type":"node","@id":9116353192},"geometry":{"type":"Point","coordinates":[100.5151594,13.8213798]}},{"type":"Feature","id":9116353193,"properties":{"amenity":"bank","brand":"ธนาคารกรุงเทพ","brand:en":"Bangkok Bank","brand:th":"ธนาคารกรุงเทพ","brand:wikidata":"Q806483","brand:wikipedia":"en:Bangkok Bank","cash_in":"yes","check_date":"2026-01-05","name":"ธนาคารกรุงเทพ","name:en":"Bangkok Bank","name:th":"ธนาคารกรุงเทพ","operator":"ธนาคารกรุงเทพ","operator:wikidata":"Q806483","operator:wikipedia":"en:Bangkok Bank","@type":"node","@id":9116353193},"geometry":{"type":"Point","coordinates":[100.5149307,13.821327]}},{"type":"Feature","id":9116353195,"properties":{"amenity":"atm","@type":"node","@id":9116353195},"geometry":{"type":"Point","coordinates":[100.5135644,13.8212777]}},{"type":"Feature","id":9116353205,"properties":{"amenity":"atm","@type":"node","@id":9116353205},"geometry":{"type":"Point","coordinates":[100.51458,13.8191938]}},{"type":"Feature","id":9229397919,"properties":{"amenity":"bank","atm":"yes","brand":"SCB","drive_through":"no","name":"SCB","operator":"Siam Commercial Bank","@type":"node","@id":9229397919},"geometry":{"type":"Point","coordinates":[100.3781091,13.7187525]}},{"type":"Feature","id":9229397920,"properties":{"amenity":"bank","atm":"yes","drive_through":"no","operator":"SCB ATM","@type":"node","@id":9229397920},"geometry":{"type":"Point","coordinates":[100.3781091,13.7187525]}},{"type":"Feature","id":9471547053,"properties":{"amenity":"atm","currency:THB":"yes","network":"Krungsri","@type":"node","@id":9471547053},"geometry":{"type":"Point","coordinates":[100.5653076,13.7260903]}},{"type":"Feature","id":9471547054,"properties":{"amenity":"atm","currency:THB":"yes","network":"TTB","@type":"node","@id":9471547054},"geometry":{"type":"Point","coordinates":[100.5653046,13.7260781]}},{"type":"Feature","id":9587695135,"properties":{"amenity":"atm","operator":"Siam Commercial Bank","@type":"node","@id":9587695135},"geometry":{"type":"Point","coordinates":[100.5716964,13.841619]}},{"type":"Feature","id":9587765904,"properties":{"amenity":"atm","operator":"Siam Commercial Bank","@type":"node","@id":9587765904},"geometry":{"type":"Point","coordinates":[100.5745652,13.8382891]}},{"type":"Feature","id":9587926392,"properties":{"amenity":"atm","@type":"node","@id":9587926392},"geometry":{"type":"Point","coordinates":[100.5626701,13.8295517]}},{"type":"Feature","id":9589218625,"properties":{"amenity":"atm","operator":"Krungsri","@type":"node","@id":9589218625},"geometry":{"type":"Point","coordinates":[100.5737714,13.77554]}},{"type":"Feature","id":9604557593,"properties":{"amenity":"atm","brand":"ธนาคารกรุงไทย","brand:en":"Krung Thai Bank","brand:th":"ธนาคารกรุงไทย","brand:wikidata":"Q962865","operator":"ธนาคารกรุงไทย","operator:wikidata":"Q962865","@type":"node","@id":9604557593},"geometry":{"type":"Point","coordinates":[100.583439,13.8865618]}},{"type":"Feature","id":9604665207,"properties":{"amenity":"atm","brand":"ธนาคารกสิกรไทย","brand:en":"Kasikornbank","brand:th":"ธนาคารกสิกรไทย","brand:wikidata":"Q276557","operator":"ธนาคารกสิกรไทย","operator:wikidata":"Q276557","@type":"node","@id":9604665207},"geometry":{"type":"Point","coordinates":[100.5834663,13.8865709]}},{"type":"Feature","id":9626530517,"properties":{"amenity":"bank","name:en":"SCB Bank","@type":"node","@id":9626530517},"geometry":{"type":"Point","coordinates":[100.5353342,13.7281936]}},{"type":"Feature","id":9645396233,"properties":{"amenity":"atm","brand":"krungsri","cash_in":"no","check_date":"2023-10-06","opening_hours":"24/7","wheelchair":"no","@type":"node","@id":9645396233},"geometry":{"type":"Point","coordinates":[100.7707601,13.7278489]}},{"type":"Feature","id":9645396234,"properties":{"amenity":"atm","brand":"KBank","cash_in":"no","check_date":"2023-10-06","opening_hours":"24/7","wheelchair":"no","@type":"node","@id":9645396234},"geometry":{"type":"Point","coordinates":[100.77075,13.7278492]}},{"type":"Feature","id":9666845011,"properties":{"amenity":"atm","brand":"ธนาคารกสิกรไทย","brand:en":"Kasikornbank","brand:th":"ธนาคารกสิกรไทย","brand:wikidata":"Q276557","brand:wikipedia":"en:Kasikornbank","name":"ธนาคารกสิกรไทย","name:en":"Kasikornbank","name:th":"ธนาคารกสิกรไทย","operator":"ธนาคารกสิกรไทย","operator:wikidata":"Q276557","operator:wikipedia":"en:Kasikornbank","@type":"node","@id":9666845011},"geometry":{"type":"Point","coordinates":[100.7648969,13.727711]}},{"type":"Feature","id":9666845012,"properties":{"amenity":"atm","brand":"ธนาคารกรุงศรีอยุธยา","operator":"ธนาคารกรุงศรีอยุธยา","@type":"node","@id":9666845012},"geometry":{"type":"Point","coordinates":[100.7648848,13.7277113]}},{"type":"Feature","id":9670061017,"properties":{"amenity":"atm","operator":"AEON (150 THB fee for foreigner)","@type":"node","@id":9670061017},"geometry":{"type":"Point","coordinates":[100.5418797,13.7472696]}},{"type":"Feature","id":9671493365,"properties":{"addr:street":"ถนนเทพรัตน","amenity":"atm","brand":"ธนาคารไทยพาณิชย์","brand:en":"Siam Commercial Bank","brand:th":"ธนาคารไทยพาณิชย์","brand:wikidata":"Q2038986","brand:wikipedia":"en:Siam Commercial Bank","name":"ธนาคารไทยพาณิชย์","name:en":"Siam Commercial Bank","name:th":"ธนาคารไทยพาณิชย์","operator":"ธนาคารไทยพาณิชย์","operator:wikidata":"Q2038986","operator:wikipedia":"en:Siam Commercial Bank","@type":"node","@id":9671493365},"geometry":{"type":"Point","coordinates":[100.6812145,13.6474288]}},{"type":"Feature","id":9671493366,"properties":{"amenity":"atm","brand":"ธนาคารกรุงไทย","brand:en":"Krung Thai Bank","brand:th":"ธนาคารกรุงไทย","brand:wikidata":"Q962865","brand:wikipedia":"en:Krungthai Bank","name":"ธนาคารกรุงไทย","name:en":"Krung Thai Bank","name:th":"ธนาคารกรุงไทย","operator":"ธนาคารกรุงไทย","operator:wikidata":"Q962865","operator:wikipedia":"en:Krungthai Bank","@type":"node","@id":9671493366},"geometry":{"type":"Point","coordinates":[100.6812147,13.6474059]}},{"type":"Feature","id":9671617739,"properties":{"amenity":"atm","brand":"krungsri","@type":"node","@id":9671617739},"geometry":{"type":"Point","coordinates":[100.6807199,13.6466006]}},{"type":"Feature","id":9753381196,"properties":{"amenity":"bank","name":"ธกส","name:en":"Bank for Agriculture and Agricultural Cooperatives","@type":"node","@id":9753381196},"geometry":{"type":"Point","coordinates":[100.6057387,13.6717837]}},{"type":"Feature","id":9753541178,"properties":{"amenity":"bank","brand":"ธนาคารกสิกรไทย","brand:en":"Kasikornbank","brand:th":"ธนาคารกสิกรไทย","brand:wikidata":"Q276557","name":"ธนาคารกสิกรไทย","name:en":"Kasikornbank","name:th":"ธนาคารกสิกรไทย","@type":"node","@id":9753541178},"geometry":{"type":"Point","coordinates":[100.6060369,13.6727528]}},{"type":"Feature","id":9764808846,"properties":{"amenity":"atm","brand":"ธนาคารออมสิน","brand:en":"Government Savings Bank","brand:th":"ธนาคารออมสิน","brand:wikidata":"Q6579041","currency:THB":"yes","name":"ธนาคารออมสิน","name:en":"Government Savings Bank","name:th":"ธนาคารออมสิน","name:vi":"Ngân hàng Tiết kiệm Chính phủ (Thái Lan)","name:zh":"政府儲蓄銀行","operator":"ธนาคารออมสิน","operator:wikidata":"Q6579041","@type":"node","@id":9764808846},"geometry":{"type":"Point","coordinates":[100.4612068,13.7227046]}},{"type":"Feature","id":9764808847,"properties":{"amenity":"atm","brand":"ธนาคารกสิกรไทย","brand:en":"Kasikornbank","brand:th":"ธนาคารกสิกรไทย","brand:wikidata":"Q276557","currency:THB":"yes","name":"ธนาคารกสิกรไทย","name:en":"Kasikornbank","name:ko":"카시콘은행","name:th":"ธนาคารกสิกรไทย","name:zh":"開泰銀行","operator":"ธนาคารกสิกรไทย","operator:wikidata":"Q276557","@type":"node","@id":9764808847},"geometry":{"type":"Point","coordinates":[100.4612188,13.7227109]}},{"type":"Feature","id":9764808848,"properties":{"amenity":"atm","brand":"ธนาคารทหารไทย","brand:en":"TMBThanachart Bank","brand:th":"ธนาคารทหารไทย","brand:wikidata":"Q1527826","name":"ธนาคารทหารไทย","name:en":"TMBThanachart Bank","name:th":"ธนาคารทหารไทย","operator":"ธนาคารทหารไทย","operator:wikidata":"Q1527826","short_name":"ttb","@type":"node","@id":9764808848},"geometry":{"type":"Point","coordinates":[100.4612292,13.7227156]}},{"type":"Feature","id":9846038827,"properties":{"amenity":"atm","brand":"Bank of Ayudhya","cash_in":"no","operator":"Bank of Ayudhya","@type":"node","@id":9846038827},"geometry":{"type":"Point","coordinates":[100.7645271,13.726887]}},{"type":"Feature","id":9860202383,"properties":{"amenity":"atm","brand":"ธนาคารกสิกรไทย","@type":"node","@id":9860202383},"geometry":{"type":"Point","coordinates":[100.8549825,13.8549095]}},{"type":"Feature","id":9860202384,"properties":{"amenity":"atm","brand":"ธนาคารกรุงศรีอยุธยา","@type":"node","@id":9860202384},"geometry":{"type":"Point","coordinates":[100.8549821,13.8548815]}},{"type":"Feature","id":9860202385,"properties":{"amenity":"atm","brand":"ธนาคารกรุงเทพ","@type":"node","@id":9860202385},"geometry":{"type":"Point","coordinates":[100.854982,13.8548668]}},{"type":"Feature","id":9860202386,"properties":{"amenity":"atm","brand":"ทีเอ็มบีธนชาต","@type":"node","@id":9860202386},"geometry":{"type":"Point","coordinates":[100.8550081,13.8548526]}},{"type":"Feature","id":9860202387,"properties":{"amenity":"atm","brand":"ธนาคารไทยพาณิชย์","@type":"node","@id":9860202387},"geometry":{"type":"Point","coordinates":[100.8549822,13.854896]}},{"type":"Feature","id":9860202388,"properties":{"amenity":"atm","brand":"ธนาคารกรุงไทย","@type":"node","@id":9860202388},"geometry":{"type":"Point","coordinates":[100.8550075,13.8548674]}},{"type":"Feature","id":9870036135,"properties":{"amenity":"atm","brand":"ธนาคารไทยพาณิชย์","brand:en":"Siam Commercial Bank","brand:th":"ธนาคารไทยพาณิชย์","brand:wikidata":"Q2038986","name":"ธนาคารไทยพาณิชย์","name:en":"Siam Commercial Bank","name:th":"ธนาคารไทยพาณิชย์","operator":"ธนาคารไทยพาณิชย์","operator:wikidata":"Q2038986","wheelchair":"no","@type":"node","@id":9870036135},"geometry":{"type":"Point","coordinates":[100.764595,13.7253244]}},{"type":"Feature","id":9896444781,"properties":{"amenity":"bank","atm":"yes","name":"TTB","not:brand:wikidata":"Q1527826","opening_hours":"Mo-Fr 09:00-17:00","operator":"TTB Bank","@type":"node","@id":9896444781},"geometry":{"type":"Point","coordinates":[100.5215486,13.7178388]}},{"type":"Feature","id":9914385090,"properties":{"amenity":"atm","@type":"node","@id":9914385090},"geometry":{"type":"Point","coordinates":[100.5250069,13.7348009]}},{"type":"Feature","id":9921931187,"properties":{"amenity":"atm","brand":"ธนาคารกรุงไทย","brand:en":"Krung Thai Bank","brand:th":"ธนาคารกรุงไทย","brand:wikidata":"Q962865","cash_in":"no","name":"ธนาคารกรุงไทย","name:en":"Krung Thai Bank","name:th":"ธนาคารกรุงไทย","operator":"ธนาคารกรุงไทย","operator:wikidata":"Q962865","@type":"node","@id":9921931187},"geometry":{"type":"Point","coordinates":[100.648485,13.6932307]}},{"type":"Feature","id":9921931188,"properties":{"amenity":"atm","brand":"ธนาคารกสิกรไทย","brand:en":"Kasikornbank","brand:th":"ธนาคารกสิกรไทย","brand:wikidata":"Q276557","cash_in":"no","name":"ธนาคารกสิกรไทย","name:en":"Kasikornbank","name:th":"ธนาคารกสิกรไทย","operator":"ธนาคารกสิกรไทย","operator:wikidata":"Q276557","@type":"node","@id":9921931188},"geometry":{"type":"Point","coordinates":[100.6484849,13.6932356]}},{"type":"Feature","id":9935130153,"properties":{"amenity":"atm","operator":"SCB","@type":"node","@id":9935130153},"geometry":{"type":"Point","coordinates":[100.5822531,13.7351403]}},{"type":"Feature","id":9936956751,"properties":{"amenity":"atm","operator":"Bank of Ayudhya","@type":"node","@id":9936956751},"geometry":{"type":"Point","coordinates":[100.7643702,13.7252557]}},{"type":"Feature","id":10048631018,"properties":{"amenity":"atm","operator":"ATM ธนาคารกรุงเทพ","@type":"node","@id":10048631018},"geometry":{"type":"Point","coordinates":[100.5888089,13.9634165]}},{"type":"Feature","id":10048631019,"properties":{"amenity":"atm","operator":"ATM ธนาคารกรุงศรี","@type":"node","@id":10048631019},"geometry":{"type":"Point","coordinates":[100.5888223,13.9634197]}},{"type":"Feature","id":10068085231,"properties":{"amenity":"atm","brand":"ธนาคารกสิกรไทย","brand:en":"Kasikornbank","brand:th":"ธนาคารกสิกรไทย","brand:wikidata":"Q276557","cash_in":"no","currency:THB":"yes","drive_through":"no","name:en":"Kasikornbank","name:th":"ธนาคารกสิกรไทย","operator":"ธนาคารกสิกรไทย","operator:wikidata":"Q276557","@type":"node","@id":10068085231},"geometry":{"type":"Point","coordinates":[100.5255517,13.7338544]}},{"type":"Feature","id":10080517097,"properties":{"amenity":"atm","brand":"ธนาคารกสิกรไทย","brand:en":"Kasikornbank","brand:th":"ธนาคารกสิกรไทย","brand:wikidata":"Q276557","name":"ธนาคารกสิกรไทย","name:en":"Kasikornbank","name:th":"ธนาคารกสิกรไทย","operator":"ธนาคารกสิกรไทย","operator:wikidata":"Q276557","@type":"node","@id":10080517097},"geometry":{"type":"Point","coordinates":[100.5315364,13.7444003]}},{"type":"Feature","id":10088651817,"properties":{"amenity":"atm","survey:date":"2022-10-10","@type":"node","@id":10088651817},"geometry":{"type":"Point","coordinates":[100.6310382,13.6651318]}},{"type":"Feature","id":10292633909,"properties":{"amenity":"bank","@type":"node","@id":10292633909},"geometry":{"type":"Point","coordinates":[100.5584891,13.927574]}},{"type":"Feature","id":10296207965,"properties":{"amenity":"bank","name":"Bank of Ayudhya Public Company Limited","@type":"node","@id":10296207965},"geometry":{"type":"Point","coordinates":[100.6779084,13.787695]}},{"type":"Feature","id":10310131748,"properties":{"amenity":"atm","@type":"node","@id":10310131748},"geometry":{"type":"Point","coordinates":[100.4917568,13.7467622]}},{"type":"Feature","id":10539660148,"properties":{"amenity":"bank","atm":"yes","brand":"ธนาคารไทยพาณิชย์","brand:en":"Siam Commercial Bank","brand:th":"ธนาคารไทยพาณิชย์","brand:wikidata":"Q2038986","drive_through":"no","name":"ธนาคารไทยพาณิชย์","name:en":"Siam Commercial Bank","name:th":"ธนาคารไทยพาณิชย์","opening_hours":"10:00-18:00","@type":"node","@id":10539660148},"geometry":{"type":"Point","coordinates":[100.6420722,13.7361173]}},{"type":"Feature","id":10542574657,"properties":{"amenity":"atm","brand":"ธนาคารกสิกรไทย","brand:en":"Kasikornbank","brand:th":"ธนาคารกสิกรไทย","brand:wikidata":"Q276557","cash_in":"yes","drive_through":"no","name":"ธนาคารกสิกรไทย","name:en":"Kasikornbank","name:th":"ธนาคารกสิกรไทย","operator":"ธนาคารกสิกรไทย","operator:wikidata":"Q276557","@type":"node","@id":10542574657},"geometry":{"type":"Point","coordinates":[100.6692063,13.6864741]}},{"type":"Feature","id":10566591994,"properties":{"amenity":"atm","brand":"ธนาคารกสิกรไทย","brand:en":"Kasikornbank","brand:th":"ธนาคารกสิกรไทย","brand:wikidata":"Q276557","name:en":"Kasikornbank","name:th":"ธนาคารกสิกรไทย","operator":"ธนาคารกสิกรไทย","operator:wikidata":"Q276557","@type":"node","@id":10566591994},"geometry":{"type":"Point","coordinates":[100.6578969,13.7249839]}},{"type":"Feature","id":10566591995,"properties":{"amenity":"atm","brand":"ธนาคารไทยพาณิชย์","brand:en":"Siam Commercial Bank","brand:th":"ธนาคารไทยพาณิชย์","brand:wikidata":"Q2038986","name:en":"Siam Commercial Bank","name:th":"ธนาคารไทยพาณิชย์","operator":"ธนาคารไทยพาณิชย์","operator:wikidata":"Q2038986","@type":"node","@id":10566591995},"geometry":{"type":"Point","coordinates":[100.6578908,13.7249935]}},{"type":"Feature","id":10600338101,"properties":{"alt_name:en":"Krungsri","amenity":"atm","brand":"กรุงศรี","brand:en":"Bank of Ayudhya","brand:th":"กรุงศรี","brand:wikidata":"Q782537","name:en":"Bank of Ayudhya","name:th":"กรุงศรี","operator":"กรุงศรี","operator:wikidata":"Q782537","@type":"node","@id":10600338101},"geometry":{"type":"Point","coordinates":[100.6580723,13.7250187]}},{"type":"Feature","id":10605740868,"properties":{"amenity":"atm","operator":"Kbank","@type":"node","@id":10605740868},"geometry":{"type":"Point","coordinates":[100.5760863,13.7260788]}},{"type":"Feature","id":10638521584,"properties":{"amenity":"atm","brand":"ธนาคารกรุงเทพ","brand:en":"Bangkok Bank","brand:th":"ธนาคารกรุงเทพ","brand:wikidata":"Q806483","name":"ATM ธนาคารกรุงเทพ","name:en":"Bangkok Bank ATM","name:th":"ATM ธนาคารกรุงเทพ","operator":"ธนาคารกรุงเทพ","operator:wikidata":"Q806483","@type":"node","@id":10638521584},"geometry":{"type":"Point","coordinates":[100.5406315,13.7388142]}},{"type":"Feature","id":10685524663,"properties":{"air_conditioning":"yes","amenity":"bank","atm":"yes","branch":"Thonglor","brand":"UOB","drive_through":"no","level":"1","name":"ธนาคารยูโอบี สาขาทองหล่อ","name:en":"UOB Thonglor Branch","name:th":"ธนาคารยูโอบี สาขาทองหล่อ","operator":"UOB","@type":"node","@id":10685524663},"geometry":{"type":"Point","coordinates":[100.5823067,13.7335805]}},{"type":"Feature","id":10727157305,"properties":{"amenity":"atm","name":"บ้านป้อม","@type":"node","@id":10727157305},"geometry":{"type":"Point","coordinates":[100.6146962,13.6932442]}},{"type":"Feature","id":10768765205,"properties":{"amenity":"bank","level":"3","name:en":"Siam Commercial Bank","opening_hours":"Mo-Su 11:00-18:00","@type":"node","@id":10768765205},"geometry":{"type":"Point","coordinates":[100.6011443,13.7091937]}},{"type":"Feature","id":10768784005,"properties":{"amenity":"bank","level":"3","name:en":"Bangkok Bank","opening_hours":"Mo-Su 10:30-19:30","@type":"node","@id":10768784005},"geometry":{"type":"Point","coordinates":[100.6014041,13.7090315]}},{"type":"Feature","id":10770863005,"properties":{"amenity":"bank","name:en":"Kasikorn Bank","opening_hours":"Mo-Su 10:30-18:00","@type":"node","@id":10770863005},"geometry":{"type":"Point","coordinates":[100.6015519,13.7094416]}},{"type":"Feature","id":10774672405,"properties":{"amenity":"bank","name":"ธนาคารกสิกรไทย เทพารักษ์  ก.ม.16","@type":"node","@id":10774672405},"geometry":{"type":"Point","coordinates":[100.7315503,13.5975092]}},{"type":"Feature","id":10779776858,"properties":{"amenity":"atm","brand":"ธนาคารกรุงเทพ","brand:en":"Bangkok Bank","brand:th":"ธนาคารกรุงเทพ","brand:wikidata":"Q806483","name":"ธนาคารกรุงเทพ","name:en":"Bangkok Bank","name:th":"ธนาคารกรุงเทพ","operator":"ธนาคารกรุงเทพ","operator:wikidata":"Q806483","@type":"node","@id":10779776858},"geometry":{"type":"Point","coordinates":[100.6704045,13.7051288]}},{"type":"Feature","id":10781808405,"properties":{"amenity":"bank","name:en":"SCB","opening_hours":"Mo-Su 10:00-19:30","@type":"node","@id":10781808405},"geometry":{"type":"Point","coordinates":[100.5694038,13.7317211]}},{"type":"Feature","id":10794806178,"properties":{"amenity":"atm","@type":"node","@id":10794806178},"geometry":{"type":"Point","coordinates":[100.6884824,13.7016034]}},{"type":"Feature","id":10794806179,"properties":{"amenity":"atm","@type":"node","@id":10794806179},"geometry":{"type":"Point","coordinates":[100.6884867,13.7016152]}},{"type":"Feature","id":10899209576,"properties":{"amenity":"atm","brand":"ธนาคารไทยพาณิชย์","brand:en":"Siam Commercial Bank","brand:th":"ธนาคารไทยพาณิชย์","brand:wikidata":"Q2038986","name":"1","name:en":"Siam Commercial Bank","name:th":"ธนาคารไทยพาณิชย์","operator":"ธนาคารไทยพาณิชย์","operator:wikidata":"Q2038986","@type":"node","@id":10899209576},"geometry":{"type":"Point","coordinates":[100.6152108,14.0195034]}},{"type":"Feature","id":10899209577,"properties":{"amenity":"atm","brand":"ธนาคารกสิกรไทย","brand:en":"Kasikornbank","brand:th":"ธนาคารกสิกรไทย","brand:wikidata":"Q276557","name:en":"Kasikornbank","name:th":"ธนาคารกสิกรไทย","operator":"ธนาคารกสิกรไทย","operator:wikidata":"Q276557","@type":"node","@id":10899209577},"geometry":{"type":"Point","coordinates":[100.6152106,14.0195151]}},{"type":"Feature","id":10899209578,"properties":{"amenity":"atm","brand":"ธนาคารกสิกรไทย","brand:en":"Kasikornbank","brand:th":"ธนาคารกสิกรไทย","brand:wikidata":"Q276557","name:en":"Kasikornbank","name:th":"ธนาคารกสิกรไทย","operator":"ธนาคารกสิกรไทย","operator:wikidata":"Q276557","@type":"node","@id":10899209578},"geometry":{"type":"Point","coordinates":[100.6055052,14.0190615]}},{"type":"Feature","id":10899209579,"properties":{"amenity":"atm","brand":"ธนาคารไทยพาณิชย์","brand:en":"Siam Commercial Bank","brand:th":"ธนาคารไทยพาณิชย์","brand:wikidata":"Q2038986","name:en":"Siam Commercial Bank","name:th":"ธนาคารไทยพาณิชย์","operator":"ธนาคารไทยพาณิชย์","operator:wikidata":"Q2038986","@type":"node","@id":10899209579},"geometry":{"type":"Point","coordinates":[100.6055167,14.0190651]}},{"type":"Feature","id":11065201687,"properties":{"amenity":"atm","brand":"ธนาคารกรุงไทย","brand:en":"Krung Thai Bank","brand:th":"ธนาคารกรุงไทย","brand:wikidata":"Q962865","name":"ATM ธนาคารกรุงไทย","name:en":"Krung Thai Bank ATM","name:th":"ATM ธนาคารกรุงไทย","operator":"ธนาคารกรุงไทย","operator:wikidata":"Q962865","@type":"node","@id":11065201687},"geometry":{"type":"Point","coordinates":[100.4948005,13.7530861]}},{"type":"Feature","id":11081363158,"properties":{"alt_name:en":"Krungsri","amenity":"atm","brand":"กรุงศรี","brand:en":"Bank of Ayudhya","brand:th":"กรุงศรี","brand:wikidata":"Q782537","name":"ATM กรุงศรี","name:en":"Krung Si ATM","name:th":"ATM กรุงศรี","operator":"กรุงศรี","operator:wikidata":"Q782537","@type":"node","@id":11081363158},"geometry":{"type":"Point","coordinates":[100.5092172,13.7237567]}},{"type":"Feature","id":11159115565,"properties":{"amenity":"bank","atm":"yes","brand":"ธนาคารกรุงเทพ","brand:en":"Bangkok Bank","brand:th":"ธนาคารกรุงเทพ","brand:wikidata":"Q806483","drive_through":"no","name":"ธนาคารกรุงเทพ","name:en":"Bangkok Bank","name:th":"ธนาคารกรุงเทพ","@type":"node","@id":11159115565},"geometry":{"type":"Point","coordinates":[100.6685201,13.6864325]}},{"type":"Feature","id":11235123738,"properties":{"amenity":"atm","@type":"node","@id":11235123738},"geometry":{"type":"Point","coordinates":[100.5706662,13.8470356]}},{"type":"Feature","id":11255953369,"properties":{"amenity":"atm","brand":"ธนาคารกรุงเทพ","brand:en":"Bangkok Bank","brand:th":"ธนาคารกรุงเทพ","brand:wikidata":"Q806483","name:en":"Bangkok Bank","name:th":"ธนาคารกรุงเทพ","operator":"ธนาคารกรุงเทพ","operator:wikidata":"Q806483","@type":"node","@id":11255953369},"geometry":{"type":"Point","coordinates":[100.638291,13.8328418]}},{"type":"Feature","id":11255953370,"properties":{"alt_name:en":"Krungsri","amenity":"atm","brand":"กรุงศรี","brand:en":"Bank of Ayudhya","brand:th":"กรุงศรี","brand:wikidata":"Q782537","name":"ATM กรุงศรี","name:en":"Bank of Ayudhya ATM","name:th":"ATM กรุงศรี","operator":"กรุงศรี","operator:wikidata":"Q782537","@type":"node","@id":11255953370},"geometry":{"type":"Point","coordinates":[100.6383043,13.8328264]}},{"type":"Feature","id":11264958090,"properties":{"amenity":"atm","brand":"ธนาคารทหารไทย","brand:en":"TMBThanachart Bank","brand:th":"ธนาคารทหารไทย","brand:wikidata":"Q1527826","drive_through":"no","name:en":"TMBThanachart Bank","name:th":"ธนาคารทหารไทย","operator":"ธนาคารทหารไทย","operator:wikidata":"Q1527826","short_name":"ttb","@type":"node","@id":11264958090},"geometry":{"type":"Point","coordinates":[100.6433917,13.9566551]}},{"type":"Feature","id":11265006945,"properties":{"amenity":"bank","brand":"ธนาคารกสิกรไทย","brand:en":"Kasikornbank","brand:th":"ธนาคารกสิกรไทย","brand:wikidata":"Q276557","name":"ธนาคารกสิกรไทย","name:en":"Kasikornbank","name:th":"ธนาคารกสิกรไทย","@type":"node","@id":11265006945},"geometry":{"type":"Point","coordinates":[100.7338847,14.0201885]}},{"type":"Feature","id":11265419025,"properties":{"amenity":"bank","brand":"ธนาคารออมสิน","brand:en":"Government Savings Bank","brand:th":"ธนาคารออมสิน","brand:wikidata":"Q6579041","name":"ธนาคารออมสิน","name:en":"Government Savings Bank","name:th":"ธนาคารออมสิน","@type":"node","@id":11265419025},"geometry":{"type":"Point","coordinates":[100.6230626,13.9483491]}},{"type":"Feature","id":11265419026,"properties":{"amenity":"atm","brand":"ธนาคารออมสิน","brand:en":"Government Savings Bank","brand:th":"ธนาคารออมสิน","brand:wikidata":"Q6579041","name:en":"Government Savings Bank","name:th":"ธนาคารออมสิน","operator":"ธนาคารออมสิน","operator:wikidata":"Q6579041","@type":"node","@id":11265419026},"geometry":{"type":"Point","coordinates":[100.6230715,13.9483164]}},{"type":"Feature","id":11265419041,"properties":{"amenity":"bank","@type":"node","@id":11265419041},"geometry":{"type":"Point","coordinates":[100.6427148,13.9493848]}},{"type":"Feature","id":11265419042,"properties":{"amenity":"atm","brand":"กรุงศรี","brand:en":"Bank of Ayudhya","brand:th":"กรุงศรี","brand:wikidata":"Q782537","name:th":"กรุงศรี","operator":"กรุงศรี","operator:wikidata":"Q782537","@type":"node","@id":11265419042},"geometry":{"type":"Point","coordinates":[100.6423118,13.951351]}},{"type":"Feature","id":11269092100,"properties":{"amenity":"bank","atm":"yes","name":"ธนาคารอาคารสงเคราะห์","name:en":"GH Bank","wikidata":"Q13015788","wikipedia":"th:ธนาคารอาคารสงเคราะห์","@type":"node","@id":11269092100},"geometry":{"type":"Point","coordinates":[100.6453375,13.8577393]}},{"type":"Feature","id":11269092105,"properties":{"amenity":"bank","brand":"ธนาคารออมสิน","brand:en":"Government Savings Bank","brand:th":"ธนาคารออมสิน","brand:wikidata":"Q6579041","name":"ธนาคารออมสิน","name:en":"Government Savings Bank","name:th":"ธนาคารออมสิน","operator":"ธนาคารออมสิน","@type":"node","@id":11269092105},"geometry":{"type":"Point","coordinates":[100.6427326,13.8574083]}},{"type":"Feature","id":11269563731,"properties":{"amenity":"atm","brand":"ธนาคารกสิกรไทย","brand:en":"Kasikornbank","brand:th":"ธนาคารกสิกรไทย","brand:wikidata":"Q276557","name:en":"Kasikornbank","name:th":"ธนาคารกสิกรไทย","operator":"ธนาคารกสิกรไทย","operator:wikidata":"Q276557","@type":"node","@id":11269563731},"geometry":{"type":"Point","coordinates":[100.6199148,13.8098929]}},{"type":"Feature","id":11269563732,"properties":{"alt_name:en":"Krungsri","amenity":"atm","brand":"กรุงศรี","brand:en":"Bank of Ayudhya","brand:th":"กรุงศรี","brand:wikidata":"Q782537","name:en":"Bank of Ayudhya","name:th":"กรุงศรี","operator":"กรุงศรี","operator:wikidata":"Q782537","@type":"node","@id":11269563732},"geometry":{"type":"Point","coordinates":[100.619927,13.8098929]}},{"type":"Feature","id":11269563746,"properties":{"amenity":"atm","brand":"ธนาคารกรุงเทพ","brand:en":"Bangkok Bank","brand:th":"ธนาคารกรุงเทพ","brand:wikidata":"Q806483","name:en":"Bangkok Bank","name:th":"ธนาคารกรุงเทพ","operator":"ธนาคารกรุงเทพ","operator:wikidata":"Q806483","@type":"node","@id":11269563746},"geometry":{"type":"Point","coordinates":[100.6201765,13.809922]}},{"type":"Feature","id":11269563747,"properties":{"amenity":"atm","brand":"ธนาคารไทยพาณิชย์","brand:en":"Siam Commercial Bank","brand:th":"ธนาคารไทยพาณิชย์","brand:wikidata":"Q2038986","name:en":"Siam Commercial Bank","name:th":"ธนาคารไทยพาณิชย์","operator":"ธนาคารไทยพาณิชย์","operator:wikidata":"Q2038986","@type":"node","@id":11269563747},"geometry":{"type":"Point","coordinates":[100.620189,13.8099216]}},{"type":"Feature","id":11269607396,"properties":{"amenity":"atm","brand":"ธนาคารกรุงเทพ","brand:en":"Bangkok Bank","brand:th":"ธนาคารกรุงเทพ","brand:wikidata":"Q806483","name:en":"Bangkok Bank","name:th":"ธนาคารกรุงเทพ","operator":"ธนาคารกรุงเทพ","operator:wikidata":"Q806483","@type":"node","@id":11269607396},"geometry":{"type":"Point","coordinates":[100.6271878,13.7965972]}},{"type":"Feature","id":11272504371,"properties":{"amenity":"atm","brand":"ธนาคารกสิกรไทย","brand:en":"Kasikornbank","brand:th":"ธนาคารกสิกรไทย","brand:wikidata":"Q276557","name:en":"Kasikornbank","name:th":"ธนาคารกสิกรไทย","operator":"ธนาคารกสิกรไทย","operator:wikidata":"Q276557","@type":"node","@id":11272504371},"geometry":{"type":"Point","coordinates":[100.6529416,13.8440886]}},{"type":"Feature","id":11272504434,"properties":{"amenity":"atm","brand":"ธนาคารกสิกรไทย","brand:en":"Kasikornbank","brand:th":"ธนาคารกสิกรไทย","brand:wikidata":"Q276557","name:en":"Kasikornbank","name:th":"ธนาคารกสิกรไทย","operator":"ธนาคารกสิกรไทย","operator:wikidata":"Q276557","@type":"node","@id":11272504434},"geometry":{"type":"Point","coordinates":[100.6529585,13.8448029]}},{"type":"Feature","id":11274288379,"properties":{"amenity":"atm","brand":"ธนาคารกรุงไทย","brand:en":"Krung Thai Bank","brand:th":"ธนาคารกรุงไทย","brand:wikidata":"Q962865","name:en":"Krung Thai Bank","name:th":"ธนาคารกรุงไทย","operator":"ธนาคารกรุงไทย","operator:wikidata":"Q962865","@type":"node","@id":11274288379},"geometry":{"type":"Point","coordinates":[100.6530478,13.8451077]}},{"type":"Feature","id":11274290783,"properties":{"amenity":"atm","brand":"ธนาคารไทยพาณิชย์","brand:en":"Siam Commercial Bank","brand:th":"ธนาคารไทยพาณิชย์","brand:wikidata":"Q2038986","name:en":"Siam Commercial Bank","name:th":"ธนาคารไทยพาณิชย์","operator":"ธนาคารไทยพาณิชย์","operator:wikidata":"Q2038986","@type":"node","@id":11274290783},"geometry":{"type":"Point","coordinates":[100.6526594,13.8486295]}},{"type":"Feature","id":11275228385,"properties":{"alt_name:en":"Krungsri","amenity":"bank","brand":"กรุงศรี","brand:en":"Bank of Ayudhya","brand:th":"กรุงศรี","brand:wikidata":"Q782537","name":"กรุงศรี","name:en":"Bank of Ayudhya","name:th":"กรุงศรี","@type":"node","@id":11275228385},"geometry":{"type":"Point","coordinates":[100.537262,13.6973866]}},{"type":"Feature","id":11275228416,"properties":{"amenity":"bank","name":"CIMB ไทย","name:en":"CIMB Thai","name:th":"CIMB ไทย","@type":"node","@id":11275228416},"geometry":{"type":"Point","coordinates":[100.5376375,13.6975143]}},{"type":"Feature","id":11275228418,"properties":{"amenity":"bank","brand":"ธนาคารไทยพาณิชย์","brand:en":"Siam Commercial Bank","brand:th":"ธนาคารไทยพาณิชย์","brand:wikidata":"Q2038986","name":"ธนาคารไทยพาณิชย์","name:en":"Siam Commercial Bank","name:th":"ธนาคารไทยพาณิชย์","@type":"node","@id":11275228418},"geometry":{"type":"Point","coordinates":[100.5382302,13.6978661]}},{"type":"Feature","id":11275228425,"properties":{"amenity":"atm","brand":"ธนาคารทหารไทย","brand:en":"TMBThanachart Bank","brand:th":"ธนาคารทหารไทย","brand:wikidata":"Q1527826","name:en":"TMBThanachart Bank","name:th":"ธนาคารทหารไทย","operator":"ธนาคารทหารไทย","operator:wikidata":"Q1527826","short_name":"ttb","@type":"node","@id":11275228425},"geometry":{"type":"Point","coordinates":[100.537793,13.697754]}},{"type":"Feature","id":11275228426,"properties":{"amenity":"bank","brand":"ธนาคารกรุงไทย","brand:en":"Krung Thai Bank","brand:th":"ธนาคารกรุงไทย","brand:wikidata":"Q962865","name":"ธนาคารกรุงไทย","name:en":"Krung Thai Bank","name:th":"ธนาคารกรุงไทย","@type":"node","@id":11275228426},"geometry":{"type":"Point","coordinates":[100.5379727,13.6976836]}},{"type":"Feature","id":11275228427,"properties":{"amenity":"bank","brand":"ธนาคารกสิกรไทย","brand:en":"Kasikornbank","brand:th":"ธนาคารกสิกรไทย","brand:wikidata":"Q276557","name":"ธนาคารกสิกรไทย","name:en":"Kasikornbank","name:th":"ธนาคารกสิกรไทย","@type":"node","@id":11275228427},"geometry":{"type":"Point","coordinates":[100.5377474,13.698554]}},{"type":"Feature","id":11278824678,"properties":{"alt_name:en":"Krungsri","amenity":"bank","brand":"กรุงศรี","brand:en":"Bank of Ayudhya","brand:th":"กรุงศรี","brand:wikidata":"Q782537","name":"กรุงศรี","name:en":"Bank of Ayudhya","name:th":"กรุงศรี","@type":"node","@id":11278824678},"geometry":{"type":"Point","coordinates":[100.5408167,13.6966587]}},{"type":"Feature","id":11280182625,"properties":{"amenity":"atm","brand":"ธนาคารกรุงเทพ","brand:en":"Bangkok Bank","brand:th":"ธนาคารกรุงเทพ","brand:wikidata":"Q806483","name:en":"Bangkok Bank","name:th":"ธนาคารกรุงเทพ","operator":"ธนาคารกรุงเทพ","operator:wikidata":"Q806483","@type":"node","@id":11280182625},"geometry":{"type":"Point","coordinates":[100.5344663,13.7141145]}},{"type":"Feature","id":11283310728,"properties":{"amenity":"atm","brand":"ธนาคารกรุงไทย","brand:en":"Krung Thai Bank","brand:th":"ธนาคารกรุงไทย","brand:wikidata":"Q962865","name:en":"Krung Thai Bank","name:th":"ธนาคารกรุงไทย","operator":"ธนาคารกรุงไทย","operator:wikidata":"Q962865","@type":"node","@id":11283310728},"geometry":{"type":"Point","coordinates":[100.538522,13.7190683]}},{"type":"Feature","id":11283310729,"properties":{"amenity":"atm","brand":"ธนาคารกสิกรไทย","brand:en":"Kasikornbank","brand:th":"ธนาคารกสิกรไทย","brand:wikidata":"Q276557","name:en":"Kasikornbank","name:th":"ธนาคารกสิกรไทย","operator":"ธนาคารกสิกรไทย","operator:wikidata":"Q276557","@type":"node","@id":11283310729},"geometry":{"type":"Point","coordinates":[100.5385169,13.7190784]}},{"type":"Feature","id":11283310730,"properties":{"amenity":"atm","brand":"ธนาคารไทยพาณิชย์","brand:en":"Siam Commercial Bank","brand:th":"ธนาคารไทยพาณิชย์","brand:wikidata":"Q2038986","name:en":"Siam Commercial Bank","name:th":"ธนาคารไทยพาณิชย์","operator":"ธนาคารไทยพาณิชย์","operator:wikidata":"Q2038986","@type":"node","@id":11283310730},"geometry":{"type":"Point","coordinates":[100.5384898,13.7191183]}},{"type":"Feature","id":11284433498,"properties":{"amenity":"atm","brand":"ธนาคารทหารไทย","brand:en":"TMBThanachart Bank","brand:th":"ธนาคารทหารไทย","brand:wikidata":"Q1527826","name:en":"TMBThanachart Bank","name:th":"ธนาคารทหารไทย","operator":"ธนาคารทหารไทย","operator:wikidata":"Q1527826","short_name":"ttb","@type":"node","@id":11284433498},"geometry":{"type":"Point","coordinates":[100.5394205,13.7176897]}},{"type":"Feature","id":11284433499,"properties":{"amenity":"atm","brand":"ธนาคารกรุงเทพ","brand:en":"Bangkok Bank","brand:th":"ธนาคารกรุงเทพ","brand:wikidata":"Q806483","name:en":"Bangkok Bank","name:th":"ธนาคารกรุงเทพ","operator":"ธนาคารกรุงเทพ","operator:wikidata":"Q806483","@type":"node","@id":11284433499},"geometry":{"type":"Point","coordinates":[100.5394156,13.7177009]}},{"type":"Feature","id":11297344768,"properties":{"amenity":"atm","operator":"ธนาคารกรุงเทพ","@type":"node","@id":11297344768},"geometry":{"type":"Point","coordinates":[100.533515,13.7332472]}},{"type":"Feature","id":11297372170,"properties":{"amenity":"atm","operator":"ธนาคารกสิกรไทย","@type":"node","@id":11297372170},"geometry":{"type":"Point","coordinates":[100.5335273,13.7332456]}},{"type":"Feature","id":11306828717,"properties":{"amenity":"atm","@type":"node","@id":11306828717},"geometry":{"type":"Point","coordinates":[100.5368715,13.7233724]}},{"type":"Feature","id":11314501827,"properties":{"alt_name:en":"Krungsri","amenity":"bank","brand":"กรุงศรี","brand:en":"Bank of Ayudhya","brand:th":"กรุงศรี","brand:wikidata":"Q782537","name":"กรุงศรี","name:en":"Bank of Ayudhya","name:th":"กรุงศรี","@type":"node","@id":11314501827},"geometry":{"type":"Point","coordinates":[100.5361667,13.7290281]}},{"type":"Feature","id":11314501828,"properties":{"amenity":"bank","brand":"ธนาคารกรุงไทย","brand:en":"Krung Thai Bank","brand:th":"ธนาคารกรุงไทย","brand:wikidata":"Q962865","name":"ธนาคารกรุงไทย","name:en":"Krung Thai Bank","name:th":"ธนาคารกรุงไทย","@type":"node","@id":11314501828},"geometry":{"type":"Point","coordinates":[100.5360291,13.7289868]}},{"type":"Feature","id":11323335102,"properties":{"amenity":"bank","brand":"ธนาคารกสิกรไทย","brand:en":"Kasikornbank","brand:th":"ธนาคารกสิกรไทย","brand:wikidata":"Q276557","name":"ธนาคารกสิกรไทย","name:en":"Kasikornbank","name:th":"ธนาคารกสิกรไทย","@type":"node","@id":11323335102},"geometry":{"type":"Point","coordinates":[100.5280104,13.7339492]}},{"type":"Feature","id":11323335104,"properties":{"amenity":"bank","brand":"ธนาคารไทยพาณิชย์","brand:en":"Siam Commercial Bank","brand:th":"ธนาคารไทยพาณิชย์","brand:wikidata":"Q2038986","name":"ธนาคารไทยพาณิชย์","name:en":"Siam Commercial Bank","name:th":"ธนาคารไทยพาณิชย์","@type":"node","@id":11323335104},"geometry":{"type":"Point","coordinates":[100.5283071,13.7340845]}},{"type":"Feature","id":11335511841,"properties":{"amenity":"bank","brand":"กรุงศรี","brand:th":"กรุงศรี","brand:wikidata":"Q782537","name":"กรุงศรี","name:th":"กรุงศรี","@type":"node","@id":11335511841},"geometry":{"type":"Point","coordinates":[100.5450642,13.7431829]}},{"type":"Feature","id":11339345817,"properties":{"amenity":"bank","brand":"ธนาคารกสิกรไทย","brand:en":"Kasikornbank","brand:th":"ธนาคารกสิกรไทย","brand:wikidata":"Q276557","name":"ธนาคารกสิกรไทย","name:en":"Kasikornbank","name:th":"ธนาคารกสิกรไทย","@type":"node","@id":11339345817},"geometry":{"type":"Point","coordinates":[100.640542,13.8559321]}},{"type":"Feature","id":11346282121,"properties":{"amenity":"atm","brand":"ธนาคารไทยพาณิชย์","brand:en":"Siam Commercial Bank","brand:th":"ธนาคารไทยพาณิชย์","brand:wikidata":"Q2038986","name:en":"Siam Commercial Bank","name:th":"ธนาคารไทยพาณิชย์","operator":"ธนาคารไทยพาณิชย์","operator:wikidata":"Q2038986","@type":"node","@id":11346282121},"geometry":{"type":"Point","coordinates":[100.490042,13.7560651]}},{"type":"Feature","id":11357610260,"properties":{"amenity":"atm","brand":"ธนาคารไทยพาณิชย์","brand:en":"Siam Commercial Bank","brand:th":"ธนาคารไทยพาณิชย์","brand:wikidata":"Q2038986","name:en":"Siam Commercial Bank","name:th":"ธนาคารไทยพาณิชย์","operator":"ธนาคารไทยพาณิชย์","operator:wikidata":"Q2038986","@type":"node","@id":11357610260},"geometry":{"type":"Point","coordinates":[100.5365063,13.727334]}},{"type":"Feature","id":11357610261,"properties":{"amenity":"atm","brand":"ธนาคารกรุงเทพ","brand:en":"Bangkok Bank","brand:th":"ธนาคารกรุงเทพ","brand:wikidata":"Q806483","name:en":"Bangkok Bank","name:th":"ธนาคารกรุงเทพ","operator":"ธนาคารกรุงเทพ","operator:wikidata":"Q806483","@type":"node","@id":11357610261},"geometry":{"type":"Point","coordinates":[100.5365097,13.7273288]}},{"type":"Feature","id":11357610262,"properties":{"amenity":"atm","brand":"กรุงศรี","brand:en":"Bank of Ayudhya","brand:th":"กรุงศรี","brand:wikidata":"Q782537","name":"กรุงศรี","name:th":"กรุงศรี","operator":"กรุงศรี","operator:wikidata":"Q782537","@type":"node","@id":11357610262},"geometry":{"type":"Point","coordinates":[100.5365123,13.7273255]}},{"type":"Feature","id":11359556295,"properties":{"amenity":"atm","cash_in":"no","check_date":"2023-11-18","currency:THB":"yes","drive_through":"no","operator":"Bangkok Bank","@type":"node","@id":11359556295},"geometry":{"type":"Point","coordinates":[100.5659751,13.7437087]}},{"type":"Feature","id":11359558969,"properties":{"amenity":"bank","brand":"ธนาคารไทยพาณิชย์","brand:en":"Siam Commercial Bank","brand:th":"ธนาคารไทยพาณิชย์","brand:wikidata":"Q2038986","name":"ธนาคารไทยพาณิชย์","name:en":"Siam Commercial Bank","name:th":"ธนาคารไทยพาณิชย์","opening_hours":"Su-Fr 00:00-24:00","@type":"node","@id":11359558969},"geometry":{"type":"Point","coordinates":[100.5637304,13.7445988]}},{"type":"Feature","id":11359558970,"properties":{"addr:floor":"2","amenity":"atm","name":"Bartender Coffee","@type":"node","@id":11359558970},"geometry":{"type":"Point","coordinates":[100.5637467,13.7446382]}},{"type":"Feature","id":11359560669,"properties":{"amenity":"atm","brand":"ธนาคารไทยพาณิชย์","brand:en":"Siam Commercial Bank","brand:th":"ธนาคารไทยพาณิชย์","brand:wikidata":"Q2038986","name":"ATM ธนาคารไทยพาณิชย์","name:en":"Siam Commercial Bank ATM","name:th":"ATM ธนาคารไทยพาณิชย์","opening_hours":"Mo-Su 09:00-18:00","operator":"ธนาคารไทยพาณิชย์","operator:wikidata":"Q2038986","@type":"node","@id":11359560669},"geometry":{"type":"Point","coordinates":[100.5637648,13.7446528]}},{"type":"Feature","id":11384852613,"properties":{"amenity":"atm","operator":"Bangkok ATM","@type":"node","@id":11384852613},"geometry":{"type":"Point","coordinates":[100.6082014,14.0784573]}},{"type":"Feature","id":11387395548,"properties":{"amenity":"atm","brand":"ธนาคารกสิกรไทย","brand:en":"Kasikornbank","brand:th":"ธนาคารกสิกรไทย","brand:wikidata":"Q276557","name":"ATM ธนาคารกสิกรไทย","name:en":"Kasikornbank ATM","name:th":"ATM ธนาคารกสิกรไทย","operator":"ธนาคารกสิกรไทย","operator:wikidata":"Q276557","@type":"node","@id":11387395548},"geometry":{"type":"Point","coordinates":[100.5456939,13.714458]}},{"type":"Feature","id":11393361054,"properties":{"amenity":"atm","brand":"ธนาคารกสิกรไทย","brand:en":"Kasikornbank","brand:th":"ธนาคารกสิกรไทย","brand:wikidata":"Q276557","name":"ATM ธนาคารกสิกรไทย","name:en":"Kasikornbank ATM","name:th":"ATM ธนาคารกสิกรไทย","operator":"ธนาคารกสิกรไทย","operator:wikidata":"Q276557","@type":"node","@id":11393361054},"geometry":{"type":"Point","coordinates":[100.5304788,13.7360785]}},{"type":"Feature","id":11414345539,"properties":{"addr:housenumber":"48/2","addr:street":"ถนนสาทรเหนือ","amenity":"bank","name":"ธนาคารทิสโก้ จำกัด (มหาชน) สำนักงานใหญ่","name:th":"ธนาคารทิสโก้ จำกัด (มหาชน) สำนักงานใหญ่","@type":"node","@id":11414345539},"geometry":{"type":"Point","coordinates":[100.5380947,13.7245064]}},{"type":"Feature","id":11423014140,"properties":{"amenity":"bank","brand":"ธนาคารออมสิน","brand:en":"Government Savings Bank","brand:th":"ธนาคารออมสิน","brand:wikidata":"Q6579041","name":"ธนาคารออมสิน","name:en":"Government Savings Bank","name:th":"ธนาคารออมสิน","@type":"node","@id":11423014140},"geometry":{"type":"Point","coordinates":[100.5970987,13.593019]}},{"type":"Feature","id":11442964968,"properties":{"amenity":"atm","name":"ATM Automat","opening_hours":"24/7","@type":"node","@id":11442964968},"geometry":{"type":"Point","coordinates":[100.5703562,13.7300992]}},{"type":"Feature","id":11458691863,"properties":{"amenity":"atm","brand":"ธนาคารกสิกรไทย","brand:en":"Kasikornbank","brand:th":"ธนาคารกสิกรไทย","brand:wikidata":"Q276557","name":"ATM ธนาคารกสิกรไทย","name:en":"Kasikornbank ATM","name:th":"ATM ธนาคารกสิกรไทย","operator":"ธนาคารกสิกรไทย","operator:wikidata":"Q276557","@type":"node","@id":11458691863},"geometry":{"type":"Point","coordinates":[100.5430104,13.7258904]}},{"type":"Feature","id":11462488563,"properties":{"amenity":"atm","name":"SCB","@type":"node","@id":11462488563},"geometry":{"type":"Point","coordinates":[100.7791368,13.7096758]}},{"type":"Feature","id":11497314853,"properties":{"amenity":"atm","brand":"ธนาคารกสิกรไทย","brand:en":"Kasikornbank","brand:th":"ธนาคารกสิกรไทย","brand:wikidata":"Q276557","name":"ATM ธนาคารกสิกรไทย","name:en":"Kasikornbank ATM","name:th":"ATM ธนาคารกสิกรไทย","operator":"ธนาคารกสิกรไทย","operator:wikidata":"Q276557","@type":"node","@id":11497314853},"geometry":{"type":"Point","coordinates":[100.5291969,13.7246665]}},{"type":"Feature","id":11505237108,"properties":{"alt_name:en":"Krungsri","amenity":"atm","brand":"กรุงศรี","brand:en":"Bank of Ayudhya","brand:th":"กรุงศรี","brand:wikidata":"Q782537","name":"ATM กรุงศรี","name:en":"Bank of Ayudhya","name:th":"ATM กรุงศรี","operator":"กรุงศรี","operator:wikidata":"Q782537","@type":"node","@id":11505237108},"geometry":{"type":"Point","coordinates":[100.5189252,13.6871367]}},{"type":"Feature","id":11518170829,"properties":{"amenity":"atm","brand":"ธนาคารกรุงเทพ","brand:en":"Bangkok Bank","brand:th":"ธนาคารกรุงเทพ","brand:wikidata":"Q806483","cash_in":"no","currency:THB":"yes","drive_through":"no","entrance":"yes","fee":"no","name:en":"Bangkok Bank","name:th":"ธนาคารกรุงเทพ","operator":"ธนาคารกรุงเทพ","operator:wikidata":"Q806483","@type":"node","@id":11518170829},"geometry":{"type":"Point","coordinates":[100.597255,14.0764255]}},{"type":"Feature","id":11527452769,"properties":{"addr:housenumber":"163","addr:postcode":"10110","addr:province":"กรุงเทพมหานคร","addr:street":"Sukhumvit 21 Road","amenity":"bank","atm":"yes","branch":"Asoke Montri branch","brand":"UOB","brand:wikidata":"Q2064074","name":"UOB","opening_hours":"Mo-Fr 08:30-16:30","operator":"United Overseas Bank","website":"https://www.uob.co.th/default-en/index.page","@type":"node","@id":11527452769},"geometry":{"type":"Point","coordinates":[100.5615817,13.7364565]}},{"type":"Feature","id":11533114169,"properties":{"amenity":"bank","name:en":"Siam Commercial Bank","@type":"node","@id":11533114169},"geometry":{"type":"Point","coordinates":[100.5636487,13.744687]}},{"type":"Feature","id":11540062269,"properties":{"amenity":"atm","atm":"yes","name":"Krungsri ATM","@type":"node","@id":11540062269},"geometry":{"type":"Point","coordinates":[100.7518731,13.695703]}},{"type":"Feature","id":11540062270,"properties":{"amenity":"atm","atm":"yes","name":"Krungsri ATM","@type":"node","@id":11540062270},"geometry":{"type":"Point","coordinates":[100.7519131,13.6963813]}},{"type":"Feature","id":11540062271,"properties":{"amenity":"atm","atm":"yes","brand":"ธนาคารกรุงไทย","brand:en":"Krung Thai Bank","brand:th":"ธนาคารกรุงไทย","brand:wikidata":"Q962865","name":"Krungthai Bank ATM","name:en":"Krung Thai Bank","name:th":"ธนาคารกรุงไทย","operator":"ธนาคารกรุงไทย","operator:wikidata":"Q962865","@type":"node","@id":11540062271},"geometry":{"type":"Point","coordinates":[100.7533263,13.6956535]}},{"type":"Feature","id":11540062272,"properties":{"amenity":"atm","atm":"yes","name":"Kasikorn","@type":"node","@id":11540062272},"geometry":{"type":"Point","coordinates":[100.7536655,13.6956197]}},{"type":"Feature","id":11540062273,"properties":{"amenity":"atm","atm":"yes","brand":"ธนาคารกรุงไทย","brand:en":"Krung Thai Bank","brand:th":"ธนาคารกรุงไทย","brand:wikidata":"Q962865","name":"KTB ATM","operator":"ธนาคารกรุงไทย","operator:wikidata":"Q962865","@type":"node","@id":11540062273},"geometry":{"type":"Point","coordinates":[100.7513263,13.6940435]}},{"type":"Feature","id":11540062274,"properties":{"amenity":"atm","atm":"yes","name":"KBank ATM","@type":"node","@id":11540062274},"geometry":{"type":"Point","coordinates":[100.7509151,13.6922494]}},{"type":"Feature","id":11540062275,"properties":{"amenity":"atm","atm":"yes","source":"KBank ATM","@type":"node","@id":11540062275},"geometry":{"type":"Point","coordinates":[100.7510985,13.692444]}},{"type":"Feature","id":11540062276,"properties":{"amenity":"atm","atm":"yes","name":"KBank ATM","@type":"node","@id":11540062276},"geometry":{"type":"Point","coordinates":[100.7513721,13.6928948]}},{"type":"Feature","id":11540062277,"properties":{"amenity":"atm","name":"Kasikorn ATM","@type":"node","@id":11540062277},"geometry":{"type":"Point","coordinates":[100.7527936,13.7096051]}},{"type":"Feature","id":11540062278,"properties":{"amenity":"atm","atm":"yes","name":"Krungthai ATM","@type":"node","@id":11540062278},"geometry":{"type":"Point","coordinates":[100.7525503,13.710108]}},{"type":"Feature","id":11540062279,"properties":{"amenity":"atm","atm":"yes","name":"TTB ATM","@type":"node","@id":11540062279},"geometry":{"type":"Point","coordinates":[100.7530329,13.7118025]}},{"type":"Feature","id":11540062280,"properties":{"amenity":"atm","name":"Kasikorn ATM","@type":"node","@id":11540062280},"geometry":{"type":"Point","coordinates":[100.7512925,13.7100122]}},{"type":"Feature","id":11540176012,"properties":{"amenity":"atm","brand":"ธนาคารกรุงไทย","brand:en":"Krung Thai Bank","brand:th":"ธนาคารกรุงไทย","brand:wikidata":"Q962865","name":"Krungthai Bank ATM","name:en":"Krung Thai Bank","name:th":"ธนาคารกรุงไทย","operator":"ธนาคารกรุงไทย","operator:wikidata":"Q962865","@type":"node","@id":11540176012},"geometry":{"type":"Point","coordinates":[100.6105789,13.934431]}},{"type":"Feature","id":11540176013,"properties":{"amenity":"atm","atm":"yes","name":"Krungthai ATM","@type":"node","@id":11540176013},"geometry":{"type":"Point","coordinates":[100.6101573,13.9342367]}},{"type":"Feature","id":11540176014,"properties":{"amenity":"atm","brand":"ธนาคารทหารไทย","brand:en":"TMBThanachart Bank","brand:th":"ธนาคารทหารไทย","brand:wikidata":"Q1527826","name":"TTB Bank","name:en":"TMBThanachart Bank","name:th":"ธนาคารทหารไทย","operator":"ธนาคารทหารไทย","operator:wikidata":"Q1527826","short_name":"ttb","@type":"node","@id":11540176014},"geometry":{"type":"Point","coordinates":[100.6022512,13.9231283]}},{"type":"Feature","id":11540176015,"properties":{"amenity":"atm","atm":"yes","name":"KB Bank ATM","@type":"node","@id":11540176015},"geometry":{"type":"Point","coordinates":[100.6021541,13.9230639]}},{"type":"Feature","id":11540176016,"properties":{"amenity":"atm","brand":"ธนาคารกสิกรไทย","brand:en":"Kasikornbank","brand:th":"ธนาคารกสิกรไทย","brand:wikidata":"Q276557","name":"Kasikorn Bank ATM","name:en":"Kasikornbank","name:th":"ธนาคารกสิกรไทย","operator":"ธนาคารกสิกรไทย","operator:wikidata":"Q276557","@type":"node","@id":11540176016},"geometry":{"type":"Point","coordinates":[100.6034409,13.9208639]}},{"type":"Feature","id":11540176017,"properties":{"amenity":"atm","brand":"ธนาคารกรุงไทย","brand:en":"Krung Thai Bank","brand:th":"ธนาคารกรุงไทย","brand:wikidata":"Q962865","name":"Krungthai Bank ATM","name:en":"Krung Thai Bank","name:th":"ธนาคารกรุงไทย","operator":"ธนาคารกรุงไทย","operator:wikidata":"Q962865","@type":"node","@id":11540176017},"geometry":{"type":"Point","coordinates":[100.6024929,13.9210331]}},{"type":"Feature","id":11540176018,"properties":{"amenity":"atm","atm":"yes","brand":"ธนาคารกรุงเทพ","brand:en":"Bangkok Bank","brand:th":"ธนาคารกรุงเทพ","brand:wikidata":"Q806483","name":"Bangkok Bank ATM","operator":"ธนาคารกรุงเทพ","operator:wikidata":"Q806483","@type":"node","@id":11540176018},"geometry":{"type":"Point","coordinates":[100.602289,13.9203608]}},{"type":"Feature","id":11540176019,"properties":{"amenity":"atm","atm":"yes","name":"Krungsri ATM Bank","@type":"node","@id":11540176019},"geometry":{"type":"Point","coordinates":[100.6024357,13.9210144]}},{"type":"Feature","id":11540176020,"properties":{"amenity":"atm","atm":"yes","name":"Krungsri ATM Bank","@type":"node","@id":11540176020},"geometry":{"type":"Point","coordinates":[100.6024709,13.9197243]}},{"type":"Feature","id":11540176021,"properties":{"amenity":"atm","atm":"yes","name":"Krungsri Bank ATM","@type":"node","@id":11540176021},"geometry":{"type":"Point","coordinates":[100.6022231,13.9193388]}},{"type":"Feature","id":11540176022,"properties":{"amenity":"atm","brand":"ธนาคารกสิกรไทย","brand:en":"Kasikornbank","brand:th":"ธนาคารกสิกรไทย","brand:wikidata":"Q276557","name":"ธนาคารกสิกรไทย","name:en":"Kasikorn Bank","name:th":"ธนาคารกสิกรไทย","operator":"ธนาคารกสิกรไทย","operator:wikidata":"Q276557","@type":"node","@id":11540176022},"geometry":{"type":"Point","coordinates":[100.6020631,13.9194968]}},{"type":"Feature","id":11540176023,"properties":{"amenity":"atm","atm":"yes","brand":"ธนาคารไทยพาณิชย์","brand:en":"Siam Commercial Bank","brand:th":"ธนาคารไทยพาณิชย์","brand:wikidata":"Q2038986","name":"SCB Bank ATM","operator":"ธนาคารไทยพาณิชย์","operator:wikidata":"Q2038986","@type":"node","@id":11540176023},"geometry":{"type":"Point","coordinates":[100.6025077,13.9188242]}},{"type":"Feature","id":11540176024,"properties":{"amenity":"atm","atm":"yes","brand":"ธนาคารกรุงไทย","brand:en":"Krung Thai Bank","brand:th":"ธนาคารกรุงไทย","brand:wikidata":"Q962865","name":"Krungthai ATM Bank","operator":"ธนาคารกรุงไทย","operator:wikidata":"Q962865","@type":"node","@id":11540176024},"geometry":{"type":"Point","coordinates":[100.6025083,13.9188858]}},{"type":"Feature","id":11540176025,"properties":{"amenity":"atm","atm":"yes","brand":"ธนาคารกสิกรไทย","brand:en":"Kasikornbank","brand:th":"ธนาคารกสิกรไทย","brand:wikidata":"Q276557","name":"KB Bank ATM","operator":"ธนาคารกสิกรไทย","operator:wikidata":"Q276557","@type":"node","@id":11540176025},"geometry":{"type":"Point","coordinates":[100.6014494,13.918575]}},{"type":"Feature","id":11558178336,"properties":{"addr:postcode":"10900","amenity":"atm","name":"Krungsri","opening_hours":"24/7","@type":"node","@id":11558178336},"geometry":{"type":"Point","coordinates":[100.5644691,13.7966521]}},{"type":"Feature","id":11558381136,"properties":{"amenity":"atm","name":"Siam Comercial Bank","@type":"node","@id":11558381136},"geometry":{"type":"Point","coordinates":[100.561712,13.7968485]}},{"type":"Feature","id":11558384075,"properties":{"amenity":"atm","name":"KBank","@type":"node","@id":11558384075},"geometry":{"type":"Point","coordinates":[100.564797,13.7966529]}},{"type":"Feature","id":11558612145,"properties":{"amenity":"atm","name":"Bangkok Bank","@type":"node","@id":11558612145},"geometry":{"type":"Point","coordinates":[100.5636323,13.7968179]}},{"type":"Feature","id":11558675487,"properties":{"amenity":"atm","name":"Bangkok Bank","@type":"node","@id":11558675487},"geometry":{"type":"Point","coordinates":[100.5660739,13.7965548]}},{"type":"Feature","id":11602416031,"properties":{"amenity":"atm","brand":"Siam Commercial Bank","level":"0","opening_hours":"24/7","wheelchair":"limited","@type":"node","@id":11602416031},"geometry":{"type":"Point","coordinates":[100.5790948,13.7722132]}},{"type":"Feature","id":11607751845,"properties":{"amenity":"atm","brand":"ธนาคารออมสิน","brand:en":"Government Savings Bank","brand:th":"ธนาคารออมสิน","brand:wikidata":"Q6579041","name":"ATM ธนาคารออมสิน","name:en":"Government Savings Bank ATM","name:th":"ATM ธนาคารออมสิน","operator":"ธนาคารออมสิน","operator:wikidata":"Q6579041","@type":"node","@id":11607751845},"geometry":{"type":"Point","coordinates":[100.4199594,13.5266632]}},{"type":"Feature","id":11661791848,"properties":{"amenity":"atm","check_date":"2024-02-25","drive_through":"no","level":"-1","@type":"node","@id":11661791848},"geometry":{"type":"Point","coordinates":[100.5621169,13.7439024]}},{"type":"Feature","id":11661861359,"properties":{"amenity":"atm","check_date":"2024-02-25","drive_through":"no","level":"0","@type":"node","@id":11661861359},"geometry":{"type":"Point","coordinates":[100.5625355,13.7440103]}},{"type":"Feature","id":11690643677,"properties":{"amenity":"atm","check_date":"2024-03-01","@type":"node","@id":11690643677},"geometry":{"type":"Point","coordinates":[100.5071695,13.7406853]}},{"type":"Feature","id":11693409288,"properties":{"amenity":"atm","brand":"ธนาคารกสิกรไทย","brand:en":"Kasikornbank","brand:th":"ธนาคารกสิกรไทย","brand:wikidata":"Q276557","name":"ATM ธนาคารกสิกรไทย","name:en":"Kasikornbank ATM","name:th":"ATM ธนาคารกสิกรไทย","operator":"ธนาคารกสิกรไทย","operator:wikidata":"Q276557","@type":"node","@id":11693409288},"geometry":{"type":"Point","coordinates":[100.7676877,13.7407633]}},{"type":"Feature","id":11707734694,"properties":{"amenity":"bank","brand":"ธนาคารกสิกรไทย","brand:en":"Kasikornbank","brand:th":"ธนาคารกสิกรไทย","brand:wikidata":"Q276557","name":"ธนาคารกสิกรไทย","name:en":"Kasikornbank","name:th":"ธนาคารกสิกรไทย","opening_hours":"24/7","@type":"node","@id":11707734694},"geometry":{"type":"Point","coordinates":[100.7212068,13.8510876]}},{"type":"Feature","id":11870761395,"properties":{"amenity":"atm","brand":"ธนาคารทหารไทย","brand:en":"TMBThanachart Bank","brand:th":"ธนาคารทหารไทย","brand:wikidata":"Q1527826","name:en":"TMBThanachart Bank","name:th":"ธนาคารทหารไทย","operator":"ธนาคารทหารไทย","operator:wikidata":"Q1527826","short_name":"ttb","@type":"node","@id":11870761395},"geometry":{"type":"Point","coordinates":[100.5429488,13.7103843]}},{"type":"Feature","id":11958472296,"properties":{"addr:floor":"G","amenity":"atm","check_date":"2024-11-10","indoor":"no","level":"0","@type":"node","@id":11958472296},"geometry":{"type":"Point","coordinates":[100.5045089,13.7524904]}},{"type":"Feature","id":11964099090,"properties":{"alt_name:en":"Krungsri","amenity":"atm","brand":"กรุงศรี","brand:en":"Bank of Ayudhya","brand:th":"กรุงศรี","brand:wikidata":"Q782537","name":"ATM กรุงศรี","name:en":"Bank of Ayudhya ATM","name:th":"ATM กรุงศรี","operator":"กรุงศรี","operator:wikidata":"Q782537","@type":"node","@id":11964099090},"geometry":{"type":"Point","coordinates":[100.5520008,13.7372532]}},{"type":"Feature","id":11964122723,"properties":{"alt_name:en":"Krungsri","amenity":"atm","brand":"กรุงศรี","brand:en":"Bank of Ayudhya","brand:th":"กรุงศรี","brand:wikidata":"Q782537","name":"ATM กรุงศรี","name:en":"Bank of Ayudhya ATM","name:th":"ATM กรุงศรี","operator":"กรุงศรี","operator:wikidata":"Q782537","@type":"node","@id":11964122723},"geometry":{"type":"Point","coordinates":[100.5519272,13.7397166]}},{"type":"Feature","id":11981384084,"properties":{"amenity":"atm","brand":"ธนาคารกสิกรไทย","brand:en":"Kasikornbank","brand:th":"ธนาคารกสิกรไทย","brand:wikidata":"Q276557","name":"ATM ธนาคารกสิกรไทย","name:en":"Kasikornbank ATM","name:th":"ATM ธนาคารกสิกรไทย","operator":"ธนาคารกสิกรไทย","operator:wikidata":"Q276557","@type":"node","@id":11981384084},"geometry":{"type":"Point","coordinates":[100.5529136,13.7414533]}},{"type":"Feature","id":11981384085,"properties":{"amenity":"atm","brand":"ธนาคารทหารไทย","brand:en":"TMBThanachart Bank","brand:th":"ธนาคารทหารไทย","brand:wikidata":"Q1527826","name":"ATM ธนาคารทหารไทย","name:en":"TMBThanachart Bank ATM","name:th":"ATM ธนาคารทหารไทย","operator":"ธนาคารทหารไทย","operator:wikidata":"Q1527826","short_name":"ttb","@type":"node","@id":11981384085},"geometry":{"type":"Point","coordinates":[100.5528939,13.7414539]}},{"type":"Feature","id":11985023332,"properties":{"amenity":"atm","brand":"ธนาคารกรุงไทย","brand:en":"Krung Thai Bank","brand:th":"ธนาคารกรุงไทย","brand:wikidata":"Q962865","name:en":"Krung Thai Bank","name:th":"ธนาคารกรุงไทย","operator":"ธนาคารกรุงไทย","operator:wikidata":"Q962865","@type":"node","@id":11985023332},"geometry":{"type":"Point","coordinates":[100.5114355,13.61201]}},{"type":"Feature","id":11985023333,"properties":{"alt_name:en":"Krungsri","amenity":"bank","brand":"กรุงศรี","brand:en":"Bank of Ayudhya","brand:th":"กรุงศรี","brand:wikidata":"Q782537","name":"กรุงศรี","name:en":"Bank of Ayudhya","name:th":"กรุงศรี","@type":"node","@id":11985023333},"geometry":{"type":"Point","coordinates":[100.5103249,13.6120483]}},{"type":"Feature","id":12038135309,"properties":{"amenity":"bank","@type":"node","@id":12038135309},"geometry":{"type":"Point","coordinates":[100.3994018,13.8281535]}},{"type":"Feature","id":12076484888,"properties":{"amenity":"atm","operator":"กสิกรไทย","@type":"node","@id":12076484888},"geometry":{"type":"Point","coordinates":[100.4026313,13.6727738]}},{"type":"Feature","id":12101784796,"properties":{"amenity":"atm","@type":"node","@id":12101784796},"geometry":{"type":"Point","coordinates":[100.364347,13.6832843]}},{"type":"Feature","id":12147225621,"properties":{"amenity":"atm","brand":"ธนาคารกรุงไทย","brand:en":"Krung Thai Bank","brand:th":"ธนาคารกรุงไทย","brand:wikidata":"Q962865","name":"ATM ธนาคารกรุงไทย","name:en":"Krung Thai Bank ATM","name:th":"ATM ธนาคารกรุงไทย","operator":"ธนาคารกรุงไทย","operator:wikidata":"Q962865","@type":"node","@id":12147225621},"geometry":{"type":"Point","coordinates":[100.5530693,13.7401657]}},{"type":"Feature","id":12147225624,"properties":{"alt_name:en":"Krungsri","amenity":"atm","brand":"กรุงศรี","brand:en":"Bank of Ayudhya","brand:th":"กรุงศรี","brand:wikidata":"Q782537","name":"ATM กรุงศรี","name:en":"Bank of Ayudhya ATM","name:th":"ATM กรุงศรี","operator":"กรุงศรี","operator:wikidata":"Q782537","@type":"node","@id":12147225624},"geometry":{"type":"Point","coordinates":[100.5530638,13.7401844]}},{"type":"Feature","id":12178229694,"properties":{"addr:housename":"อาคารเกียรตินาคิน","alt_name:en":"Kiatnakin Building","alt_name:th":"เกียรตินาคิน","amenity":"bank","branch":"สี่พระยา","branch:en":"Siphaya","name":"ธนาคารเกียรตินาคิน","name:en":"Kiatnakin Bank","name:th":"ธนาคารเกียรตินาคิน","phone":"+66 2 165 5555","website":"https://www.kiatnakin.co.th/","wikidata":"Q4383797","wikipedia":"th:ธนาคารเกียรตินาคิน","@type":"node","@id":12178229694},"geometry":{"type":"Point","coordinates":[100.515219,13.7285042]}},{"type":"Feature","id":12179537373,"properties":{"amenity":"atm","level":"0","source":"survey","source:date":"2024-09-15","@type":"node","@id":12179537373},"geometry":{"type":"Point","coordinates":[100.5421993,13.8034243]}},{"type":"Feature","id":12179537374,"properties":{"amenity":"atm","level":"0","source":"survey","source:date":"2024-09-15","@type":"node","@id":12179537374},"geometry":{"type":"Point","coordinates":[100.5422114,13.803479]}},{"type":"Feature","id":12179550892,"properties":{"amenity":"bank","atm":"yes","brand":"ธนาคารกสิกรไทย","brand:en":"Kasikornbank","brand:th":"ธนาคารกสิกรไทย","brand:wikidata":"Q276557","drive_through":"no","name":"ธนาคารกสิกรไทย","name:en":"Kasikornbank","name:th":"ธนาคารกสิกรไทย","opening_hours":"Mo-Fr 08:30-15:30","operator":"สะพานเหลือง","@type":"node","@id":12179550892},"geometry":{"type":"Point","coordinates":[100.5202696,13.7364475]}},{"type":"Feature","id":12279532665,"properties":{"amenity":"atm","brand":"ธนาคารไทยพาณิชย์","brand:en":"Siam Commercial Bank","brand:th":"ธนาคารไทยพาณิชย์","brand:wikidata":"Q2038986","name:en":"Siam Commercial Bank","name:th":"ธนาคารไทยพาณิชย์","operator":"ธนาคารไทยพาณิชย์","operator:wikidata":"Q2038986","@type":"node","@id":12279532665},"geometry":{"type":"Point","coordinates":[100.6889806,13.7235525]}},{"type":"Feature","id":12311435975,"properties":{"amenity":"atm","brand":"ธนาคารกสิกรไทย","brand:en":"Kasikornbank","brand:th":"ธนาคารกสิกรไทย","brand:wikidata":"Q276557","name":"ATM ธนาคารกสิกรไทย","name:en":"Kasikornbank ATM","name:th":"ATM ธนาคารกสิกรไทย","operator":"ธนาคารกสิกรไทย","operator:wikidata":"Q276557","@type":"node","@id":12311435975},"geometry":{"type":"Point","coordinates":[100.5581851,13.7613669]}},{"type":"Feature","id":12318805298,"properties":{"amenity":"atm","brand":"ธนาคารกรุงไทย","brand:en":"Krung Thai Bank","brand:th":"ธนาคารกรุงไทย","brand:wikidata":"Q962865","check_date":"2024-11-06","name:en":"Krung Thai Bank","name:th":"ธนาคารกรุงไทย","operator":"ธนาคารกรุงไทย","operator:wikidata":"Q962865","@type":"node","@id":12318805298},"geometry":{"type":"Point","coordinates":[100.571819,13.7366233]}},{"type":"Feature","id":12318821510,"properties":{"amenity":"atm","brand":"ธนาคารกรุงไทย","brand:en":"Krung Thai Bank","brand:th":"ธนาคารกรุงไทย","brand:wikidata":"Q962865","check_date":"2024-11-06","name:en":"Krung Thai Bank","name:th":"ธนาคารกรุงไทย","operator":"ธนาคารกรุงไทย","operator:wikidata":"Q962865","@type":"node","@id":12318821510},"geometry":{"type":"Point","coordinates":[100.5463773,13.721593]}},{"type":"Feature","id":12401531970,"properties":{"alt_name:en":"Krungsri","amenity":"bank","brand":"กรุงศรี","brand:en":"Bank of Ayudhya","brand:th":"กรุงศรี","brand:wikidata":"Q782537","name":"กรุงศรี","name:en":"Bank of Ayudhya","name:th":"กรุงศรี","@type":"node","@id":12401531970},"geometry":{"type":"Point","coordinates":[100.6633776,13.8382775]}},{"type":"Feature","id":12401531987,"properties":{"amenity":"bank","brand":"ธนาคารกรุงเทพ","brand:en":"Bangkok Bank","brand:th":"ธนาคารกรุงเทพ","brand:wikidata":"Q806483","name":"ธนาคารกรุงเทพ","name:en":"Bangkok Bank","name:th":"ธนาคารกรุงเทพ","@type":"node","@id":12401531987},"geometry":{"type":"Point","coordinates":[100.660903,13.8335391]}},{"type":"Feature","id":12408664102,"properties":{"alt_name:en":"Krungsri","amenity":"atm","brand":"กรุงศรี","brand:en":"Bank of Ayudhya","brand:th":"กรุงศรี","brand:wikidata":"Q782537","cash_in":"yes","covered":"yes","name:en":"Bank of Ayudhya","name:th":"กรุงศรี","operator":"กรุงศรี","operator:wikidata":"Q782537","@type":"node","@id":12408664102},"geometry":{"type":"Point","coordinates":[100.4982921,13.7601223]}},{"type":"Feature","id":12428810707,"properties":{"amenity":"atm","opening_hours":"24/7","operator":"GSB","@type":"node","@id":12428810707},"geometry":{"type":"Point","coordinates":[100.5180916,13.7373725]}},{"type":"Feature","id":12428810724,"properties":{"amenity":"atm","cash_in":"yes","opening_hours":"24/7","operator":"KTB","@type":"node","@id":12428810724},"geometry":{"type":"Point","coordinates":[100.4750699,13.7552535]}},{"type":"Feature","id":12428810728,"properties":{"amenity":"atm","@type":"node","@id":12428810728},"geometry":{"type":"Point","coordinates":[100.548771,13.8019086]}},{"type":"Feature","id":12428813601,"properties":{"amenity":"atm","brand":"กรุงศรี","brand:en":"Bank of Ayudhya","brand:th":"กรุงศรี","brand:wikidata":"Q782537","opening_hours":"24/7","operator":"กรุงศรี","operator:wikidata":"Q782537","@type":"node","@id":12428813601},"geometry":{"type":"Point","coordinates":[100.5122202,13.7506035]}},{"type":"Feature","id":12428813609,"properties":{"amenity":"atm","opening_hours":"24/7","operator":"Krungsri & SCB","@type":"node","@id":12428813609},"geometry":{"type":"Point","coordinates":[100.523051,13.7316119]}},{"type":"Feature","id":12428813610,"properties":{"amenity":"atm","opening_hours":"24/7","operator":"Bangkok Bank","@type":"node","@id":12428813610},"geometry":{"type":"Point","coordinates":[100.5201083,13.7310617]}},{"type":"Feature","id":12428813613,"properties":{"amenity":"atm","opening_hours":"24/7","@type":"node","@id":12428813613},"geometry":{"type":"Point","coordinates":[100.5184912,13.7328672]}},{"type":"Feature","id":12428813619,"properties":{"amenity":"atm","opening_hours":"24/7","@type":"node","@id":12428813619},"geometry":{"type":"Point","coordinates":[100.4840748,13.7402071]}},{"type":"Feature","id":12428813634,"properties":{"amenity":"atm","opening_hours":"24/7","operator":"SCB","@type":"node","@id":12428813634},"geometry":{"type":"Point","coordinates":[100.4694524,13.752957]}},{"type":"Feature","id":12428813851,"properties":{"amenity":"atm","opening_hours":"24/7","operator":"Kbank","@type":"node","@id":12428813851},"geometry":{"type":"Point","coordinates":[100.5643835,13.8136965]}},{"type":"Feature","id":12428814102,"properties":{"amenity":"atm","opening_hours":"24/7","operator":"GSB","@type":"node","@id":12428814102},"geometry":{"type":"Point","coordinates":[100.5267459,13.7338348]}},{"type":"Feature","id":12428814108,"properties":{"amenity":"atm","opening_hours":"24/7","operator":"Kbank","@type":"node","@id":12428814108},"geometry":{"type":"Point","coordinates":[100.4767032,13.7555689]}},{"type":"Feature","id":12428814113,"properties":{"amenity":"atm","@type":"node","@id":12428814113},"geometry":{"type":"Point","coordinates":[100.5480383,13.7992113]}},{"type":"Feature","id":12428814114,"properties":{"amenity":"atm","opening_hours":"24/7","operator":"Kbank","@type":"node","@id":12428814114},"geometry":{"type":"Point","coordinates":[100.5485133,13.8003121]}},{"type":"Feature","id":12428814623,"properties":{"amenity":"atm","opening_hours":"24/7","operator":"Express banking","@type":"node","@id":12428814623},"geometry":{"type":"Point","coordinates":[100.5610678,13.8147752]}},{"type":"Feature","id":12428814626,"properties":{"amenity":"atm","operator":"easybank","@type":"node","@id":12428814626},"geometry":{"type":"Point","coordinates":[100.5639966,13.8176915]}},{"type":"Feature","id":12428815011,"properties":{"amenity":"atm","operator":"Bangkok Bank","@type":"node","@id":12428815011},"geometry":{"type":"Point","coordinates":[100.5641287,13.8176034]}},{"type":"Feature","id":12428815103,"properties":{"amenity":"atm","opening_hours":"24/7","operator":"siam & ttb","@type":"node","@id":12428815103},"geometry":{"type":"Point","coordinates":[100.4780526,13.7529926]}},{"type":"Feature","id":12428815115,"properties":{"amenity":"atm","name":"7-Eleven","opening_hours":"24/7","shop":"convenience","@type":"node","@id":12428815115},"geometry":{"type":"Point","coordinates":[100.56362,13.8129583]}},{"type":"Feature","id":12428938201,"properties":{"amenity":"bank","brand":"ธนาคารกสิกรไทย","brand:en":"Kasikornbank","brand:th":"ธนาคารกสิกรไทย","brand:wikidata":"Q276557","name":"ธนาคารกสิกรไทย","name:en":"Kasikornbank","name:th":"ธนาคารกสิกรไทย","opening_hours":"24/7","operator":"Kasikorn","@type":"node","@id":12428938201},"geometry":{"type":"Point","coordinates":[100.4713983,13.7278641]}},{"type":"Feature","id":12429011302,"properties":{"amenity":"atm","opening_hours":"24/7","@type":"node","@id":12429011302},"geometry":{"type":"Point","coordinates":[100.4694113,13.7267733]}},{"type":"Feature","id":12429014902,"properties":{"alt_name:en":"Krungsri","amenity":"bank","brand":"กรุงศรี","brand:en":"Bank of Ayudhya","brand:th":"กรุงศรี","brand:wikidata":"Q782537","name":"กรุงศรี","name:en":"Bank of Ayudhya","name:th":"กรุงศรี","@type":"node","@id":12429014902},"geometry":{"type":"Point","coordinates":[100.4683928,13.7265167]}},{"type":"Feature","id":12429015001,"properties":{"amenity":"atm","opening_hours":"24/7","operator":"krungsri","@type":"node","@id":12429015001},"geometry":{"type":"Point","coordinates":[100.468405,13.7265228]}},{"type":"Feature","id":12430047502,"properties":{"amenity":"atm","opening_hours":"24/7","@type":"node","@id":12430047502},"geometry":{"type":"Point","coordinates":[100.5157102,13.7276841]}},{"type":"Feature","id":12430138101,"properties":{"amenity":"atm","operator":"SCB","@type":"node","@id":12430138101},"geometry":{"type":"Point","coordinates":[100.5154205,13.7190455]}},{"type":"Feature","id":12430333702,"properties":{"amenity":"atm","@type":"node","@id":12430333702},"geometry":{"type":"Point","coordinates":[100.5274242,13.716248]}},{"type":"Feature","id":12430333801,"properties":{"amenity":"atm","opening_hours":"24/7","operator":"Bangkok Bank","@type":"node","@id":12430333801},"geometry":{"type":"Point","coordinates":[100.5271976,13.7167485]}},{"type":"Feature","id":12430356201,"properties":{"amenity":"atm","opening_hours":"24/7","operator":"GHB","@type":"node","@id":12430356201},"geometry":{"type":"Point","coordinates":[100.526512,13.7192238]}},{"type":"Feature","id":12430357302,"properties":{"amenity":"atm","@type":"node","@id":12430357302},"geometry":{"type":"Point","coordinates":[100.5265568,13.7201451]}},{"type":"Feature","id":12430372401,"properties":{"amenity":"atm","opening_hours":"24/7","operator":"Bangkok Bank","@type":"node","@id":12430372401},"geometry":{"type":"Point","coordinates":[100.5277971,13.7210073]}},{"type":"Feature","id":12432308602,"properties":{"amenity":"atm","brand":"ธนาคารกรุงเทพ","brand:en":"Bangkok Bank","brand:th":"ธนาคารกรุงเทพ","brand:wikidata":"Q806483","name:en":"Bangkok Bank","name:th":"ธนาคารกรุงเทพ","opening_hours":"24/7","operator":"ธนาคารกรุงเทพ","operator:wikidata":"Q806483","@type":"node","@id":12432308602},"geometry":{"type":"Point","coordinates":[100.4620576,13.7276416]}},{"type":"Feature","id":12432696801,"properties":{"amenity":"atm","opening_hours":"24/7","@type":"node","@id":12432696801},"geometry":{"type":"Point","coordinates":[100.4654103,13.72491]}},{"type":"Feature","id":12433165924,"properties":{"amenity":"atm","@type":"node","@id":12433165924},"geometry":{"type":"Point","coordinates":[100.3263807,13.8014718]}},{"type":"Feature","id":12433407402,"properties":{"amenity":"atm","@type":"node","@id":12433407402},"geometry":{"type":"Point","coordinates":[100.5106997,13.7442662]}},{"type":"Feature","id":12433479902,"properties":{"alt_name:en":"Krungsri","amenity":"atm","brand":"กรุงศรี","brand:en":"Bank of Ayudhya","brand:th":"กรุงศรี","brand:wikidata":"Q782537","name:en":"Bank of Ayudhya","name:th":"กรุงศรี","opening_hours":"24/7","operator":"กรุงศรี","operator:wikidata":"Q782537","@type":"node","@id":12433479902},"geometry":{"type":"Point","coordinates":[100.5064112,13.7483448]}},{"type":"Feature","id":12433613301,"properties":{"amenity":"atm","@type":"node","@id":12433613301},"geometry":{"type":"Point","coordinates":[100.4885269,13.7656547]}},{"type":"Feature","id":12433695604,"properties":{"amenity":"atm","opening_hours":"24/7","operator":"UOB","@type":"node","@id":12433695604},"geometry":{"type":"Point","coordinates":[100.4827605,13.7737523]}},{"type":"Feature","id":12433695801,"properties":{"amenity":"atm","opening_hours":"24/7","@type":"node","@id":12433695801},"geometry":{"type":"Point","coordinates":[100.4844715,13.7705048]}},{"type":"Feature","id":12433695803,"properties":{"amenity":"atm","opening_hours":"24/7","operator":"Krungsri","@type":"node","@id":12433695803},"geometry":{"type":"Point","coordinates":[100.4828361,13.7739065]}},{"type":"Feature","id":12433696203,"properties":{"amenity":"atm","@type":"node","@id":12433696203},"geometry":{"type":"Point","coordinates":[100.4836899,13.7752518]}},{"type":"Feature","id":12435089201,"properties":{"amenity":"atm","@type":"node","@id":12435089201},"geometry":{"type":"Point","coordinates":[100.563485,13.811896]}},{"type":"Feature","id":12435141501,"properties":{"amenity":"atm","brand":"ธนาคารกรุงเทพ","brand:en":"Bangkok Bank","brand:th":"ธนาคารกรุงเทพ","brand:wikidata":"Q806483","name":"ATM ธนาคารกรุงเทพ","name:en":"Bangkok Bank ATM","name:th":"ATM ธนาคารกรุงเทพ","opening_hours":"24/7","operator":"ธนาคารกรุงเทพ","operator:wikidata":"Q806483","@type":"node","@id":12435141501},"geometry":{"type":"Point","coordinates":[100.56815,13.8095026]}},{"type":"Feature","id":12435212402,"properties":{"amenity":"atm","opening_hours":"24/7","@type":"node","@id":12435212402},"geometry":{"type":"Point","coordinates":[100.5708303,13.807562]}},{"type":"Feature","id":12435236401,"properties":{"amenity":"atm","opening_hours":"24/7","@type":"node","@id":12435236401},"geometry":{"type":"Point","coordinates":[100.5701914,13.8080999]}},{"type":"Feature","id":12435247701,"properties":{"amenity":"atm","opening_hours":"24/7","@type":"node","@id":12435247701},"geometry":{"type":"Point","coordinates":[100.5700666,13.8045672]}},{"type":"Feature","id":12435616803,"properties":{"amenity":"atm","@type":"node","@id":12435616803},"geometry":{"type":"Point","coordinates":[100.5708622,13.7971697]}},{"type":"Feature","id":12438168403,"properties":{"amenity":"atm","opening_hours":"24/7","@type":"node","@id":12438168403},"geometry":{"type":"Point","coordinates":[100.562701,13.7464119]}},{"type":"Feature","id":12438209101,"properties":{"amenity":"atm","opening_hours":"24/7","@type":"node","@id":12438209101},"geometry":{"type":"Point","coordinates":[100.5619688,13.7425995]}},{"type":"Feature","id":12438376304,"properties":{"amenity":"atm","opening_hours":"24/7","@type":"node","@id":12438376304},"geometry":{"type":"Point","coordinates":[100.5507323,13.7238512]}},{"type":"Feature","id":12438376501,"properties":{"amenity":"atm","opening_hours":"24/7","@type":"node","@id":12438376501},"geometry":{"type":"Point","coordinates":[100.5499908,13.7241786]}},{"type":"Feature","id":12443479601,"properties":{"amenity":"atm","brand":"ธนาคารกสิกรไทย","brand:en":"Kasikornbank","brand:th":"ธนาคารกสิกรไทย","brand:wikidata":"Q276557","name:en":"Kasikornbank","name:th":"ธนาคารกสิกรไทย","opening_hours":"24/7","operator":"ธนาคารกสิกรไทย","operator:wikidata":"Q276557","@type":"node","@id":12443479601},"geometry":{"type":"Point","coordinates":[100.4995209,13.7494215]}},{"type":"Feature","id":12443479602,"properties":{"amenity":"bank","brand":"ธนาคารกสิกรไทย","brand:en":"Kasikornbank","brand:th":"ธนาคารกสิกรไทย","brand:wikidata":"Q276557","name":"ธนาคารกสิกรไทย","name:en":"Kasikornbank","name:th":"ธนาคารกสิกรไทย","@type":"node","@id":12443479602},"geometry":{"type":"Point","coordinates":[100.4994882,13.7494102]}},{"type":"Feature","id":12443623701,"properties":{"amenity":"atm","operator":"GHB","@type":"node","@id":12443623701},"geometry":{"type":"Point","coordinates":[100.4961726,13.7546709]}},{"type":"Feature","id":12443624601,"properties":{"amenity":"atm","opening_hours":"24/7","@type":"node","@id":12443624601},"geometry":{"type":"Point","coordinates":[100.4971994,13.7546829]}},{"type":"Feature","id":12443675201,"properties":{"amenity":"atm","opening_hours":"24/7","operator":"government savings bank","@type":"node","@id":12443675201},"geometry":{"type":"Point","coordinates":[100.4981256,13.7506008]}},{"type":"Feature","id":12443675302,"properties":{"amenity":"atm","@type":"node","@id":12443675302},"geometry":{"type":"Point","coordinates":[100.4980541,13.7501889]}},{"type":"Feature","id":12444832621,"properties":{"amenity":"atm","brand":"ธนาคารกสิกรไทย","brand:en":"Kasikornbank","brand:th":"ธนาคารกสิกรไทย","brand:wikidata":"Q276557","name:en":"Kasikornbank","name:th":"ธนาคารกสิกรไทย","operator":"ธนาคารกสิกรไทย","operator:wikidata":"Q276557","@type":"node","@id":12444832621},"geometry":{"type":"Point","coordinates":[100.6358933,13.8380874]}},{"type":"Feature","id":12444832626,"properties":{"amenity":"atm","brand":"ธนาคารกรุงไทย","brand:en":"Krung Thai Bank","brand:th":"ธนาคารกรุงไทย","brand:wikidata":"Q962865","name":"ธนาคารกรุงไทย","name:en":"Krung Thai Bank","name:th":"ธนาคารกรุงไทย","operator":"ธนาคารกรุงไทย","operator:wikidata":"Q962865","@type":"node","@id":12444832626},"geometry":{"type":"Point","coordinates":[100.6371158,13.8361794]}},{"type":"Feature","id":12444832653,"properties":{"alt_name:en":"Krungsri","amenity":"bank","brand":"กรุงศรี","brand:en":"Bank of Ayudhya","brand:th":"กรุงศรี","brand:wikidata":"Q782537","name":"กรุงศรี","name:en":"Bank of Ayudhya","name:th":"กรุงศรี","@type":"node","@id":12444832653},"geometry":{"type":"Point","coordinates":[100.6412866,13.8256334]}},{"type":"Feature","id":12462386923,"properties":{"amenity":"atm","cash_in":"no","check_date":"2024-12-30","drive_through":"no","operator":"KBank","@type":"node","@id":12462386923},"geometry":{"type":"Point","coordinates":[100.5736689,13.7992159]}},{"type":"Feature","id":12462439001,"properties":{"amenity":"atm","cash_in":"no","drive_through":"no","opening_hours":"24/7","operator":"Kasikorn","@type":"node","@id":12462439001},"geometry":{"type":"Point","coordinates":[100.5975892,13.6083738]}},{"type":"Feature","id":12462439101,"properties":{"amenity":"atm","opening_hours":"24/7","operator":"Krungsri","@type":"node","@id":12462439101},"geometry":{"type":"Point","coordinates":[100.5953915,13.6079708]}},{"type":"Feature","id":12462919301,"properties":{"amenity":"atm","cash_in":"no","currency:THB":"yes","drive_through":"no","opening_hours":"24/7","operator":"Kasikorn","@type":"node","@id":12462919301},"geometry":{"type":"Point","coordinates":[100.6581194,13.6882265]}},{"type":"Feature","id":12468584274,"properties":{"amenity":"bank","brand":"ธนาคารกรุงเทพ","brand:en":"Bangkok Bank","brand:th":"ธนาคารกรุงเทพ","brand:wikidata":"Q806483","name":"ธนาคารกรุงเทพ","name:en":"Bangkok Bank","name:th":"ธนาคารกรุงเทพ","@type":"node","@id":12468584274},"geometry":{"type":"Point","coordinates":[100.4697407,13.7683063]}},{"type":"Feature","id":12469103701,"properties":{"amenity":"atm","opening_hours":"24/7","operator":"Krungsri","@type":"node","@id":12469103701},"geometry":{"type":"Point","coordinates":[100.5736406,13.7989857]}},{"type":"Feature","id":12483582587,"properties":{"amenity":"atm","cash_in":"no","check_date":"2025-01-07","drive_through":"no","level":"0","@type":"node","@id":12483582587},"geometry":{"type":"Point","coordinates":[100.4875019,13.7437549]}},{"type":"Feature","id":12506751301,"properties":{"alt_name:en":"Krungsri","amenity":"atm","brand":"กรุงศรี","brand:en":"Bank of Ayudhya","brand:th":"กรุงศรี","brand:wikidata":"Q782537","name:en":"Bank of Ayudhya","name:th":"กรุงศรี","opening_hours":"24/7","operator":"กรุงศรี","operator:wikidata":"Q782537","@type":"node","@id":12506751301},"geometry":{"type":"Point","coordinates":[100.643671,13.6936378]}},{"type":"Feature","id":12519597459,"properties":{"amenity":"atm","cash_in":"no","check_date":"2025-01-21","drive_through":"no","level":"0","operator":"KBank","@type":"node","@id":12519597459},"geometry":{"type":"Point","coordinates":[100.5799897,13.7234042]}},{"type":"Feature","id":12525306652,"properties":{"amenity":"bank","brand":"ธนาคารกสิกรไทย","brand:en":"Kasikornbank","brand:th":"ธนาคารกสิกรไทย","brand:wikidata":"Q276557","check_date":"2025-01-23","level":"0","name":"ธนาคารกสิกรไทย","name:en":"Kasikornbank","name:th":"ธนาคารกสิกรไทย","@type":"node","@id":12525306652},"geometry":{"type":"Point","coordinates":[100.5808182,13.7228496]}},{"type":"Feature","id":12538637211,"properties":{"amenity":"atm","@type":"node","@id":12538637211},"geometry":{"type":"Point","coordinates":[100.5024557,13.7452285]}},{"type":"Feature","id":12551043001,"properties":{"amenity":"atm","@type":"node","@id":12551043001},"geometry":{"type":"Point","coordinates":[100.5502311,13.7987721]}},{"type":"Feature","id":12578547822,"properties":{"amenity":"atm","brand":"ธนาคารออมสิน","brand:en":"Government Savings Bank","brand:th":"ธนาคารออมสิน","brand:wikidata":"Q6579041","cash_in":"no","drive_through":"no","indoor":"no","name:en":"Government Savings Bank","name:th":"ธนาคารออมสิน","operator":"ธนาคารออมสิน","operator:wikidata":"Q6579041","@type":"node","@id":12578547822},"geometry":{"type":"Point","coordinates":[100.6548418,13.7168758]}},{"type":"Feature","id":12580915185,"properties":{"alt_name:en":"Krungsri","amenity":"atm","brand":"กรุงศรี","brand:en":"Bank of Ayudhya","brand:th":"กรุงศรี","brand:wikidata":"Q782537","cash_in":"no","name:en":"Bank of Ayudhya","name:th":"กรุงศรี","operator":"กรุงศรี","operator:wikidata":"Q782537","@type":"node","@id":12580915185},"geometry":{"type":"Point","coordinates":[100.6529598,13.7163587]}},{"type":"Feature","id":12582058693,"properties":{"amenity":"bank","brand":"ธนาคารออมสิน","brand:en":"Government Savings Bank","brand:th":"ธนาคารออมสิน","brand:wikidata":"Q6579041","name":"ธนาคารออมสิน","name:en":"Government Savings Bank","name:th":"ธนาคารออมสิน","@type":"node","@id":12582058693},"geometry":{"type":"Point","coordinates":[100.5915195,13.8237252]}},{"type":"Feature","id":12583109806,"properties":{"amenity":"atm","operator":"Bangkok Bank","@type":"node","@id":12583109806},"geometry":{"type":"Point","coordinates":[100.5609019,13.7366146]}},{"type":"Feature","id":12587361362,"properties":{"amenity":"atm","brand":"ธนาคารกสิกรไทย","brand:en":"Kasikornbank","brand:th":"ธนาคารกสิกรไทย","brand:wikidata":"Q276557","name:en":"Kasikornbank","name:th":"ธนาคารกสิกรไทย","operator":"ธนาคารกสิกรไทย","operator:wikidata":"Q276557","@type":"node","@id":12587361362},"geometry":{"type":"Point","coordinates":[100.6529827,13.716363]}},{"type":"Feature","id":12600323802,"properties":{"amenity":"bank","name":"Krungsri","@type":"node","@id":12600323802},"geometry":{"type":"Point","coordinates":[100.6734143,13.7762905]}},{"type":"Feature","id":12600323803,"properties":{"amenity":"bank","name":"Kasikorn","@type":"node","@id":12600323803},"geometry":{"type":"Point","coordinates":[100.6734472,13.7762262]}},{"type":"Feature","id":12615423701,"properties":{"amenity":"bank","name":"krungsri","@type":"node","@id":12615423701},"geometry":{"type":"Point","coordinates":[100.6726622,13.7832008]}},{"type":"Feature","id":12617775414,"properties":{"amenity":"atm","brand":"ธนาคารกรุงไทย","brand:en":"Krung Thai Bank","brand:th":"ธนาคารกรุงไทย","brand:wikidata":"Q962865","name:en":"Krung Thai Bank","name:th":"ธนาคารกรุงไทย","operator":"ธนาคารกรุงไทย","operator:wikidata":"Q962865","@type":"node","@id":12617775414},"geometry":{"type":"Point","coordinates":[100.5140387,13.7362864]}},{"type":"Feature","id":12618209103,"properties":{"amenity":"bank","name":"SCB","@type":"node","@id":12618209103},"geometry":{"type":"Point","coordinates":[100.6689181,13.7758018]}},{"type":"Feature","id":12619887157,"properties":{"amenity":"bank","brand":"ธนาคารไทยพาณิชย์","brand:en":"Siam Commercial Bank","brand:th":"ธนาคารไทยพาณิชย์","brand:wikidata":"Q2038986","name":"ธนาคารไทยพาณิชย์","name:en":"Siam Commercial Bank","name:th":"ธนาคารไทยพาณิชย์","@type":"node","@id":12619887157},"geometry":{"type":"Point","coordinates":[100.6565275,13.727246]}},{"type":"Feature","id":12630714835,"properties":{"amenity":"bank","brand":"ธนาคารกสิกรไทย","brand:en":"Kasikornbank","brand:th":"ธนาคารกสิกรไทย","brand:wikidata":"Q276557","name":"ธนาคารกสิกรไทย","name:en":"Kasikornbank","name:th":"ธนาคารกสิกรไทย","@type":"node","@id":12630714835},"geometry":{"type":"Point","coordinates":[100.5596602,13.7784001]}},{"type":"Feature","id":12648108179,"properties":{"amenity":"bank","brand":"ธนาคารกสิกรไทย","brand:en":"Kasikornbank","brand:th":"ธนาคารกสิกรไทย","brand:wikidata":"Q276557","name":"ธนาคารกสิกรไทย","name:en":"Kasikornbank","name:th":"ธนาคารกสิกรไทย","@type":"node","@id":12648108179},"geometry":{"type":"Point","coordinates":[100.5473364,13.726092]}},{"type":"Feature","id":12648108180,"properties":{"amenity":"bank","brand":"ธนาคารทหารไทย","brand:en":"TMBThanachart Bank","brand:th":"ธนาคารทหารไทย","brand:wikidata":"Q1527826","name":"ธนาคารทหารไทย","name:en":"TMBThanachart Bank","name:th":"ธนาคารทหารไทย","short_name":"ttb","@type":"node","@id":12648108180},"geometry":{"type":"Point","coordinates":[100.5473686,13.7262171]}},{"type":"Feature","id":12703802694,"properties":{"amenity":"atm","brand":"Bangkok Bank","@type":"node","@id":12703802694},"geometry":{"type":"Point","coordinates":[100.5429826,13.6730936]}},{"type":"Feature","id":12703802696,"properties":{"amenity":"atm","brand":"Siam commercial","@type":"node","@id":12703802696},"geometry":{"type":"Point","coordinates":[100.5432316,13.6732383]}},{"type":"Feature","id":12715087606,"properties":{"amenity":"bank","brand":"ธนาคารออมสิน","brand:en":"Government Savings Bank","brand:th":"ธนาคารออมสิน","brand:wikidata":"Q6579041","name":"ธนาคารออมสิน","name:en":"Government Savings Bank","name:th":"ธนาคารออมสิน","@type":"node","@id":12715087606},"geometry":{"type":"Point","coordinates":[100.6286044,13.7882919]}},{"type":"Feature","id":12715674580,"properties":{"amenity":"atm","brand":"ธนาคารกสิกรไทย","brand:en":"Kasikornbank","brand:th":"ธนาคารกสิกรไทย","brand:wikidata":"Q276557","operator":"ธนาคารกสิกรไทย","operator:wikidata":"Q276557","@type":"node","@id":12715674580},"geometry":{"type":"Point","coordinates":[100.5531651,13.7365743]}},{"type":"Feature","id":12912368162,"properties":{"amenity":"atm","operator":"SCB (Siam Commercial Bank)","@type":"node","@id":12912368162},"geometry":{"type":"Point","coordinates":[100.613362,13.9874437]}},{"type":"Feature","id":12912369808,"properties":{"amenity":"atm","brand":"ธนาคารกสิกรไทย","brand:en":"Kasikornbank","brand:th":"ธนาคารกสิกรไทย","brand:wikidata":"Q276557","operator":"ธนาคารกสิกรไทย","operator:wikidata":"Q276557","@type":"node","@id":12912369808},"geometry":{"type":"Point","coordinates":[100.6133686,13.9874284]}},{"type":"Feature","id":12998182661,"properties":{"amenity":"atm","brand":"ธนาคารกรุงเทพ","brand:en":"Bangkok Bank","brand:th":"ธนาคารกรุงเทพ","brand:wikidata":"Q806483","operator":"ธนาคารกรุงเทพ","operator:wikidata":"Q806483","@type":"node","@id":12998182661},"geometry":{"type":"Point","coordinates":[100.5471085,13.6865708]}},{"type":"Feature","id":13015744433,"properties":{"air_conditioning":"yes","amenity":"bank","atm":"yes","branch":"Thammasat University Tha Prachan","brand":"ธนาคารกรุงไทย","brand:en":"Krung Thai Bank","brand:th":"ธนาคารกรุงไทย","brand:wikidata":"Q962865","drive_through":"no","name":"ธนาคารกรุงไทย","name:en":"Krung Thai Bank","name:th":"ธนาคารกรุงไทย","@type":"node","@id":13015744433},"geometry":{"type":"Point","coordinates":[100.4896956,13.7568643]}},{"type":"Feature","id":13017210202,"properties":{"amenity":"bank","brand":"ธนาคารกรุงเทพ","brand:en":"Bangkok Bank","brand:th":"ธนาคารกรุงเทพ","brand:wikidata":"Q806483","name":"ธนาคารกรุงเทพ","name:en":"Bangkok Bank","name:th":"ธนาคารกรุงเทพ","@type":"node","@id":13017210202},"geometry":{"type":"Point","coordinates":[100.4892934,13.7565021]}},{"type":"Feature","id":13041017403,"properties":{"amenity":"atm","@type":"node","@id":13041017403},"geometry":{"type":"Point","coordinates":[100.503448,13.752895]}},{"type":"Feature","id":13081957358,"properties":{"amenity":"bank","brand":"ธนาคารกรุงไทย","brand:en":"Krung Thai Bank","brand:th":"ธนาคารกรุงไทย","brand:wikidata":"Q962865","name":"ธนาคารกรุงไทย","name:en":"Krung Thai Bank","name:th":"ธนาคารกรุงไทย","@type":"node","@id":13081957358},"geometry":{"type":"Point","coordinates":[100.5273815,13.764045]}},{"type":"Feature","id":13148601701,"properties":{"amenity":"atm","operator":"kbank","@type":"node","@id":13148601701},"geometry":{"type":"Point","coordinates":[100.4996095,13.7637963]}},{"type":"Feature","id":13166876401,"properties":{"amenity":"atm","@type":"node","@id":13166876401},"geometry":{"type":"Point","coordinates":[100.5786093,13.7460249]}},{"type":"Feature","id":13166876701,"properties":{"amenity":"atm","@type":"node","@id":13166876701},"geometry":{"type":"Point","coordinates":[100.5701515,13.7302002]}},{"type":"Feature","id":13166876801,"properties":{"amenity":"atm","@type":"node","@id":13166876801},"geometry":{"type":"Point","coordinates":[100.5695822,13.7299278]}},{"type":"Feature","id":13166927001,"properties":{"amenity":"atm","brand":"ธนาคารกสิกรไทย","brand:en":"Kasikornbank","brand:th":"ธนาคารกสิกรไทย","brand:wikidata":"Q276557","opening_hours":"24/7","operator":"ธนาคารกสิกรไทย","operator:wikidata":"Q276557","@type":"node","@id":13166927001},"geometry":{"type":"Point","coordinates":[100.4839303,13.7714284]}},{"type":"Feature","id":13167013901,"properties":{"amenity":"atm","@type":"node","@id":13167013901},"geometry":{"type":"Point","coordinates":[100.5955927,13.7122914]}},{"type":"Feature","id":13228798588,"properties":{"amenity":"atm","brand":"ธนาคารไทยพาณิชย์","brand:en":"Siam Commercial Bank","brand:th":"ธนาคารไทยพาณิชย์","brand:wikidata":"Q2038986","description":"Withdraw 3000 THB has a 250 commission fee with UnionPay  in 2025.10","operator":"ธนาคารไทยพาณิชย์","operator:wikidata":"Q2038986","@type":"node","@id":13228798588},"geometry":{"type":"Point","coordinates":[100.584561,13.7925486]}},{"type":"Feature","id":13239258619,"properties":{"amenity":"bank","brand":"ธนาคารกรุงไทย","brand:en":"Krung Thai Bank","brand:th":"ธนาคารกรุงไทย","brand:wikidata":"Q962865","name":"ธนาคารกรุงไทย","name:en":"Krung Thai Bank","name:th":"ธนาคารกรุงไทย","@type":"node","@id":13239258619},"geometry":{"type":"Point","coordinates":[100.4990216,13.7629394]}},{"type":"Feature","id":13239258620,"properties":{"amenity":"atm","brand":"ธนาคารกรุงเทพ","brand:en":"Bangkok Bank","brand:th":"ธนาคารกรุงเทพ","brand:wikidata":"Q806483","operator":"ธนาคารกรุงเทพ","operator:wikidata":"Q806483","@type":"node","@id":13239258620},"geometry":{"type":"Point","coordinates":[100.4990957,13.7629333]}},{"type":"Feature","id":13239258621,"properties":{"amenity":"atm","brand":"กรุงศรี","brand:en":"Bank of Ayudhya","brand:th":"กรุงศรี","brand:wikidata":"Q782537","operator":"กรุงศรี","operator:wikidata":"Q782537","@type":"node","@id":13239258621},"geometry":{"type":"Point","coordinates":[100.4990248,13.7629769]}},{"type":"Feature","id":13247337372,"properties":{"amenity":"atm","check_date":"2025-10-21","operator":"KBank","@type":"node","@id":13247337372},"geometry":{"type":"Point","coordinates":[100.467693,13.71329]}},{"type":"Feature","id":13247698504,"properties":{"amenity":"atm","check_date":"2025-10-21","@type":"node","@id":13247698504},"geometry":{"type":"Point","coordinates":[100.5253696,13.7410813]}},{"type":"Feature","id":13290998515,"properties":{"amenity":"atm","brand":"ธนาคารกสิกรไทย","brand:en":"Kasikornbank","brand:th":"ธนาคารกสิกรไทย","brand:wikidata":"Q276557","operator":"ธนาคารกสิกรไทย","operator:wikidata":"Q276557","@type":"node","@id":13290998515},"geometry":{"type":"Point","coordinates":[100.5520836,13.7465053]}},{"type":"Feature","id":13301396361,"properties":{"amenity":"atm","@type":"node","@id":13301396361},"geometry":{"type":"Point","coordinates":[100.5067853,13.753312]}},{"type":"Feature","id":13333712395,"properties":{"amenity":"bank","branch":"มหาดไทย","brand":"ธนาคารออมสิน","brand:en":"Government Savings Bank","brand:th":"ธนาคารออมสิน","brand:wikidata":"Q6579041","name":"ธนาคารออมสิน","name:en":"Government Savings Bank","name:th":"ธนาคารออมสิน","@type":"node","@id":13333712395},"geometry":{"type":"Point","coordinates":[100.497982,13.7506537]}},{"type":"Feature","id":13342211101,"properties":{"amenity":"atm","@type":"node","@id":13342211101},"geometry":{"type":"Point","coordinates":[100.4895865,13.7437834]}},{"type":"Feature","id":13342211102,"properties":{"amenity":"atm","@type":"node","@id":13342211102},"geometry":{"type":"Point","coordinates":[100.4896127,13.7437792]}},{"type":"Feature","id":13342211901,"properties":{"amenity":"atm","@type":"node","@id":13342211901},"geometry":{"type":"Point","coordinates":[100.4896031,13.7437725]}},{"type":"Feature","id":13342212001,"properties":{"amenity":"atm","@type":"node","@id":13342212001},"geometry":{"type":"Point","coordinates":[100.4896027,13.7437738]}},{"type":"Feature","id":13366557237,"properties":{"amenity":"atm","cash_in":"no","operator":"UOB","@type":"node","@id":13366557237},"geometry":{"type":"Point","coordinates":[100.4983949,13.7592666]}},{"type":"Feature","id":13505847363,"properties":{"amenity":"bank","brand":"ธนาคารกสิกรไทย","brand:en":"Kasikornbank","brand:th":"ธนาคารกสิกรไทย","brand:wikidata":"Q276557","name":"ธนาคารกสิกรไทย","name:en":"Kasikornbank","name:th":"ธนาคารกสิกรไทย","@type":"node","@id":13505847363},"geometry":{"type":"Point","coordinates":[100.66027,13.825154]}},{"type":"Feature","id":13505847364,"properties":{"amenity":"bank","brand":"ธนาคารไทยพาณิชย์","brand:en":"Siam Commercial Bank","brand:th":"ธนาคารไทยพาณิชย์","brand:wikidata":"Q2038986","name":"ธนาคารไทยพาณิชย์","name:en":"Siam Commercial Bank","name:th":"ธนาคารไทยพาณิชย์","@type":"node","@id":13505847364},"geometry":{"type":"Point","coordinates":[100.6597342,13.8251246]}},{"type":"Feature","id":13505847365,"properties":{"alt_name:en":"Krungsri","amenity":"bank","brand":"กรุงศรี","brand:en":"Bank of Ayudhya","brand:th":"กรุงศรี","brand:wikidata":"Q782537","name":"กรุงศรี","name:en":"Bank of Ayudhya","name:th":"กรุงศรี","@type":"node","@id":13505847365},"geometry":{"type":"Point","coordinates":[100.6594978,13.8254967]}},{"type":"Feature","id":13505847366,"properties":{"amenity":"atm","@type":"node","@id":13505847366},"geometry":{"type":"Point","coordinates":[100.6594587,13.8251756]}},{"type":"Feature","id":13505847367,"properties":{"amenity":"bank","brand":"ธนาคารกรุงเทพ","brand:en":"Bangkok Bank","brand:th":"ธนาคารกรุงเทพ","brand:wikidata":"Q806483","name":"ธนาคารกรุงเทพ","name:en":"Bangkok Bank","name:th":"ธนาคารกรุงเทพ","@type":"node","@id":13505847367},"geometry":{"type":"Point","coordinates":[100.6595933,13.8251334]}},{"type":"Feature","id":13516618217,"properties":{"amenity":"bank","brand":"ธนาคารกรุงไทย","brand:en":"Krung Thai Bank","brand:th":"ธนาคารกรุงไทย","brand:wikidata":"Q962865","name":"ธนาคารกรุงไทย","name:en":"Krung Thai Bank","name:th":"ธนาคารกรุงไทย","@type":"node","@id":13516618217},"geometry":{"type":"Point","coordinates":[100.654157,13.818342]}},{"type":"Feature","id":13592192801,"properties":{"amenity":"atm","@type":"node","@id":13592192801},"geometry":{"type":"Point","coordinates":[100.5229495,13.7770159]}},{"type":"Feature","id":13663943254,"properties":{"amenity":"bank","name":"Bangkok bank","@type":"node","@id":13663943254},"geometry":{"type":"Point","coordinates":[100.6649356,13.9959067]}},{"type":"Feature","id":13716355940,"properties":{"amenity":"bank","brand":"ธนาคารกสิกรไทย","brand:en":"Kasikornbank","brand:th":"ธนาคารกสิกรไทย","brand:wikidata":"Q276557","name":"ธนาคารกสิกรไทย","name:en":"Kasikornbank","name:th":"ธนาคารกสิกรไทย","@type":"node","@id":13716355940},"geometry":{"type":"Point","coordinates":[100.5129647,13.7139895]}},{"type":"Feature","id":13716355941,"properties":{"amenity":"bank","brand":"ธนาคารกรุงไทย","brand:en":"Krung Thai Bank","brand:th":"ธนาคารกรุงไทย","brand:wikidata":"Q962865","name":"ธนาคารกรุงไทย","name:en":"Krung Thai Bank","name:th":"ธนาคารกรุงไทย","@type":"node","@id":13716355941},"geometry":{"type":"Point","coordinates":[100.5128718,13.7137873]}},{"type":"Feature","id":13845392556,"properties":{"amenity":"atm","brand":"ธนาคารกรุงไทย","brand:en":"Krung Thai Bank","brand:th":"ธนาคารกรุงไทย","brand:wikidata":"Q962865","operator":"ธนาคารกรุงไทย","operator:wikidata":"Q962865","@type":"node","@id":13845392556},"geometry":{"type":"Point","coordinates":[100.4983783,13.758486]}},{"type":"Feature","id":13845392557,"properties":{"amenity":"atm","brand":"ICBC","brand:wikidata":"Q26463","operator":"ICBC","operator:wikidata":"Q26463","@type":"node","@id":13845392557},"geometry":{"type":"Point","coordinates":[100.4983014,13.7585195]}},{"type":"Feature","id":13845392558,"properties":{"amenity":"atm","brand":"ธนาคารกสิกรไทย","brand:en":"Kasikornbank","brand:th":"ธนาคารกสิกรไทย","brand:wikidata":"Q276557","operator":"ธนาคารกสิกรไทย","operator:wikidata":"Q276557","@type":"node","@id":13845392558},"geometry":{"type":"Point","coordinates":[100.4982892,13.7585196]}},{"type":"Feature","id":13870346383,"properties":{"amenity":"atm","brand":"ธนาคารไทยพาณิชย์","brand:en":"Siam Commercial Bank","brand:th":"ธนาคารไทยพาณิชย์","brand:wikidata":"Q2038986","operator":"ธนาคารไทยพาณิชย์","operator:wikidata":"Q2038986","@type":"node","@id":13870346383},"geometry":{"type":"Point","coordinates":[100.2732038,13.5533867]}},{"type":"Feature","id":13870352370,"properties":{"amenity":"atm","brand":"ธนาคารกสิกรไทย","brand:en":"Kasikornbank","brand:th":"ธนาคารกสิกรไทย","brand:wikidata":"Q276557","cash_in":"yes","operator":"ธนาคารกสิกรไทย","operator:wikidata":"Q276557","@type":"node","@id":13870352370},"geometry":{"type":"Point","coordinates":[100.2766386,13.5473047]}},{"type":"Feature","id":13870354758,"properties":{"amenity":"atm","brand":"ธนาคารกสิกรไทย","brand:en":"Kasikornbank","brand:th":"ธนาคารกสิกรไทย","brand:wikidata":"Q276557","operator":"ธนาคารกสิกรไทย","operator:wikidata":"Q276557","@type":"node","@id":13870354758},"geometry":{"type":"Point","coordinates":[100.2737029,13.5509726]}},{"type":"Feature","id":13870435462,"properties":{"addr:district":"เมืองสมุทรสาคร","addr:postcode":"74000","addr:province":"สมุทรสาคร","addr:street":"ถนนเศรษฐกิจ 1","addr:subdistrict":"ท่าทราย","amenity":"bank","branch":"ถนนเศรษฐกิจ 1 สมุทรสาคร","brand":"ธนาคารกสิกรไทย","brand:en":"Kasikornbank","brand:th":"ธนาคารกสิกรไทย","brand:wikidata":"Q276557","name":"ธนาคารกสิกรไทย","name:en":"Kasikornbank","name:th":"ธนาคารกสิกรไทย","operator":"ธนาคารกสิกรไทย","@type":"node","@id":13870435462},"geometry":{"type":"Point","coordinates":[100.2715056,13.5680087]}},{"type":"Feature","id":13870435463,"properties":{"amenity":"atm","brand":"ธนาคารกสิกรไทย","brand:en":"Kasikornbank","brand:th":"ธนาคารกสิกรไทย","brand:wikidata":"Q276557","cash_in":"yes","operator":"ธนาคารกสิกรไทย","operator:wikidata":"Q276557","@type":"node","@id":13870435463},"geometry":{"type":"Point","coordinates":[100.2716672,13.5680502]}},{"type":"Feature","id":13870441920,"properties":{"addr:district":"เมืองสมุทรสาคร","addr:postcode":"74000","addr:province":"สมุทรสาคร","addr:street":"ถนนเศรษฐกิจ 1","addr:subdistrict":"มหาชัย","amenity":"bank","branch":"สมุทรสาคร","brand":"ธนาคารไทยพาณิชย์","brand:en":"Siam Commercial Bank","brand:th":"ธนาคารไทยพาณิชย์","brand:wikidata":"Q2038986","name":"ธนาคารไทยพาณิชย์","name:en":"Siam Commercial Bank","name:th":"ธนาคารไทยพาณิชย์","@type":"node","@id":13870441920},"geometry":{"type":"Point","coordinates":[100.2732008,13.5533995]}},{"type":"Feature","id":13870443929,"properties":{"amenity":"atm","brand":"ธนาคารกรุงไทย","brand:en":"Krung Thai Bank","brand:th":"ธนาคารกรุงไทย","brand:wikidata":"Q962865","cash_in":"yes","operator":"ธนาคารกรุงไทย","operator:wikidata":"Q962865","@type":"node","@id":13870443929},"geometry":{"type":"Point","coordinates":[100.2768233,13.5476247]}},{"type":"Feature","id":13870520194,"properties":{"addr:district":"เมืองสมุทรสาคร","addr:postcode":"74000","addr:province":"สมุทรสาคร","addr:street":"ถนนเอกชัย","addr:subdistrict":"โคกขาม","amenity":"bank","branch":"ถนนเอกชัย-สมุทรสาคร","brand":"ธนาคารกสิกรไทย","brand:en":"Kasikornbank","brand:th":"ธนาคารกสิกรไทย","brand:wikidata":"Q276557","name":"ธนาคารกสิกรไทย","name:en":"Kasikornbank","name:th":"ธนาคารกสิกรไทย","@type":"node","@id":13870520194},"geometry":{"type":"Point","coordinates":[100.2895244,13.5582676]}},{"type":"Feature","id":13870524587,"properties":{"amenity":"atm","brand":"ธนาคารกสิกรไทย","brand:en":"Kasikornbank","brand:th":"ธนาคารกสิกรไทย","brand:wikidata":"Q276557","cash_in":"yes","operator":"ธนาคารกสิกรไทย","operator:wikidata":"Q276557","@type":"node","@id":13870524587},"geometry":{"type":"Point","coordinates":[100.2895834,13.5581202]}},{"type":"Feature","id":13870526650,"properties":{"amenity":"atm","brand":"ธนาคารไทยพาณิชย์","brand:en":"Siam Commercial Bank","brand:th":"ธนาคารไทยพาณิชย์","brand:wikidata":"Q2038986","cash_in":"yes","operator":"ธนาคารไทยพาณิชย์","operator:wikidata":"Q2038986","@type":"node","@id":13870526650},"geometry":{"type":"Point","coordinates":[100.2814525,13.5509827]}},{"type":"Feature","id":13870526901,"properties":{"addr:district":"เมืองสมุทรสาคร","addr:postcode":"74000","addr:province":"สมุทรสาคร","addr:street":"ถนนเอกชัย","addr:subdistrict":"มหาชัย","amenity":"bank","brand":"ธนาคารไทยพาณิชย์","brand:en":"Siam Commercial Bank","brand:th":"ธนาคารไทยพาณิชย์","brand:wikidata":"Q2038986","name":"ธนาคารไทยพาณิชย์","name:en":"Siam Commercial Bank","name:th":"ธนาคารไทยพาณิชย์","@type":"node","@id":13870526901},"geometry":{"type":"Point","coordinates":[100.2815155,13.5509306]}},{"type":"Feature","id":13870606188,"properties":{"amenity":"bank","brand":"ธนาคารไทยพาณิชย์","brand:en":"Siam Commercial Bank","brand:th":"ธนาคารไทยพาณิชย์","brand:wikidata":"Q2038986","name":"ธนาคารไทยพาณิชย์","name:en":"Siam Commercial Bank","name:th":"ธนาคารไทยพาณิชย์","@type":"node","@id":13870606188},"geometry":{"type":"Point","coordinates":[100.2727902,13.5753113]}},{"type":"Feature","id":13874914202,"properties":{"amenity":"atm","branch":"มหาชัย","brand":"ธนาคารออมสิน","brand:en":"Government Savings Bank","brand:th":"ธนาคารออมสิน","brand:wikidata":"Q6579041","operator":"ธนาคารออมสิน","operator:wikidata":"Q6579041","@type":"node","@id":13874914202},"geometry":{"type":"Point","coordinates":[100.27716,13.5470075]}},{"type":"Feature","id":13875028376,"properties":{"amenity":"atm","branch":"สมุทรสาคร","brand":"ธนาคารกรุงเทพ","brand:en":"Bangkok Bank","brand:th":"ธนาคารกรุงเทพ","brand:wikidata":"Q806483","cash_in":"yes","operator":"ธนาคารกรุงเทพ","operator:wikidata":"Q806483","@type":"node","@id":13875028376},"geometry":{"type":"Point","coordinates":[100.2768942,13.5467375]}},{"type":"Feature","id":13891942926,"properties":{"addr:district":"เมืองสมุทรสาคร","addr:postcode":"74000","addr:province":"สมุทรสาคร","addr:street":"ถนนเศรษฐกิจ 1","addr:subdistrict":"มหาชัย","amenity":"bank","branch":"เขตสมุทรสาคร","brand":"ธนาคารออมสิน","brand:en":"Government Savings Bank","brand:th":"ธนาคารออมสิน","brand:wikidata":"Q6579041","name":"ธนาคารออมสิน","name:en":"Government Savings Bank","name:th":"ธนาคารออมสิน","@type":"node","@id":13891942926},"geometry":{"type":"Point","coordinates":[100.2731419,13.5523331]}},{"type":"Feature","id":13891944340,"properties":{"addr:district":"เมืองสมุทรสาคร","addr:postcode":"74000","addr:province":"สมุทรสาคร","addr:street":"ถนนเศรษฐกิจ 1","addr:subdistrict":"มหาชัย","amenity":"bank","branch":"สมุทรสาคร","brand":"ธนาคารกรุงไทย","brand:en":"Krung Thai Bank","brand:th":"ธนาคารกรุงไทย","brand:wikidata":"Q962865","name":"ธนาคารกรุงไทย","name:en":"Krung Thai Bank","name:th":"ธนาคารกรุงไทย","@type":"node","@id":13891944340},"geometry":{"type":"Point","coordinates":[100.2730929,13.552558]}},{"type":"Feature","id":13892013034,"properties":{"amenity":"atm","branch":"สมุทรสาคร","brand":"ธนาคารกรุงไทย","brand:en":"Krung Thai Bank","brand:th":"ธนาคารกรุงไทย","brand:wikidata":"Q962865","cash_in":"yes","operator":"ธนาคารกรุงไทย","operator:wikidata":"Q962865","@type":"node","@id":13892013034},"geometry":{"type":"Point","coordinates":[100.273232,13.5525087]}},{"type":"Feature","id":13892027604,"properties":{"amenity":"atm","branch":"สมุทรสาคร","brand":"ธนาคารออมสิน","brand:en":"Government Savings Bank","brand:th":"ธนาคารออมสิน","brand:wikidata":"Q6579041","cash_in":"yes","country":"ไทย","operator":"ธนาคารออมสิน","operator:wikidata":"Q6579041","@type":"node","@id":13892027604},"geometry":{"type":"Point","coordinates":[100.2733777,13.5524131]}},{"type":"Feature","id":13892027629,"properties":{"addr:city":"เมืองสมุทรสาคร","addr:country":"TH","addr:street":"เอกชัย","amenity":"bank","branch":"ถนนเอกชัย 2","brand":"ธนาคารกรุงเทพ","brand:en":"Bangkok Bank","brand:th":"ธนาคารกรุงเทพ","brand:wikidata":"Q806483","name":"ธนาคารกรุงเทพ","name:en":"Bangkok Bank","name:th":"ธนาคารกรุงเทพ","@type":"node","@id":13892027629},"geometry":{"type":"Point","coordinates":[100.2718019,13.5496095]}},{"type":"Feature","id":13892033364,"properties":{"addr:country":"TH","addr:postcode":"74000","amenity":"atm","branch":"สาขาถนนเอกชัย2","brand":"ธนาคารกรุงไทย","brand:en":"Krung Thai Bank","brand:th":"ธนาคารกรุงไทย","brand:wikidata":"Q962865","operator":"ธนาคารกรุงไทย","operator:wikidata":"Q962865","@type":"node","@id":13892033364},"geometry":{"type":"Point","coordinates":[100.2717597,13.5495609]}},{"type":"Feature","id":13919345501,"properties":{"amenity":"atm","@type":"node","@id":13919345501},"geometry":{"type":"Point","coordinates":[100.5288122,13.7561122]}},{"type":"Feature","id":13990140201,"properties":{"amenity":"atm","@type":"node","@id":13990140201},"geometry":{"type":"Point","coordinates":[100.4939864,13.7613838]}},{"type":"Feature","id":14028407351,"properties":{"amenity":"atm","brand":"กรุงศรี","brand:en":"Bank of Ayudhya","brand:th":"กรุงศรี","brand:wikidata":"Q782537","operator":"กรุงศรี","operator:wikidata":"Q782537","@type":"node","@id":14028407351},"geometry":{"type":"Point","coordinates":[100.2736928,13.5527448]}},{"type":"Feature","id":14028440894,"properties":{"amenity":"atm","brand":"กรุงศรี","brand:en":"Bank of Ayudhya","brand:th":"กรุงศรี","brand:wikidata":"Q782537","operator":"กรุงศรี","operator:wikidata":"Q782537","@type":"node","@id":14028440894},"geometry":{"type":"Point","coordinates":[100.2723659,13.5730954]}},{"type":"Feature","id":14076061102,"properties":{"amenity":"atm","operator":"KBank","@type":"node","@id":14076061102},"geometry":{"type":"Point","coordinates":[100.7490686,13.6918469]}},{"type":"Feature","id":14076064701,"properties":{"amenity":"atm","opening_hours":"24/7","operator":"KBank","@type":"node","@id":14076064701},"geometry":{"type":"Point","coordinates":[100.7496535,13.6932469]}},{"type":"Feature","id":14206414599,"properties":{"amenity":"bank","name":"ธนาคารไทยเครดิต","@type":"node","@id":14206414599},"geometry":{"type":"Point","coordinates":[100.6432138,13.8577526]}},{"type":"Feature","id":14239247671,"properties":{"amenity":"atm","cash_in":"no","@type":"node","@id":14239247671},"geometry":{"type":"Point","coordinates":[100.6399153,13.6906268]}},{"type":"Feature","id":25787454,"properties":{"addr:district":"วัฒนา","addr:housename":"สำนักงานใหญ่ธนาคารกรุงไทย อาคาร 1","addr:housenumber":"35","addr:postcode":"10110","addr:province":"กรุงเทพมหานคร","addr:street":"ถนนสุขุมวิท","addr:subdistrict":"คลองเตยเหนือ","alt_name:en":"KTB","amenity":"bank","atm":"yes","branch":"สำนักงานใหญ่ อาคาร 1","brand":"ธนาคารกรุงไทย","brand:en":"Krung Thai Bank","brand:th":"ธนาคารกรุงไทย","brand:wikidata":"Q962865","building":"yes","name":"ธนาคารกรุงไทย","name:en":"Krung Thai Bank","name:th":"ธนาคารกรุงไทย","@type":"way","@id":25787454},"geometry":{"type":"Point","coordinates":[100.5522837,13.7435165]}},{"type":"Feature","id":62229183,"properties":{"addr:district":"คลองเตย","addr:postcode":"10110","addr:province":"กรุงเทพมหานคร","addr:subdistrict":"คลองเตย","amenity":"bank","atm":"yes","brand":"ธนาคารกรุงไทย","brand:en":"Krung Thai Bank","brand:th":"ธนาคารกรุงไทย","building":"yes","building:levels":"25","name":"อาคารสำนักงานใหญ่ 2 ธนาคารกรุงไทย","name:en":"Krung Thai Bank Head Office 2","name:th":"อาคารสำนักงานใหญ่ 2 ธนาคารกรุงไทย","not:brand:wikidata":"Q962865","@type":"way","@id":62229183},"geometry":{"type":"Point","coordinates":[100.5511201,13.7421059]}},{"type":"Feature","id":138948392,"properties":{"addr:district":"พระนคร","addr:housenumber":"36","addr:postcode":"10200","addr:province":"กรุงเทพมหานคร","addr:subdistrict":"วังบูรพาภิรมย์","amenity":"bank","atm":"yes","branch":"ตรีเพชร","brand":"ธนาคารไทยพาณิชย์","brand:en":"Siam Commercial Bank","brand:th":"ธนาคารไทยพาณิชย์","brand:wikidata":"Q2038986","brand:wikipedia":"en:Siam Commercial Bank","building":"commercial","name":"ธนาคารไทยพาณิชย์","name:en":"Siam Commercial Bank","name:th":"ธนาคารไทยพาณิชย์","opening_hours":"Mo-Fr 08:30-16:00","@type":"way","@id":138948392},"geometry":{"type":"Point","coordinates":[100.4992796,13.7462985]}},{"type":"Feature","id":138948593,"properties":{"addr:district":"พระนคร","addr:housenumber":"22/5","addr:postcode":"10200","addr:province":"กรุงเทพมหานคร","addr:subdistrict":"วังบูรพาภิรมย์","amenity":"bank","branch":"สี่กั๊กพระยาศรี","branch:en":"Sikak Phraya Sri","brand":"Thanachart Bank","building":"yes","name":"ธนาคารธนชาต","name:en":"Thanachart Bank","name:th":"ธนาคารธนชาต","opening_hours":"Mo-Fr 08:30-16:00","@type":"way","@id":138948593},"geometry":{"type":"Point","coordinates":[100.4974495,13.7471072]}},{"type":"Feature","id":156471575,"properties":{"amenity":"bank","brand":"ธนาคารกสิกรไทย","brand:en":"Kasikornbank","brand:th":"ธนาคารกสิกรไทย","brand:wikidata":"Q276557","building":"yes","name":"ธนาคารกสิกรไทย","name:en":"Kasikornbank","name:th":"ธนาคารกสิกรไทย","@type":"way","@id":156471575},"geometry":{"type":"Point","coordinates":[100.5133759,13.6786465]}},{"type":"Feature","id":156639194,"properties":{"addr:district":"บางรัก","addr:district:en":"Bang Rak","addr:district:th":"บางรัก","addr:postcode":"10500","addr:province":"กรุงเทพมหานคร","addr:subdistrict":"สีลม","amenity":"atm","brand":"ธนาคารกรุงเทพ","brand:en":"Bangkok Bank","brand:th":"ธนาคารกรุงเทพ","brand:wikidata":"Q806483","building":"office","name":"สำนักงานใหญ่ธนาคารกรุงเทพ","name:en":"Bangkok Bank HQ Building","name:th":"สำนักงานใหญ่ธนาคารกรุงเทพ","operator":"ธนาคารกรุงเทพ","operator:wikidata":"Q806483","source":"Yahoo","@type":"way","@id":156639194},"geometry":{"type":"Point","coordinates":[100.5303384,13.7264423]}},{"type":"Feature","id":157522238,"properties":{"addr:district":"ปทุมวัน","addr:postcode":"10330","addr:province":"กรุงเทพมหานคร","addr:subdistrict":"ปทุมวัน","amenity":"bank","atm":"yes","building":"yes","name":"ธนาคารไทยพาณิชย์ สาขาสภากาชาดไทย","@type":"way","@id":157522238},"geometry":{"type":"Point","coordinates":[100.5344903,13.7343689]}},{"type":"Feature","id":157522264,"properties":{"addr:district":"ปทุมวัน","addr:housenumber":"44","addr:postcode":"10330","addr:province":"กรุงเทพมหานคร","addr:street":"หลังสวน;ถนนหลังสวน","addr:subdistrict":"ลุมพินี","amenity":"bank","building":"commercial","building:levels":"22","height":"110","name":"สำนักงานใหญ่ธนาคารซีไอเอ็มบี ไทย","name:en":"CIMB Thai Bank Headquarter","name:th":"สำนักงานใหญ่ธนาคารซีไอเอ็มบี ไทย","note":"rough trace","source":"Bing","@type":"way","@id":157522264},"geometry":{"type":"Point","coordinates":[100.5427734,13.7405869]}},{"type":"Feature","id":158483470,"properties":{"amenity":"bank","building":"yes","name":"ซีไอเอ็มบี ไทย สาขาเมืองทองธานี","name:en":"CIMB Thai","@type":"way","@id":158483470},"geometry":{"type":"Point","coordinates":[100.537917,13.9040763]}},{"type":"Feature","id":163990422,"properties":{"addr:district":"ป้อมปราบศัตรูพ่าย","addr:postcode":"10100","addr:province":"กรุงเทพมหานคร","addr:subdistrict":"วัดเทพศิรินทร์","alt_name":"SCIB","amenity":"bank","atm":"yes","building":"yes","image":"https://images.mapillary.com/fEQ--XH5nbKzMwhVtbA5og/thumb-2048.jpg","mapillary":"222725315967712","name":"สำนักสวนมะลิ","operator":"นครหลวงไทย","@type":"way","@id":163990422},"geometry":{"type":"Point","coordinates":[100.5120039,13.7490083]}},{"type":"Feature","id":163990424,"properties":{"addr:district":"ป้อมปราบศัตรูพ่าย","addr:postcode":"10100","addr:province":"กรุงเทพมหานคร","addr:subdistrict":"วัดเทพศิรินทร์","alt_name":"SCIB","amenity":"bank","atm":"yes","building":"yes","name":"สำนักสวนมะลิ","operator":"นครหลวงไทย","@type":"way","@id":163990424},"geometry":{"type":"Point","coordinates":[100.512125,13.7487221]}},{"type":"Feature","id":163990434,"properties":{"addr:district":"ป้อมปราบศัตรูพ่าย","addr:postcode":"10100","addr:province":"กรุงเทพมหานคร","addr:subdistrict":"วัดเทพศิรินทร์","amenity":"bank","atm":"yes","brand":"ธนาคารกรุงไทย","brand:en":"Krung Thai Bank","brand:th":"ธนาคารกรุงไทย","brand:wikidata":"Q962865","building":"yes","name":"ธนาคารกรุงไทย","name:en":"Krung Thai Bank","name:th":"ธนาคารกรุงไทย","@type":"way","@id":163990434},"geometry":{"type":"Point","coordinates":[100.5110435,13.7495968]}},{"type":"Feature","id":175492251,"properties":{"addr:city":"ปากเกร็ด","addr:housenumber":"47/7","addr:postcode":"11120","addr:street":"ถนนป๊อปปูล่า","amenity":"bank","atm":"yes","building":"commercial","drive_through":"no","name":"อาคารแจ้งวัฒนะ","name:en":"Kasikorn Chaengwattana Building","name:th":"อาคารแจ้งวัฒนะ","office":"financial","operator":"Kasikornbank","@type":"way","@id":175492251},"geometry":{"type":"Point","coordinates":[100.5509855,13.9089971]}},{"type":"Feature","id":176602775,"properties":{"addr:housenumber":"709","addr:postcode":"10160","addr:street":"ถนนเพชรเกษม","amenity":"bank","atm":"yes","building":"yes","name":"ธนาคารออมสิน สาขาบางแค","@type":"way","@id":176602775},"geometry":{"type":"Point","coordinates":[100.4291579,13.7119951]}},{"type":"Feature","id":177780988,"properties":{"amenity":"bank","atm":"yes","branch":"สาขาเพชรเกษมซอย 20","brand":"ธนาคารไทยพาณิชย์","brand:en":"Siam Commercial Bank","brand:th":"ธนาคารไทยพาณิชย์","brand:wikidata":"Q2038986","building":"yes","name":"ธนาคารไทยพาณิชย์","name:en":"Siam Commercial Bank","name:th":"ธนาคารไทยพาณิชย์","@type":"way","@id":177780988},"geometry":{"type":"Point","coordinates":[100.4499201,13.7165744]}},{"type":"Feature","id":177782660,"properties":{"addr:housenumber":"105","addr:postcode":"10160","addr:street":"ถนนเพชรเกษม","amenity":"bank","atm":"yes","building":"yes","name":"ธนาคาร ซีไอเอ็มบี ไทย สาขาภาษีเจริญ","name:en":"CIMB Thai Bank Phasi Charoen Branch","@type":"way","@id":177782660},"geometry":{"type":"Point","coordinates":[100.4528872,13.7177561]}},{"type":"Feature","id":184551040,"properties":{"amenity":"bank","building":"retail","operator":"TMB","@type":"way","@id":184551040},"geometry":{"type":"Point","coordinates":[100.5634595,13.8115511]}},{"type":"Feature","id":184554847,"properties":{"amenity":"bank","brand":"KBANK","building":"yes","name":"ธนาคารกสิกรไทย","@type":"way","@id":184554847},"geometry":{"type":"Point","coordinates":[100.5777704,13.8040216]}},{"type":"Feature","id":198250226,"properties":{"amenity":"bank","atm":"yes","branch":"สาขาบางแค","brand":"ธนาคารไทยพาณิชย์","brand:en":"Siam Commercial Bank","brand:th":"ธนาคารไทยพาณิชย์","brand:wikidata":"Q2038986","building":"yes","name":"ธนาคารไทยพาณิชย์","name:en":"Siam Commercial Bank","name:th":"ธนาคารไทยพาณิชย์","@type":"way","@id":198250226},"geometry":{"type":"Point","coordinates":[100.4163958,13.7117358]}},{"type":"Feature","id":204273303,"properties":{"addr:district":"พระนคร","addr:housenumber":"135","addr:postcode":"10200","addr:province":"กรุงเทพมหานคร","addr:street":"ถนนพระสุเมรุ","addr:subdistrict":"ชนะสงคราม","amenity":"bank","atm":"yes","branch":"บางลำพู","brand":"ธนาคารไทยพาณิชย์","brand:en":"Siam Commercial Bank","brand:th":"ธนาคารไทยพาณิชย์","brand:wikidata":"Q2038986","brand:wikipedia":"th:ธนาคารไทยพาณิชย์","building":"commercial","building:levels":"7","name":"ธนาคารไทยพาณิชย์","name:en":"Siam Commercial Bank","name:th":"ธนาคารไทยพาณิชย์","@type":"way","@id":204273303},"geometry":{"type":"Point","coordinates":[100.4982659,13.7625349]}},{"type":"Feature","id":204458639,"properties":{"addr:district":"พระนคร","addr:postcode":"10200","addr:province":"กรุงเทพมหานคร","addr:subdistrict":"ตลาดยอด","amenity":"bank","atm":"yes","branch":"บางลำภู","brand":"ธนาคารทหารไทย","brand:en":"TMBThanachart Bank","brand:th":"ธนาคารทหารไทย","brand:wikidata":"Q1527826","brand:wikipedia":"th:ธนาคารทหารไทยธนชาต","building":"retail","name":"ธนาคารทหารไทย","name:en":"TMBThanachart Bank","name:th":"ธนาคารทหารไทย","opening_hours":"Mo-Fr 08:30-15:30; PH closed","short_name":"ttb","short_name:th":"ทหารไทย","@type":"way","@id":204458639},"geometry":{"type":"Point","coordinates":[100.4994037,13.7609926]}},{"type":"Feature","id":207066395,"properties":{"amenity":"bank","atm":"yes","building":"yes","name":"Kasikorn","@type":"way","@id":207066395},"geometry":{"type":"Point","coordinates":[100.5416936,13.7726299]}},{"type":"Feature","id":207797227,"properties":{"amenity":"bank","building":"yes","name":"ธนาคารกสิกรไทย สาขาปากเกร็ด","@type":"way","@id":207797227},"geometry":{"type":"Point","coordinates":[100.4978996,13.9111881]}},{"type":"Feature","id":207797228,"properties":{"amenity":"bank","branch":"สาขาปากเกร็ด","brand":"ธนาคารทหารไทย","brand:en":"TMBThanachart Bank","brand:th":"ธนาคารทหารไทย","brand:wikidata":"Q1527826","building":"yes","name":"ธนาคารทหารไทย","name:en":"TMBThanachart Bank","name:th":"ธนาคารทหารไทย","short_name":"ttb","@type":"way","@id":207797228},"geometry":{"type":"Point","coordinates":[100.4968962,13.9122856]}},{"type":"Feature","id":207797229,"properties":{"amenity":"bank","branch":"สาขาปากเกร็ด","brand":"ธนาคารออมสิน","brand:en":"Government Savings Bank","brand:th":"ธนาคารออมสิน","brand:wikidata":"Q6579041","building":"yes","name":"ธนาคารออมสิน","name:en":"Government Savings Bank","name:th":"ธนาคารออมสิน","@type":"way","@id":207797229},"geometry":{"type":"Point","coordinates":[100.4975004,13.9116406]}},{"type":"Feature","id":207797230,"properties":{"amenity":"bank","building":"yes","name":"ธนาคาไทยพาณิชย์ สาขาปากเกร็ด","@type":"way","@id":207797230},"geometry":{"type":"Point","coordinates":[100.4967811,13.9123643]}},{"type":"Feature","id":208118667,"properties":{"amenity":"bank","building":"yes","name":"ธนาคารธนชาต สาขาปากเกร็ด","@type":"way","@id":208118667},"geometry":{"type":"Point","coordinates":[100.4980203,13.9119712]}},{"type":"Feature","id":220645991,"properties":{"amenity":"bank","building":"yes","name:en":"Government Savings Bank","@type":"way","@id":220645991},"geometry":{"type":"Point","coordinates":[100.5342677,14.0182632]}},{"type":"Feature","id":220645993,"properties":{"amenity":"bank","name:en":"Kasikorn Bank","@type":"way","@id":220645993},"geometry":{"type":"Point","coordinates":[100.5332304,14.0184689]}},{"type":"Feature","id":220646000,"properties":{"amenity":"bank","building":"yes","name:en":"Siam Commercial Bank","@type":"way","@id":220646000},"geometry":{"type":"Point","coordinates":[100.5340772,14.0182509]}},{"type":"Feature","id":220646005,"properties":{"amenity":"bank","building":"yes","@type":"way","@id":220646005},"geometry":{"type":"Point","coordinates":[100.53372,14.0183301]}},{"type":"Feature","id":228535348,"properties":{"amenity":"bank","building":"yes","name":"สหกรณ์ออมทรัพย์มหาวิทยาลัยธรรมศาสตร์ จำกัด","name:en":"Thammasat University Savings and Credit Co-Operative Ltd.","name:th":"สหกรณ์ออมทรัพย์มหาวิทยาลัยธรรมศาสตร์ จำกัด","@type":"way","@id":228535348},"geometry":{"type":"Point","coordinates":[100.6043266,14.0726174]}},{"type":"Feature","id":228699564,"properties":{"amenity":"bank","atm":"yes","brand":"ธนาคารทหารไทย","brand:en":"TMBThanachart Bank","brand:th":"ธนาคารทหารไทย","brand:wikidata":"Q1527826","building":"yes","name":"ธนาคารทหารไทย","name:en":"TMBThanachart Bank","name:th":"ธนาคารทหารไทย","short_name":"ttb","@type":"way","@id":228699564},"geometry":{"type":"Point","coordinates":[100.6158957,14.0744672]}},{"type":"Feature","id":228789279,"properties":{"addr:district":"พญาไท","addr:housename":"อาคารเอ็กซิม","addr:housenumber":"1193","addr:postcode":"10400","addr:province":"กรุงเทพมหานคร","addr:street":"ถนนพหลโยธิน","addr:subdistrict":"สามเสนใน","amenity":"bank","building":"office","building:levels":"26","name":"ธนาคารเพื่อการส่งออกและนำเข้าแห่งประเทศไทย","name:en":"Export-Import Bank of Thailand","name:th":"ธนาคารเพื่อการส่งออกและนำเข้าแห่งประเทศไทย","@type":"way","@id":228789279},"geometry":{"type":"Point","coordinates":[100.5437335,13.7788843]}},{"type":"Feature","id":228794721,"properties":{"addr:district":"พญาไท","addr:postcode":"10400","addr:province":"กรุงเทพมหานคร","addr:subdistrict":"พญาไท","amenity":"bank","atm":"yes","brand":"ธนาคารไทยพาณิชย์","brand:en":"Siam Commercial Bank","brand:th":"ธนาคารไทยพาณิชย์","brand:wikidata":"Q2038986","building":"yes","name":"ธนาคารไทยพาณิชย์","name:en":"Siam Commercial Bank","name:th":"ธนาคารไทยพาณิชย์","@type":"way","@id":228794721},"geometry":{"type":"Point","coordinates":[100.5368209,13.7799478]}},{"type":"Feature","id":231413643,"properties":{"addr:district":"บางรัก","addr:postcode":"10500","addr:province":"กรุงเทพมหานคร","addr:subdistrict":"สี่พระยา","amenity":"bank","brand":"ธนาคารกรุงไทย","brand:en":"Krung Thai Bank","brand:th":"ธนาคารกรุงไทย","brand:wikidata":"Q962865","building":"yes","name":"ธนาคารกรุงไทย","name:en":"Krung Thai Bank","name:th":"ธนาคารกรุงไทย","@type":"way","@id":231413643},"geometry":{"type":"Point","coordinates":[100.5282125,13.7291911]}},{"type":"Feature","id":234351079,"properties":{"addr:district":"พระนคร","addr:housenumber":"76","addr:postcode":"10200","addr:province":"กรุงเทพมหานคร","addr:street":"ถนนข้าวสาร","addr:subdistrict":"ตลาดยอด","amenity":"bank","branch":"ถนนข้าวสาร","brand":"ธนาคารกรุงไทย","brand:en":"Krung Thai Bank","brand:th":"ธนาคารกรุงไทย","brand:wikidata":"Q962865","brand:wikipedia":"th:ธนาคารกรุงไทย","building":"yes","layer":"1","name":"ธนาคารกรุงไทย","name:en":"Krung Thai Bank","name:th":"ธนาคารกรุงไทย","opening_hours":"Mo-Fr 08:30-16:30; PH closed","wheelchair":"no","@type":"way","@id":234351079},"geometry":{"type":"Point","coordinates":[100.4967083,13.758945]}},{"type":"Feature","id":234738698,"properties":{"addr:district":"พระนคร","addr:postcode":"10200","addr:province":"กรุงเทพมหานคร","addr:subdistrict":"วัดสามพระยา","amenity":"bank","building":"yes","name":"Bangkok Bank","@type":"way","@id":234738698},"geometry":{"type":"Point","coordinates":[100.4993206,13.7642065]}},{"type":"Feature","id":235320544,"properties":{"amenity":"bank","atm":"no","brand":"ธนาคารไทยพาณิชย์","brand:en":"Siam Commercial Bank","brand:th":"ธนาคารไทยพาณิชย์","brand:wikidata":"Q2038986","building":"yes","name":"ธนาคารไทยพาณิชย์","name:en":"Siam Commercial Bank","name:th":"ธนาคารไทยพาณิชย์","@type":"way","@id":235320544},"geometry":{"type":"Point","coordinates":[100.6036328,13.7660386]}},{"type":"Feature","id":236867203,"properties":{"addr:housenumber":"431","amenity":"bank","atm":"yes","building":"yes","name":"ธนาคารอาคารสงเคราะห์ สาขาแจ้งวัฒนะ","name:en":"Government Housing Bank Chaeng Watthana Branch","@type":"way","@id":236867203},"geometry":{"type":"Point","coordinates":[100.5357674,13.9240249]}},{"type":"Feature","id":236867280,"properties":{"addr:housenumber":"453","amenity":"bank","building":"yes","name":"ธนาคารไทยพาณิชย์ สาขาเมืองทองธานี","name:en":"Siam Commercial Bank","@type":"way","@id":236867280},"geometry":{"type":"Point","coordinates":[100.5345198,13.9254443]}},{"type":"Feature","id":236867281,"properties":{"addr:housenumber":"339","amenity":"bank","building":"yes","name":"ธนาคารยูโอบี","name:en":"UOB","@type":"way","@id":236867281},"geometry":{"type":"Point","coordinates":[100.5403755,13.9177316]}},{"type":"Feature","id":236867282,"properties":{"addr:housenumber":"321","amenity":"bank","atm":"yes","building":"yes","name":"ธนาคารกรุงไทย สาขาเมืองทองธานี","@type":"way","@id":236867282},"geometry":{"type":"Point","coordinates":[100.5400069,13.9158859]}},{"type":"Feature","id":245602331,"properties":{"amenity":"bank","building":"yes","name":"ธนาคารกสิการไทย","wheelchair":"no","@type":"way","@id":245602331},"geometry":{"type":"Point","coordinates":[100.6132437,13.8647954]}},{"type":"Feature","id":305102093,"properties":{"addr:district":"สัมพันธวงศ์","addr:housenumber":"1280","addr:postcode":"10100","addr:province":"กรุงเทพมหานคร","addr:street":"ถนนโยธา","addr:subdistrict":"ตลาดน้อย","air_conditioning":"yes","amenity":"bank","architect":"Annibale Rigotti","branch":"ตลาดน้อย","brand":"ธนาคารไทยพาณิชย์","brand:en":"Siam Commercial Bank","brand:th":"ธนาคารไทยพาณิชย์","brand:wikidata":"Q2038986","building":"yes","drive_through":"no","historic":"building","name":"ธนาคารไทยพาณิชย์","name:en":"Siam Commercial Bank","name:th":"ธนาคารไทยพาณิชย์","wikidata":"Q28408054","wikipedia":"th:ธนาคารไทยพาณิชย์ สาขาตลาดน้อย","@type":"way","@id":305102093},"geometry":{"type":"Point","coordinates":[100.5127787,13.7319431]}},{"type":"Feature","id":314204700,"properties":{"addr:city":"บางบอน","addr:housenumber":"48/20","addr:postcode":"10150","addr:street":"ถนนเอกชัย","amenity":"bank","atm":"yes","building":"yes","name":"ธนาคารกสิกรไทย สาขาบางบอน","operator":"ธนาคารกสิกรไทย","@type":"way","@id":314204700},"geometry":{"type":"Point","coordinates":[100.4253632,13.6734224]}},{"type":"Feature","id":316164375,"properties":{"addr:district":"บึงกุ่ม","addr:housenumber":"75/86","addr:postcode":"10240","addr:province":"กรุงเทพมหานคร","addr:street":"ถนนนวมินทร์","addr:subdistrict":"คลองกุ่ม","amenity":"bank","branch":"สาขานวมินทร์","brand":"ธนาคารกรุงไทย","brand:en":"Krung Thai Bank","brand:th":"ธนาคารกรุงไทย","brand:wikidata":"Q962865","brand:wikipedia":"th:ธนาคารกรุงไทย","building":"yes","building:levels":"2","ele":"0","name":"ธนาคารกรุงไทย","name:en":"Krung Thai Bank","name:th":"ธนาคารกรุงไทย","phone":"+6623752844","website":"https://www.ktb.co.th/","wheelchair":"limited","@type":"way","@id":316164375},"geometry":{"type":"Point","coordinates":[100.6509714,13.7967146]}},{"type":"Feature","id":316420193,"properties":{"amenity":"bank","branch":"สาขาอินทรารักษ์","brand":"ธนาคารทหารไทย","brand:en":"TMBThanachart Bank","brand:th":"ธนาคารทหารไทย","brand:wikidata":"Q1527826","building":"yes","name":"ธนาคารทหารไทย","name:en":"TMBThanachart Bank","name:th":"ธนาคารทหารไทย","short_name":"ttb","@type":"way","@id":316420193},"geometry":{"type":"Point","coordinates":[100.6513878,13.794338]}},{"type":"Feature","id":318076358,"properties":{"addr:district":"วัฒนา","addr:province":"กรุงเทพมหานคร","addr:subdistrict":"พระโขนงเหนือ","amenity":"bank","brand":"ธนาคารกรุงเทพ","brand:en":"Bangkok Bank","brand:th":"ธนาคารกรุงเทพ","brand:wikidata":"Q806483","building":"yes","name":"ธนาคารกรุงเทพ","name:en":"Bangkok Bank","name:th":"ธนาคารกรุงเทพ","@type":"way","@id":318076358},"geometry":{"type":"Point","coordinates":[100.5959071,13.7189164]}},{"type":"Feature","id":318343131,"properties":{"addr:district":"วัฒนา","addr:province":"กรุงเทพมหานคร","addr:subdistrict":"พระโขนงเหนือ","amenity":"bank","brand":"ธนาคารไทยพาณิชย์","brand:en":"Siam Commercial Bank","brand:th":"ธนาคารไทยพาณิชย์","brand:wikidata":"Q2038986","building":"yes","name":"ธนาคารไทยพาณิชย์","name:en":"Siam Commercial Bank","name:th":"ธนาคารไทยพาณิชย์","@type":"way","@id":318343131},"geometry":{"type":"Point","coordinates":[100.5953455,13.7172961]}},{"type":"Feature","id":320607174,"properties":{"addr:district":"ยานนาวา","addr:postcode":"10120","addr:province":"กรุงเทพมหานคร","addr:subdistrict":"ช่องนนทรี","amenity":"bank","atm":"yes","brand":"ธนาคารกรุงเทพ","brand:en":"Bangkok Bank","brand:th":"ธนาคารกรุงเทพ","brand:wikidata":"Q806483","building":"yes","name":"ธนาคารกรุงเทพ","name:en":"Bangkok Bank","name:th":"ธนาคารกรุงเทพ","@type":"way","@id":320607174},"geometry":{"type":"Point","coordinates":[100.5317335,13.6988022]}},{"type":"Feature","id":320609440,"properties":{"addr:district":"ยานนาวา","addr:postcode":"10120","addr:province":"กรุงเทพมหานคร","addr:subdistrict":"ช่องนนทรี","amenity":"bank","atm":"yes","building":"yes","name":"krungsri Bank","name:th":"ธนาคารกรุงศรีอยุธยา","@type":"way","@id":320609440},"geometry":{"type":"Point","coordinates":[100.5291626,13.7056268]}},{"type":"Feature","id":320674657,"properties":{"amenity":"bank","atm":"yes","name":"Krungthai Bank","name:th":"ธนาคารกรุงไทย","@type":"way","@id":320674657},"geometry":{"type":"Point","coordinates":[100.5358304,13.7058699]}},{"type":"Feature","id":321394791,"properties":{"addr:district":"สาทร","addr:postcode":"10120","addr:province":"กรุงเทพมหานคร","addr:subdistrict":"ทุ่งวัดดอน","amenity":"bank","atm":"yes","building":"yes","name":"ธนาคารธนชาติ","name:en":"Thanachart Bank","@type":"way","@id":321394791},"geometry":{"type":"Point","coordinates":[100.5279848,13.7062221]}},{"type":"Feature","id":321394792,"properties":{"addr:district":"สาทร","addr:postcode":"10120","addr:province":"กรุงเทพมหานคร","addr:subdistrict":"ทุ่งวัดดอน","amenity":"bank","atm":"yes","building":"yes","name":"ธนาคารออมสิน","name:en":"Aomsin Bank","@type":"way","@id":321394792},"geometry":{"type":"Point","coordinates":[100.5282892,13.7061557]}},{"type":"Feature","id":321576339,"properties":{"amenity":"bank","atm":"yes","brand:en":"Siam Commercial Bank","building":"yes","name":"ธนาคารไทยพาณิชย์ สาขาถนนเอกชัย","name:en":"Siam Commercial Bank","operator":"ธนาคารไทยพาณิชย์","operator:en":"Siam Commercial Bank","@type":"way","@id":321576339},"geometry":{"type":"Point","coordinates":[100.3926389,13.6553124]}},{"type":"Feature","id":330243449,"properties":{"addr:district":"วัฒนา","addr:housenumber":"209","addr:postcode":"10110","addr:province":"กรุงเทพมหานคร","addr:subdistrict":"คลองเตยเหนือ","amenity":"bank","brand":"ธนาคารเกียรตินาคิน","brand:en":"Kiatnakin Bank","brand:th":"ธนาคารเกียรตินาคิน","building":"yes","name":"ธนาคารเกียรตินาคิน","name:en":"Kiatnakin Bank","name:th":"ธนาคารเกียรตินาคิน","@type":"way","@id":330243449},"geometry":{"type":"Point","coordinates":[100.5622057,13.7450513]}},{"type":"Feature","id":332206402,"properties":{"addr:district":"วัฒนา","addr:postcode":"10110","addr:province":"กรุงเทพมหานคร","addr:subdistrict":"คลองเตยเหนือ","amenity":"bank","brand":"Siam Commercial Bank","brand:wikidata":"Q2038986","building":"yes","name":"Siam Commercial Bank","opening_hours":"Mo-Fr 09:00-16:30","@type":"way","@id":332206402},"geometry":{"type":"Point","coordinates":[100.5620665,13.7400795]}},{"type":"Feature","id":332224231,"properties":{"addr:district":"บางรัก","addr:postcode":"10500","addr:province":"กรุงเทพมหานคร","addr:subdistrict":"สุริยวงศ์","amenity":"bank","branch":"สำนักสีลม","brand":"ธนาคารกสิกรไทย","brand:en":"Kasikornbank","brand:th":"ธนาคารกสิกรไทย","brand:wikidata":"Q276557","building":"yes","name":"ธนาคารกสิกรไทย","name:en":"Kasikornbank","name:th":"ธนาคารกสิกรไทย","@type":"way","@id":332224231},"geometry":{"type":"Point","coordinates":[100.5292528,13.7271751]}},{"type":"Feature","id":332660368,"properties":{"addr:district":"วัฒนา","addr:housenumber":"11/1","addr:postcode":"10110","addr:province":"กรุงเทพมหานคร","addr:street":"ซอยสุขุมวิท 3","addr:subdistrict":"คลองเตยเหนือ","amenity":"bank","branch":"นานาเหนือ","brand":"ธนาคารกรุงเทพ","brand:en":"Bangkok Bank","brand:th":"ธนาคารกรุงเทพ","brand:wikidata":"Q806483","building":"yes","building:levels":"4","name":"ธนาคารกรุงเทพ","name:ar":"بنك بانكوك","name:en":"Bangkok Bank","name:th":"ธนาคารกรุงเทพ","@type":"way","@id":332660368},"geometry":{"type":"Point","coordinates":[100.5531262,13.7445053]}},{"type":"Feature","id":333223541,"properties":{"addr:district":"ป้อมปราบศัตรูพ่าย","addr:postcode":"10100","addr:province":"กรุงเทพมหานคร","addr:subdistrict":"บ้านบาตร","amenity":"bank","brand":"ธนาคารกรุงเทพ","brand:en":"Bangkok Bank","brand:th":"ธนาคารกรุงเทพ","brand:wikidata":"Q806483","building":"yes","name":"ธนาคารกรุงเทพ","name:en":"Bangkok Bank","name:th":"ธนาคารกรุงเทพ","@type":"way","@id":333223541},"geometry":{"type":"Point","coordinates":[100.507289,13.749469]}},{"type":"Feature","id":339943922,"properties":{"addr:district":"บางรัก","addr:postcode":"10500","addr:province":"กรุงเทพมหานคร","addr:subdistrict":"สี่พระยา","amenity":"bank","brand":"UOB","brand:wikidata":"Q2064074","brand:zh":"大华银行","building":"yes","name":"UOB","name:zh":"大华银行","@type":"way","@id":339943922},"geometry":{"type":"Point","coordinates":[100.5288973,13.729337]}},{"type":"Feature","id":343085472,"properties":{"addr:district":"สาทร","addr:postcode":"10120","addr:province":"กรุงเทพมหานคร","addr:subdistrict":"ทุ่งมหาเมฆ","amenity":"bank","branch":"สวนพลู","brand":"ธนาคารกรุงเทพ","brand:en":"Bangkok Bank","brand:th":"ธนาคารกรุงเทพ","brand:wikidata":"Q806483","building":"yes","building:levels":"5","name":"ธนาคารกรุงเทพ","name:en":"Bangkok Bank","name:th":"ธนาคารกรุงเทพ","@type":"way","@id":343085472},"geometry":{"type":"Point","coordinates":[100.5380235,13.7206417]}},{"type":"Feature","id":347833384,"properties":{"addr:district":"ลาดกระบัง","addr:postcode":"10520","addr:province":"กรุงเทพมหานคร","amenity":"bank","building":"retail","name":"TMB","source":"Bing","@type":"way","@id":347833384},"geometry":{"type":"Point","coordinates":[100.7272104,13.7216014]}},{"type":"Feature","id":347919479,"properties":{"addr:district":"บางรัก","addr:postcode":"10500","addr:province":"กรุงเทพมหานคร","addr:subdistrict":"สุริยวงศ์","amenity":"bank","atm":"yes","branch":"สุรวงศ์","brand":"ธนาคารไทยพาณิชย์","brand:en":"Siam Commercial Bank","brand:th":"ธนาคารไทยพาณิชย์","brand:wikidata":"Q2038986","building":"yes","drive_through":"yes","name":"ธนาคารไทยพาณิชย์","name:en":"Siam Commercial Bank","name:th":"ธนาคารไทยพาณิชย์","@type":"way","@id":347919479},"geometry":{"type":"Point","coordinates":[100.5202675,13.7262451]}},{"type":"Feature","id":352097812,"properties":{"amenity":"bank","atm":"yes","brand":"Siam Commercial Bank","brand:wikidata":"Q2038986","brand:wikipedia":"en:Siam Commercial Bank","building":"yes","name":"Siam Commercial Bank","operator":"ธนาคารไทยพาณิชย์","@type":"way","@id":352097812},"geometry":{"type":"Point","coordinates":[100.5043359,13.8440941]}},{"type":"Feature","id":352097827,"properties":{"amenity":"bank","atm":"yes","building":"yes","name":"ไทยพาณิชย์ สาขาถนนสมเด็จพระเจ้าตากสิน","name:en":"Siam Commercial Bank, Taksin Branch","operator":"ไทยพาณิชย์","wheelchair":"no","@type":"way","@id":352097827},"geometry":{"type":"Point","coordinates":[100.4910215,13.7191242]}},{"type":"Feature","id":366713010,"properties":{"addr:district":"ดินแดง","addr:postcode":"10400","addr:province":"กรุงเทพมหานคร","addr:subdistrict":"รัชดาภิเษก","amenity":"bank","atm":"yes","building":"yes","name":"Thanachart Bank","@type":"way","@id":366713010},"geometry":{"type":"Point","coordinates":[100.5736461,13.7869604]}},{"type":"Feature","id":378330243,"properties":{"addr:district":"ยานนาวา","addr:postcode":"10120","addr:province":"กรุงเทพมหานคร","addr:subdistrict":"บางโพงพาง","alt_name:en":"Krungsri","amenity":"bank","branch":"สำนักพระรามที่ 3","brand":"กรุงศรี","brand:en":"Bank of Ayudhya","brand:th":"กรุงศรี","brand:wikidata":"Q782537","building":"yes","name":"กรุงศรี","name:en":"Bank of Ayudhya","name:th":"กรุงศรี","@type":"way","@id":378330243},"geometry":{"type":"Point","coordinates":[100.5469764,13.6769923]}},{"type":"Feature","id":379864548,"properties":{"addr:city":"กรุงเทพมหานคร","addr:housenumber":"79 แขวงคลองต้นไทร เขตคลองสาน","addr:postcode":"10600","addr:street":"กรุงธนบุรี","alt_name:en":"Krungsri","amenity":"bank","atm":"yes","brand":"กรุงศรี","brand:en":"Bank of Ayudhya","brand:th":"กรุงศรี","brand:wikidata":"Q782537","building":"yes","drive_through":"no","name":"กรุงศรี","name:en":"Bank of Ayudhya","name:th":"กรุงศรี","opening_hours":"Mo-Fr 08:30-15:30","@type":"way","@id":379864548},"geometry":{"type":"Point","coordinates":[100.500284,13.7214048]}},{"type":"Feature","id":390602109,"properties":{"addr:district":"บางกะปิ","addr:postcode":"10240","addr:province":"กรุงเทพมหานคร","addr:subdistrict":"หัวหมาก","amenity":"bank","brand":"ธนาคารกรุงเทพ","brand:en":"Bangkok Bank","brand:th":"ธนาคารกรุงเทพ","brand:wikidata":"Q806483","building":"yes","name":"ธนาคารกรุงเทพ","name:en":"Bangkok Bank","name:th":"ธนาคารกรุงเทพ","@type":"way","@id":390602109},"geometry":{"type":"Point","coordinates":[100.6130142,13.7544366]}},{"type":"Feature","id":438754172,"properties":{"addr:city":"หนองแขม","addr:housenumber":"33/67","addr:postcode":"10160","addr:street":"ถนนเพชรเกษม","amenity":"bank","atm":"yes","branch":"สาขาเพชรเกษม 77 2","brand":"ธนาคารกรุงไทย","brand:en":"Krung Thai Bank","brand:th":"ธนาคารกรุงไทย","brand:wikidata":"Q962865","building":"yes","name":"ธนาคารกรุงไทย","name:en":"Krung Thai Bank","name:th":"ธนาคารกรุงไทย","operator":"ธนาคารกรุงไทย","@type":"way","@id":438754172},"geometry":{"type":"Point","coordinates":[100.3579757,13.7062467]}},{"type":"Feature","id":463222121,"properties":{"amenity":"bank","atm":"yes","building":"yes","name":"Krungsri Bank","@type":"way","@id":463222121},"geometry":{"type":"Point","coordinates":[100.5745209,13.7875848]}},{"type":"Feature","id":463224775,"properties":{"amenity":"bank","building":"yes","name":"Kasikornbank","@type":"way","@id":463224775},"geometry":{"type":"Point","coordinates":[100.5745013,13.7873648]}},{"type":"Feature","id":465461163,"properties":{"amenity":"bank","brand":"ธนาคารออมสิน","brand:en":"Government Savings Bank","brand:th":"ธนาคารออมสิน","brand:wikidata":"Q6579041","building":"yes","name":"ธนาคารออมสิน","name:en":"Government Savings Bank","name:th":"ธนาคารออมสิน","@type":"way","@id":465461163},"geometry":{"type":"Point","coordinates":[100.494682,13.7849943]}},{"type":"Feature","id":477558304,"properties":{"amenity":"bank","building":"yes","name":"กรุงไทย","@type":"way","@id":477558304},"geometry":{"type":"Point","coordinates":[100.5093941,13.8091591]}},{"type":"Feature","id":544451441,"properties":{"amenity":"bank","brand":"ธนาคารกสิกรไทย","brand:en":"Kasikornbank","brand:th":"ธนาคารกสิกรไทย","brand:wikidata":"Q276557","building":"yes","check_date":"2023-06-14","name":"ธนาคารกสิกรไทย","name:en":"Kasikornbank","name:th":"ธนาคารกสิกรไทย","@type":"way","@id":544451441},"geometry":{"type":"Point","coordinates":[100.604473,13.7890593]}},{"type":"Feature","id":544451458,"properties":{"amenity":"bank","brand":"ธนาคารกสิกรไทย","brand:en":"Kasikornbank","brand:th":"ธนาคารกสิกรไทย","brand:wikidata":"Q276557","building":"yes","name":"ธนาคารกสิกรไทย","name:en":"Kasikornbank","name:th":"ธนาคารกสิกรไทย","@type":"way","@id":544451458},"geometry":{"type":"Point","coordinates":[100.6260601,13.7770415]}},{"type":"Feature","id":544451459,"properties":{"amenity":"bank","brand":"ธนาคารกรุงเทพ","brand:en":"Bangkok Bank","brand:th":"ธนาคารกรุงเทพ","brand:wikidata":"Q806483","building":"yes","name":"ธนาคารกรุงเทพ","name:en":"Bangkok Bank","name:th":"ธนาคารกรุงเทพ","@type":"way","@id":544451459},"geometry":{"type":"Point","coordinates":[100.6264292,13.7769164]}},{"type":"Feature","id":544451490,"properties":{"amenity":"bank","brand":"ธนาคารกรุงไทย","brand:en":"Krung Thai Bank","brand:th":"ธนาคารกรุงไทย","brand:wikidata":"Q962865","building":"yes","name":"ธนาคารกรุงไทย","name:en":"Krung Thai Bank","name:th":"ธนาคารกรุงไทย","@type":"way","@id":544451490},"geometry":{"type":"Point","coordinates":[100.6143721,13.7828187]}},{"type":"Feature","id":546869944,"properties":{"amenity":"bank","atm":"yes","branch":"มทร.พระนคร (ศูนย์เทเวศร์)","brand":"ธนาคารกรุงเทพ","brand:en":"Bangkok Bank","brand:th":"ธนาคารกรุงเทพ","brand:wikidata":"Q806483","name":"ธนาคารกรุงเทพ","name:en":"Bangkok Bank","name:th":"ธนาคารกรุงเทพ","opening_hours":"Mo-Fr 08:30-16:00","@type":"way","@id":546869944},"geometry":{"type":"Point","coordinates":[100.5045841,13.7707881]}},{"type":"Feature","id":548874523,"properties":{"addr:housenumber":"14-17","amenity":"bank","atm":"yes","branch":"เทเวศร์","brand":"ธนาคารไทยพาณิชย์","brand:en":"Siam Commercial Bank","brand:th":"ธนาคารไทยพาณิชย์","brand:wikidata":"Q2038986","building":"commercial","name":"ธนาคารไทยพาณิชย์","name:en":"Siam Commercial Bank","name:th":"ธนาคารไทยพาณิชย์","opening_hours":"Mo-Fr 08:30-15:30;PH closed","@type":"way","@id":548874523},"geometry":{"type":"Point","coordinates":[100.504655,13.7693896]}},{"type":"Feature","id":552805570,"properties":{"addr:housenumber":"435-437","amenity":"bank","atm":"yes","branch":"เทเวศร์","branch:en":"Thewet","building":"commercial","full_name:th":"บริษัท ธนาคาร ซีไอเอ็มบี ไทย จำกัด มหาชน","name":"CIMB Thai","name:en":"CIMB Thai","name:th":"ซีไอเอ็มบี ไทย","opening_hours":"Mo-Fr 08:30-15:30","phone":"+66 2 280 0481;+66 2 280 0482;+66 2 281 5453;+66 2 282 3568","@type":"way","@id":552805570},"geometry":{"type":"Point","coordinates":[100.5047646,13.7710836]}},{"type":"Feature","id":555997868,"properties":{"alt_name":"Kasikornthai","amenity":"bank","atm":"yes","branch":"ถนนเพชรบุรี 17","branch:en":"Thanon Phetchaburi 17","brand":"ธนาคารกสิกรไทย","brand:en":"Kasikornbank","brand:th":"ธนาคารกสิกรไทย","brand:wikidata":"Q276557","building":"commercial","name":"ธนาคารกสิกรไทย","name:en":"Kasikornbank","name:th":"ธนาคารกสิกรไทย","opening_hours":"Mo-Fr 08:30-16:30; PH closed","website":"https://www.kasikornbank.com/","@type":"way","@id":555997868},"geometry":{"type":"Point","coordinates":[100.5377349,13.7513328]}},{"type":"Feature","id":576952567,"properties":{"addr:housename":"องค์การค้าคุรุสภา","amenity":"bank","branch":"อุรุพงษ์","brand":"ธนาคารออมสิน","brand:en":"Government Savings Bank","brand:th":"ธนาคารออมสิน","brand:wikidata":"Q6579041","building":"commercial","name":"ธนาคารออมสิน","name:en":"Government Savings Bank","name:th":"ธนาคารออมสิน","short_name:en":"GSB","short_name:th":"ออมสิน","website":"https://www.gsb.or.th/","@type":"way","@id":576952567},"geometry":{"type":"Point","coordinates":[100.5269732,13.755363]}},{"type":"Feature","id":589582396,"properties":{"amenity":"bank","building":"yes","name":"ธนาคารไทยพาณิชย์ สาขาบางบัว","@type":"way","@id":589582396},"geometry":{"type":"Point","coordinates":[100.5812669,13.850054]}},{"type":"Feature","id":618170901,"properties":{"addr:district":"พระนคร","addr:postcode":"10200","addr:province":"กรุงเทพมหานคร","addr:subdistrict":"ตลาดยอด","amenity":"bank","atm":"yes","building":"commercial","name":"ธนาคารแลนด์แอนด์เฮาส์","name:en":"Land and Houses Bank","name:th":"ธนาคารแลนด์แอนด์เฮาส์","short_name:en":"LH Bank","@type":"way","@id":618170901},"geometry":{"type":"Point","coordinates":[100.4991399,13.7606015]}},{"type":"Feature","id":621991020,"properties":{"addr:district":"พระนคร","addr:postcode":"10200","addr:province":"กรุงเทพมหานคร","addr:subdistrict":"ตลาดยอด","amenity":"bank","atm":"yes","branch":"บางลำพู","brand":"ธนาคารกรุงไทย","brand:en":"Krung Thai Bank","brand:th":"ธนาคารกรุงไทย","brand:wikidata":"Q962865","brand:wikipedia":"th:ธนาคารกรุงไทย","building":"commercial","name":"ธนาคารกรุงไทย","name:en":"Krung Thai Bank","name:th":"ธนาคารกรุงไทย","opening_hours":"Mo-Fr 08:30-16:30; PH off","phone":"+66 2 111 1111","@type":"way","@id":621991020},"geometry":{"type":"Point","coordinates":[100.4989942,13.7615054]}},{"type":"Feature","id":622813866,"properties":{"addr:district":"พระนคร","addr:postcode":"10200","addr:province":"กรุงเทพมหานคร","addr:subdistrict":"ตลาดยอด","amenity":"bank","atm":"yes","building":"retail","name":"ธนาคารทิสโก้","name:en":"Tisco","name:th":"ธนาคารทิสโก้","short_name:th":"ทิสโก้","website":"https://www.tisco.co.th/","wikidata":"Q25245333","wikipedia":"th:ธนาคารทิสโก้","@type":"way","@id":622813866},"geometry":{"type":"Point","coordinates":[100.4991682,13.7617659]}},{"type":"Feature","id":628939240,"properties":{"addr:district":"พระนคร","addr:postcode":"10200","addr:province":"กรุงเทพมหานคร","addr:subdistrict":"ตลาดยอด","amenity":"bank","atm":"yes","branch":"บางลำภูบน","branch:en":"Banglampoobon","brand":"ธนาคารออมสิน","brand:en":"Government Savings Bank","brand:th":"ธนาคารออมสิน","brand:wikidata":"Q6579041","brand:wikipedia":"th:ธนาคารออมสิน","building":"retail","name":"ธนาคารออมสิน","name:en":"Government Savings Bank","name:th":"ธนาคารออมสิน","opening_hours":"Mo-Fr 08:30-15:30","short_name:en":"GSB","short_name:th":"ออมสิน","@type":"way","@id":628939240},"geometry":{"type":"Point","coordinates":[100.4988756,13.7601998]}},{"type":"Feature","id":634921849,"properties":{"addr:district":"ป้อมปราบศัตรูพ่าย","addr:postcode":"10100","addr:province":"กรุงเทพมหานคร","addr:subdistrict":"ป้อมปราบ","amenity":"bank","building":"yes","name":"Bangkok Bank","@type":"way","@id":634921849},"geometry":{"type":"Point","coordinates":[100.5150704,13.7445827]}},{"type":"Feature","id":634921971,"properties":{"addr:district":"ป้อมปราบศัตรูพ่าย","addr:postcode":"10100","addr:province":"กรุงเทพมหานคร","addr:subdistrict":"ป้อมปราบ","amenity":"bank","atm":"yes","building":"yes","name":"Kasikorn Bank","@type":"way","@id":634921971},"geometry":{"type":"Point","coordinates":[100.5143056,13.7434678]}},{"type":"Feature","id":634921974,"properties":{"addr:district":"ป้อมปราบศัตรูพ่าย","addr:postcode":"10100","addr:province":"กรุงเทพมหานคร","addr:subdistrict":"ป้อมปราบ","amenity":"bank","atm":"yes","building":"yes","name":"Siam Commercial Bank","@type":"way","@id":634921974},"geometry":{"type":"Point","coordinates":[100.5144997,13.7437139]}},{"type":"Feature","id":661067381,"properties":{"addr:district":"พระนคร","addr:postcode":"10200","addr:province":"กรุงเทพมหานคร","addr:subdistrict":"วังบูรพาภิรมย์","amenity":"bank","atm":"yes","branch":"สี่แยกพระยาศรี","branch:en":"Siyaek Praya Sri","brand":"ธนาคารกรุงไทย","brand:en":"Krung Thai Bank","brand:th":"ธนาคารกรุงไทย","brand:wikidata":"Q962865","brand:wikipedia":"en:Krung Thai Bank","building":"commercial","building:levels":"4","name":"ธนาคารกรุงไทย","name:en":"Krung Thai Bank","name:th":"ธนาคารกรุงไทย","opening_hours":"Mo-Fr 08:30-16:30; PH closed","phone":"+66 2 111 1111","@type":"way","@id":661067381},"geometry":{"type":"Point","coordinates":[100.4984736,13.747054]}},{"type":"Feature","id":674182736,"properties":{"addr:district":"พระนคร","addr:postcode":"10200","addr:province":"กรุงเทพมหานคร","addr:subdistrict":"บางขุนพรหม","amenity":"bank","atm":"yes","branch":"เทเวศร์","building":"commercial","name":"ธนาคารธนชาต","name:en":"Thanachart Bank","name:th":"ธนาคารธนชาต","phone":"1770","website":"https://www.thanachartbank.co.th/","wikidata":"Q25112997","wikipedia":"th:ธนาคารธนชาต","@type":"way","@id":674182736},"geometry":{"type":"Point","coordinates":[100.5027577,13.7683543]}},{"type":"Feature","id":674182814,"properties":{"addr:district":"พระนคร","addr:postcode":"10200","addr:province":"กรุงเทพมหานคร","addr:subdistrict":"บางขุนพรหม","amenity":"bank","brand":"ธนาคารออมสิน","brand:en":"Government Savings Bank","brand:th":"ธนาคารออมสิน","brand:wikidata":"Q6579041","brand:wikipedia":"th:ธนาคารออมสิน","building":"commercial","fixme":"Detailed survey needed","name":"ธนาคารออมสิน","name:en":"Government Savings Bank","name:th":"ธนาคารออมสิน","@type":"way","@id":674182814},"geometry":{"type":"Point","coordinates":[100.5026149,13.7682922]}},{"type":"Feature","id":778923718,"properties":{"addr:district":"พระนคร","addr:postcode":"10200","addr:province":"กรุงเทพมหานคร","addr:subdistrict":"ชนะสงคราม","amenity":"bank","atm":"yes","building":"yes","check_date":"2024-10-02","name":"ATM","opening_hours":"24/7","@type":"way","@id":778923718},"geometry":{"type":"Point","coordinates":[100.4953756,13.7621802]}},{"type":"Feature","id":824751847,"properties":{"addr:district":"คลองเตย","addr:postcode":"10110","addr:province":"กรุงเทพมหานคร","addr:subdistrict":"คลองเตย","amenity":"bank","building":"yes","name":"ธนาคารศรีอยุธยา สาขาคลองเตย","@type":"way","@id":824751847},"geometry":{"type":"Point","coordinates":[100.5579005,13.7168035]}},{"type":"Feature","id":864231125,"properties":{"addr:district":"พญาไท","addr:postcode":"10400","addr:province":"กรุงเทพมหานคร","addr:subdistrict":"พญาไท","alt_name:en":"Krungsri","amenity":"bank","brand":"กรุงศรี","brand:en":"Bank of Ayudhya","brand:th":"กรุงศรี","brand:wikidata":"Q782537","building":"yes","name":"กรุงศรี","name:en":"Bank of Ayudhya","name:th":"กรุงศรี","@type":"way","@id":864231125},"geometry":{"type":"Point","coordinates":[100.5331838,13.7809219]}},{"type":"Feature","id":868413200,"properties":{"amenity":"bank","atm":"yes","brand":"ธนาคารกรุงเทพ","brand:en":"Bangkok Bank","brand:th":"ธนาคารกรุงเทพ","brand:wikidata":"Q806483","brand:wikipedia":"en:Bangkok Bank","building":"yes","drive_through":"yes","name":"ธนาคารกรุงเทพ","name:en":"Bangkok Bank","name:th":"ธนาคารกรุงเทพ","@type":"way","@id":868413200},"geometry":{"type":"Point","coordinates":[100.276889,13.5466305]}},{"type":"Feature","id":868413202,"properties":{"amenity":"bank","brand":"ธนาคารกรุงไทย","brand:en":"Krung Thai Bank","brand:th":"ธนาคารกรุงไทย","brand:wikidata":"Q962865","brand:wikipedia":"en:Krung Thai Bank","building":"yes","name":"ธนาคารกรุงไทย","name:en":"Krung Thai Bank","name:th":"ธนาคารกรุงไทย","@type":"way","@id":868413202},"geometry":{"type":"Point","coordinates":[100.2767705,13.5475595]}},{"type":"Feature","id":868413203,"properties":{"addr:country":"Thailand","addr:district":"เมืองสมุทรสาคร","addr:postcode":"74000","addr:province":"สมุทรสาคร","addr:subdistrict":"มหาชัย","amenity":"bank","building":"yes","@type":"way","@id":868413203},"geometry":{"type":"Point","coordinates":[100.2779225,13.5471303]}},{"type":"Feature","id":868413204,"properties":{"amenity":"bank","brand":"ธนาคารกสิกรไทย","brand:en":"Kasikornbank","brand:th":"ธนาคารกสิกรไทย","brand:wikidata":"Q276557","brand:wikipedia":"en:Kasikornbank","building":"yes","name":"ธนาคารกสิกรไทย","name:en":"Kasikornbank","name:th":"ธนาคารกสิกรไทย","@type":"way","@id":868413204},"geometry":{"type":"Point","coordinates":[100.2766537,13.5472429]}},{"type":"Feature","id":868413205,"properties":{"addr:district":"เมืองสมุทรสาคร","addr:housenumber":"822","addr:postcode":"74000","addr:province":"สมุทรสาคร","addr:street":"ถนนสุคนธวิท","addr:subdistrict":"มหาชัย","air_conditioning":"yes","amenity":"bank","branch":"มหาชัย","brand":"ธนาคารออมสิน","brand:en":"Government Savings Bank","brand:th":"ธนาคารออมสิน","brand:wikidata":"Q6579041","brand:wikipedia":"en:Government Savings Bank (Thailand)","building":"yes","description":"ธนาคารออมสิน สาขามหาชัย อยู่ตรงข้ามไปรษณีย์ไทย สาขา มหาชัย ใกล้สถานีรถไฟมหาชัย","name":"ธนาคารออมสิน","name:en":"Government Savings Bank","name:th":"ธนาคารออมสิน","wheelchair":"yes","@type":"way","@id":868413205},"geometry":{"type":"Point","coordinates":[100.2772141,13.5469579]}},{"type":"Feature","id":868413206,"properties":{"amenity":"bank","building":"yes","name":"ธนาคารทหารไทย","@type":"way","@id":868413206},"geometry":{"type":"Point","coordinates":[100.2780714,13.5480301]}},{"type":"Feature","id":895652083,"properties":{"amenity":"bank","building":"yes","@type":"way","@id":895652083},"geometry":{"type":"Point","coordinates":[100.7098565,13.6337007]}},{"type":"Feature","id":895692318,"properties":{"amenity":"bank","brand":"Bangkok Bank","brand:wikidata":"Q806483","brand:wikipedia":"en:Bangkok Bank","building":"yes","name":"Bangkok Bank","@type":"way","@id":895692318},"geometry":{"type":"Point","coordinates":[100.7294751,13.6252267]}},{"type":"Feature","id":952524267,"properties":{"amenity":"bank","brand":"ธนาคารไทยพาณิชย์","brand:en":"Siam Commercial Bank","brand:th":"ธนาคารไทยพาณิชย์","brand:wikidata":"Q2038986","brand:wikipedia":"en:Siam Commercial Bank","building":"yes","name":"ธนาคารไทยพาณิชย์","name:en":"Siam Commercial Bank","name:th":"ธนาคารไทยพาณิชย์","@type":"way","@id":952524267},"geometry":{"type":"Point","coordinates":[100.6410395,13.6207195]}},{"type":"Feature","id":956481302,"properties":{"amenity":"bank","building":"yes","name":"Siam commercial bank, soi chok chai 4 branch","@type":"way","@id":956481302},"geometry":{"type":"Point","coordinates":[100.596096,13.8207527]}},{"type":"Feature","id":966906029,"properties":{"addr:district":"บางกะปิ","addr:postcode":"10240","addr:province":"กรุงเทพมหานคร","addr:street":"ถนนเสรีไทย","addr:subdistrict":"คลองจั่น","amenity":"bank","atm":"yes","branch":"สาขาคลองจั่น","brand":"ธนาคารออมสิน","brand:en":"Government Savings Bank","brand:th":"ธนาคารออมสิน","brand:wikidata":"Q6579041","building":"yes","drive_through":"yes","name":"ธนาคารออมสิน","name:en":"Government Savings Bank","name:th":"ธนาคารออมสิน","opening_hours":"Mo-Fr 08:00-15:00","phone":"+66 02 377 9409","website":"https://www.gsb.or.th/","@type":"way","@id":966906029},"geometry":{"type":"Point","coordinates":[100.6501495,13.7670358]}},{"type":"Feature","id":1021040845,"properties":{"addr:district":"สัมพันธวงศ์","addr:postcode":"10100","addr:province":"กรุงเทพมหานคร","addr:subdistrict":"ตลาดน้อย","amenity":"bank","brand":"ธนาคารกรุงไทย","brand:en":"Krung Thai Bank","brand:th":"ธนาคารกรุงไทย","brand:wikidata":"Q962865","building":"yes","name":"ธนาคารกรุงไทย","name:en":"Krung Thai Bank","name:th":"ธนาคารกรุงไทย","@type":"way","@id":1021040845},"geometry":{"type":"Point","coordinates":[100.5140904,13.7361992]}},{"type":"Feature","id":1021238292,"properties":{"addr:district":"สัมพันธวงศ์","addr:postcode":"10100","addr:province":"กรุงเทพมหานคร","addr:subdistrict":"จักรวรรดิ","amenity":"bank","building":"yes","@type":"way","@id":1021238292},"geometry":{"type":"Point","coordinates":[100.5066375,13.7424727]}},{"type":"Feature","id":1021446910,"properties":{"addr:district":"สัมพันธวงศ์","addr:postcode":"10100","addr:province":"กรุงเทพมหานคร","addr:subdistrict":"สัมพันธวงศ์","amenity":"bank","building":"yes","@type":"way","@id":1021446910},"geometry":{"type":"Point","coordinates":[100.5082553,13.7434161]}},{"type":"Feature","id":1022245041,"properties":{"addr:district":"ราชเทวี","addr:postcode":"10400","addr:province":"กรุงเทพมหานคร","addr:street":"ถนนศรีอยุธยา","addr:subdistrict":"ถนนพญาไท","amenity":"bank","brand":"ธนาคารกรุงไทย","brand:en":"Krung Thai Bank","brand:th":"ธนาคารกรุงไทย","brand:wikidata":"Q962865","brand:wikipedia":"en:Krungthai Bank","building":"yes","name":"ธนาคารกรุงไทย","name:en":"Krung Thai Bank","name:th":"ธนาคารกรุงไทย","@type":"way","@id":1022245041},"geometry":{"type":"Point","coordinates":[100.5398677,13.7571633]}},{"type":"Feature","id":1041428822,"properties":{"amenity":"bank","building":"yes","operator":"Krungsri","@type":"way","@id":1041428822},"geometry":{"type":"Point","coordinates":[100.573184,13.8361103]}},{"type":"Feature","id":1041430060,"properties":{"amenity":"bank","brand":"ธนาคารกรุงไทย","brand:en":"Krung Thai Bank","brand:th":"ธนาคารกรุงไทย","brand:wikidata":"Q962865","brand:wikipedia":"en:Krungthai Bank","building":"yes","name":"ธนาคารกรุงไทย","name:en":"Krung Thai Bank","name:th":"ธนาคารกรุงไทย","@type":"way","@id":1041430060},"geometry":{"type":"Point","coordinates":[100.5724307,13.8348068]}},{"type":"Feature","id":1042039296,"properties":{"amenity":"bank","atm":"yes","building":"yes","name":"Kasikornthai","@type":"way","@id":1042039296},"geometry":{"type":"Point","coordinates":[100.5390721,13.7599868]}},{"type":"Feature","id":1090942511,"properties":{"amenity":"bank","atm":"yes","brand":"ธนาคารกรุงไทย","brand:en":"Krung Thai Bank","brand:th":"ธนาคารกรุงไทย","brand:wikidata":"Q962865","building":"yes","building:levels":"4","name":"ธนาคารกรุงไทย","name:en":"Krung Thai Bank","name:th":"ธนาคารกรุงไทย","@type":"way","@id":1090942511},"geometry":{"type":"Point","coordinates":[100.4703656,13.7415818]}},{"type":"Feature","id":1103434661,"properties":{"addr:district":"บางรัก","addr:postcode":"10500","addr:province":"กรุงเทพมหานคร","addr:subdistrict":"มหาพฤฒาราม","amenity":"bank","brand":"ธนาคารกสิกรไทย","brand:en":"Kasikornbank","brand:th":"ธนาคารกสิกรไทย","brand:wikidata":"Q276557","building":"yes","name":"ธนาคารกสิกรไทย","name:en":"Kasikornbank","name:th":"ธนาคารกสิกรไทย","@type":"way","@id":1103434661},"geometry":{"type":"Point","coordinates":[100.5165485,13.7341485]}},{"type":"Feature","id":1174916606,"properties":{"amenity":"bank","brand":"ธนาคารออมสิน","brand:en":"Government Savings Bank","brand:th":"ธนาคารออมสิน","building":"yes","name":"ธนาคารออมสิน","name:en":"Government Savings Bank","name:th":"ธนาคารออมสิน","@type":"way","@id":1174916606},"geometry":{"type":"Point","coordinates":[100.5375382,13.7655758]}},{"type":"Feature","id":1185523518,"properties":{"addr:district":"บางรัก","addr:postcode":"10500","addr:province":"กรุงเทพมหานคร","addr:street":"ถนนสีลม","addr:subdistrict":"สุริยวงศ์","amenity":"bank","brand":"ธนาคารออมสิน","brand:en":"Government Savings Bank","brand:th":"ธนาคารออมสิน","brand:wikidata":"Q6579041","building":"yes","building:levels":"5","name":"ธนาคารออมสิน","name:en":"Government Savings Bank","name:th":"ธนาคารออมสิน","@type":"way","@id":1185523518},"geometry":{"type":"Point","coordinates":[100.5290704,13.7268765]}},{"type":"Feature","id":1186500380,"properties":{"addr:district":"ปทุมวัน","addr:postcode":"10330","addr:province":"กรุงเทพมหานคร","addr:subdistrict":"รองเมือง","amenity":"bank","atm":"yes","brand":"ธนาคารกรุงเทพ","brand:en":"Bangkok Bank","brand:th":"ธนาคารกรุงเทพ","brand:wikidata":"Q806483","building":"yes","name":"ธนาคารกรุงเทพ","name:en":"Bangkok Bank","name:th":"ธนาคารกรุงเทพ","@type":"way","@id":1186500380},"geometry":{"type":"Point","coordinates":[100.5173865,13.7378583]}},{"type":"Feature","id":1186510989,"properties":{"addr:district":"บางรัก","addr:postcode":"10500","addr:province":"กรุงเทพมหานคร","addr:subdistrict":"มหาพฤฒาราม","amenity":"bank","brand":"ธนาคารกรุงเทพ","brand:en":"Bangkok Bank","brand:th":"ธนาคารกรุงเทพ","brand:wikidata":"Q806483","building":"yes","name":"ธนาคารกรุงเทพ","name:en":"Bangkok Bank","name:th":"ธนาคารกรุงเทพ","@type":"way","@id":1186510989},"geometry":{"type":"Point","coordinates":[100.5237909,13.7343977]}},{"type":"Feature","id":1195001115,"properties":{"addr:district":"บางรัก","addr:postcode":"10500","addr:province":"กรุงเทพมหานคร","addr:subdistrict":"สี่พระยา","amenity":"bank","brand":"ธนาคารกรุงเทพ","brand:en":"Bangkok Bank","brand:th":"ธนาคารกรุงเทพ","brand:wikidata":"Q806483","building":"yes","name":"ธนาคารกรุงเทพ","name:en":"Bangkok Bank","name:th":"ธนาคารกรุงเทพ","@type":"way","@id":1195001115},"geometry":{"type":"Point","coordinates":[100.5251039,13.7316074]}},{"type":"Feature","id":1207706078,"properties":{"amenity":"bank","branch":"มหาวิทยาลัยเกษตรศาสตร์","brand":"ธนาคารออมสิน","brand:en":"Government Savings Bank","brand:th":"ธนาคารออมสิน","name":"ธนาคารออมสิน","name:en":"Government Savings Bank","name:th":"ธนาคารออมสิน","@type":"way","@id":1207706078},"geometry":{"type":"Point","coordinates":[100.5764804,13.8418902]}},{"type":"Feature","id":1212014595,"properties":{"addr:district":"บางรัก","addr:postcode":"10500","addr:province":"กรุงเทพมหานคร","addr:street":"ถนนสีลม","addr:subdistrict":"สุริยวงศ์","amenity":"bank","brand":"กรุงศรี","brand:th":"กรุงศรี","brand:wikidata":"Q782537","building":"yes","building:levels":"6","name":"กรุงศรี","name:th":"กรุงศรี","@type":"way","@id":1212014595},"geometry":{"type":"Point","coordinates":[100.5305695,13.7274073]}},{"type":"Feature","id":1214129093,"properties":{"addr:district":"บางรัก","addr:postcode":"10500","addr:province":"กรุงเทพมหานคร","addr:subdistrict":"สุริยวงศ์","amenity":"bank","brand":"ธนาคารกรุงเทพ","brand:en":"Bangkok Bank","brand:th":"ธนาคารกรุงเทพ","brand:wikidata":"Q806483","building":"yes","building:levels":"8","name":"ธนาคารกรุงเทพ","name:en":"Bangkok Bank","name:th":"ธนาคารกรุงเทพ","@type":"way","@id":1214129093},"geometry":{"type":"Point","coordinates":[100.5209067,13.7241141]}},{"type":"Feature","id":1216235463,"properties":{"addr:district":"บางเขน","addr:postcode":"10220","addr:province":"กรุงเทพมหานคร","addr:subdistrict":"ท่าแร้ง","amenity":"bank","brand":"ธนาคารไทยพาณิชย์","brand:en":"Siam Commercial Bank","brand:th":"ธนาคารไทยพาณิชย์","brand:wikidata":"Q2038986","building":"yes","name":"ธนาคารไทยพาณิชย์","name:en":"Siam Commercial Bank","name:th":"ธนาคารไทยพาณิชย์","@type":"way","@id":1216235463},"geometry":{"type":"Point","coordinates":[100.6431456,13.8584121]}},{"type":"Feature","id":1216235465,"properties":{"addr:district":"บางเขน","addr:postcode":"10220","addr:province":"กรุงเทพมหานคร","addr:subdistrict":"ท่าแร้ง","amenity":"bank","brand":"ธนาคารทหารไทย","brand:en":"TMBThanachart Bank","brand:th":"ธนาคารทหารไทย","brand:wikidata":"Q1527826","building":"yes","name":"ธนาคารทหารไทย","name:en":"TMBThanachart Bank","name:th":"ธนาคารทหารไทย","short_name":"ttb","@type":"way","@id":1216235465},"geometry":{"type":"Point","coordinates":[100.6429663,13.8583763]}},{"type":"Feature","id":1216235466,"properties":{"addr:district":"บางเขน","addr:postcode":"10220","addr:province":"กรุงเทพมหานคร","addr:subdistrict":"ท่าแร้ง","alt_name:en":"Krungsri","amenity":"bank","brand":"กรุงศรี","brand:en":"Bank of Ayudhya","brand:th":"กรุงศรี","brand:wikidata":"Q782537","building":"yes","name":"กรุงศรี","name:en":"Bank of Ayudhya","name:th":"กรุงศรี","@type":"way","@id":1216235466},"geometry":{"type":"Point","coordinates":[100.6429763,13.8580327]}},{"type":"Feature","id":1216596423,"properties":{"addr:district":"คันนายาว","addr:postcode":"10230","addr:province":"กรุงเทพมหานคร","addr:subdistrict":"รามอินทรา","amenity":"bank","brand":"ธนาคารออมสิน","brand:en":"Government Savings Bank","brand:th":"ธนาคารออมสิน","brand:wikidata":"Q6579041","building":"yes","name":"ธนาคารออมสิน","name:en":"Government Savings Bank","name:th":"ธนาคารออมสิน","@type":"way","@id":1216596423},"geometry":{"type":"Point","coordinates":[100.6537037,13.8430078]}},{"type":"Feature","id":1219289425,"properties":{"addr:district":"สาทร","addr:postcode":"10120","addr:province":"กรุงเทพมหานคร","addr:subdistrict":"ทุ่งมหาเมฆ","amenity":"bank","branch":"ทุ่งมหาเมฆ","brand":"ธนาคารออมสิน","brand:en":"Government Savings Bank","brand:th":"ธนาคารออมสิน","brand:wikidata":"Q6579041","building":"commercial","building:levels":"5","name":"ธนาคารออมสิน","name:en":"Government Savings Bank","name:th":"ธนาคารออมสิน","@type":"way","@id":1219289425},"geometry":{"type":"Point","coordinates":[100.5390338,13.7181022]}},{"type":"Feature","id":1219725048,"properties":{"addr:district":"สาทร","addr:housenumber":"167/7;167/8;167/9","addr:postcode":"10120","addr:province":"กรุงเทพมหานคร","addr:street":"ถนนสวนพลู","addr:subdistrict":"ทุ่งมหาเมฆ","amenity":"bank","branch":"สวนพลู","brand":"ธนาคารกสิกรไทย","brand:en":"Kasikorn Bank","brand:th":"ธนาคารกสิกรไทย","brand:wikidata":"Q276557","building":"commercial","building:levels":"5","name":"ธนาคารกสิกรไทย","name:en":"Kasikorn Bank","name:th":"ธนาคารกสิกรไทย","@type":"way","@id":1219725048},"geometry":{"type":"Point","coordinates":[100.5380658,13.7202378]}},{"type":"Feature","id":1220209871,"properties":{"addr:district":"สาทร","addr:housenumber":"101/13;101/14","addr:postcode":"10120","addr:province":"กรุงเทพมหานคร","addr:street":"ถนนสวนพลู","addr:subdistrict":"ทุ่งมหาเมฆ","amenity":"bank","atm":"yes","branch":"สวนพลู","brand":"ธนาคารกรุงไทย","brand:en":"Krung Thai Bank","brand:th":"ธนาคารกรุงไทย","brand:wikidata":"Q962865","building":"commercial","building:levels":"5","drive_through":"no","name":"ธนาคารกรุงไทย","name:en":"Krung Thai Bank","name:th":"ธนาคารกรุงไทย","@type":"way","@id":1220209871},"geometry":{"type":"Point","coordinates":[100.5378094,13.7209932]}},{"type":"Feature","id":1220217174,"properties":{"addr:district":"สาทร","addr:postcode":"10120","addr:province":"กรุงเทพมหานคร","addr:street":"ถนนสวนพลู","addr:subdistrict":"ทุ่งมหาเมฆ","amenity":"bank","brand":"ธนาคารไทยพาณิชย์","brand:en":"Siam Commercial Bank","brand:th":"ธนาคารไทยพาณิชย์","brand:wikidata":"Q2038986","building":"commercial","building:levels":"5","name":"ธนาคารไทยพาณิชย์","name:en":"Siam Commercial Bank","name:th":"ธนาคารไทยพาณิชย์","@type":"way","@id":1220217174},"geometry":{"type":"Point","coordinates":[100.5374824,13.7217382]}},{"type":"Feature","id":1220700323,"properties":{"addr:district":"ปทุมวัน","addr:housenumber":"1529;1531","addr:postcode":"10330","addr:province":"กรุงเทพมหานคร","addr:street":"ถนนพระรามที่ 4","addr:subdistrict":"วังใหม่","amenity":"bank","brand":"ธนาคารออมสิน","brand:en":"Government Savings Bank","brand:th":"ธนาคารออมสิน","brand:wikidata":"Q6579041","building":"yes","building:levels":"3","height":"8","name":"ธนาคารออมสิน","name:en":"Government Savings Bank","name:th":"ธนาคารออมสิน","@type":"way","@id":1220700323},"geometry":{"type":"Point","coordinates":[100.5267341,13.7339009]}},{"type":"Feature","id":1222804948,"properties":{"addr:district":"ยานนาวา","addr:postcode":"10120","addr:province":"กรุงเทพมหานคร","addr:subdistrict":"ช่องนนทรี","amenity":"bank","brand":"ธนาคารกรุงไทย","brand:en":"Krung Thai Bank","brand:th":"ธนาคารกรุงไทย","brand:wikidata":"Q962865","building":"yes","building:levels":"5","name":"ธนาคารกรุงไทย","name:en":"Krung Thai Bank","name:th":"ธนาคารกรุงไทย","@type":"way","@id":1222804948},"geometry":{"type":"Point","coordinates":[100.5426827,13.7093061]}},{"type":"Feature","id":1222804950,"properties":{"addr:district":"ยานนาวา","addr:postcode":"10120","addr:province":"กรุงเทพมหานคร","addr:subdistrict":"ช่องนนทรี","amenity":"bank","atm":"yes","branch":"นางลิ้นจี่","brand":"กรุงศรี","brand:th":"กรุงศรี","brand:wikidata":"Q782537","building":"commercial","building:levels":"5","drive_through":"no","name":"กรุงศรี","name:th":"กรุงศรี","opening_hours":"Mo-Fr 09:00-18:00","@type":"way","@id":1222804950},"geometry":{"type":"Point","coordinates":[100.5428397,13.7090024]}},{"type":"Feature","id":1224993829,"properties":{"addr:district":"ยานนาวา","addr:postcode":"10120","addr:province":"กรุงเทพมหานคร","addr:subdistrict":"ช่องนนทรี","amenity":"bank","brand":"ธนาคารทหารไทย","brand:en":"TMBThanachart Bank","brand:th":"ธนาคารทหารไทย","brand:wikidata":"Q1527826","building":"yes","building:levels":"5","name":"ธนาคารทหารไทย","name:en":"TMBThanachart Bank","name:th":"ธนาคารทหารไทย","short_name":"ttb","@type":"way","@id":1224993829},"geometry":{"type":"Point","coordinates":[100.5453443,13.699472]}},{"type":"Feature","id":1225237204,"properties":{"addr:district":"ปทุมวัน","addr:postcode":"10330","addr:province":"กรุงเทพมหานคร","addr:subdistrict":"ปทุมวัน","amenity":"bank","brand":"ธนาคารกรุงไทย","brand:en":"Krung Thai Bank","brand:th":"ธนาคารกรุงไทย","brand:wikidata":"Q962865","building":"commercial","name":"ธนาคารกรุงไทย","name:en":"Krung Thai Bank","name:th":"ธนาคารกรุงไทย","@type":"way","@id":1225237204},"geometry":{"type":"Point","coordinates":[100.5353752,13.7444324]}},{"type":"Feature","id":1227028428,"properties":{"addr:district":"สัมพันธวงศ์","addr:housenumber":"34-37","addr:postcode":"10100","addr:province":"กรุงเทพมหานคร","addr:street":"ถนนลำพูนไชย","addr:subdistrict":"ตลาดน้อย","amenity":"bank","brand":"UOB","brand:wikidata":"Q2064074","brand:zh":"大华银行","building":"yes","building:levels":"5","name":"UOB","name:en":"UOB","name:zh":"大华银行","@type":"way","@id":1227028428},"geometry":{"type":"Point","coordinates":[100.5127004,13.739801]}},{"type":"Feature","id":1228628409,"properties":{"amenity":"bank","building":"yes","name":"Kommon By KBank+","@type":"way","@id":1228628409},"geometry":{"type":"Point","coordinates":[100.6023249,14.0751326]}},{"type":"Feature","id":1230814098,"properties":{"addr:district":"บางรัก","addr:district:en":"Bang Rak","addr:district:th":"บางรัก","addr:housenumber":"16/4","addr:postcode":"10500","addr:province":"กรุงเทพมหานคร","addr:street":"ถนนสาทรเหนือ","addr:subdistrict":"สีลม","amenity":"bank","branch":"ถนนสาทร","brand":"ธนาคารกสิกรไทย","brand:en":"Kasikornbank","brand:th":"ธนาคารกสิกรไทย","brand:wikidata":"Q276557","building":"yes","building:levels":"5","name":"ธนาคารกสิกรไทย","name:en":"Kasikornbank","name:th":"ธนาคารกสิกรไทย","opening_hours":"Mo-Fr 08:30-15:30","@type":"way","@id":1230814098},"geometry":{"type":"Point","coordinates":[100.5418923,13.725629]}},{"type":"Feature","id":1231407632,"properties":{"amenity":"bank","brand":"ธนาคารกสิกรไทย","brand:en":"Kasikornbank","brand:th":"ธนาคารกสิกรไทย","brand:wikidata":"Q276557","building":"yes","name":"ธนาคารกสิกรไทย","name:en":"Kasikornbank","name:th":"ธนาคารกสิกรไทย","@type":"way","@id":1231407632},"geometry":{"type":"Point","coordinates":[100.5978015,13.5896286]}},{"type":"Feature","id":1231407642,"properties":{"amenity":"bank","brand":"ธนาคารกสิกรไทย","brand:en":"Kasikornbank","brand:th":"ธนาคารกสิกรไทย","brand:wikidata":"Q276557","building:part":"yes","name":"ธนาคารกสิกรไทย","name:en":"Kasikornbank","name:th":"ธนาคารกสิกรไทย","@type":"way","@id":1231407642},"geometry":{"type":"Point","coordinates":[100.5972183,13.5932181]}},{"type":"Feature","id":1231706565,"properties":{"amenity":"bank","brand":"ธนาคารไทยพาณิชย์","brand:en":"Siam Commercial Bank","brand:th":"ธนาคารไทยพาณิชย์","brand:wikidata":"Q2038986","building:part":"yas","name":"ธนาคารไทยพาณิชย์","name:en":"Siam Commercial Bank","name:th":"ธนาคารไทยพาณิชย์","@type":"way","@id":1231706565},"geometry":{"type":"Point","coordinates":[100.5969131,13.5934379]}},{"type":"Feature","id":1232561057,"properties":{"addr:district":"บางรัก","addr:housenumber":"1231","addr:postcode":"10500","addr:province":"กรุงเทพมหานคร","addr:street":"ถนนเจริญกรุง","addr:subdistrict":"สุริยวงศ์","amenity":"bank","atm":"yes","branch":"บางรัก","brand":"ธนาคารออมสิน","brand:en":"Government Savings Bank","brand:th":"ธนาคารออมสิน","brand:wikidata":"Q6579041","building":"commercial","name":"ธนาคารออมสิน","name:en":"Government Savings Bank","name:th":"ธนาคารออมสิน","@type":"way","@id":1232561057},"geometry":{"type":"Point","coordinates":[100.5166689,13.7243935]}},{"type":"Feature","id":1232561060,"properties":{"addr:district":"บางรัก","addr:housenumber":"1235","addr:postcode":"10500","addr:province":"กรุงเทพมหานคร","addr:street":"ถนนเจริญกรุง","addr:subdistrict":"สุริยวงศ์","amenity":"bank","brand":"ธนาคารกรุงเทพ","brand:en":"Bangkok Bank","brand:th":"ธนาคารกรุงเทพ","brand:wikidata":"Q806483","building":"commercial","name":"ธนาคารกรุงเทพ","name:en":"Bangkok Bank","name:th":"ธนาคารกรุงเทพ","@type":"way","@id":1232561060},"geometry":{"type":"Point","coordinates":[100.5165999,13.7242114]}},{"type":"Feature","id":1236560538,"properties":{"addr:district":"บางคอแหลม","addr:postcode":"10120","addr:province":"กรุงเทพมหานคร","addr:subdistrict":"บางโคล่","amenity":"bank","brand":"ธนาคารไทยพาณิชย์","brand:en":"Siam Commercial Bank","brand:th":"ธนาคารไทยพาณิชย์","brand:wikidata":"Q2038986","building":"yes","name":"ธนาคารไทยพาณิชย์","name:en":"Siam Commercial Bank","name:th":"ธนาคารไทยพาณิชย์","@type":"way","@id":1236560538},"geometry":{"type":"Point","coordinates":[100.5137176,13.689325]}},{"type":"Feature","id":1241296564,"properties":{"addr:district":"สัมพันธวงศ์","addr:postcode":"10100","addr:province":"กรุงเทพมหานคร","addr:subdistrict":"สัมพันธวงศ์","alt_name":"ธนาคารกรุงศรีอยุธยา","alt_name:en":"Bank of Ayudhya","amenity":"bank","atm":"yes","brand":"กรุงศรี","brand:en":"Krungsri","brand:th":"กรุงศรี","brand:wikidata":"Q782537","building":"yes","name":"กรุงศรี","name:en":"Krungsri","name:th":"กรุงศรี","@type":"way","@id":1241296564},"geometry":{"type":"Point","coordinates":[100.5122923,13.7389426]}},{"type":"Feature","id":1241671469,"properties":{"amenity":"bank","brand":"ธนาคารไทยพาณิชย์","brand:en":"Siam Commercial Bank","brand:th":"ธนาคารไทยพาณิชย์","brand:wikidata":"Q2038986","building":"yes","name":"ธนาคารไทยพาณิชย์","name:en":"Siam Commercial Bank","name:th":"ธนาคารไทยพาณิชย์","@type":"way","@id":1241671469},"geometry":{"type":"Point","coordinates":[100.6016144,13.8845541]}},{"type":"Feature","id":1243160499,"properties":{"addr:district":"บางคอแหลม","addr:postcode":"10120","addr:province":"กรุงเทพมหานคร","addr:subdistrict":"บางโคล่","amenity":"bank","branch":"สาธุประดิษฐ์","brand":"ธนาคารกสิกรไทย","brand:en":"Kasikornbank","brand:th":"ธนาคารกสิกรไทย","brand:wikidata":"Q276557","building":"yes","name":"ธนาคารกสิกรไทย","name:en":"Kasikornbank","name:th":"ธนาคารกสิกรไทย","@type":"way","@id":1243160499},"geometry":{"type":"Point","coordinates":[100.5303124,13.7011529]}},{"type":"Feature","id":1244976826,"properties":{"addr:district":"วัฒนา","addr:postcode":"10110","addr:province":"กรุงเทพมหานคร","addr:subdistrict":"คลองเตยเหนือ","amenity":"bank","brand":"ธนาคารทหารไทย","brand:en":"TMBThanachart Bank","brand:th":"ธนาคารทหารไทย","brand:wikidata":"Q1527826","building":"yes","name":"ธนาคารทหารไทย","name:en":"TMBThanachart Bank","name:th":"ธนาคารทหารไทย","short_name":"ttb","@type":"way","@id":1244976826},"geometry":{"type":"Point","coordinates":[100.5535968,13.7420369]}},{"type":"Feature","id":1253826109,"properties":{"addr:district":"สาทร","addr:housenumber":"1032/7-8","addr:postcode":"10120","addr:province":"กรุงเทพมหานคร","addr:street":"ถนนพระรามที่ 4","addr:subdistrict":"ทุ่งมหาเมฆ","amenity":"bank","atm":"yes","building":"yes","building:levels":"3","name":"ธนาคารเกียรตินาคิน","name:en":"Kiatnakin Bank","name:th":"ธนาคารเกียรตินาคิน","@type":"way","@id":1253826109},"geometry":{"type":"Point","coordinates":[100.5481884,13.7244374]}},{"type":"Feature","id":1273249670,"properties":{"amenity":"bank","building":"school","name":"ธนาคารโรงเรียน","name:th":"ธนาคารโรงเรียน","@type":"way","@id":1273249670},"geometry":{"type":"Point","coordinates":[100.3550416,13.7735348]}},{"type":"Feature","id":1284589946,"properties":{"addr:district":"สัมพันธวงศ์","addr:postcode":"10100","addr:province":"กรุงเทพมหานคร","addr:subdistrict":"ตลาดน้อย","amenity":"bank","atm":"yes","brand":"ธนาคารกรุงเทพ","brand:en":"Bangkok Bank","brand:th":"ธนาคารกรุงเทพ","brand:wikidata":"Q806483","building":"commercial","building:levels":"3","drive_through":"no","name":"ธนาคารกรุงเทพ","name:en":"Bangkok Bank","name:th":"ธนาคารกรุงเทพ","@type":"way","@id":1284589946},"geometry":{"type":"Point","coordinates":[100.5140926,13.733802]}},{"type":"Feature","id":1285921517,"properties":{"amenity":"bank","brand":"ธนาคารออมสิน","brand:en":"Government Savings Bank","brand:th":"ธนาคารออมสิน","brand:wikidata":"Q6579041","building":"yes","name":"ธนาคารออมสิน","name:en":"Government Savings Bank","name:th":"ธนาคารออมสิน","@type":"way","@id":1285921517},"geometry":{"type":"Point","coordinates":[100.596371,13.6488036]}},{"type":"Feature","id":1299830874,"properties":{"amenity":"bank","brand":"ธนาคารกรุงไทย","brand:en":"Krung Thai Bank","brand:th":"ธนาคารกรุงไทย","brand:wikidata":"Q962865","building":"yes","name":"ธนาคารกรุงไทย","name:en":"Krung Thai Bank","name:th":"ธนาคารกรุงไทย","@type":"way","@id":1299830874},"geometry":{"type":"Point","coordinates":[100.6184506,13.6317564]}},{"type":"Feature","id":1302722083,"properties":{"addr:district":"สัมพันธวงศ์","addr:housenumber":"772;774","addr:postcode":"10100","addr:province":"กรุงเทพมหานคร","addr:street":"ถนนเจริญกรุง","addr:subdistrict":"สัมพันธวงศ์","amenity":"bank","brand":"UOB","brand:wikidata":"Q2064074","brand:zh":"大华银行","building":"commercial","name":"UOB","name:zh":"大华银行","@type":"way","@id":1302722083},"geometry":{"type":"Point","coordinates":[100.5132171,13.7367339]}},{"type":"Feature","id":1322088633,"properties":{"addr:district":"ดินแดง","addr:postcode":"10400","addr:province":"กรุงเทพมหานคร","addr:subdistrict":"ดินแดง","amenity":"bank","brand":"ธนาคารออมสิน","brand:en":"Government Savings Bank","brand:th":"ธนาคารออมสิน","brand:wikidata":"Q6579041","building":"yes","building:levels":"2","name":"ธนาคารออมสิน","name:en":"Government Savings Bank","name:th":"ธนาคารออมสิน","@type":"way","@id":1322088633},"geometry":{"type":"Point","coordinates":[100.5490906,13.7636443]}},{"type":"Feature","id":1324057352,"properties":{"addr:district":"ดินแดง","addr:postcode":"10400","addr:province":"กรุงเทพมหานคร","addr:street":"ถนนประชาสงเคราะห์","addr:subdistrict":"ดินแดง","amenity":"bank","brand":"ธนาคารกรุงไทย","brand:en":"Krung Thai Bank","brand:th":"ธนาคารกรุงไทย","brand:wikidata":"Q962865","building":"commercial","building:levels":"6","name":"ธนาคารกรุงไทย","name:en":"Krung Thai Bank","name:th":"ธนาคารกรุงไทย","@type":"way","@id":1324057352},"geometry":{"type":"Point","coordinates":[100.5682021,13.777646]}},{"type":"Feature","id":1324057353,"properties":{"addr:district":"ดินแดง","addr:housenumber":"4569/32-33","addr:postcode":"10400","addr:province":"กรุงเทพมหานคร","addr:street":"ถนนประชาสงเคราะห์","addr:subdistrict":"ดินแดง","amenity":"bank","atm":"yes","brand":"ธนาคารไทยพาณิชย์","brand:en":"Siam Commercial Bank","brand:th":"ธนาคารไทยพาณิชย์","brand:wikidata":"Q2038986","building":"commercial","building:levels":"6","name":"ธนาคารไทยพาณิชย์","name:en":"Siam Commercial Bank","name:th":"ธนาคารไทยพาณิชย์","@type":"way","@id":1324057353},"geometry":{"type":"Point","coordinates":[100.5682165,13.7777597]}},{"type":"Feature","id":1324057362,"properties":{"addr:district":"ดินแดง","addr:postcode":"10400","addr:province":"กรุงเทพมหานคร","addr:street":"ถนนประชาสงเคราะห์","addr:subdistrict":"ดินแดง","amenity":"bank","building":"commercial","building:levels":"6","name":"ธนาคารไทยเครดิต","name:th":"ธนาคารไทยเครดิต","@type":"way","@id":1324057362},"geometry":{"type":"Point","coordinates":[100.5682343,13.7780785]}},{"type":"Feature","id":1324319274,"properties":{"amenity":"bank","atm":"yes","brand":"ธนาคารทหารไทย","brand:en":"TMBThanachart Bank","brand:th":"ธนาคารทหารไทย","brand:wikidata":"Q1527826","building":"yes","drive_through":"no","name":"ธนาคารทหารไทย","name:en":"TMBThanachart Bank","name:th":"ธนาคารทหารไทย","short_name":"ttb","@type":"way","@id":1324319274},"geometry":{"type":"Point","coordinates":[100.4869717,13.7094783]}},{"type":"Feature","id":1331909259,"properties":{"addr:district":"ดินแดง","addr:postcode":"10400","addr:province":"กรุงเทพมหานคร","addr:subdistrict":"ดินแดง","amenity":"bank","brand":"ธนาคารกรุงเทพ","brand:en":"Bangkok Bank","brand:th":"ธนาคารกรุงเทพ","brand:wikidata":"Q806483","building":"yes","name":"ธนาคารกรุงเทพ","name:en":"Bangkok Bank","name:th":"ธนาคารกรุงเทพ","@type":"way","@id":1331909259},"geometry":{"type":"Point","coordinates":[100.5595193,13.7568672]}},{"type":"Feature","id":1334181374,"properties":{"addr:district":"ทุ่งครุ","addr:postcode":"10140","addr:province":"กรุงเทพมหานคร","amenity":"bank","brand":"ธนาคารกรุงเทพ","brand:en":"Bangkok Bank","brand:th":"ธนาคารกรุงเทพ","brand:wikidata":"Q806483","building":"yes","name":"ธนาคารกรุงเทพ","name:en":"Bangkok Bank","name:th":"ธนาคารกรุงเทพ","@type":"way","@id":1334181374},"geometry":{"type":"Point","coordinates":[100.4964085,13.6507212]}},{"type":"Feature","id":1345183613,"properties":{"amenity":"bank","atm":"yes","branch":"ถนนนวลจันทร์","brand":"ธนาคารไทยพาณิชย์","brand:en":"Siam Commercial Bank","brand:th":"ธนาคารไทยพาณิชย์","brand:wikidata":"Q2038986","building":"yes","name":"ธนาคารไทยพาณิชย์","name:en":"Siam Commercial Bank","name:th":"ธนาคารไทยพาณิชย์","@type":"way","@id":1345183613},"geometry":{"type":"Point","coordinates":[100.6387525,13.8296748]}},{"type":"Feature","id":1346644868,"properties":{"addr:district":"ยานนาวา","addr:postcode":"10120","addr:province":"กรุงเทพมหานคร","addr:subdistrict":"ช่องนนทรี","amenity":"bank","brand":"ธนาคารกรุงเทพ","brand:en":"Bangkok Bank","brand:th":"ธนาคารกรุงเทพ","brand:wikidata":"Q806483","building":"yes","building:levels":"12","name":"ธนาคารกรุงเทพ","name:en":"Bangkok Bank","name:th":"ธนาคารกรุงเทพ","@type":"way","@id":1346644868},"geometry":{"type":"Point","coordinates":[100.5497838,13.6899304]}},{"type":"Feature","id":1347055126,"properties":{"addr:district":"คลองเตย","addr:housename":"ธนาคารกรุงเทพ จำกัดมหาชน(สาขาบางกะปิ)","addr:housenumber":"182","addr:postcode":"10110","addr:province":"กรุงเทพมหานคร","addr:street":"ถนนสุขุมวิท","addr:subdistrict":"คลองเตย","amenity":"bank","atm":"yes","branch":"บางกระปิ","brand":"ธนาคารกรุงเทพ","brand:en":"Bangkok Bank","brand:th":"ธนาคารกรุงเทพ","brand:wikidata":"Q806483","building":"commercial","check_date":"2026-03-26","name":"ธนาคารกรุงเทพ","name:en":"Bangkok Bank","name:ja":"バンコク銀行","name:th":"ธนาคารกรุงเทพ","opening_hours":"Mo-Fr 08:30-16:00","website":"https://www.bangkokbank.com/","@type":"way","@id":1347055126},"geometry":{"type":"Point","coordinates":[100.5567459,13.7393272]}},{"type":"Feature","id":1349586331,"properties":{"amenity":"bank","brand":"ธนาคารกสิกรไทย","brand:en":"Kasikornbank","brand:th":"ธนาคารกสิกรไทย","brand:wikidata":"Q276557","building":"yes","name":"ธนาคารกสิกรไทย","name:en":"Kasikornbank","name:th":"ธนาคารกสิกรไทย","@type":"way","@id":1349586331},"geometry":{"type":"Point","coordinates":[100.6491712,13.6179259]}},{"type":"Feature","id":1349586334,"properties":{"amenity":"bank","building":"yes","name":"ธนาคารกรุงศรีอยุธยา","@type":"way","@id":1349586334},"geometry":{"type":"Point","coordinates":[100.6476713,13.6183806]}},{"type":"Feature","id":1351729522,"properties":{"addr:district":"สะพานสูง","addr:postcode":"10240","addr:province":"กรุงเทพมหานคร","addr:subdistrict":"สะพานสูง","amenity":"bank","brand":"ธนาคารไทยพาณิชย์","brand:en":"Siam Commercial Bank","brand:th":"ธนาคารไทยพาณิชย์","brand:wikidata":"Q2038986","building":"yes","name":"ธนาคารไทยพาณิชย์","name:en":"Siam Commercial Bank","name:th":"ธนาคารไทยพาณิชย์","@type":"way","@id":1351729522},"geometry":{"type":"Point","coordinates":[100.6743999,13.7767893]}},{"type":"Feature","id":1370522231,"properties":{"amenity":"bank","atm":"yes","landuse":"commercial","name":"สำนักงานใหญ่ธนาคารออมสิน","name:en":"Government Savings Bank Head office","source":"local knowledge","wheelchair":"limited","@type":"way","@id":1370522231},"geometry":{"type":"Point","coordinates":[100.5494942,13.7874273]}},{"type":"Feature","id":1370583962,"properties":{"addr:district":"พญาไท","addr:housenumber":"400/22","addr:postcode":"10400","addr:province":"กรุงเทพมหานคร","addr:street":"ถนนพหลโยธิน","addr:subdistrict":"สามเสนใน","amenity":"bank","branch":"พหลโยธิน","brand":"ธนาคารกสิกรไทย","brand:en":"Kasikornbank","brand:th":"ธนาคารกสิกรไทย","brand:wikidata":"Q276557","building":"commercial","building:levels":"20","name":"ธนาคารกสิกรไทย","name:en":"Kasikornbank","name:th":"ธนาคารกสิกรไทย","@type":"way","@id":1370583962},"geometry":{"type":"Point","coordinates":[100.545857,13.7816953]}},{"type":"Feature","id":1382638090,"properties":{"amenity":"bank","brand":"ธนาคารกรุงไทย","brand:en":"Krung Thai Bank","brand:th":"ธนาคารกรุงไทย","brand:wikidata":"Q962865","building":"yes","name":"ธนาคารกรุงไทย","name:en":"Krung Thai Bank","name:th":"ธนาคารกรุงไทย","@type":"way","@id":1382638090},"geometry":{"type":"Point","coordinates":[100.4954022,13.742787]}},{"type":"Feature","id":1423496239,"properties":{"addr:district":"สัมพันธวงศ์","addr:postcode":"10100","addr:province":"กรุงเทพมหานคร","addr:street":"ซอยเจริญกรุง 27","addr:subdistrict":"ตลาดน้อย","amenity":"bank","brand":"ธนาคารกสิกรไทย","brand:en":"Kasikornbank","brand:th":"ธนาคารกสิกรไทย","brand:wikidata":"Q276557","building":"commercial","building:levels":"5","name":"ธนาคารกสิกรไทย","name:en":"Kasikornbank","name:th":"ธนาคารกสิกรไทย","@type":"way","@id":1423496239},"geometry":{"type":"Point","coordinates":[100.5134646,13.7369725]}},{"type":"Feature","id":1451105174,"properties":{"amenity":"bank","brand":"ธนาคารทหารไทย","brand:en":"TMBThanachart Bank","brand:th":"ธนาคารทหารไทย","brand:wikidata":"Q1527826","building":"yes","name":"ธนาคารทหารไทย","name:en":"TMBThanachart Bank","name:th":"ธนาคารทหารไทย","short_name":"ttb","@type":"way","@id":1451105174},"geometry":{"type":"Point","coordinates":[100.5128447,13.76797]}},{"type":"Feature","id":1451888128,"properties":{"addr:district":"พระนคร","addr:housenumber":"68","addr:postcode":"10200","addr:province":"กรุงเทพมหานคร","addr:street":"ซอยพระยาศรี","addr:subdistrict":"วัดราชบพิธ","amenity":"bank","brand":"ธนาคารกรุงไทย","brand:en":"Krung Thai Bank","brand:th":"ธนาคารกรุงไทย","brand:wikidata":"Q962865","building":"commercial","name":"ธนาคารกรุงไทย","name:en":"Krung Thai Bank","name:th":"ธนาคารกรุงไทย","@type":"way","@id":1451888128},"geometry":{"type":"Point","coordinates":[100.4976396,13.7482688]}},{"type":"Feature","id":1452376448,"properties":{"amenity":"bank","brand":"ธนาคารกรุงไทย","brand:en":"Krung Thai Bank","brand:th":"ธนาคารกรุงไทย","brand:wikidata":"Q962865","building":"yes","name":"ธนาคารกรุงไทย","name:en":"Krung Thai Bank","name:th":"ธนาคารกรุงไทย","@type":"way","@id":1452376448},"geometry":{"type":"Point","coordinates":[100.5448596,13.7795949]}},{"type":"Feature","id":1452383003,"properties":{"amenity":"bank","building":"commercial","building:levels":"9","name":"ธนาคารพัฒนาวิสาหกิจ","name:en":"Small and Medium Enterprise Development Bank of Thailand","name:th":"ธนาคารพัฒนาวิสาหกิจ","@type":"way","@id":1452383003},"geometry":{"type":"Point","coordinates":[100.544669,13.7783942]}},{"type":"Feature","id":1456682939,"properties":{"addr:district":"พระนคร","addr:housenumber":"391","addr:postcode":"10200","addr:province":"กรุงเทพมหานคร","addr:street":"ถนนตะนาว","addr:subdistrict":"เสาชิงช้า","amenity":"bank","branch":"ถนนตะนาว","brand":"ธนาคารกรุงเทพ","brand:en":"Bangkok Bank","brand:th":"ธนาคารกรุงเทพ","brand:wikidata":"Q806483","building":"commercial","building:levels":"3","name":"ธนาคารกรุงเทพ","name:en":"Bangkok Bank","name:th":"ธนาคารกรุงเทพ","phone":"+66 2221 8126 - 9","website":"https://www.bangkokbank.com","@type":"way","@id":1456682939},"geometry":{"type":"Point","coordinates":[100.4985869,13.7524767]}},{"type":"Feature","id":1520315868,"properties":{"addr:district":"เมืองสมุทรสาคร","addr:postcode":"74000","addr:province":"สมุทรสาคร","addr:street":"ถนนเศรษฐกิจ 1","addr:subdistrict":"มหาชัย","amenity":"bank","branch":"สมุทรสาคร","brand":"ธนาคารกสิกรไทย","brand:en":"Kasikornbank","brand:th":"ธนาคารกสิกรไทย","brand:wikidata":"Q276557","building":"yes","name":"ธนาคารกสิกรไทย","name:en":"Kasikornbank","name:th":"ธนาคารกสิกรไทย","@type":"way","@id":1520315868},"geometry":{"type":"Point","coordinates":[100.2735474,13.5509463]}},{"type":"Feature","id":1529025396,"properties":{"addr:district":"เมืองสมุทรสาคร","addr:postcode":"74000","addr:province":"สมุทรสาคร","amenity":"bank","brand":"ธนาคารกสิกรไทย","brand:en":"Kasikornbank","brand:th":"ธนาคารกสิกรไทย","brand:wikidata":"Q276557","building":"yes","name":"ธนาคารกสิกรไทย","name:en":"Kasikornbank","name:th":"ธนาคารกสิกรไทย","@type":"way","@id":1529025396},"geometry":{"type":"Point","coordinates":[100.2644181,13.5518439]}},{"type":"Feature","id":1540957709,"properties":{"addr:country":"ไทย","addr:district":"เมืองสมุทรสาคร","addr:postcode":"74000","addr:province":"สมุทรสาคร","addr:street":"ถนนเศรษฐกิจ 1","addr:subdistrict":"มหาชัย","alt_name:en":"Krungsri","amenity":"bank","brand":"กรุงศรี","brand:en":"Bank of Ayudhya","brand:th":"กรุงศรี","brand:wikidata":"Q782537","building":"yes","country":"Thailand","name":"กรุงศรี","name:en":"Bank of Ayudhya","name:th":"กรุงศรี","@type":"way","@id":1540957709},"geometry":{"type":"Point","coordinates":[100.2739368,13.5527949]}},{"type":"Feature","id":1540958825,"properties":{"addr:country":"Thailand","addr:district":"เมืองสมุทรสาคร","addr:postcode":"74000","addr:province":"สมุทรสาคร","addr:street":"ถนนเศรษฐกิจ 1","addr:subdistrict":"ท่าทราย","addr:subdistrict:en":"Tha Sai","alt_name":"ธนาคารกรุงศรีอยุธยา สาขาคลองครุ","alt_name:en":"Krungsri","amenity":"bank","brand":"กรุงศรี","brand:en":"Bank of Ayudhya","brand:th":"กรุงศรี","brand:wikidata":"Q782537","building":"yes","country":"Thailand","description":"ธนาคารกรุงศรีอยุธยา สาขาคลองครุ สมุทรสาคร","name":"กรุงศรี","name:en":"Bank of Ayudhya","name:th":"กรุงศรี","@type":"way","@id":1540958825},"geometry":{"type":"Point","coordinates":[100.272306,13.5730901]}},{"type":"Feature","id":1560744621,"properties":{"addr:district":"ป้อมปราบศัตรูพ่าย","addr:housenumber":"494;494/1-4","addr:postcode":"10100","addr:province":"กรุงเทพมหานคร","addr:subdistrict":"วัดเทพศิรินทร์","alt_name:en":"Krungsri","amenity":"bank","branch":"สวนมะลิ","brand":"กรุงศรี","brand:en":"Bank of Ayudhya","brand:th":"กรุงศรี","brand:wikidata":"Q782537","building":"house","building:levels":"4","house":"terraced","name":"กรุงศรี","name:en":"Bank of Ayudhya","name:th":"กรุงศรี","@type":"way","@id":1560744621},"geometry":{"type":"Point","coordinates":[100.5121494,13.7505273]}},{"type":"Feature","id":301322300,"properties":{"amenity":"atm","@type":"node","@id":301322300},"geometry":{"type":"Point","coordinates":[100.8853954,12.9360421]}},{"type":"Feature","id":301322307,"properties":{"amenity":"atm","brand":"ธนาคารกรุงเทพ","brand:en":"Bangkok Bank","brand:th":"ธนาคารกรุงเทพ","brand:wikidata":"Q806483","name:en":"Bangkok Bank","name:th":"ธนาคารกรุงเทพ","operator":"ธนาคารกรุงเทพ","operator:wikidata":"Q806483","@type":"node","@id":301322307},"geometry":{"type":"Point","coordinates":[100.8845885,12.9353872]}},{"type":"Feature","id":301331640,"properties":{"amenity":"atm","brand":"ธนาคารไทยพาณิชย์","brand:en":"Siam Commercial Bank","brand:th":"ธนาคารไทยพาณิชย์","brand:wikidata":"Q2038986","name":"Siam Commercial Bank","name:en":"Siam Commercial Bank","name:th":"ธนาคารไทยพาณิชย์","operator":"ธนาคารไทยพาณิชย์","operator:wikidata":"Q2038986","@type":"node","@id":301331640},"geometry":{"type":"Point","coordinates":[100.8803688,12.9326445]}},{"type":"Feature","id":301552686,"properties":{"amenity":"atm","brand":"ธนาคารกสิกรไทย","brand:en":"Kasikornbank","brand:th":"ธนาคารกสิกรไทย","brand:wikidata":"Q276557","name":"Kasikorn Bank","name:en":"Kasikornbank","name:th":"ธนาคารกสิกรไทย","operator":"ธนาคารกสิกรไทย","operator:wikidata":"Q276557","@type":"node","@id":301552686},"geometry":{"type":"Point","coordinates":[100.8881524,12.9431446]}},{"type":"Feature","id":301552689,"properties":{"amenity":"atm","name":"Siam City Bank","operator":"Siam City Bank","@type":"node","@id":301552689},"geometry":{"type":"Point","coordinates":[100.8882209,12.9438257]}},{"type":"Feature","id":301552691,"properties":{"amenity":"atm","brand":"ธนาคารทหารไทย","brand:en":"TMBThanachart Bank","brand:th":"ธนาคารทหารไทย","brand:wikidata":"Q1527826","name":"TMB","name:en":"TMBThanachart Bank","name:th":"ธนาคารทหารไทย","operator":"ธนาคารทหารไทย","operator:wikidata":"Q1527826","short_name":"ttb","@type":"node","@id":301552691},"geometry":{"type":"Point","coordinates":[100.8883935,12.944272]}},{"type":"Feature","id":301552692,"properties":{"amenity":"atm","brand":"ธนาคารไทยพาณิชย์","brand:en":"Siam Commercial Bank","brand:th":"ธนาคารไทยพาณิชย์","brand:wikidata":"Q2038986","name":"Siam Commercial Bank","name:en":"Siam Commercial Bank","name:th":"ธนาคารไทยพาณิชย์","operator":"ธนาคารไทยพาณิชย์","operator:wikidata":"Q2038986","@type":"node","@id":301552692},"geometry":{"type":"Point","coordinates":[100.8884545,12.9444855]}},{"type":"Feature","id":301561800,"properties":{"amenity":"bank","atm":"yes","brand":"ธนาคารกรุงไทย","brand:en":"Krung Thai Bank","brand:th":"ธนาคารกรุงไทย","brand:wikidata":"Q962865","name":"ธนาคารกรุงไทย","name:en":"Krung Thai Bank","name:th":"ธนาคารกรุงไทย","opening_hours":"Mo-Su 11:00-20:00","@type":"node","@id":301561800},"geometry":{"type":"Point","coordinates":[100.8891888,12.945226]}},{"type":"Feature","id":301561811,"properties":{"amenity":"atm","brand":"ธนาคารกสิกรไทย","brand:en":"Kasikornbank","brand:th":"ธนาคารกสิกรไทย","brand:wikidata":"Q276557","name":"Kasikorn Bank","name:en":"Kasikornbank","name:th":"ธนาคารกสิกรไทย","operator":"ธนาคารกสิกรไทย","operator:wikidata":"Q276557","wheelchair":"no","@type":"node","@id":301561811},"geometry":{"type":"Point","coordinates":[100.8889103,12.9456601]}},{"type":"Feature","id":301561822,"properties":{"amenity":"atm","brand":"ธนาคารไทยพาณิชย์","brand:en":"Siam Commercial Bank","brand:th":"ธนาคารไทยพาณิชย์","brand:wikidata":"Q2038986","name":"Siam Commercial Bank","name:en":"Siam Commercial Bank","name:th":"ธนาคารไทยพาณิชย์","operator":"ธนาคารไทยพาณิชย์","operator:wikidata":"Q2038986","wheelchair":"yes","@type":"node","@id":301561822},"geometry":{"type":"Point","coordinates":[100.8901051,12.9460944]}},{"type":"Feature","id":301561836,"properties":{"amenity":"atm","brand":"กรุงศรี","brand:en":"Bank of Ayudhya","brand:th":"กรุงศรี","brand:wikidata":"Q782537","name":"Bank of Ayudhya","operator":"กรุงศรี","operator:wikidata":"Q782537","@type":"node","@id":301561836},"geometry":{"type":"Point","coordinates":[100.8887928,12.9464246]}},{"type":"Feature","id":301561868,"properties":{"amenity":"atm","operator":"KTB","@type":"node","@id":301561868},"geometry":{"type":"Point","coordinates":[100.8889631,12.9477051]}},{"type":"Feature","id":301764160,"properties":{"amenity":"atm","brand":"ธนาคารกรุงเทพ","brand:en":"Bangkok Bank","brand:th":"ธนาคารกรุงเทพ","brand:wikidata":"Q806483","cash_in":"yes","name":"Bangkok Bank","name:en":"Bangkok Bank","name:th":"ธนาคารกรุงเทพ","operator":"ธนาคารกรุงเทพ","operator:wikidata":"Q806483","@type":"node","@id":301764160},"geometry":{"type":"Point","coordinates":[100.8848622,12.9428048]}},{"type":"Feature","id":301764271,"properties":{"amenity":"atm","brand":"ธนาคารกสิกรไทย","brand:en":"Kasikornbank","brand:th":"ธนาคารกสิกรไทย","brand:wikidata":"Q276557","name:en":"Kasikornbank","name:th":"ธนาคารกสิกรไทย","operator":"ธนาคารกสิกรไทย","operator:wikidata":"Q276557","@type":"node","@id":301764271},"geometry":{"type":"Point","coordinates":[100.8852162,12.9447652]}},{"type":"Feature","id":301764308,"properties":{"amenity":"atm","brand":"ธนาคารไทยพาณิชย์","brand:en":"Siam Commercial Bank","brand:th":"ธนาคารไทยพาณิชย์","brand:wikidata":"Q2038986","name:en":"Siam Commercial Bank","name:th":"ธนาคารไทยพาณิชย์","operator":"ธนาคารไทยพาณิชย์","operator:wikidata":"Q2038986","@type":"node","@id":301764308},"geometry":{"type":"Point","coordinates":[100.8850298,12.9451363]}},{"type":"Feature","id":301766476,"properties":{"amenity":"atm","brand":"ธนาคารไทยพาณิชย์","brand:en":"Siam Commercial Bank","brand:th":"ธนาคารไทยพาณิชย์","brand:wikidata":"Q2038986","name:en":"Siam Commercial Bank","name:th":"ธนาคารไทยพาณิชย์","operator":"ธนาคารไทยพาณิชย์","operator:wikidata":"Q2038986","@type":"node","@id":301766476},"geometry":{"type":"Point","coordinates":[100.8887519,12.9454579]}},{"type":"Feature","id":301771090,"properties":{"amenity":"atm","brand":"ธนาคารกรุงเทพ","brand:en":"Bangkok Bank","brand:th":"ธนาคารกรุงเทพ","brand:wikidata":"Q806483","name:en":"Bangkok Bank","name:th":"ธนาคารกรุงเทพ","operator":"ธนาคารกรุงเทพ","operator:wikidata":"Q806483","@type":"node","@id":301771090},"geometry":{"type":"Point","coordinates":[100.8848998,12.9465862]}},{"type":"Feature","id":301771091,"properties":{"amenity":"atm","brand":"ธนาคารทหารไทย","brand:en":"TMBThanachart Bank","brand:th":"ธนาคารทหารไทย","brand:wikidata":"Q1527826","name:en":"TMBThanachart Bank","name:th":"ธนาคารทหารไทย","operator":"ธนาคารทหารไทย","operator:wikidata":"Q1527826","short_name":"ttb","@type":"node","@id":301771091},"geometry":{"type":"Point","coordinates":[100.8849848,12.9465885]}},{"type":"Feature","id":301771161,"properties":{"amenity":"atm","operator":"Siam City Bank","@type":"node","@id":301771161},"geometry":{"type":"Point","coordinates":[100.8849445,12.9473786]}},{"type":"Feature","id":301775187,"properties":{"amenity":"atm","operator":"Siam City Bank","@type":"node","@id":301775187},"geometry":{"type":"Point","coordinates":[100.8794187,12.9304258]}},{"type":"Feature","id":301775269,"properties":{"amenity":"atm","@type":"node","@id":301775269},"geometry":{"type":"Point","coordinates":[100.879443,12.9298032]}},{"type":"Feature","id":301775270,"properties":{"amenity":"atm","operator":"Bank of Ayudhya","@type":"node","@id":301775270},"geometry":{"type":"Point","coordinates":[100.8791946,12.930116]}},{"type":"Feature","id":301775274,"properties":{"amenity":"atm","check_date":"2023-11-24","operator":"KTB","@type":"node","@id":301775274},"geometry":{"type":"Point","coordinates":[100.8789198,12.9303022]}},{"type":"Feature","id":301775275,"properties":{"amenity":"atm","brand":"ธนาคารไทยพาณิชย์","brand:en":"Siam Commercial Bank","brand:th":"ธนาคารไทยพาณิชย์","brand:wikidata":"Q2038986","name:en":"Siam Commercial Bank","name:th":"ธนาคารไทยพาณิชย์","operator":"ธนาคารไทยพาณิชย์","operator:wikidata":"Q2038986","@type":"node","@id":301775275},"geometry":{"type":"Point","coordinates":[100.8788475,12.9302188]}},{"type":"Feature","id":301775277,"properties":{"amenity":"atm","brand":"UOB","brand:wikidata":"Q2064074","brand:zh":"大华银行","name:zh":"大华银行","operator":"UOB","operator:wikidata":"Q2064074","@type":"node","@id":301775277},"geometry":{"type":"Point","coordinates":[100.8787345,12.9302857]}},{"type":"Feature","id":301775283,"properties":{"amenity":"atm","brand":"ธนาคารทหารไทย","brand:en":"TMBThanachart Bank","brand:th":"ธนาคารทหารไทย","brand:wikidata":"Q1527826","name:en":"TMBThanachart Bank","name:th":"ธนาคารทหารไทย","operator":"ธนาคารทหารไทย","operator:wikidata":"Q1527826","short_name":"ttb","@type":"node","@id":301775283},"geometry":{"type":"Point","coordinates":[100.8780959,12.9301157]}},{"type":"Feature","id":301775317,"properties":{"amenity":"atm","brand":"ธนาคารไทยพาณิชย์","brand:en":"Siam Commercial Bank","brand:th":"ธนาคารไทยพาณิชย์","brand:wikidata":"Q2038986","name:en":"Siam Commercial Bank","name:th":"ธนาคารไทยพาณิชย์","operator":"ธนาคารไทยพาณิชย์","operator:wikidata":"Q2038986","@type":"node","@id":301775317},"geometry":{"type":"Point","coordinates":[100.8775573,12.9295374]}},{"type":"Feature","id":301775319,"properties":{"amenity":"atm","operator":"KTB","@type":"node","@id":301775319},"geometry":{"type":"Point","coordinates":[100.8783456,12.9280489]}},{"type":"Feature","id":301775337,"properties":{"amenity":"atm","brand":"ธนาคารกสิกรไทย","brand:en":"Kasikornbank","brand:th":"ธนาคารกสิกรไทย","brand:wikidata":"Q276557","name:en":"Kasikornbank","name:th":"ธนาคารกสิกรไทย","operator":"ธนาคารกสิกรไทย","operator:wikidata":"Q276557","@type":"node","@id":301775337},"geometry":{"type":"Point","coordinates":[100.8786863,12.9285434]}},{"type":"Feature","id":301775339,"properties":{"amenity":"atm","brand":"ธนาคารกรุงเทพ","brand:en":"Bangkok Bank","brand:th":"ธนาคารกรุงเทพ","brand:wikidata":"Q806483","name:en":"Bangkok Bank","name:th":"ธนาคารกรุงเทพ","operator":"ธนาคารกรุงเทพ","operator:wikidata":"Q806483","@type":"node","@id":301775339},"geometry":{"type":"Point","coordinates":[100.8786816,12.9285811]}},{"type":"Feature","id":301775341,"properties":{"amenity":"atm","brand":"ธนาคารไทยพาณิชย์","brand:en":"Siam Commercial Bank","brand:th":"ธนาคารไทยพาณิชย์","brand:wikidata":"Q2038986","name:en":"Siam Commercial Bank","name:th":"ธนาคารไทยพาณิชย์","operator":"ธนาคารไทยพาณิชย์","operator:wikidata":"Q2038986","@type":"node","@id":301775341},"geometry":{"type":"Point","coordinates":[100.878663,12.9286195]}},{"type":"Feature","id":303896252,"properties":{"amenity":"bank","atm":"yes","brand":"ธนาคารทหารไทย","brand:en":"TMBThanachart Bank","brand:th":"ธนาคารทหารไทย","brand:wikidata":"Q1527826","name":"ธนาคารทหารไทย","name:en":"TMBThanachart Bank","name:th":"ธนาคารทหารไทย","short_name":"ttb","@type":"node","@id":303896252},"geometry":{"type":"Point","coordinates":[100.8766993,12.9275577]}},{"type":"Feature","id":303896295,"properties":{"amenity":"atm","brand":"ธนาคารทหารไทย","brand:en":"TMBThanachart Bank","brand:th":"ธนาคารทหารไทย","brand:wikidata":"Q1527826","name:en":"TMBThanachart Bank","name:th":"ธนาคารทหารไทย","operator":"ธนาคารทหารไทย","operator:wikidata":"Q1527826","short_name":"ttb","@type":"node","@id":303896295},"geometry":{"type":"Point","coordinates":[100.8734155,12.9248971]}},{"type":"Feature","id":303896299,"properties":{"amenity":"bank","atm":"yes","brand":"ธนาคารกรุงเทพ","brand:en":"Bangkok Bank","brand:th":"ธนาคารกรุงเทพ","brand:wikidata":"Q806483","name":"ธนาคารกรุงเทพ","name:en":"Bangkok Bank","name:th":"ธนาคารกรุงเทพ","@type":"node","@id":303896299},"geometry":{"type":"Point","coordinates":[100.8733223,12.9247821]}},{"type":"Feature","id":303900295,"properties":{"amenity":"atm","check_date":"2023-11-24","@type":"node","@id":303900295},"geometry":{"type":"Point","coordinates":[100.8739638,12.9269069]}},{"type":"Feature","id":358317766,"properties":{"amenity":"atm","operator":"Kasikorn","@type":"node","@id":358317766},"geometry":{"type":"Point","coordinates":[100.8908978,12.940811]}},{"type":"Feature","id":358319702,"properties":{"amenity":"atm","@type":"node","@id":358319702},"geometry":{"type":"Point","coordinates":[100.8932512,12.9383244]}},{"type":"Feature","id":358325219,"properties":{"amenity":"bank","atm":"yes","name":"ธนาคารกรุงศรี","name:en":"Krungsri Bank","@type":"node","@id":358325219},"geometry":{"type":"Point","coordinates":[100.8929796,12.9363157]}},{"type":"Feature","id":358325243,"properties":{"addr:street":"พัทยากลาง","amenity":"atm","operator":"Siam City Bank","@type":"node","@id":358325243},"geometry":{"type":"Point","coordinates":[100.8885882,12.9360748]}},{"type":"Feature","id":411296372,"properties":{"amenity":"atm","operator":"Bank of Ayudhya","@type":"node","@id":411296372},"geometry":{"type":"Point","coordinates":[100.8767639,12.9230793]}},{"type":"Feature","id":411296373,"properties":{"amenity":"atm","@type":"node","@id":411296373},"geometry":{"type":"Point","coordinates":[100.8775765,12.922791]}},{"type":"Feature","id":415291978,"properties":{"addr:street":"พัทยาใต้","amenity":"bank","atm":"yes","brand":"กรุงศรีอยุธยา","brand:en":"Bank of Ayudaya","opening_hours":"Mo-Fr 08:30-16:30; PH off","operator":"ธนาคารกรุงศรีอยุธยา จำกัด (มหาชน)","@type":"node","@id":415291978},"geometry":{"type":"Point","coordinates":[100.8807872,12.9237709]}},{"type":"Feature","id":415291983,"properties":{"addr:street":"Pattaya Tai","amenity":"bank","atm":"yes","branch":"พัทยาใต้","brand":"ธนาคารกสิกรไทย","brand:en":"Kasikornbank","brand:th":"ธนาคารกสิกรไทย","brand:wikidata":"Q276557","brand:wikipedia":"en:Kasikornbank","email":"toeytotle2499@gmail.com","name":"ธนาคารกสิกรไทย","name:en":"Kasikornbank","name:th":"ธนาคารกสิกรไทย","opening_hours":"Mo-Fr 08:30-16:30","phone":"095 761 5934","@type":"node","@id":415291983},"geometry":{"type":"Point","coordinates":[100.8789891,12.9239654]}},{"type":"Feature","id":415291984,"properties":{"amenity":"atm","operator":"KTB","@type":"node","@id":415291984},"geometry":{"type":"Point","coordinates":[100.8774654,12.9247153]}},{"type":"Feature","id":554183518,"properties":{"amenity":"bank","atm":"yes","brand":"ธนาคารทหารไทย","brand:en":"TMBThanachart Bank","brand:th":"ธนาคารทหารไทย","brand:wikidata":"Q1527826","name":"ธนาคารทหารไทย","name:en":"TMBThanachart Bank","name:th":"ธนาคารทหารไทย","short_name":"ttb","@type":"node","@id":554183518},"geometry":{"type":"Point","coordinates":[100.8876002,12.9515439]}},{"type":"Feature","id":554200128,"properties":{"alt_name":"ธนาคารกรุงศรีอยุธยา","alt_name:en":"Bank of Ayudhya","amenity":"bank","atm":"yes","brand":"กรุงศรี","brand:en":"Krungsri","brand:th":"กรุงศรี","brand:wikidata":"Q782537","name":"กรุงศรี","name:en":"Krungsri","name:th":"กรุงศรี","opening_hours":"Mo-Fr 10:00-18:00; PH off","@type":"node","@id":554200128},"geometry":{"type":"Point","coordinates":[100.8917401,12.9571658]}},{"type":"Feature","id":618123348,"properties":{"amenity":"atm","@type":"node","@id":618123348},"geometry":{"type":"Point","coordinates":[101.4677792,12.5683238]}},{"type":"Feature","id":976303849,"properties":{"amenity":"bank","atm":"yes","brand":"ธนาคารกสิกรไทย","brand:en":"Kasikornbank","brand:th":"ธนาคารกสิกรไทย","brand:wikidata":"Q276557","name":"ธนาคารกสิกรไทย","name:en":"Kasikornbank","name:th":"ธนาคารกสิกรไทย","operator":"Kasikorn Bank","@type":"node","@id":976303849},"geometry":{"type":"Point","coordinates":[100.907113,12.9566877]}},{"type":"Feature","id":976303939,"properties":{"amenity":"bank","atm":"yes","brand":"ธนาคารกสิกรไทย","brand:en":"Kasikorn Bank","brand:th":"ธนาคารกสิกรไทย","name":"ธนาคารกสิกรไทย","name:en":"Kasikorn Bank","name:th":"ธนาคารกสิกรไทย","operator":"Kasikorn Bank","@type":"node","@id":976303939},"geometry":{"type":"Point","coordinates":[101.0017201,13.3502755]}},{"type":"Feature","id":1305807923,"properties":{"amenity":"atm","@type":"node","@id":1305807923},"geometry":{"type":"Point","coordinates":[101.1729569,13.4494157]}},{"type":"Feature","id":1306791899,"properties":{"amenity":"atm","@type":"node","@id":1306791899},"geometry":{"type":"Point","coordinates":[101.1806262,13.4444504]}},{"type":"Feature","id":1309103623,"properties":{"amenity":"atm","@type":"node","@id":1309103623},"geometry":{"type":"Point","coordinates":[101.1799363,13.4505356]}},{"type":"Feature","id":1549984331,"properties":{"amenity":"bank","atm":"yes","brand":"ธนาคารออมสิน","brand:en":"Government Savings Bank","brand:th":"ธนาคารออมสิน","brand:wikidata":"Q6579041","name":"ธนาคารออมสิน","name:en":"Government Savings Bank","name:th":"ธนาคารออมสิน","@type":"node","@id":1549984331},"geometry":{"type":"Point","coordinates":[100.8927025,12.9355481]}},{"type":"Feature","id":1550005671,"properties":{"amenity":"bank","atm":"yes","brand":"ธนาคารธนชาต","brand:en":"Thanachart Bank","brand:th":"ธนาคารธนชาต","name":"ธนาคารธนชาต","name:en":"Thanachart Bank","name:th":"ธนาคารธนชาต","@type":"node","@id":1550005671},"geometry":{"type":"Point","coordinates":[100.9015327,12.9495968]}},{"type":"Feature","id":1555088391,"properties":{"amenity":"atm","operator":"Kasikorn","@type":"node","@id":1555088391},"geometry":{"type":"Point","coordinates":[100.8843265,12.9403653]}},{"type":"Feature","id":1555101573,"properties":{"amenity":"atm","brand":"ธนาคารไทยพาณิชย์","brand:en":"Siam Commercial Bank","brand:th":"ธนาคารไทยพาณิชย์","brand:wikidata":"Q2038986","name:en":"Siam Commercial Bank","name:th":"ธนาคารไทยพาณิชย์","operator":"ธนาคารไทยพาณิชย์","operator:wikidata":"Q2038986","@type":"node","@id":1555101573},"geometry":{"type":"Point","coordinates":[100.883649,12.9383588]}},{"type":"Feature","id":1557049235,"properties":{"alt_name":"ธนาคารกรุงศรีอยุธยา","alt_name:en":"Bank of Ayudhya","amenity":"bank","atm":"yes","brand":"กรุงศรี","brand:en":"Krungsri","brand:th":"กรุงศรี","brand:wikidata":"Q782537","level":"0","name":"กรุงศรี","name:en":"Krungsri","name:th":"กรุงศรี","opening_hours":"Mo-Sa 10:00-19:00","@type":"node","@id":1557049235},"geometry":{"type":"Point","coordinates":[100.8812926,12.9297496]}},{"type":"Feature","id":1557049244,"properties":{"amenity":"bank","atm":"yes","brand":"ธนาคารกสิกรไทย","brand:en":"Kasikornbank","brand:th":"ธนาคารกสิกรไทย","brand:wikidata":"Q276557","level":"0","name":"ธนาคารกสิกรไทย","name:en":"Kasikornbank","name:th":"ธนาคารกสิกรไทย","opening_hours":"Mo-Su 11:00-19:00","@type":"node","@id":1557049244},"geometry":{"type":"Point","coordinates":[100.881125,12.9298319]}},{"type":"Feature","id":1557992132,"properties":{"amenity":"bank","atm":"yes","brand":"AEON","level":"0","name":"AEON","opening_hours":"Mo-Su 09:00-21:00","operator":"Aeon","@type":"node","@id":1557992132},"geometry":{"type":"Point","coordinates":[100.8934557,12.9516527]}},{"type":"Feature","id":1557993020,"properties":{"amenity":"atm","check_date":"2021-02-19","operator":"Aeon","wheelchair":"yes","@type":"node","@id":1557993020},"geometry":{"type":"Point","coordinates":[100.8942282,12.9351946]}},{"type":"Feature","id":1560368018,"properties":{"amenity":"atm","brand":"ธนาคารกสิกรไทย","brand:en":"Kasikornbank","brand:th":"ธนาคารกสิกรไทย","brand:wikidata":"Q276557","name:en":"Kasikornbank","name:th":"ธนาคารกสิกรไทย","operator":"ธนาคารกสิกรไทย","operator:wikidata":"Q276557","@type":"node","@id":1560368018},"geometry":{"type":"Point","coordinates":[100.8880924,12.934586]}},{"type":"Feature","id":1563465315,"properties":{"addr:street":"ถนนสุขุมวิท","amenity":"atm","operator":"Siam Commersial Bank","@type":"node","@id":1563465315},"geometry":{"type":"Point","coordinates":[100.8985866,12.9264205]}},{"type":"Feature","id":1574162965,"properties":{"amenity":"bank","brand":"Western Union","brand:wikidata":"Q861042","name":"Western Union","name:ja":"ウェスタンユニオン","website":"https://www.westernunion.co.th/","@type":"node","@id":1574162965},"geometry":{"type":"Point","coordinates":[100.8879213,12.9414306]}},{"type":"Feature","id":1574173730,"properties":{"amenity":"atm","operator":"Krungsri","@type":"node","@id":1574173730},"geometry":{"type":"Point","coordinates":[100.8886705,12.9439353]}},{"type":"Feature","id":1574176300,"properties":{"amenity":"bank","name":"Thanachart","@type":"node","@id":1574176300},"geometry":{"type":"Point","coordinates":[100.8901004,12.9454635]}},{"type":"Feature","id":1582180020,"properties":{"amenity":"atm","operator":"Kasikorn","@type":"node","@id":1582180020},"geometry":{"type":"Point","coordinates":[100.8892095,12.937213]}},{"type":"Feature","id":1600804786,"properties":{"alt_name":"United Overseas Bank","amenity":"bank","atm":"yes","brand":"UOB","brand:wikidata":"Q2064074","brand:zh":"大华银行","name":"UOB","name:zh":"大华银行","operator":"UOB","@type":"node","@id":1600804786},"geometry":{"type":"Point","coordinates":[100.8772511,12.9277988]}},{"type":"Feature","id":1600804788,"properties":{"amenity":"bank","brand":"Western Union","brand:wikidata":"Q861042","name":"Western Union","website":"https://www.westernunion.co.th/","@type":"node","@id":1600804788},"geometry":{"type":"Point","coordinates":[100.8743879,12.9271836]}},{"type":"Feature","id":1778738793,"properties":{"amenity":"atm","operator":"Kasikorn","@type":"node","@id":1778738793},"geometry":{"type":"Point","coordinates":[100.7759827,12.9243647]}},{"type":"Feature","id":1800657864,"properties":{"amenity":"bank","atm":"yes","name":"ธนาคารกรุงเทพ","@type":"node","@id":1800657864},"geometry":{"type":"Point","coordinates":[101.2812336,12.6817028]}},{"type":"Feature","id":1828578553,"properties":{"amenity":"bank","brand":"Western Union","brand:wikidata":"Q861042","name":"Western Union","website":"https://www.westernunion.co.th/","@type":"node","@id":1828578553},"geometry":{"type":"Point","coordinates":[100.8676867,12.8995171]}},{"type":"Feature","id":2104075352,"properties":{"amenity":"bank","atm":"yes","brand":"ธนาคารกรุงเทพ","brand:en":"Bangkok Bank","brand:th":"ธนาคารกรุงเทพ","brand:wikidata":"Q806483","name":"ธนาคารกรุงเทพ","name:en":"Bangkok Bank","name:th":"ธนาคารกรุงเทพ","@type":"node","@id":2104075352},"geometry":{"type":"Point","coordinates":[100.8770851,12.9292557]}},{"type":"Feature","id":2112052689,"properties":{"amenity":"atm","brand":"ธนาคารทหารไทย","brand:en":"TMBThanachart Bank","brand:th":"ธนาคารทหารไทย","brand:wikidata":"Q1527826","name:en":"TMBThanachart Bank","name:th":"ธนาคารทหารไทย","operator":"ธนาคารทหารไทย","operator:wikidata":"Q1527826","short_name":"ttb","@type":"node","@id":2112052689},"geometry":{"type":"Point","coordinates":[100.8796672,12.9318836]}},{"type":"Feature","id":2112052690,"properties":{"amenity":"atm","operator":"Sunnisukana","@type":"node","@id":2112052690},"geometry":{"type":"Point","coordinates":[100.8796866,12.9319017]}},{"type":"Feature","id":2231727126,"properties":{"amenity":"bank","name":"Siam Commercial Bank","@type":"node","@id":2231727126},"geometry":{"type":"Point","coordinates":[101.6506187,12.7826025]}},{"type":"Feature","id":2284307246,"properties":{"amenity":"bank","atm":"yes","brand":"ธนาคารไทยพาณิชย์","brand:en":"Siam Commercial Bank","brand:th":"ธนาคารไทยพาณิชย์","brand:wikidata":"Q2038986","brand:wikipedia":"en:Siam Commercial Bank","level":"0","name":"ธนาคารไทยพาณิชย์","name:en":"Siam Commercial Bank","name:th":"ธนาคารไทยพาณิชย์","opening_hours":"Mo-Su 11:00-19:00","@type":"node","@id":2284307246},"geometry":{"type":"Point","coordinates":[100.8945818,12.9346059]}},{"type":"Feature","id":2594856029,"properties":{"amenity":"atm","@type":"node","@id":2594856029},"geometry":{"type":"Point","coordinates":[100.9036499,12.9437938]}},{"type":"Feature","id":2594856037,"properties":{"amenity":"atm","operator":"Kasikorn","@type":"node","@id":2594856037},"geometry":{"type":"Point","coordinates":[100.9042448,12.9458142]}},{"type":"Feature","id":2594856038,"properties":{"amenity":"atm","brand":"ธนาคารกรุงเทพ","brand:en":"Bangkok Bank","brand:th":"ธนาคารกรุงเทพ","brand:wikidata":"Q806483","name:en":"Bangkok Bank","name:th":"ธนาคารกรุงเทพ","operator":"ธนาคารกรุงเทพ","operator:wikidata":"Q806483","@type":"node","@id":2594856038},"geometry":{"type":"Point","coordinates":[100.9042262,12.9458189]}},{"type":"Feature","id":2641813604,"properties":{"amenity":"atm","brand":"ธนาคารไทยพาณิชย์","brand:en":"Siam Commercial Bank","brand:th":"ธนาคารไทยพาณิชย์","brand:wikidata":"Q2038986","name:en":"Siam Commercial Bank","name:th":"ธนาคารไทยพาณิชย์","operator":"ธนาคารไทยพาณิชย์","operator:wikidata":"Q2038986","@type":"node","@id":2641813604},"geometry":{"type":"Point","coordinates":[100.896631,12.9063717]}},{"type":"Feature","id":2641813607,"properties":{"amenity":"atm","brand":"Kasikorn","@type":"node","@id":2641813607},"geometry":{"type":"Point","coordinates":[100.8965889,12.9063717]}},{"type":"Feature","id":2641813610,"properties":{"amenity":"atm","brand":"ธนาคารกรุงเทพ","brand:en":"Bangkok Bank","brand:th":"ธนาคารกรุงเทพ","brand:wikidata":"Q806483","name:en":"Bangkok Bank","name:th":"ธนาคารกรุงเทพ","operator":"ธนาคารกรุงเทพ","operator:wikidata":"Q806483","@type":"node","@id":2641813610},"geometry":{"type":"Point","coordinates":[100.8966124,12.9063714]}},{"type":"Feature","id":2642007335,"properties":{"amenity":"atm","brand":"ธนาคารกสิกรไทย","brand:en":"Kasikornbank","brand:th":"ธนาคารกสิกรไทย","brand:wikidata":"Q276557","operator":"ธนาคารกสิกรไทย","operator:wikidata":"Q276557","@type":"node","@id":2642007335},"geometry":{"type":"Point","coordinates":[100.9089898,12.9635506]}},{"type":"Feature","id":2653545840,"properties":{"amenity":"atm","brand":"Krungsiri","@type":"node","@id":2653545840},"geometry":{"type":"Point","coordinates":[100.9859866,13.1342543]}},{"type":"Feature","id":2653545842,"properties":{"amenity":"atm","brand":"GSD","@type":"node","@id":2653545842},"geometry":{"type":"Point","coordinates":[100.9859607,13.1342357]}},{"type":"Feature","id":2653545845,"properties":{"amenity":"atm","brand":"Kasikorn","@type":"node","@id":2653545845},"geometry":{"type":"Point","coordinates":[100.9859349,13.1342204]}},{"type":"Feature","id":2653545853,"properties":{"amenity":"atm","brand":"SCB","@type":"node","@id":2653545853},"geometry":{"type":"Point","coordinates":[100.98616,13.1341637]}},{"type":"Feature","id":2696399168,"properties":{"addr:street":"ถนนสุขุมวิท","amenity":"bank","atm":"yes","operator":"ธนาคารกสิกรไทย","operator:en":"Kasikorn Bank","operator:th":"ธนาคารกสิกรไทย","@type":"node","@id":2696399168},"geometry":{"type":"Point","coordinates":[100.9365861,13.2792895]}},{"type":"Feature","id":2696399169,"properties":{"amenity":"bank","atm":"yes","operator":"ธนาคารไทยพาณิชย์","operator:en":"Siam Commercial Bank","operator:th":"ธนาคารไทยพาณิชย์","@type":"node","@id":2696399169},"geometry":{"type":"Point","coordinates":[100.9362106,13.2793541]}},{"type":"Feature","id":2696403535,"properties":{"addr:street":"ถนนสุขุมวิท","amenity":"bank","atm":"yes","operator":"ธนาคารทหารไทย","operator:en":"TMB Bank","operator:th":"ธนาคารทหารไทย","@type":"node","@id":2696403535},"geometry":{"type":"Point","coordinates":[100.936348,13.277545]}},{"type":"Feature","id":2696403536,"properties":{"amenity":"bank","atm":"yes","operator":"ธนาคารกรุงเทพ","operator:en":"Bangkok Bank","operator:th":"ธนาคารกรุงเทพ","@type":"node","@id":2696403536},"geometry":{"type":"Point","coordinates":[100.9359141,13.2776512]}},{"type":"Feature","id":2696403537,"properties":{"addr:street":"ถนนสุขุมวิท","amenity":"bank","atm":"yes","operator":"ธนาคารกรุงไทย","operator:en":"Krungthai Bank","operator:th":"ธนาคารกรุงไทย","@type":"node","@id":2696403537},"geometry":{"type":"Point","coordinates":[100.9364157,13.2778598]}},{"type":"Feature","id":2696403538,"properties":{"addr:street":"ถนนสุขุมวิท","amenity":"bank","atm":"yes","operator":"ซีไอเอ็มบี ไทย","operator:en":"CIMB THAI","operator:th":"ซีไอเอ็มบี ไทย","@type":"node","@id":2696403538},"geometry":{"type":"Point","coordinates":[100.9365243,13.2789343]}},{"type":"Feature","id":2696403539,"properties":{"addr:street":"ถนนสุขุมวิท","amenity":"bank","atm":"yes","operator":"ธนาคารเพื่อการเกษตรและสหกรณ์การเกษตร ธ.ก.ส.","operator:en":"Bank for Agriculture and Agricultural Cooperatives (BAAC)","operator:th":"ธนาคารเพื่อการเกษตรและสหกรณ์การเกษตร ธ.ก.ส.","@type":"node","@id":2696403539},"geometry":{"type":"Point","coordinates":[100.9365279,13.2790024]}},{"type":"Feature","id":2711686162,"properties":{"amenity":"bank","atm":"yes","name":"ธนาคารธนชาต","name:ja":"タナチャート銀行","operator":"ธนาคารธนชาต","operator:en":"Thanachart Bank","operator:th":"ธนาคารธนชาต","@type":"node","@id":2711686162},"geometry":{"type":"Point","coordinates":[100.925923,13.1615139]}},{"type":"Feature","id":2713228068,"properties":{"amenity":"bank","atm":"yes","operator":"ธนาคารกรุงเทพ","operator:en":"Bangkok Bank","operator:th":"ธนาคารกรุงเทพ","@type":"node","@id":2713228068},"geometry":{"type":"Point","coordinates":[100.9160704,13.113084]}},{"type":"Feature","id":2739066115,"properties":{"amenity":"bank","atm":"yes","operator":"ซีไอเอ็มบี ไทย","operator:en":"CIMB THAI","operator:th":"ซีไอเอ็มบี ไทย","@type":"node","@id":2739066115},"geometry":{"type":"Point","coordinates":[100.8697674,12.9029572]}},{"type":"Feature","id":2747042226,"properties":{"amenity":"atm","operator":"Bankok Bank","@type":"node","@id":2747042226},"geometry":{"type":"Point","coordinates":[100.8804566,12.9141567]}},{"type":"Feature","id":2747042228,"properties":{"amenity":"atm","@type":"node","@id":2747042228},"geometry":{"type":"Point","coordinates":[100.8856289,12.9146833]}},{"type":"Feature","id":2747042231,"properties":{"amenity":"atm","brand":"กรุงศรี","brand:th":"กรุงศรี","brand:wikidata":"Q782537","name:en":"Krungsri","name:th":"กรุงศรี","operator":"กรุงศรี","operator:wikidata":"Q782537","@type":"node","@id":2747042231},"geometry":{"type":"Point","coordinates":[100.8800603,12.915066]}},{"type":"Feature","id":2747042233,"properties":{"amenity":"atm","@type":"node","@id":2747042233},"geometry":{"type":"Point","coordinates":[100.8796109,12.9154809]}},{"type":"Feature","id":2754503327,"properties":{"addr:street":"ถนนสุขุมวิท","amenity":"bank","atm":"yes","operator":"ธนาคารกสิกรไทย","operator:en":"Kasikorn Bank","operator:th":"ธนาคารกสิกรไทย","@type":"node","@id":2754503327},"geometry":{"type":"Point","coordinates":[101.2774807,12.6814568]}},{"type":"Feature","id":2754503330,"properties":{"addr:street":"ถนนสุขุมวิท","amenity":"bank","atm":"yes","operator":"ธนาคารธนชาต","operator:en":"Thanachart Bank","operator:th":"ธนาคารธนชาต","@type":"node","@id":2754503330},"geometry":{"type":"Point","coordinates":[101.2766218,12.6815466]}},{"type":"Feature","id":2754557477,"properties":{"addr:street":"ถนนสุขุมวิท","amenity":"bank","atm":"yes","operator":"ธนาคารทหารไทย","operator:en":"TMB Bank","operator:th":"ธนาคารทหารไทย","@type":"node","@id":2754557477},"geometry":{"type":"Point","coordinates":[101.2694231,12.681938]}},{"type":"Feature","id":2754557482,"properties":{"amenity":"bank","atm":"yes","operator":"ธนาคารออมสิน","operator:en":"Government Savings Bank","operator:th":"ธนาคารออมสิน","@type":"node","@id":2754557482},"geometry":{"type":"Point","coordinates":[101.2589246,12.6825414]}},{"type":"Feature","id":2811047277,"properties":{"amenity":"bank","atm":"yes","name":"Kasikorn Bank(ธนาคารกสิกรไทย)","@type":"node","@id":2811047277},"geometry":{"type":"Point","coordinates":[100.96308,13.3430082]}},{"type":"Feature","id":2811346606,"properties":{"amenity":"bank","atm":"yes","brand":"ธนาคารไทยพาณิชย์","brand:en":"Siam Commercial Bank","brand:th":"ธนาคารไทยพาณิชย์","brand:wikidata":"Q2038986","name":"ธนาคารไทยพาณิชย์","name:en":"Siam Commercial Bank","name:th":"ธนาคารไทยพาณิชย์","name:zh":"泰国汇商银行","wheelchair":"yes","@type":"node","@id":2811346606},"geometry":{"type":"Point","coordinates":[100.9262742,13.2867106]}},{"type":"Feature","id":2811346607,"properties":{"amenity":"bank","atm":"yes","brand":"ธนาคารกสิกรไทย","brand:en":"Kasikornbank","brand:th":"ธนาคารกสิกรไทย","brand:wikidata":"Q276557","name":"ธนาคารกสิกรไทย","name:en":"Kasikornbank","name:th":"ธนาคารกสิกรไทย","name:zh":"开泰银行","wheelchair":"yes","@type":"node","@id":2811346607},"geometry":{"type":"Point","coordinates":[100.9270687,13.2867199]}},{"type":"Feature","id":2811478704,"properties":{"amenity":"atm","name":"ATM","@type":"node","@id":2811478704},"geometry":{"type":"Point","coordinates":[100.934595,13.3333756]}},{"type":"Feature","id":2811478705,"properties":{"amenity":"atm","name":"ไทยพาณิชย์","name:en":"SCB","@type":"node","@id":2811478705},"geometry":{"type":"Point","coordinates":[100.9297375,13.336724]}},{"type":"Feature","id":2811478706,"properties":{"amenity":"atm","name":"กสิกรไทย","name:en":"Kasikorn","@type":"node","@id":2811478706},"geometry":{"type":"Point","coordinates":[100.9299816,13.3365596]}},{"type":"Feature","id":2811478709,"properties":{"amenity":"atm","name":"กสิกรไทย","@type":"node","@id":2811478709},"geometry":{"type":"Point","coordinates":[100.9322437,13.3031253]}},{"type":"Feature","id":2868236758,"properties":{"amenity":"atm","operator":"Siam City Bank","@type":"node","@id":2868236758},"geometry":{"type":"Point","coordinates":[100.8735662,12.9247312]}},{"type":"Feature","id":2888092940,"properties":{"amenity":"bank","atm":"yes","operator":"ธนาคารไทยพาณิชย์","operator:en":"Siam Commercial Bank","operator:th":"ธนาคารไทยพาณิชย์","@type":"node","@id":2888092940},"geometry":{"type":"Point","coordinates":[101.2696022,12.6839041]}},{"type":"Feature","id":2888092941,"properties":{"amenity":"bank","atm":"yes","operator":"ธนาคารกรุงเทพ","operator:en":"Bangkok Bank","operator:th":"ธนาคารกรุงเทพ","@type":"node","@id":2888092941},"geometry":{"type":"Point","coordinates":[101.2702488,12.6839777]}},{"type":"Feature","id":2888701665,"properties":{"amenity":"bank","atm":"yes","operator":"ธนาคารกสิกรไทย","operator:en":"Kasikorn Bank","operator:th":"ธนาคารกสิกรไทย","@type":"node","@id":2888701665},"geometry":{"type":"Point","coordinates":[101.2742016,12.6883622]}},{"type":"Feature","id":2888712457,"properties":{"addr:country":"ไทย","addr:district":"เมืองระยอง","addr:postcode":"21000","addr:province":"ระยอง","addr:street":"ถนนสุขุมวิท","addr:subdistrict":"ท่าประดู่","amenity":"bank","atm":"yes","brand":"ธนาคารไทยพาณิชย์","brand:en":"Siam Commercial Bank","brand:th":"ธนาคารไทยพาณิชย์","brand:wikidata":"Q2038986","name":"ธนาคารไทยพาณิชย์","name:en":"Siam Commercial Bank","name:th":"ธนาคารไทยพาณิชย์","@type":"node","@id":2888712457},"geometry":{"type":"Point","coordinates":[101.2722922,12.6817157]}},{"type":"Feature","id":2889181715,"properties":{"amenity":"bank","atm":"yes","operator":"ธนาคารออมสิน","operator:en":"Government Savings Bank","operator:th":"ธนาคารออมสิน","@type":"node","@id":2889181715},"geometry":{"type":"Point","coordinates":[101.2044659,12.829343]}},{"type":"Feature","id":2889181716,"properties":{"addr:district":"นิคมพัฒนา","addr:district:en":"Nikhom Phatthana","addr:postcode":"21180","addr:province":"ระยอง","addr:province:en":"Rayong","addr:subdistrict":"นิคมพัฒนา","amenity":"bank","atm":"yes","brand":"ธนาคารกรุงไทย","brand:en":"Krung Thai Bank","brand:th":"ธนาคารกรุงไทย","brand:wikidata":"Q962865","name":"ธนาคารกรุงไทย","name:en":"Krung Thai Bank","name:th":"ธนาคารกรุงไทย","operator":"ธนาคารกรุงไทย","operator:en":"Krungthai Bank","operator:th":"ธนาคารกรุงไทย","website":"https://krungthai.com","@type":"node","@id":2889181716},"geometry":{"type":"Point","coordinates":[101.2045312,12.8312163]}},{"type":"Feature","id":2899859486,"properties":{"amenity":"bank","atm":"yes","operator":"ธนาคารเพื่อการเกษตรและสหกรณ์การเกษตร ธ.ก.ส.","operator:en":"Bank for Agriculture and Agricultural Cooperatives (BAAC)","operator:th":"ธนาคารเพื่อการเกษตรและสหกรณ์การเกษตร ธ.ก.ส.","@type":"node","@id":2899859486},"geometry":{"type":"Point","coordinates":[101.3018351,12.7877269]}},{"type":"Feature","id":2923311154,"properties":{"amenity":"bank","atm":"yes","brand":"ธนาคารไทยพาณิชย์","brand:en":"Siam Commercial Bank","brand:th":"ธนาคารไทยพาณิชย์","brand:wikidata":"Q2038986","name":"ธนาคารไทยพาณิชย์","name:en":"Siam Commercial Bank","name:th":"ธนาคารไทยพาณิชย์","operator":"ธนาคารไทยพาณิชย์","operator:en":"Siam Commercial Bank","operator:th":"ธนาคารไทยพาณิชย์","@type":"node","@id":2923311154},"geometry":{"type":"Point","coordinates":[100.8914966,12.9091688]}},{"type":"Feature","id":3003528937,"properties":{"amenity":"bank","atm":"yes","operator":"ธนาคารกรุงไทย","operator:en":"Krungthai Bank","operator:th":"ธนาคารกรุงไทย","@type":"node","@id":3003528937},"geometry":{"type":"Point","coordinates":[101.2817359,12.6796876]}},{"type":"Feature","id":3026616262,"properties":{"amenity":"bank","atm":"yes","brand":"ธนาคารทหารไทย","brand:en":"TMBThanachart Bank","brand:th":"ธนาคารทหารไทย","brand:wikidata":"Q1527826","name":"ธนาคารทหารไทย","name:en":"TMBThanachart Bank","name:th":"ธนาคารทหารไทย","opening_hours":"Mo-Fr 09:00-16:00","short_name":"ttb","@type":"node","@id":3026616262},"geometry":{"type":"Point","coordinates":[100.9000326,12.9678486]}},{"type":"Feature","id":3093595195,"properties":{"amenity":"bank","atm":"yes","name":"Krungsri Bank","@type":"node","@id":3093595195},"geometry":{"type":"Point","coordinates":[100.9319499,13.0208359]}},{"type":"Feature","id":3093596878,"properties":{"amenity":"atm","brand":"ธนาคารกสิกรไทย","brand:en":"Kasikornbank","brand:th":"ธนาคารกสิกรไทย","brand:wikidata":"Q276557","name":"Kasikorn Bank","name:en":"Kasikornbank","name:th":"ธนาคารกสิกรไทย","operator":"ธนาคารกสิกรไทย","operator:wikidata":"Q276557","@type":"node","@id":3093596878},"geometry":{"type":"Point","coordinates":[100.9435011,13.0196504]}},{"type":"Feature","id":3172290157,"properties":{"amenity":"bank","atm":"yes","brand":"ธนาคารกรุงเทพ","brand:en":"Bangkok Bank","brand:th":"ธนาคารกรุงเทพ","brand:wikidata":"Q806483","name":"ธนาคารกรุงเทพ","name:en":"Bangkok Bank","name:th":"ธนาคารกรุงเทพ","@type":"node","@id":3172290157},"geometry":{"type":"Point","coordinates":[100.8908504,12.9090975]}},{"type":"Feature","id":3220145777,"properties":{"amenity":"bank","atm":"yes","name":"Krungsri","@type":"node","@id":3220145777},"geometry":{"type":"Point","coordinates":[100.9059561,12.9079234]}},{"type":"Feature","id":3229842195,"properties":{"amenity":"atm","brand":"Kasikorn","@type":"node","@id":3229842195},"geometry":{"type":"Point","coordinates":[100.9281237,12.9374241]}},{"type":"Feature","id":3247627241,"properties":{"amenity":"bank","atm":"yes","brand":"ธนาคารไทยพาณิชย์","brand:en":"Siam Commercial Bank","brand:th":"ธนาคารไทยพาณิชย์","brand:wikidata":"Q2038986","name":"ธนาคารไทยพาณิชย์","name:en":"Siam Commercial Bank","name:th":"ธนาคารไทยพาณิชย์","@type":"node","@id":3247627241},"geometry":{"type":"Point","coordinates":[100.8882121,12.9088549]}},{"type":"Feature","id":3247627242,"properties":{"amenity":"atm","brand":"Krungsri ATM","@type":"node","@id":3247627242},"geometry":{"type":"Point","coordinates":[100.8693163,12.9031912]}},{"type":"Feature","id":3262977854,"properties":{"addr:street":"ถนนสุขุมวิท","amenity":"atm","atm":"yes","brand":"ธนาคารกรุงเทพ","brand:en":"Bangkok Bank","brand:th":"ธนาคารกรุงเทพ","brand:wikidata":"Q806483","name":"ธนาคารกรุงเทพ","name:en":"Bangkok Bank","name:th":"ธนาคารกรุงเทพ","operator":"ธนาคารกรุงเทพ","operator:wikidata":"Q806483","@type":"node","@id":3262977854},"geometry":{"type":"Point","coordinates":[100.9029742,12.9386284]}},{"type":"Feature","id":3301758066,"properties":{"amenity":"bank","atm":"yes","brand":"ธนาคารกรุงเทพ","brand:en":"Bangkok Bank","brand:th":"ธนาคารกรุงเทพ","brand:wikidata":"Q806483","name":"ธนาคารกรุงเทพ","name:en":"Bangkok Bank","name:th":"ธนาคารกรุงเทพ","@type":"node","@id":3301758066},"geometry":{"type":"Point","coordinates":[100.8603053,12.9208307]}},{"type":"Feature","id":3313912764,"properties":{"amenity":"bank","atm":"yes","brand":"ธนาคารไทยพาณิชย์","brand:en":"Siam Commercial Bank","brand:th":"ธนาคารไทยพาณิชย์","brand:wikidata":"Q2038986","name":"ธนาคารไทยพาณิชย์","name:en":"Siam Commercial Bank","name:th":"ธนาคารไทยพาณิชย์","@type":"node","@id":3313912764},"geometry":{"type":"Point","coordinates":[100.8910881,12.9562069]}},{"type":"Feature","id":3350401497,"properties":{"amenity":"bank","atm":"yes","brand":"ธนาคารทหารไทย","brand:en":"TMBThanachart Bank","brand:th":"ธนาคารทหารไทย","brand:wikidata":"Q1527826","name":"ธนาคารทหารไทย","name:en":"TMBThanachart Bank","name:th":"ธนาคารทหารไทย","opening_hours":"Mo-Fr 09:30-17:00","short_name":"ttb","@type":"node","@id":3350401497},"geometry":{"type":"Point","coordinates":[100.8796948,12.884359]}},{"type":"Feature","id":3413050874,"properties":{"addr:street":"เกษมสุวรรณ","alt_name":"ธนาคารกรุงศรีอยุธยา","alt_name:en":"Krungsri","amenity":"bank","atm":"yes","brand":"กรุงศรี","brand:en":"Bank of Ayudhya","brand:th":"กรุงศรี","brand:wikidata":"Q782537","name":"กรุงศรี","name:en":"Bank of Ayudhya","name:th":"กรุงศรี","opening_hours":"Mo-Fr 10:00-18:00; PH off","@type":"node","@id":3413050874},"geometry":{"type":"Point","coordinates":[100.8873154,12.9328627]}},{"type":"Feature","id":3440255390,"properties":{"amenity":"bank","atm":"yes","brand":"ธนาคารไทยพาณิชย์","brand:en":"Siam Commercial Bank","brand:th":"ธนาคารไทยพาณิชย์","brand:wikidata":"Q2038986","name":"ธนาคารไทยพาณิชย์","name:en":"Siam Commercial Bank","name:th":"ธนาคารไทยพาณิชย์","@type":"node","@id":3440255390},"geometry":{"type":"Point","coordinates":[100.8946379,12.9156058]}},{"type":"Feature","id":3440255693,"properties":{"amenity":"bank","atm":"yes","name":"Thanachart Bank","@type":"node","@id":3440255693},"geometry":{"type":"Point","coordinates":[100.8945822,12.9157805]}},{"type":"Feature","id":3440255695,"properties":{"amenity":"bank","atm":"yes","name":"Umay+","@type":"node","@id":3440255695},"geometry":{"type":"Point","coordinates":[100.8946379,12.9154797]}},{"type":"Feature","id":3510171486,"properties":{"amenity":"bank","atm":"yes","brand":"กรุงศรี","brand:th":"กรุงศรี","brand:wikidata":"Q782537","name":"กรุงศรี","name:en":"Krungsri","name:th":"กรุงศรี","@type":"node","@id":3510171486},"geometry":{"type":"Point","coordinates":[100.8677039,12.8995263]}},{"type":"Feature","id":3519053967,"properties":{"addr:street":"พัทยาใต้","amenity":"bank","atm":"yes","brand":"ธนาคารกรุงไทย","brand:en":"Krung Thai Bank","brand:th":"ธนาคารกรุงไทย","brand:wikidata":"Q962865","name":"ธนาคารกรุงไทย","name:en":"Krung Thai Bank","name:th":"ธนาคารกรุงไทย","opening_hours":"Mo-Fr 08:30-16:30","@type":"node","@id":3519053967},"geometry":{"type":"Point","coordinates":[100.8771198,12.9245844]}},{"type":"Feature","id":3533514342,"properties":{"amenity":"bank","atm":"yes","brand":"Western Union","brand:wikidata":"Q861042","name":"Western Union","@type":"node","@id":3533514342},"geometry":{"type":"Point","coordinates":[100.869768,12.8969284]}},{"type":"Feature","id":3564373286,"properties":{"amenity":"atm","brand":"ธนาคารทหารไทย","brand:en":"TMBThanachart Bank","brand:th":"ธนาคารทหารไทย","brand:wikidata":"Q1527826","name:en":"TMBThanachart Bank","name:th":"ธนาคารทหารไทย","operator":"ธนาคารทหารไทย","operator:wikidata":"Q1527826","short_name":"ttb","@type":"node","@id":3564373286},"geometry":{"type":"Point","coordinates":[100.8882451,12.9351626]}},{"type":"Feature","id":3812892114,"properties":{"amenity":"bank","atm":"yes","name":"ธนาคารซีไอเอ็มบี ไทย","name:en":"CIMB THAI","@type":"node","@id":3812892114},"geometry":{"type":"Point","coordinates":[100.8930724,12.9365782]}},{"type":"Feature","id":3812895140,"properties":{"amenity":"bank","atm":"yes","brand":"ธนาคารกสิกรไทย","brand:en":"Kasikornbank","brand:th":"ธนาคารกสิกรไทย","brand:wikidata":"Q276557","name":"ธนาคารกสิกรไทย","name:en":"Kasikornbank","name:th":"ธนาคารกสิกรไทย","@type":"node","@id":3812895140},"geometry":{"type":"Point","coordinates":[100.8939451,12.9390832]}},{"type":"Feature","id":3842489889,"properties":{"amenity":"atm","@type":"node","@id":3842489889},"geometry":{"type":"Point","coordinates":[100.9068162,12.8832202]}},{"type":"Feature","id":3851467757,"properties":{"amenity":"atm","brand":"กรุงศรี","brand:en":"Bank of Ayudhya","brand:th":"กรุงศรี","brand:wikidata":"Q782537","name":"กรุงศรี","name:en":"Krungsri","name:th":"กรุงศรี","operator":"กรุงศรี","operator:wikidata":"Q782537","@type":"node","@id":3851467757},"geometry":{"type":"Point","coordinates":[100.8941983,12.9303131]}},{"type":"Feature","id":3884448582,"properties":{"amenity":"bank","atm":"yes","brand":"ธนาคารกสิกรไทย","brand:en":"Kasikornbank","brand:th":"ธนาคารกสิกรไทย","brand:wikidata":"Q276557","name":"ธนาคารกสิกรไทย","name:en":"Kasikornbank","name:ru":"Касикорн банк","name:th":"ธนาคารกสิกรไทย","wheelchair":"no","@type":"node","@id":3884448582},"geometry":{"type":"Point","coordinates":[100.9035659,12.9711385]}},{"type":"Feature","id":3884448585,"properties":{"amenity":"bank","atm":"yes","brand":"ธนาคารธนชาต","brand:en":"Thanachart Bank","brand:th":"ธนาคารธนชาต","name":"ธนาคารธนชาต","name:en":"Thanachart Bank","name:th":"ธนาคารธนชาต","@type":"node","@id":3884448585},"geometry":{"type":"Point","coordinates":[100.9027026,12.9705729]}},{"type":"Feature","id":3885539407,"properties":{"amenity":"atm","atm":"yes","brand":"ธนาคารกสิกรไทย","brand:en":"Kasikornbank","brand:th":"ธนาคารกสิกรไทย","brand:wikidata":"Q276557","name":"ธนาคารกสิกรไทย","name:en":"Kasikorn Bank","name:th":"ธนาคารกสิกรไทย","opening_hours":"Mo-Fr 10:00-18:00","operator":"ธนาคารกสิกรไทย","operator:wikidata":"Q276557","was:amenity":"bank","@type":"node","@id":3885539407},"geometry":{"type":"Point","coordinates":[100.8893958,12.9538992]}},{"type":"Feature","id":3885539409,"properties":{"amenity":"atm","brand":"ธนาคารกรุงไทย","brand:en":"Krung Thai Bank","brand:th":"ธนาคารกรุงไทย","brand:wikidata":"Q962865","name":"ธนาคารกรุงไทย","name:en":"Krungthai Bank","name:th":"ธนาคารกรุงไทย","operator":"ธนาคารกรุงไทย","operator:wikidata":"Q962865","@type":"node","@id":3885539409},"geometry":{"type":"Point","coordinates":[100.8875862,12.9514446]}},{"type":"Feature","id":3892985578,"properties":{"amenity":"atm","brand":"ธนาคารกรุงเทพ","brand:en":"Bangkok Bank","brand:th":"ธนาคารกรุงเทพ","brand:wikidata":"Q806483","name":"ธนาคารกรุงเทพ","name:en":"Bangkok Bank","name:th":"ธนาคารกรุงเทพ","operator":"ธนาคารกรุงเทพ","operator:wikidata":"Q806483","@type":"node","@id":3892985578},"geometry":{"type":"Point","coordinates":[100.8907367,12.9553525]}},{"type":"Feature","id":3971632909,"properties":{"amenity":"atm","brand":"ธนาคารกสิกรไทย","brand:en":"Kasikornbank","brand:th":"ธนาคารกสิกรไทย","brand:wikidata":"Q276557","name":"ธนาคารกสิกรไทย","name:en":"Kasikorn Bank","name:th":"ธนาคารกสิกรไทย","operator":"ธนาคารกสิกรไทย","operator:wikidata":"Q276557","@type":"node","@id":3971632909},"geometry":{"type":"Point","coordinates":[100.8849837,12.9292158]}},{"type":"Feature","id":4043652261,"properties":{"amenity":"bank","brand":"ธนาคารกสิกรไทย","brand:en":"Kasikornbank","brand:th":"ธนาคารกสิกรไทย","brand:wikidata":"Q276557","name":"ธนาคารกสิกรไทย","name:en":"Kasikornbank","name:th":"ธนาคารกสิกรไทย","@type":"node","@id":4043652261},"geometry":{"type":"Point","coordinates":[100.8946433,12.9144091]}},{"type":"Feature","id":4058183366,"properties":{"amenity":"atm","brand":"ธนาคารกรุงเทพ","brand:en":"Bangkok Bank","brand:th":"ธนาคารกรุงเทพ","brand:wikidata":"Q806483","name":"ธนาคารกรุงเทพ","name:en":"Bangkok Bank","name:th":"ธนาคารกรุงเทพ","operator":"ธนาคารกรุงเทพ","operator:wikidata":"Q806483","@type":"node","@id":4058183366},"geometry":{"type":"Point","coordinates":[100.8840468,12.9229684]}},{"type":"Feature","id":4059691494,"properties":{"amenity":"bank","atm":"no","brand":"Western Union","brand:wikidata":"Q861042","name":"Western Union","@type":"node","@id":4059691494},"geometry":{"type":"Point","coordinates":[100.894679,12.9157006]}},{"type":"Feature","id":4059691495,"properties":{"amenity":"atm","brand":"ธนาคารกรุงเทพ","brand:en":"Bangkok Bank","brand:th":"ธนาคารกรุงเทพ","brand:wikidata":"Q806483","name:en":"Bangkok Bank","name:th":"ธนาคารกรุงเทพ","operator":"ธนาคารกรุงเทพ","operator:wikidata":"Q806483","@type":"node","@id":4059691495},"geometry":{"type":"Point","coordinates":[100.8946825,12.9152875]}},{"type":"Feature","id":4074685013,"properties":{"amenity":"bank","atm":"yes","name":"ธนาคารกรุงเทพ","name:en":"Bangkok Bank","@type":"node","@id":4074685013},"geometry":{"type":"Point","coordinates":[100.8995743,12.6644032]}},{"type":"Feature","id":4074685014,"properties":{"amenity":"bank","atm":"yes","name":"ธนาคารออมสิน","name:en":"Government Savings Bank","@type":"node","@id":4074685014},"geometry":{"type":"Point","coordinates":[100.8994739,12.6632452]}},{"type":"Feature","id":4074685016,"properties":{"amenity":"bank","atm":"yes","name":"ธนาคารทหารไทย","name:en":"TMB","@type":"node","@id":4074685016},"geometry":{"type":"Point","coordinates":[100.8970937,12.6650653]}},{"type":"Feature","id":4076346477,"properties":{"amenity":"bank","atm":"yes","brand":"ธนาคารกรุงเทพ","brand:en":"Bangkok Bank","brand:th":"ธนาคารกรุงเทพ","brand:wikidata":"Q806483","name":"ธนาคารกรุงเทพ","name:en":"Bangkok Bank","name:th":"ธนาคารกรุงเทพ","@type":"node","@id":4076346477},"geometry":{"type":"Point","coordinates":[100.9203013,12.9408361]}},{"type":"Feature","id":4092506152,"properties":{"amenity":"bank","atm":"yes","brand":"ธนาคารกรุงเทพ","brand:en":"Bangkok Bank","brand:th":"ธนาคารกรุงเทพ","brand:wikidata":"Q806483","brand:wikipedia":"en:Bangkok Bank","name":"ธนาคารกรุงเทพ","name:en":"Bangkok Bank","name:th":"ธนาคารกรุงเทพ","@type":"node","@id":4092506152},"geometry":{"type":"Point","coordinates":[100.8952161,12.9339011]}},{"type":"Feature","id":4144185131,"properties":{"amenity":"atm","name":"กรุงศรี","name:en":"Krungsri","@type":"node","@id":4144185131},"geometry":{"type":"Point","coordinates":[100.937487,12.9537168]}},{"type":"Feature","id":4154081301,"properties":{"amenity":"atm","brand":"ธนาคารกสิกรไทย","brand:en":"Kasikornbank","brand:th":"ธนาคารกสิกรไทย","brand:wikidata":"Q276557","name":"ธนาคารกสิกรไทย","name:en":"Kasikorn Bank","name:th":"ธนาคารกสิกรไทย","operator":"ธนาคารกสิกรไทย","operator:wikidata":"Q276557","@type":"node","@id":4154081301},"geometry":{"type":"Point","coordinates":[100.8834982,12.9273871]}},{"type":"Feature","id":4154081312,"properties":{"amenity":"atm","brand":"ธนาคารไทยพาณิชย์","brand:en":"Siam Commercial Bank","brand:th":"ธนาคารไทยพาณิชย์","brand:wikidata":"Q2038986","name":"ธนาคารไทยพาณิชย์","name:en":"Siam Commercial Bank","name:th":"ธนาคารไทยพาณิชย์","operator":"ธนาคารไทยพาณิชย์","operator:wikidata":"Q2038986","@type":"node","@id":4154081312},"geometry":{"type":"Point","coordinates":[100.883469,12.927359]}},{"type":"Feature","id":4154081314,"properties":{"amenity":"atm","brand":"ธนาคารกรุงเทพ","brand:en":"Bangkok Bank","brand:th":"ธนาคารกรุงเทพ","brand:wikidata":"Q806483","name":"ธนาคารกรุงเทพ","name:en":"Bangkok Bank","name:th":"ธนาคารกรุงเทพ","operator":"ธนาคารกรุงเทพ","operator:wikidata":"Q806483","@type":"node","@id":4154081314},"geometry":{"type":"Point","coordinates":[100.883494,12.9273829]}},{"type":"Feature","id":4154895927,"properties":{"amenity":"atm","brand":"Bkk Bank","@type":"node","@id":4154895927},"geometry":{"type":"Point","coordinates":[100.9994044,13.4179144]}},{"type":"Feature","id":4159217519,"properties":{"amenity":"bank","atm":"yes","brand":"ธนาคารไทยพาณิชย์","brand:en":"Siam Commercial Bank","brand:th":"ธนาคารไทยพาณิชย์","brand:wikidata":"Q2038986","name":"ธนาคารไทยพาณิชย์","name:en":"Siam Commercial Bank","name:th":"ธนาคารไทยพาณิชย์","@type":"node","@id":4159217519},"geometry":{"type":"Point","coordinates":[100.8975117,12.9335439]}},{"type":"Feature","id":4191033500,"properties":{"amenity":"atm","brand":"ธนาคารกรุงเทพ","brand:en":"Bangkok Bank","brand:th":"ธนาคารกรุงเทพ","brand:wikidata":"Q806483","name":"ธนาคารกรุงเทพ","name:en":"Bangkok Bank","name:th":"ธนาคารกรุงเทพ","operator":"ธนาคารกรุงเทพ","operator:wikidata":"Q806483","@type":"node","@id":4191033500},"geometry":{"type":"Point","coordinates":[100.8912152,12.9088316]}},{"type":"Feature","id":4196821904,"properties":{"amenity":"bank","atm":"yes","brand":"ธนาคารกรุงเทพ","brand:en":"Bangkok Bank","brand:th":"ธนาคารกรุงเทพ","brand:wikidata":"Q806483","name":"ธนาคารกรุงเทพ","name:en":"Bangkok Bank","name:th":"ธนาคารกรุงเทพ","@type":"node","@id":4196821904},"geometry":{"type":"Point","coordinates":[100.8840377,12.9339751]}},{"type":"Feature","id":4198384093,"properties":{"amenity":"atm","brand":"กรุงศรี","brand:th":"กรุงศรี","brand:wikidata":"Q782537","check_date":"2021-02-22","name":"กรุงศรี","name:en":"Krungsri","name:th":"กรุงศรี","operator":"กรุงศรี","operator:wikidata":"Q782537","@type":"node","@id":4198384093},"geometry":{"type":"Point","coordinates":[100.8843021,12.9373354]}},{"type":"Feature","id":4199772183,"properties":{"amenity":"bank","brand":"Western Union","brand:wikidata":"Q861042","name":"Western Union","@type":"node","@id":4199772183},"geometry":{"type":"Point","coordinates":[100.8848302,12.9371057]}},{"type":"Feature","id":4200358008,"properties":{"amenity":"atm","brand":"ธนาคารกสิกรไทย","brand:en":"Kasikornbank","brand:th":"ธนาคารกสิกรไทย","brand:wikidata":"Q276557","name":"ธนาคารกสิกรไทย","name:en":"Kasikorn Bank","name:th":"ธนาคารกสิกรไทย","operator":"ธนาคารกสิกรไทย","operator:wikidata":"Q276557","@type":"node","@id":4200358008},"geometry":{"type":"Point","coordinates":[100.8857197,12.9303171]}},{"type":"Feature","id":4201568522,"properties":{"amenity":"atm","brand":"ธนาคารกรุงไทย","brand:en":"Krung Thai Bank","brand:th":"ธนาคารกรุงไทย","brand:wikidata":"Q962865","name":"ธนาคารกรุงไทย","name:en":"Krungthai Bank","name:th":"ธนาคารกรุงไทย","operator":"ธนาคารกรุงไทย","operator:wikidata":"Q962865","@type":"node","@id":4201568522},"geometry":{"type":"Point","coordinates":[100.8882547,12.9433861]}},{"type":"Feature","id":4201568526,"properties":{"amenity":"bank","atm":"no","brand":"Western Union","brand:wikidata":"Q861042","name":"Western Union","@type":"node","@id":4201568526},"geometry":{"type":"Point","coordinates":[100.8882159,12.9434066]}},{"type":"Feature","id":4201579194,"properties":{"addr:street":"ถนนพัทยาเหนือ","amenity":"bank","atm":"yes","brand":"ธนาคารกรุงเทพ","brand:en":"Bangkok Bank","brand:th":"ธนาคารกรุงเทพ","brand:wikidata":"Q806483","name":"ธนาคารกรุงเทพ","name:en":"Bangkok Bank","name:th":"ธนาคารกรุงเทพ","@type":"node","@id":4201579194},"geometry":{"type":"Point","coordinates":[100.8904342,12.9509597]}},{"type":"Feature","id":4201587931,"properties":{"amenity":"atm","brand":"ธนาคารกรุงเทพ","brand:en":"Bangkok Bank","brand:th":"ธนาคารกรุงเทพ","brand:wikidata":"Q806483","name":"ธนาคารกรุงเทพ","name:en":"Bangkok Bank","name:th":"ธนาคารกรุงเทพ","operator":"ธนาคารกรุงเทพ","operator:wikidata":"Q806483","@type":"node","@id":4201587931},"geometry":{"type":"Point","coordinates":[100.895354,12.9500035]}},{"type":"Feature","id":4207040828,"properties":{"amenity":"atm","name":"ธนาคารกรุงเทพ","name:en":"Bangkok Bank","@type":"node","@id":4207040828},"geometry":{"type":"Point","coordinates":[101.6856992,12.7844933]}},{"type":"Feature","id":4207193120,"properties":{"amenity":"bank","atm":"yes","name":"ธนาคารกรุงเทพ","name:en":"Bangkok Bank","@type":"node","@id":4207193120},"geometry":{"type":"Point","coordinates":[101.0710517,13.0235636]}},{"type":"Feature","id":4207205915,"properties":{"amenity":"atm","name":"ธนาคารกรุงเทพ","name:en":"Bangkok Bank","@type":"node","@id":4207205915},"geometry":{"type":"Point","coordinates":[101.3277061,12.658389]}},{"type":"Feature","id":4209116860,"properties":{"amenity":"atm","brand":"ธนาคารกรุงเทพ","brand:en":"Bangkok Bank","brand:th":"ธนาคารกรุงเทพ","brand:wikidata":"Q806483","name":"ธนาคารกรุงเทพ","name:en":"Bangkok Bank","name:th":"ธนาคารกรุงเทพ","operator":"ธนาคารกรุงเทพ","operator:wikidata":"Q806483","@type":"node","@id":4209116860},"geometry":{"type":"Point","coordinates":[100.9086704,12.9239945]}},{"type":"Feature","id":4209116861,"properties":{"amenity":"atm","brand":"ธนาคารกรุงเทพ","brand:en":"Bangkok Bank","brand:th":"ธนาคารกรุงเทพ","brand:wikidata":"Q806483","name":"ธนาคารกรุงเทพ","name:en":"Bangkok Bank","name:th":"ธนาคารกรุงเทพ","operator":"ธนาคารกรุงเทพ","operator:wikidata":"Q806483","@type":"node","@id":4209116861},"geometry":{"type":"Point","coordinates":[100.9075423,12.9242718]}},{"type":"Feature","id":4209116862,"properties":{"amenity":"bank","atm":"yes","brand":"ธนาคารกรุงเทพ","brand:en":"Bangkok Bank","brand:th":"ธนาคารกรุงเทพ","brand:wikidata":"Q806483","name":"ธนาคารกรุงเทพ","name:en":"Bangkok Bank","name:th":"ธนาคารกรุงเทพ","@type":"node","@id":4209116862},"geometry":{"type":"Point","coordinates":[100.9052633,12.9248572]}},{"type":"Feature","id":4210216312,"properties":{"amenity":"bank","atm":"yes","name":"ธนาคารอาคารสงเคราะห์","name:en":"Government Housing Bank","@type":"node","@id":4210216312},"geometry":{"type":"Point","coordinates":[100.9120345,12.9227307]}},{"type":"Feature","id":4210223204,"properties":{"alt_name:en":"Krungsri","amenity":"bank","atm":"yes","brand":"กรุงศรี","brand:en":"Bank of Ayudhya","brand:th":"กรุงศรี","brand:wikidata":"Q782537","name":"กรุงศรี","name:en":"Bank of Ayudhya","name:th":"กรุงศรี","@type":"node","@id":4210223204},"geometry":{"type":"Point","coordinates":[100.9110638,12.9231497]}},{"type":"Feature","id":4212057396,"properties":{"amenity":"atm","brand":"ธนาคารกรุงเทพ","brand:en":"Bangkok Bank","brand:th":"ธนาคารกรุงเทพ","brand:wikidata":"Q806483","name":"ธนาคารกรุงเทพ","name:en":"Bangkok Bank","name:th":"ธนาคารกรุงเทพ","operator":"ธนาคารกรุงเทพ","operator:wikidata":"Q806483","@type":"node","@id":4212057396},"geometry":{"type":"Point","coordinates":[100.9251825,12.8238922]}},{"type":"Feature","id":4212057397,"properties":{"amenity":"atm","brand":"ธนาคารกรุงเทพ","brand:en":"Bangkok Bank","brand:th":"ธนาคารกรุงเทพ","brand:wikidata":"Q806483","name":"ธนาคารกรุงเทพ","name:en":"Bangkok Bank","name:th":"ธนาคารกรุงเทพ","operator":"ธนาคารกรุงเทพ","operator:wikidata":"Q806483","@type":"node","@id":4212057397},"geometry":{"type":"Point","coordinates":[100.9097273,12.8577471]}},{"type":"Feature","id":4214859348,"properties":{"amenity":"atm","brand":"ธนาคารกรุงเทพ","brand:en":"Bangkok Bank","brand:th":"ธนาคารกรุงเทพ","brand:wikidata":"Q806483","name":"ธนาคารกรุงเทพ","name:en":"Bangkok Bank","name:th":"ธนาคารกรุงเทพ","operator":"ธนาคารกรุงเทพ","operator:wikidata":"Q806483","@type":"node","@id":4214859348},"geometry":{"type":"Point","coordinates":[100.8983857,12.924989]}},{"type":"Feature","id":4216833574,"properties":{"amenity":"atm","brand":"ธนาคารกรุงเทพ","brand:en":"Bangkok Bank","brand:th":"ธนาคารกรุงเทพ","brand:wikidata":"Q806483","name":"ธนาคารกรุงเทพ","name:en":"Bangkok Bank","name:th":"ธนาคารกรุงเทพ","operator":"ธนาคารกรุงเทพ","operator:wikidata":"Q806483","@type":"node","@id":4216833574},"geometry":{"type":"Point","coordinates":[100.910698,12.9307944]}},{"type":"Feature","id":4216833575,"properties":{"amenity":"atm","brand":"ธนาคารกรุงเทพ","brand:en":"Bangkok Bank","brand:th":"ธนาคารกรุงเทพ","brand:wikidata":"Q806483","name":"ธนาคารกรุงเทพ","name:en":"Bangkok Bank","name:th":"ธนาคารกรุงเทพ","operator":"ธนาคารกรุงเทพ","operator:wikidata":"Q806483","@type":"node","@id":4216833575},"geometry":{"type":"Point","coordinates":[100.907517,12.9314911]}},{"type":"Feature","id":4217426974,"properties":{"amenity":"atm","brand":"ธนาคารกรุงเทพ","brand:en":"Bangkok Bank","brand:th":"ธนาคารกรุงเทพ","brand:wikidata":"Q806483","name":"ธนาคารกรุงเทพ","name:en":"Bangkok Bank","name:th":"ธนาคารกรุงเทพ","operator":"ธนาคารกรุงเทพ","operator:wikidata":"Q806483","@type":"node","@id":4217426974},"geometry":{"type":"Point","coordinates":[100.8847709,12.9286306]}},{"type":"Feature","id":4223611035,"properties":{"amenity":"atm","brand":"ธนาคารกรุงเทพ","brand:en":"Bangkok Bank","brand:th":"ธนาคารกรุงเทพ","brand:wikidata":"Q806483","name":"ธนาคารกรุงเทพ","name:en":"Bangkok Bank","name:th":"ธนาคารกรุงเทพ","operator":"ธนาคารกรุงเทพ","operator:wikidata":"Q806483","@type":"node","@id":4223611035},"geometry":{"type":"Point","coordinates":[100.8702269,12.8954711]}},{"type":"Feature","id":4223611036,"properties":{"amenity":"bank","atm":"yes","brand":"ธนาคารกรุงเทพ","brand:en":"Bangkok Bank","brand:th":"ธนาคารกรุงเทพ","brand:wikidata":"Q806483","name":"ธนาคารกรุงเทพ","name:en":"Bangkok Bank","name:th":"ธนาคารกรุงเทพ","@type":"node","@id":4223611036},"geometry":{"type":"Point","coordinates":[100.8725995,12.8980533]}},{"type":"Feature","id":4223611037,"properties":{"amenity":"atm","brand":"ธนาคารกรุงเทพ","brand:en":"Bangkok Bank","brand:th":"ธนาคารกรุงเทพ","brand:wikidata":"Q806483","name":"ธนาคารกรุงเทพ","name:en":"Bangkok Bank","name:th":"ธนาคารกรุงเทพ","operator":"ธนาคารกรุงเทพ","operator:wikidata":"Q806483","@type":"node","@id":4223611037},"geometry":{"type":"Point","coordinates":[100.8671304,12.898966]}},{"type":"Feature","id":4256345395,"properties":{"amenity":"atm","brand":"ธนาคารกรุงเทพ","brand:en":"Bangkok Bank","brand:th":"ธนาคารกรุงเทพ","brand:wikidata":"Q806483","name":"ธนาคารกรุงเทพ","name:en":"Bangkok Bank","name:th":"ธนาคารกรุงเทพ","operator":"ธนาคารกรุงเทพ","operator:wikidata":"Q806483","@type":"node","@id":4256345395},"geometry":{"type":"Point","coordinates":[100.9195505,12.9295338]}},{"type":"Feature","id":4266029647,"properties":{"amenity":"atm","brand":"ธนาคารกรุงเทพ","brand:en":"Bangkok Bank","brand:th":"ธนาคารกรุงเทพ","brand:wikidata":"Q806483","name":"ธนาคารกรุงเทพ","name:en":"Bangkok Bank","name:th":"ธนาคารกรุงเทพ","operator":"ธนาคารกรุงเทพ","operator:wikidata":"Q806483","@type":"node","@id":4266029647},"geometry":{"type":"Point","coordinates":[100.8855257,12.9190943]}},{"type":"Feature","id":4266035161,"properties":{"amenity":"atm","brand":"ธนาคารกรุงเทพ","brand:en":"Bangkok Bank","brand:th":"ธนาคารกรุงเทพ","brand:wikidata":"Q806483","name":"ธนาคารกรุงเทพ","name:en":"Bangkok Bank","name:th":"ธนาคารกรุงเทพ","operator":"ธนาคารกรุงเทพ","operator:wikidata":"Q806483","@type":"node","@id":4266035161},"geometry":{"type":"Point","coordinates":[100.8890525,12.9276075]}},{"type":"Feature","id":4268228001,"properties":{"amenity":"atm","brand":"ธนาคารทหารไทย","brand:en":"TMBThanachart Bank","brand:th":"ธนาคารทหารไทย","brand:wikidata":"Q1527826","name":"ธนาคารทหารไทย","name:en":"TMB","name:th":"ธนาคารทหารไทย","operator":"ธนาคารทหารไทย","operator:wikidata":"Q1527826","short_name":"ttb","@type":"node","@id":4268228001},"geometry":{"type":"Point","coordinates":[100.8855707,12.9188304]}},{"type":"Feature","id":4268702189,"properties":{"amenity":"atm","@type":"node","@id":4268702189},"geometry":{"type":"Point","coordinates":[100.8795086,12.927041]}},{"type":"Feature","id":4269653374,"properties":{"amenity":"atm","brand":"ธนาคารกรุงเทพ","brand:en":"Bangkok Bank","brand:th":"ธนาคารกรุงเทพ","brand:wikidata":"Q806483","name":"ธนาคารกรุงเทพ","name:en":"Bangkok Bank","name:th":"ธนาคารกรุงเทพ","operator":"ธนาคารกรุงเทพ","operator:wikidata":"Q806483","@type":"node","@id":4269653374},"geometry":{"type":"Point","coordinates":[100.8901009,12.9373468]}},{"type":"Feature","id":4275271940,"properties":{"amenity":"atm","brand":"ธนาคารกรุงเทพ","brand:en":"Bangkok Bank","brand:th":"ธนาคารกรุงเทพ","brand:wikidata":"Q806483","name":"ธนาคารกรุงเทพ","name:en":"Bangkok Bank","name:th":"ธนาคารกรุงเทพ","operator":"ธนาคารกรุงเทพ","operator:wikidata":"Q806483","@type":"node","@id":4275271940},"geometry":{"type":"Point","coordinates":[100.8876165,12.9334862]}},{"type":"Feature","id":4275667845,"properties":{"amenity":"atm","brand":"ธนาคารกรุงเทพ","brand:en":"Bangkok Bank","brand:th":"ธนาคารกรุงเทพ","brand:wikidata":"Q806483","name":"ธนาคารกรุงเทพ","name:en":"Bangkok Bank","operator":"ธนาคารกรุงเทพ","operator:wikidata":"Q806483","@type":"node","@id":4275667845},"geometry":{"type":"Point","coordinates":[100.9679705,12.9193217]}},{"type":"Feature","id":4300316207,"properties":{"amenity":"atm","brand":"ธนาคารกรุงเทพ","brand:en":"Bangkok Bank","brand:th":"ธนาคารกรุงเทพ","brand:wikidata":"Q806483","name":"ธนาคารกรุงเทพ","name:en":"Bangkok Bank","name:th":"ธนาคารกรุงเทพ","operator":"ธนาคารกรุงเทพ","operator:wikidata":"Q806483","@type":"node","@id":4300316207},"geometry":{"type":"Point","coordinates":[100.9037334,12.9480029]}},{"type":"Feature","id":4316678632,"properties":{"amenity":"atm","brand":"ธนาคารกรุงเทพ","brand:en":"Bangkok Bank","brand:th":"ธนาคารกรุงเทพ","brand:wikidata":"Q806483","name":"ธนาคารกรุงเทพ","name:en":"Bangkok Bank","name:th":"ธนาคารกรุงเทพ","operator":"ธนาคารกรุงเทพ","operator:wikidata":"Q806483","@type":"node","@id":4316678632},"geometry":{"type":"Point","coordinates":[100.8893683,12.9305695]}},{"type":"Feature","id":4318669042,"properties":{"amenity":"bank","atm":"yes","name":"Bank of China","@type":"node","@id":4318669042},"geometry":{"type":"Point","coordinates":[101.1006832,12.9927965]}},{"type":"Feature","id":4319044072,"properties":{"amenity":"atm","brand":"ธนาคารกรุงเทพ","brand:en":"Bangkok Bank","brand:th":"ธนาคารกรุงเทพ","brand:wikidata":"Q806483","name":"ธนาคารกรุงเทพ","name:en":"Bangkok Bank","name:th":"ธนาคารกรุงเทพ","operator":"ธนาคารกรุงเทพ","operator:wikidata":"Q806483","@type":"node","@id":4319044072},"geometry":{"type":"Point","coordinates":[100.8855023,12.9080086]}},{"type":"Feature","id":4334953490,"properties":{"amenity":"atm","operator":"เซเว่นยายร้า","@type":"node","@id":4334953490},"geometry":{"type":"Point","coordinates":[101.0372199,12.7522209]}},{"type":"Feature","id":4355696717,"properties":{"amenity":"atm","@type":"node","@id":4355696717},"geometry":{"type":"Point","coordinates":[101.0153492,13.5934631]}},{"type":"Feature","id":4356834289,"properties":{"amenity":"atm","operator":"บ้านป้อม","@type":"node","@id":4356834289},"geometry":{"type":"Point","coordinates":[101.2891486,12.6829759]}},{"type":"Feature","id":4388874017,"properties":{"amenity":"atm","@type":"node","@id":4388874017},"geometry":{"type":"Point","coordinates":[100.9321855,13.0193645]}},{"type":"Feature","id":4425989405,"properties":{"amenity":"atm","currency:THB":"yes","name":"The Siam Commercial Bank","operator":"The Siam Commercial Bank","@type":"node","@id":4425989405},"geometry":{"type":"Point","coordinates":[100.8619028,12.9096422]}},{"type":"Feature","id":4426410507,"properties":{"addr:street":"เทพประสิทธิ์","amenity":"bank","atm":"yes","brand":"ธนาคารกรุงไทย","brand:en":"Krung Thai Bank","brand:th":"ธนาคารกรุงไทย","brand:wikidata":"Q962865","name":"ธนาคารกรุงไทย","name:en":"Krung Thai Bank","name:th":"ธนาคารกรุงไทย","operator":"ธนาคารกรุงไทย จำกัด (มหาชน)","operator:en":"Krung Thai Bank Public Company Limited","@type":"node","@id":4426410507},"geometry":{"type":"Point","coordinates":[100.8729199,12.9050955]}},{"type":"Feature","id":4427668946,"properties":{"amenity":"atm","@type":"node","@id":4427668946},"geometry":{"type":"Point","coordinates":[100.8585181,12.9089492]}},{"type":"Feature","id":4427821718,"properties":{"amenity":"bank","atm":"yes","brand":"ธนาคารออมสิน","brand:en":"Government Savings Bank","brand:th":"ธนาคารออมสิน","brand:wikidata":"Q6579041","brand:wikipedia":"en:Government Savings Bank (Thailand)","name":"ธนาคารออมสิน","name:en":"Government Savings Bank","name:th":"ธนาคารออมสิน","website":"https://www.gsb.or.th/","@type":"node","@id":4427821718},"geometry":{"type":"Point","coordinates":[100.8693654,12.9053687]}},{"type":"Feature","id":4456177190,"properties":{"amenity":"bank","name:en":"Kasikorn Bank","opening_hours":"Mo-Fr 08:30-15:30","@type":"node","@id":4456177190},"geometry":{"type":"Point","coordinates":[100.8089251,13.160848]}},{"type":"Feature","id":4459928091,"properties":{"amenity":"atm","operator":"K-Bank","@type":"node","@id":4459928091},"geometry":{"type":"Point","coordinates":[101.4634181,12.5737957]}},{"type":"Feature","id":4483012005,"properties":{"amenity":"bank","atm":"yes","brand":"ธนาคารไทยพาณิชย์","brand:en":"Siam Commercial Bank","brand:th":"ธนาคารไทยพาณิชย์","name":"ธนาคารไทยพาณิชย์","name:en":"Siam Commercial Bank","name:th":"ธนาคารไทยพาณิชย์","@type":"node","@id":4483012005},"geometry":{"type":"Point","coordinates":[101.0016452,13.4078602]}},{"type":"Feature","id":4483991406,"properties":{"amenity":"bank","atm":"yes","brand":"Isuzu;ธนาคารกสิกรไทย","brand:en":"Kasikorn Bank","brand:th":"ธนาคารกสิกรไทย","name":"Isuzu;ธนาคารกสิกรไทย","name:en":"Kasikorn Bank","name:th":"ธนาคารกสิกรไทย","shop":"car","@type":"node","@id":4483991406},"geometry":{"type":"Point","coordinates":[101.0009027,13.4240725]}},{"type":"Feature","id":4485217014,"properties":{"amenity":"bank","atm":"yes","brand":"ธนาคารกสิกรไทย","brand:en":"Kasikornbank","brand:th":"ธนาคารกสิกรไทย","brand:wikidata":"Q276557","level":"0","name":"ธนาคารกสิกรไทย","name:en":"Kasikornbank","name:th":"ธนาคารกสิกรไทย","opening_hours":"Mo-Su 11:00-19:00","@type":"node","@id":4485217014},"geometry":{"type":"Point","coordinates":[100.8904406,12.9455305]}},{"type":"Feature","id":4485217017,"properties":{"amenity":"bank","atm":"yes","brand":"ธนาคารไทยพาณิชย์","brand:en":"Siam Commercial Bank","brand:th":"ธนาคารไทยพาณิชย์","brand:wikidata":"Q2038986","level":"0","name":"ธนาคารไทยพาณิชย์","name:en":"Siam Commercial Bank","name:th":"ธนาคารไทยพาณิชย์","@type":"node","@id":4485217017},"geometry":{"type":"Point","coordinates":[100.890403,12.9455292]}},{"type":"Feature","id":4486512942,"properties":{"amenity":"bank","atm":"yes","brand":"ธนาคารทหารไทย","brand:en":"TMBThanachart Bank","brand:th":"ธนาคารทหารไทย","brand:wikidata":"Q1527826","name":"ธนาคารทหารไทย","name:en":"TMBThanachart Bank","name:th":"ธนาคารทหารไทย","opening_hours":"Mo-Fr 09:00-16:00","short_name":"ttb","@type":"node","@id":4486512942},"geometry":{"type":"Point","coordinates":[100.889816,12.9356319]}},{"type":"Feature","id":4487559531,"properties":{"amenity":"bank","atm":"yes","brand":"ธนาคารกสิกรไทย","brand:en":"Kasikornbank","brand:th":"ธนาคารกสิกรไทย","brand:wikidata":"Q276557","name":"ธนาคารกสิกรไทย","name:en":"Kasikornbank","name:th":"ธนาคารกสิกรไทย","opening_hours":"Mo-Fr 08:30-16:30","@type":"node","@id":4487559531},"geometry":{"type":"Point","coordinates":[100.8878296,12.9360323]}},{"type":"Feature","id":4489441685,"properties":{"addr:street":"พัทยาสายสอง","amenity":"bank","atm":"yes","brand":"ธนาคารธนชาต","brand:en":"Thanachart Bank","brand:th":"ธนาคารธนชาต","name":"ธนาคารธนชาต","name:en":"Thanachart Bank","name:th":"ธนาคารธนชาต","opening_hours":"Mo-Fr 08:30-16:00; PH off","@type":"node","@id":4489441685},"geometry":{"type":"Point","coordinates":[100.8831668,12.9319076]}},{"type":"Feature","id":4489441688,"properties":{"alt_name":"United Overseas Bank","amenity":"atm","brand":"UOB","brand:wikidata":"Q2064074","brand:zh":"大华银行","name":"UOB","name:zh":"大华银行","operator":"UOB","operator:wikidata":"Q2064074","@type":"node","@id":4489441688},"geometry":{"type":"Point","coordinates":[100.883448,12.9320967]}},{"type":"Feature","id":4489485478,"properties":{"amenity":"bank","atm":"yes","brand":"ธนาคารกสิกรไทย","brand:en":"Kasikornbank","brand:th":"ธนาคารกสิกรไทย","brand:wikidata":"Q276557","level":"1","name":"ธนาคารกสิกรไทย","name:en":"Kasikornbank","name:th":"ธนาคารกสิกรไทย","@type":"node","@id":4489485478},"geometry":{"type":"Point","coordinates":[100.8780022,12.9296636]}},{"type":"Feature","id":4489979074,"properties":{"amenity":"bank","atm":"yes","brand":"ธนาคารธนชาต","brand:en":"Thanachart Bank","brand:th":"ธนาคารธนชาต","name":"ธนาคารธนชาต","name:en":"Thanachart Bank","name:th":"ธนาคารธนชาต","opening_hours":"Mo-Fr 09:00-17:00; PH off","@type":"node","@id":4489979074},"geometry":{"type":"Point","coordinates":[100.8849297,12.9472964]}},{"type":"Feature","id":4493354790,"properties":{"amenity":"bank","atm":"yes","brand":"ธนาคารออมสิน","brand:en":"Government Savings Bank","brand:th":"ธนาคารออมสิน","brand:wikidata":"Q6579041","name":"ธนาคารออมสิน","name:en":"Government Savings Bank","name:th":"ธนาคารออมสิน","@type":"node","@id":4493354790},"geometry":{"type":"Point","coordinates":[100.8774391,12.9276163]}},{"type":"Feature","id":4497127290,"properties":{"amenity":"bank","atm":"yes","brand":"ธนาคารกรุงไทย","brand:en":"Krung Thai Bank","brand:th":"ธนาคารกรุงไทย","brand:wikidata":"Q962865","name":"ธนาคารกรุงไทย","name:en":"Krung Thai Bank","name:th":"ธนาคารกรุงไทย","wheelchair":"no","@type":"node","@id":4497127290},"geometry":{"type":"Point","coordinates":[100.9012874,12.9690056]}},{"type":"Feature","id":4497136190,"properties":{"alt_name":"ธนาคารกรุงศรีอยุธยา","alt_name:en":"Bank of Ayudhya","amenity":"bank","atm":"yes","brand":"กรุงศรี","brand:en":"Krungsri","brand:th":"กรุงศรี","brand:wikidata":"Q782537","name":"กรุงศรี","name:en":"Krungsri","name:th":"กรุงศรี","opening_hours":"Mo-Fr 08:30-16:30; PH off","wheelchair":"no","@type":"node","@id":4497136190},"geometry":{"type":"Point","coordinates":[100.9033264,12.9706845]}},{"type":"Feature","id":4497151289,"properties":{"amenity":"bank","atm":"yes","brand":"ธนาคารกรุงเทพ","brand:en":"Bangkok Bank","brand:th":"ธนาคารกรุงเทพ","name":"ธนาคารกรุงเทพ","name:en":"Bangkok Bank","name:ru":"Банког банк","name:th":"ธนาคารกรุงเทพ","not:brand:wikidata":"Q806483","wheelchair":"no","@type":"node","@id":4497151289},"geometry":{"type":"Point","coordinates":[100.9054946,12.9720868]}},{"type":"Feature","id":4497151294,"properties":{"alt_name":"United Overseas Bank","amenity":"bank","atm":"yes","brand":"UOB","brand:wikidata":"Q2064074","brand:zh":"大华银行","name":"UOB","name:zh":"大华银行","@type":"node","@id":4497151294},"geometry":{"type":"Point","coordinates":[100.9040411,12.9711054]}},{"type":"Feature","id":4497357968,"properties":{"amenity":"bank","atm":"yes","brand":"ธนาคารออมสิน","brand:en":"Government Savings Bank","brand:th":"ธนาคารออมสิน","brand:wikidata":"Q6579041","name":"ธนาคารออมสิน","name:en":"Government Savings Bank","name:th":"ธนาคารออมสิน","opening_hours":"Mo-Fr 08:30-15:30","@type":"node","@id":4497357968},"geometry":{"type":"Point","coordinates":[100.9073258,12.9740617]}},{"type":"Feature","id":4507075758,"properties":{"addr:street":"ถนนพัทยาเหนือ","amenity":"bank","atm":"yes","brand":"ธนาคารอาคารสงเคราะห์","brand:en":"Government Housing Bank","brand:th":"ธนาคารอาคารสงเคราะห์","name":"ธนาคารอาคารสงเคราะห์","name:en":"Government Housing Bank","name:th":"ธนาคารอาคารสงเคราะห์","@type":"node","@id":4507075758},"geometry":{"type":"Point","coordinates":[100.8977136,12.9496517]}},{"type":"Feature","id":4507111222,"properties":{"amenity":"bank","atm":"yes","brand":"ธนาคารกรุงเทพ","brand:en":"Bangkok Bank","brand:th":"ธนาคารกรุงเทพ","brand:wikidata":"Q806483","level":"0","name":"ธนาคารกรุงเทพ","name:en":"Bangkok Bank","name:th":"ธนาคารกรุงเทพ","@type":"node","@id":4507111222},"geometry":{"type":"Point","coordinates":[100.8933382,12.9508939]}},{"type":"Feature","id":4507111223,"properties":{"amenity":"bank","atm":"yes","brand":"ธนาคารกสิกรไทย","brand:en":"Kasikornbank","brand:th":"ธนาคารกสิกรไทย","brand:wikidata":"Q276557","level":"1","name":"ธนาคารกสิกรไทย","name:en":"Kasikornbank","name:th":"ธนาคารกสิกรไทย","opening_hours":"Mo-Su 11:00-19:00","@type":"node","@id":4507111223},"geometry":{"type":"Point","coordinates":[100.8933637,12.9510102]}},{"type":"Feature","id":4507111224,"properties":{"alt_name":"ธนาคารกรุงศรีอยุธยา","alt_name:en":"Krungsri","amenity":"bank","atm":"yes","brand":"กรุงศรี","brand:en":"Bank of Ayudhya","brand:th":"กรุงศรี","brand:wikidata":"Q782537","level":"1","name":"กรุงศรี","name:en":"Bank of Ayudhya","name:th":"กรุงศรี","opening_hours":"Mo-Su 10:00-19:00","@type":"node","@id":4507111224},"geometry":{"type":"Point","coordinates":[100.893813,12.9509096]}},{"type":"Feature","id":4507111227,"properties":{"amenity":"bank","atm":"yes","brand":"ธนาคารไทยพาณิชย์","brand:en":"Siam Commercial Bank","brand:th":"ธนาคารไทยพาณิชย์","brand:wikidata":"Q2038986","level":"0","name":"ธนาคารไทยพาณิชย์","name:en":"Siam Commercial Bank","name:th":"ธนาคารไทยพาณิชย์","opening_hours":"Mo-Su 10:30-19:00","@type":"node","@id":4507111227},"geometry":{"type":"Point","coordinates":[100.8933449,12.9515343]}},{"type":"Feature","id":4507111228,"properties":{"amenity":"bank","atm":"yes","brand":"ธนาคารธนชาต","brand:en":"Thanachart Bank","brand:th":"ธนาคารธนชาต","level":"0","name":"ธนาคารธนชาต","name:en":"Thanachart Bank","name:th":"ธนาคารธนชาต","opening_hours":"Mo-Su 10:00-19:00","@type":"node","@id":4507111228},"geometry":{"type":"Point","coordinates":[100.8933168,12.9514964]}},{"type":"Feature","id":4511165303,"properties":{"amenity":"bank","atm":"yes","brand":"ธนาคารกรุงเทพ","brand:en":"Bangkok Bank","brand:th":"ธนาคารกรุงเทพ","brand:wikidata":"Q806483","level":"1","name":"ธนาคารกรุงเทพ","name:en":"Bangkok Bank","name:th":"ธนาคารกรุงเทพ","opening_hours":"Mo-Su 10:30-19:00","@type":"node","@id":4511165303},"geometry":{"type":"Point","coordinates":[100.8941242,12.9350888]}},{"type":"Feature","id":4511165310,"properties":{"amenity":"bank","atm":"yes","brand":"ธนาคารกสิกรไทย","brand:en":"Kasikornbank","brand:th":"ธนาคารกสิกรไทย","brand:wikidata":"Q276557","level":"1","name":"ธนาคารกสิกรไทย","name:en":"Kasikornbank","name:th":"ธนาคารกสิกรไทย","opening_hours":"Mo-Su 11:00-19:00","@type":"node","@id":4511165310},"geometry":{"type":"Point","coordinates":[100.8940142,12.9351453]}},{"type":"Feature","id":4511165311,"properties":{"alt_name":"ธนาคารกรุงศรีอยุธยา","alt_name:en":"Bank of Ayudhya","amenity":"bank","atm":"yes","brand":"กรุงศรี","brand:en":"Krungsri","brand:th":"กรุงศรี","brand:wikidata":"Q782537","level":"1","name":"กรุงศรี","name:en":"Krungsri","name:th":"กรุงศรี","opening_hours":"Mo-Su 10:30-19:00","@type":"node","@id":4511165311},"geometry":{"type":"Point","coordinates":[100.8942294,12.9349302]}},{"type":"Feature","id":4511165312,"properties":{"alt_name":"ธนาคารกรุงศรีอยุธยา","alt_name:en":"Bank of Ayudhya","amenity":"bank","atm":"yes","brand":"กรุงศรี","brand:en":"Krungsri","brand:th":"กรุงศรี","brand:wikidata":"Q782537","name":"กรุงศรี","name:en":"Krungsri","name:th":"กรุงศรี","@type":"node","@id":4511165312},"geometry":{"type":"Point","coordinates":[100.9030745,12.9387403]}},{"type":"Feature","id":4511165313,"properties":{"alt_name":"ธนาคารแลนด์ แอนด์ เฮ้าส์","alt_name:en":"Land and Houses Bank","amenity":"bank","atm":"yes","brand":"LH Bank","level":"1","name":"LH Bank","opening_hours":"Mo-Su 11:00-19:00","@type":"node","@id":4511165313},"geometry":{"type":"Point","coordinates":[100.8939848,12.9350833]}},{"type":"Feature","id":4623410072,"properties":{"amenity":"bank","atm":"yes","brand":"ธนาคารออมสิน","brand:en":"Government Savings Bank","brand:th":"ธนาคารออมสิน","name":"ธนาคารออมสิน","name:en":"Government Savings Bank","name:th":"ธนาคารออมสิน","@type":"node","@id":4623410072},"geometry":{"type":"Point","coordinates":[101.053692,12.7237187]}},{"type":"Feature","id":4623433203,"properties":{"alt_name":"ธนาคารกรุงศรีอยุธยา","alt_name:en":"Bank of Ayudhya","amenity":"bank","atm":"yes","brand":"กรุงศรี","brand:en":"Krungsri","brand:th":"กรุงศรี","name":"กรุงศรี","name:en":"Krungsri","name:th":"กรุงศรี","@type":"node","@id":4623433203},"geometry":{"type":"Point","coordinates":[101.1674809,12.7135928]}},{"type":"Feature","id":4623469444,"properties":{"amenity":"bank","atm":"yes","brand":"ธนาคารไทยพาณิชย์","brand:en":"Siam Commercial Bank","brand:th":"ธนาคารไทยพาณิชย์","name":"ธนาคารไทยพาณิชย์","name:en":"Siam Commercial Bank","name:th":"ธนาคารไทยพาณิชย์","@type":"node","@id":4623469444},"geometry":{"type":"Point","coordinates":[101.1701228,12.7119923]}},{"type":"Feature","id":4626831862,"properties":{"addr:street":"ถนนสุขุมวิท","alt_name":"ธนาคารกรุงศรีอยุธยา","alt_name:en":"Bank of Ayudhya","amenity":"bank","atm":"yes","brand":"กรุงศรี","brand:en":"Krungsri","brand:th":"กรุงศรี","name":"กรุงศรี","name:en":"Krungsri","name:th":"กรุงศรี","@type":"node","@id":4626831862},"geometry":{"type":"Point","coordinates":[101.2731743,12.6816662]}},{"type":"Feature","id":4626845862,"properties":{"addr:street":"ถนนสุขุมวิท","amenity":"bank","atm":"yes","name":"Standard Chartered","@type":"node","@id":4626845862},"geometry":{"type":"Point","coordinates":[101.2717709,12.6817629]}},{"type":"Feature","id":4630606114,"properties":{"amenity":"bank","atm":"yes","brand":"ธนาคารธนชาต","brand:en":"Thanachart Bank","brand:th":"ธนาคารธนชาต","name":"ธนาคารธนชาต","name:en":"Thanachart Bank","name:th":"ธนาคารธนชาต","@type":"node","@id":4630606114},"geometry":{"type":"Point","coordinates":[101.1656347,12.7153017]}},{"type":"Feature","id":4630633348,"properties":{"amenity":"bank","atm":"yes","brand":"ธนาคารกสิกรไทย","brand:en":"Kasikorn Bank","brand:th":"ธนาคารกสิกรไทย","name":"ธนาคารกสิกรไทย","name:en":"Kasikorn Bank","name:th":"ธนาคารกสิกรไทย","@type":"node","@id":4630633348},"geometry":{"type":"Point","coordinates":[101.1621597,12.7164483]}},{"type":"Feature","id":4630633349,"properties":{"alt_name":"United Overseas Bank","amenity":"bank","atm":"yes","brand":"UOB","name":"UOB","@type":"node","@id":4630633349},"geometry":{"type":"Point","coordinates":[101.1623622,12.7162468]}},{"type":"Feature","id":4630683234,"properties":{"amenity":"bank","atm":"yes","brand":"ธนาคารกรุงเทพ","brand:en":"Bangkok Bank","brand:th":"ธนาคารกรุงเทพ","name":"ธนาคารกรุงเทพ","name:en":"Bangkok Bank","name:th":"ธนาคารกรุงเทพ","@type":"node","@id":4630683234},"geometry":{"type":"Point","coordinates":[101.0636672,12.7286218]}},{"type":"Feature","id":4630683236,"properties":{"amenity":"bank","atm":"yes","brand":"ธนาคารกรุงไทย","brand:en":"Krungthai Bank","brand:th":"ธนาคารกรุงไทย","name":"ธนาคารกรุงไทย","name:en":"Krungthai Bank","name:th":"ธนาคารกรุงไทย","@type":"node","@id":4630683236},"geometry":{"type":"Point","coordinates":[101.0638201,12.7286819]}},{"type":"Feature","id":4630687540,"properties":{"alt_name":"United Overseas Bank","amenity":"bank","atm":"yes","brand":"UOB","name":"UOB","@type":"node","@id":4630687540},"geometry":{"type":"Point","coordinates":[101.052813,12.7233404]}},{"type":"Feature","id":4630711245,"properties":{"amenity":"bank","atm":"yes","brand":"ธนาคารอาคารสงเคราะห์","brand:en":"Government Housing Bank","brand:th":"ธนาคารอาคารสงเคราะห์","name":"ธนาคารอาคารสงเคราะห์","name:en":"Government Housing Bank","name:th":"ธนาคารอาคารสงเคราะห์","@type":"node","@id":4630711245},"geometry":{"type":"Point","coordinates":[101.0456117,12.7198414]}},{"type":"Feature","id":4668695837,"properties":{"amenity":"atm","name":"ATM","@type":"node","@id":4668695837},"geometry":{"type":"Point","coordinates":[100.8921988,12.8792207]}},{"type":"Feature","id":4774073857,"properties":{"amenity":"atm","@type":"node","@id":4774073857},"geometry":{"type":"Point","coordinates":[100.8788151,12.8853852]}},{"type":"Feature","id":4774073858,"properties":{"amenity":"atm","@type":"node","@id":4774073858},"geometry":{"type":"Point","coordinates":[100.8968004,12.8960992]}},{"type":"Feature","id":4776944723,"properties":{"amenity":"atm","@type":"node","@id":4776944723},"geometry":{"type":"Point","coordinates":[100.9070082,12.8682123]}},{"type":"Feature","id":4881024321,"properties":{"amenity":"bank","name":"ธนาคาร ธกส.","@type":"node","@id":4881024321},"geometry":{"type":"Point","coordinates":[101.1755756,13.45183]}},{"type":"Feature","id":5061829322,"properties":{"amenity":"atm","operator":"นาย NAME","@type":"node","@id":5061829322},"geometry":{"type":"Point","coordinates":[100.9189105,12.8590422]}},{"type":"Feature","id":5450986325,"properties":{"amenity":"atm","@type":"node","@id":5450986325},"geometry":{"type":"Point","coordinates":[101.4577536,12.5643042]}},{"type":"Feature","id":5466115543,"properties":{"amenity":"atm","@type":"node","@id":5466115543},"geometry":{"type":"Point","coordinates":[100.9972912,13.373039]}},{"type":"Feature","id":5654944422,"properties":{"amenity":"atm","brand":"ธนาคารกรุงเทพ","brand:en":"Bangkok Bank","brand:th":"ธนาคารกรุงเทพ","brand:wikidata":"Q806483","name:en":"Bangkok Bank","name:th":"ธนาคารกรุงเทพ","opening_hours":"24/7","operator":"ธนาคารกรุงเทพ","operator:wikidata":"Q806483","@type":"node","@id":5654944422},"geometry":{"type":"Point","coordinates":[100.8714233,12.9047571]}},{"type":"Feature","id":5769531466,"properties":{"amenity":"atm","brand":"ธนาคารทหารไทย","brand:en":"TMBThanachart Bank","brand:th":"ธนาคารทหารไทย","brand:wikidata":"Q1527826","name":"Tmb","name:en":"TMBThanachart Bank","name:th":"ธนาคารทหารไทย","operator":"ธนาคารทหารไทย","operator:wikidata":"Q1527826","short_name":"ttb","@type":"node","@id":5769531466},"geometry":{"type":"Point","coordinates":[100.8847477,12.9480215]}},{"type":"Feature","id":6007322321,"properties":{"amenity":"atm","@type":"node","@id":6007322321},"geometry":{"type":"Point","coordinates":[101.4494388,12.5495968]}},{"type":"Feature","id":6594035885,"properties":{"amenity":"atm","operator":"Krungsri","@type":"node","@id":6594035885},"geometry":{"type":"Point","coordinates":[101.5175784,12.637952]}},{"type":"Feature","id":6594035985,"properties":{"amenity":"atm","operator":"Siam Commercial Bank","@type":"node","@id":6594035985},"geometry":{"type":"Point","coordinates":[101.5175829,12.6379738]}},{"type":"Feature","id":6668074120,"properties":{"amenity":"bank","name":"ธนาคารกสิกรไทย","@type":"node","@id":6668074120},"geometry":{"type":"Point","coordinates":[100.9816436,13.1546542]}},{"type":"Feature","id":6672842687,"properties":{"amenity":"bank","name":"เงินติดล้อ","@type":"node","@id":6672842687},"geometry":{"type":"Point","coordinates":[101.1762199,13.4507475]}},{"type":"Feature","id":6724096951,"properties":{"addr:street":"ถนนสุขุมวิท","amenity":"bank","name":"ธนาคารทหารไทย","name:en":"TMB Bank","@type":"node","@id":6724096951},"geometry":{"type":"Point","coordinates":[101.0523252,12.7230834]}},{"type":"Feature","id":6754031619,"properties":{"amenity":"bank","name":"ธนาคารไทยพาณิชย์","name:en":"SCB bank","@type":"node","@id":6754031619},"geometry":{"type":"Point","coordinates":[100.9762185,13.1562569]}},{"type":"Feature","id":6754036851,"properties":{"amenity":"bank","name":"ธนาคารกรุงเทพ","@type":"node","@id":6754036851},"geometry":{"type":"Point","coordinates":[100.9769545,13.1561397]}},{"type":"Feature","id":6760154527,"properties":{"addr:street":"ถนนสุขุมวิท","amenity":"bank","brand":"ธนาคารกรุงไทย","brand:en":"Krung Thai Bank","brand:th":"ธนาคารกรุงไทย","brand:wikidata":"Q962865","brand:wikipedia":"en:Krung Thai Bank","name":"ธนาคารกรุงไทย","name:en":"Krung Thai Bank","name:th":"ธนาคารกรุงไทย","@type":"node","@id":6760154527},"geometry":{"type":"Point","coordinates":[100.9405133,13.2195586]}},{"type":"Feature","id":6772927951,"properties":{"addr:street":"ถนนพัทยาเหนือ","amenity":"bank","name":"ธนาคารออมสิน","not:brand:wikidata":"Q6579041","@type":"node","@id":6772927951},"geometry":{"type":"Point","coordinates":[100.894555,12.9500202]}},{"type":"Feature","id":6783302246,"properties":{"amenity":"bank","name":"ธนาคารไทยพาณิชย์","name:en":"Siam Commercial Bank","@type":"node","@id":6783302246},"geometry":{"type":"Point","coordinates":[100.901054,12.6652555]}},{"type":"Feature","id":6786732134,"properties":{"amenity":"atm","name":"TMB","@type":"node","@id":6786732134},"geometry":{"type":"Point","coordinates":[100.9026237,12.6728778]}},{"type":"Feature","id":6786732135,"properties":{"amenity":"atm","brand":"ธนาคารกสิกรไทย","brand:en":"Kasikornbank","brand:th":"ธนาคารกสิกรไทย","brand:wikidata":"Q276557","brand:wikipedia":"en:Kasikornbank","name":"ธนาคารกสิกรไทย","name:en":"Kasikornbank","name:th":"ธนาคารกสิกรไทย","@type":"node","@id":6786732135},"geometry":{"type":"Point","coordinates":[100.9026224,12.6729008]}},{"type":"Feature","id":6789368184,"properties":{"amenity":"bank","brand":"ธนาคารกรุงเทพ","brand:en":"Bangkok Bank","brand:th":"ธนาคารกรุงเทพ","brand:wikidata":"Q806483","name":"ธนาคารกรุงเทพ","name:en":"Bangkok Bank","name:th":"ธนาคารกรุงเทพ","@type":"node","@id":6789368184},"geometry":{"type":"Point","coordinates":[100.8746376,12.9273023]}},{"type":"Feature","id":6789394344,"properties":{"addr:street":"พัทยาใต้","amenity":"bank","name":"ธนาคารอิสลามแห่งประเทศไทย","name:en":"iBank","@type":"node","@id":6789394344},"geometry":{"type":"Point","coordinates":[100.8751734,12.9270069]}},{"type":"Feature","id":6810185451,"properties":{"amenity":"bank","brand":"ธนาคารเกียรตินาคิน","brand:en":"Kiatnakin Bank","brand:th":"ธนาคารเกียรตินาคิน","name":"ธนาคารเกียรตินาคิน","name:en":"Kiatnakin Bank","name:ja":"キアトナキン銀行","name:th":"ธนาคารเกียรตินาคิน","@type":"node","@id":6810185451},"geometry":{"type":"Point","coordinates":[100.9305972,13.1689157]}},{"type":"Feature","id":6810185452,"properties":{"amenity":"bank","brand":"ธนาคารทิสโก้","brand:th":"ธนาคารทิสโก้","name":"ธนาคารทิสโก้","name:ja":"ティスコ銀行","name:th":"ธนาคารทิสโก้","@type":"node","@id":6810185452},"geometry":{"type":"Point","coordinates":[100.9303772,13.1689209]}},{"type":"Feature","id":6821214791,"properties":{"addr:street":"ถนนสุขุมวิท","amenity":"bank","name":"ธนาคารธนชาต","name:en":"Thanachart Bank","@type":"node","@id":6821214791},"geometry":{"type":"Point","coordinates":[100.936946,13.2814686]}},{"type":"Feature","id":6823646637,"properties":{"amenity":"atm","name":"ธนาคารไทยพาณิชย์","operator":"ธนาคารไทยพาณิชย์","@type":"node","@id":6823646637},"geometry":{"type":"Point","coordinates":[101.298438,12.6659038]}},{"type":"Feature","id":6823646638,"properties":{"amenity":"atm","name":"ธนาคารกสิกรไทย","operator":"ธนาคารกสิกรไทย","@type":"node","@id":6823646638},"geometry":{"type":"Point","coordinates":[101.2984528,12.6659012]}},{"type":"Feature","id":6840699676,"properties":{"addr:street":"ถนนสุขุมวิท","amenity":"bank","brand":"ธนาคารออมสิน","brand:en":"Government Savings Bank","brand:th":"ธนาคารออมสิน","brand:wikidata":"Q6579041","brand:wikipedia":"en:Government Savings Bank (Thailand)","name":"ธนาคารออมสิน","name:en":"Government Savings Bank","name:th":"ธนาคารออมสิน","@type":"node","@id":6840699676},"geometry":{"type":"Point","coordinates":[100.9028686,12.9379291]}},{"type":"Feature","id":6841600550,"properties":{"amenity":"atm","name":"ธนาคารกรุงเทพ","name:en":"Bangkok Bank","@type":"node","@id":6841600550},"geometry":{"type":"Point","coordinates":[100.9150685,12.6689205]}},{"type":"Feature","id":6841600551,"properties":{"alt_name":"TMB BANK","amenity":"atm","name":"ธนาคารทหารไทย จำกัด มหาชน","@type":"node","@id":6841600551},"geometry":{"type":"Point","coordinates":[100.915039,12.6689218]}},{"type":"Feature","id":6841957652,"properties":{"alt_name:en":"Krungsri","amenity":"bank","brand":"กรุงศรี","brand:en":"Bank of Ayudhya","brand:th":"กรุงศรี","brand:wikidata":"Q782537","building":"amenity","name":"กรุงศรี","name:en":"Bank of Ayudhya","name:th":"กรุงศรี","@type":"node","@id":6841957652},"geometry":{"type":"Point","coordinates":[100.9685773,13.3377672]}},{"type":"Feature","id":6844895341,"properties":{"addr:street":"ถนนสุขุมวิท","amenity":"bank","brand":"Citibank","brand:wikidata":"Q857063","brand:wikipedia":"en:Citibank","name":"Citibank","short_name":"Citi","@type":"node","@id":6844895341},"geometry":{"type":"Point","coordinates":[101.2794775,12.6817436]}},{"type":"Feature","id":6845179597,"properties":{"addr:street":"ถนนสุขุมวิท","amenity":"bank","brand":"ธนาคารกรุงไทย","brand:en":"Krung Thai Bank","brand:th":"ธนาคารกรุงไทย","brand:wikidata":"Q962865","brand:wikipedia":"en:Krung Thai Bank","name":"ธนาคารกรุงไทย","name:en":"Krung Thai Bank","name:th":"ธนาคารกรุงไทย","@type":"node","@id":6845179597},"geometry":{"type":"Point","coordinates":[101.2646998,12.6823043]}},{"type":"Feature","id":6845179600,"properties":{"addr:street":"ถนนสุขุมวิท","amenity":"bank","brand":"UOB","brand:wikidata":"Q2064074","brand:wikipedia":"en:United Overseas Bank","name":"UOB","@type":"node","@id":6845179600},"geometry":{"type":"Point","coordinates":[101.2725587,12.6822611]}},{"type":"Feature","id":6868155669,"properties":{"amenity":"atm","name":"กสิกรไทย","operator":"กสิกรไทย","@type":"node","@id":6868155669},"geometry":{"type":"Point","coordinates":[100.9559508,13.3128548]}},{"type":"Feature","id":6868155670,"properties":{"amenity":"atm","name":"Bangkok Bank","operator":"Bangkok Bank","@type":"node","@id":6868155670},"geometry":{"type":"Point","coordinates":[100.955928,13.31283]}},{"type":"Feature","id":6868196935,"properties":{"amenity":"atm","brand":"ธนาคารกสิกรไทย","brand:en":"Kasikornbank","brand:th":"ธนาคารกสิกรไทย","brand:wikidata":"Q276557","name":"ธนาคารกสิกรไทย","name:en":"Kasikornbank","name:th":"ธนาคารกสิกรไทย","operator":"ธนาคารกสิกรไทย","operator:wikidata":"Q276557","@type":"node","@id":6868196935},"geometry":{"type":"Point","coordinates":[100.9151275,12.8259465]}},{"type":"Feature","id":6868196975,"properties":{"amenity":"bank","name":"บริษัท เมืองไทย แคปปิตอล จำกัด (มหาชน)","name:en":"Muangthai Capital Public Company Limited","@type":"node","@id":6868196975},"geometry":{"type":"Point","coordinates":[100.9161749,12.8191218]}},{"type":"Feature","id":6868204003,"properties":{"alt_name":"SCB","amenity":"bank","brand":"ธนาคารไทยพาณิชย์","brand:en":"Siam Commercial Bank","brand:th":"ธนาคารไทยพาณิชย์","brand:wikidata":"Q2038986","name":"ธนาคารไทยพาณิชย์","name:en":"Siam Commercial Bank","name:th":"ธนาคารไทยพาณิชย์","@type":"node","@id":6868204003},"geometry":{"type":"Point","coordinates":[100.9162715,12.8178743]}},{"type":"Feature","id":6871927760,"properties":{"amenity":"atm","brand":"ธนาคารกรุงไทย","brand:en":"Krung Thai Bank","brand:th":"ธนาคารกรุงไทย","brand:wikidata":"Q962865","name":"ธนาคารกรุงไทย","name:en":"Krungthai Bank","name:th":"ธนาคารกรุงไทย","operator":"ธนาคารกรุงไทย","operator:wikidata":"Q962865","@type":"node","@id":6871927760},"geometry":{"type":"Point","coordinates":[100.9163198,12.818009]}},{"type":"Feature","id":6879752361,"properties":{"addr:street":"ถนนสุขุมวิท","amenity":"bank","name:en":"LH Bank","@type":"node","@id":6879752361},"geometry":{"type":"Point","coordinates":[101.2718265,12.6822768]}},{"type":"Feature","id":6879752364,"properties":{"addr:district":"เมืองระยอง","addr:postcode":"21000","addr:province":"ระยอง","addr:street":"ถนนสุขุมวิท","amenity":"bank","name":"ธนาคารซีไอเอ็มบีไทย","name:en":"CIMB Thai","name:th":"ธนาคารซีไอเอ็มบีไทย","@type":"node","@id":6879752364},"geometry":{"type":"Point","coordinates":[101.2716119,12.682286]}},{"type":"Feature","id":7005994485,"properties":{"amenity":"atm","@type":"node","@id":7005994485},"geometry":{"type":"Point","coordinates":[101.0175601,13.3664245]}},{"type":"Feature","id":7041631921,"properties":{"amenity":"atm","drive_through":"no","@type":"node","@id":7041631921},"geometry":{"type":"Point","coordinates":[100.9919864,13.3706753]}},{"type":"Feature","id":7121943497,"properties":{"amenity":"bank","atm":"yes","brand":"ธนาคารไทยพาณิชย์","brand:en":"Siam Commercial Bank","brand:th":"ธนาคารไทยพาณิชย์","brand:wikidata":"Q2038986","brand:wikipedia":"en:Siam Commercial Bank","name":"ธนาคารไทยพาณิชย์","name:en":"Siam Commercial Bank","name:th":"ธนาคารไทยพาณิชย์","@type":"node","@id":7121943497},"geometry":{"type":"Point","coordinates":[100.9863592,13.3636712]}},{"type":"Feature","id":7121943498,"properties":{"amenity":"bank","atm":"yes","brand":"ธนาคารกรุงเทพ","brand:en":"Bangkok Bank","brand:th":"ธนาคารกรุงเทพ","brand:wikidata":"Q806483","brand:wikipedia":"en:Bangkok Bank","name":"ธนาคารกรุงเทพ","name:en":"Bangkok Bank","name:th":"ธนาคารกรุงเทพ","@type":"node","@id":7121943498},"geometry":{"type":"Point","coordinates":[100.9861701,13.3635943]}},{"type":"Feature","id":7159906287,"properties":{"amenity":"atm","@type":"node","@id":7159906287},"geometry":{"type":"Point","coordinates":[101.4463335,13.3127651]}},{"type":"Feature","id":8428177463,"properties":{"amenity":"bank","brand":"ธนาคารกรุงเทพ","brand:en":"Bangkok Bank","brand:th":"ธนาคารกรุงเทพ","brand:wikidata":"Q806483","brand:wikipedia":"en:Bangkok Bank","name":"ธนาคารกรุงเทพ สาขาบางแสน","name:en":"Bangkok Bank","name:th":"ธนาคารกรุงเทพ","@type":"node","@id":8428177463},"geometry":{"type":"Point","coordinates":[100.9204487,13.2850634]}},{"type":"Feature","id":8512651743,"properties":{"amenity":"atm","operator":"Kasikorn","@type":"node","@id":8512651743},"geometry":{"type":"Point","coordinates":[100.9212875,13.2968943]}},{"type":"Feature","id":9911745909,"properties":{"amenity":"bank","name":"ธนาคารกรุงศรีอยุธยา","name:en":"Krungsri","name:ja":"アユタヤ銀行","@type":"node","@id":9911745909},"geometry":{"type":"Point","coordinates":[100.9253234,13.1668709]}},{"type":"Feature","id":9911745910,"properties":{"amenity":"atm","operator":"ธนาคารกรุงศรีอยุธยา","@type":"node","@id":9911745910},"geometry":{"type":"Point","coordinates":[100.9253824,13.1669049]}},{"type":"Feature","id":10248289511,"properties":{"amenity":"atm","@type":"node","@id":10248289511},"geometry":{"type":"Point","coordinates":[100.8838073,12.9337283]}},{"type":"Feature","id":11150220310,"properties":{"amenity":"atm","brand":"กรุงศรี","brand:th":"กรุงศรี","brand:wikidata":"Q782537","name:en":"Krungsri","name:th":"กรุงศรี","operator":"กรุงศรี","operator:wikidata":"Q782537","@type":"node","@id":11150220310},"geometry":{"type":"Point","coordinates":[100.8876154,12.9334825]}},{"type":"Feature","id":11155930036,"properties":{"amenity":"atm","brand":"ธนาคารไทยพาณิชย์","brand:en":"Siam Commercial Bank","brand:th":"ธนาคารไทยพาณิชย์","brand:wikidata":"Q2038986","name":"ธนาคารกรุงเทพ","name:en":"Siam Commercial Bank","name:th":"ธนาคารไทยพาณิชย์","operator":"ธนาคารไทยพาณิชย์","operator:wikidata":"Q2038986","@type":"node","@id":11155930036},"geometry":{"type":"Point","coordinates":[100.8942667,12.9315795]}},{"type":"Feature","id":11155933613,"properties":{"amenity":"atm","brand":"ธนาคารกสิกรไทย","brand:en":"Kasikornbank","brand:th":"ธนาคารกสิกรไทย","brand:wikidata":"Q276557","name:en":"Kasikornbank","name:th":"ธนาคารกสิกรไทย","operator":"ธนาคารกสิกรไทย","operator:wikidata":"Q276557","@type":"node","@id":11155933613},"geometry":{"type":"Point","coordinates":[100.894179,12.9300455]}},{"type":"Feature","id":11159117984,"properties":{"amenity":"atm","brand":"ธนาคารกสิกรไทย","brand:en":"Kasikornbank","brand:th":"ธนาคารกสิกรไทย","brand:wikidata":"Q276557","name:en":"Kasikornbank","name:th":"ธนาคารกสิกรไทย","operator":"ธนาคารกสิกรไทย","operator:wikidata":"Q276557","@type":"node","@id":11159117984},"geometry":{"type":"Point","coordinates":[100.9037677,12.9083741]}},{"type":"Feature","id":11160752967,"properties":{"amenity":"atm","brand":"ธนาคารกรุงเทพ","brand:en":"Bangkok Bank","brand:th":"ธนาคารกรุงเทพ","brand:wikidata":"Q806483","name:en":"Bangkok Bank","name:th":"ธนาคารกรุงเทพ","operator":"ธนาคารกรุงเทพ","operator:wikidata":"Q806483","@type":"node","@id":11160752967},"geometry":{"type":"Point","coordinates":[100.8862479,12.9309623]}},{"type":"Feature","id":11160752968,"properties":{"amenity":"atm","brand":"กรุงศรี","brand:th":"กรุงศรี","brand:wikidata":"Q782537","name:en":"Krungsri","name:th":"กรุงศรี","operator":"กรุงศรี","operator:wikidata":"Q782537","@type":"node","@id":11160752968},"geometry":{"type":"Point","coordinates":[100.8862505,12.9309673]}},{"type":"Feature","id":11187040715,"properties":{"amenity":"atm","brand":"กรุงศรี","brand:en":"Bank of Ayudhya","brand:th":"กรุงศรี","brand:wikidata":"Q782537","name:en":"Krungsri","name:th":"กรุงศรี","operator":"กรุงศรี","operator:wikidata":"Q782537","@type":"node","@id":11187040715},"geometry":{"type":"Point","coordinates":[100.8943499,12.9324521]}},{"type":"Feature","id":11187044783,"properties":{"amenity":"atm","brand":"ธนาคารไทยพาณิชย์","brand:en":"Siam Commercial Bank","brand:th":"ธนาคารไทยพาณิชย์","brand:wikidata":"Q2038986","name:en":"Siam Commercial Bank","name:th":"ธนาคารไทยพาณิชย์","operator":"ธนาคารไทยพาณิชย์","operator:wikidata":"Q2038986","@type":"node","@id":11187044783},"geometry":{"type":"Point","coordinates":[100.8941971,12.9303213]}},{"type":"Feature","id":11187100155,"properties":{"amenity":"atm","brand":"ธนาคารกสิกรไทย","brand:en":"Kasikornbank","brand:th":"ธนาคารกสิกรไทย","brand:wikidata":"Q276557","name:en":"Kasikornbank","name:th":"ธนาคารกสิกรไทย","operator":"ธนาคารกสิกรไทย","operator:wikidata":"Q276557","@type":"node","@id":11187100155},"geometry":{"type":"Point","coordinates":[100.8943517,12.9290861]}},{"type":"Feature","id":11187113592,"properties":{"amenity":"atm","brand":"กรุงศรี","brand:th":"กรุงศรี","brand:wikidata":"Q782537","name:en":"Krungsri","name:th":"กรุงศรี","operator":"กรุงศรี","operator:wikidata":"Q782537","@type":"node","@id":11187113592},"geometry":{"type":"Point","coordinates":[100.8854285,12.929634]}},{"type":"Feature","id":11187120484,"properties":{"amenity":"atm","brand":"กรุงศรี","brand:th":"กรุงศรี","brand:wikidata":"Q782537","name:en":"Krungsri","name:th":"กรุงศรี","operator":"กรุงศรี","operator:wikidata":"Q782537","@type":"node","@id":11187120484},"geometry":{"type":"Point","coordinates":[100.8866067,12.9297586]}},{"type":"Feature","id":11187120485,"properties":{"amenity":"atm","brand":"ธนาคารกรุงเทพ","brand:en":"Bangkok Bank","brand:th":"ธนาคารกรุงเทพ","brand:wikidata":"Q806483","name:en":"Bangkok Bank","name:th":"ธนาคารกรุงเทพ","operator":"ธนาคารกรุงเทพ","operator:wikidata":"Q806483","@type":"node","@id":11187120485},"geometry":{"type":"Point","coordinates":[100.8865893,12.9297626]}},{"type":"Feature","id":11187146328,"properties":{"amenity":"atm","brand":"กรุงศรี","brand:th":"กรุงศรี","brand:wikidata":"Q782537","name:en":"Krungsri","name:th":"กรุงศรี","operator":"กรุงศรี","operator:wikidata":"Q782537","@type":"node","@id":11187146328},"geometry":{"type":"Point","coordinates":[100.8801491,12.9249564]}},{"type":"Feature","id":11187148162,"properties":{"amenity":"atm","brand":"ธนาคารกสิกรไทย","brand:en":"Kasikornbank","brand:th":"ธนาคารกสิกรไทย","brand:wikidata":"Q276557","name:en":"Kasikornbank","name:th":"ธนาคารกสิกรไทย","operator":"ธนาคารกสิกรไทย","operator:wikidata":"Q276557","@type":"node","@id":11187148162},"geometry":{"type":"Point","coordinates":[100.8818264,12.9262855]}},{"type":"Feature","id":11187305504,"properties":{"amenity":"atm","brand":"ธนาคารกสิกรไทย","brand:en":"Kasikornbank","brand:th":"ธนาคารกสิกรไทย","brand:wikidata":"Q276557","name:en":"Kasikornbank","name:th":"ธนาคารกสิกรไทย","operator":"ธนาคารกสิกรไทย","operator:wikidata":"Q276557","@type":"node","@id":11187305504},"geometry":{"type":"Point","coordinates":[100.8888951,12.9256949]}},{"type":"Feature","id":11187305505,"properties":{"amenity":"atm","brand":"กรุงศรี","brand:th":"กรุงศรี","brand:wikidata":"Q782537","name:en":"Krungsri","name:th":"กรุงศรี","operator":"กรุงศรี","operator:wikidata":"Q782537","@type":"node","@id":11187305505},"geometry":{"type":"Point","coordinates":[100.8888904,12.9256848]}},{"type":"Feature","id":11187620117,"properties":{"amenity":"atm","brand":"ธนาคารทหารไทย","brand:en":"TMBThanachart Bank","brand:th":"ธนาคารทหารไทย","brand:wikidata":"Q1527826","name:en":"TMBThanachart Bank","name:th":"ธนาคารทหารไทย","operator":"ธนาคารทหารไทย","operator:wikidata":"Q1527826","short_name":"ttb","@type":"node","@id":11187620117},"geometry":{"type":"Point","coordinates":[100.8868057,12.9325218]}},{"type":"Feature","id":11187832476,"properties":{"amenity":"atm","brand":"กรุงศรี","brand:th":"กรุงศรี","brand:wikidata":"Q782537","name:en":"Krungsri","name:th":"กรุงศรี","operator":"กรุงศรี","operator:wikidata":"Q782537","@type":"node","@id":11187832476},"geometry":{"type":"Point","coordinates":[100.8868692,12.9324966]}},{"type":"Feature","id":11187832477,"properties":{"amenity":"atm","brand":"กรุงศรี","brand:th":"กรุงศรี","brand:wikidata":"Q782537","name:en":"Krungsri","name:th":"กรุงศรี","operator":"กรุงศรี","operator:wikidata":"Q782537","@type":"node","@id":11187832477},"geometry":{"type":"Point","coordinates":[100.8848725,12.9287982]}},{"type":"Feature","id":11187883500,"properties":{"amenity":"atm","brand":"กรุงศรี","brand:th":"กรุงศรี","brand:wikidata":"Q782537","name:en":"Krungsri","name:th":"กรุงศรี","operator":"กรุงศรี","operator:wikidata":"Q782537","@type":"node","@id":11187883500},"geometry":{"type":"Point","coordinates":[100.8818346,12.9262914]}},{"type":"Feature","id":11188110707,"properties":{"amenity":"atm","brand":"กรุงศรี","brand:en":"Bank of Ayudhya","brand:th":"กรุงศรี","brand:wikidata":"Q782537","name:en":"Krungsri","name:th":"กรุงศรี","operator":"กรุงศรี","operator:wikidata":"Q782537","@type":"node","@id":11188110707},"geometry":{"type":"Point","coordinates":[100.8838664,12.9276475]}},{"type":"Feature","id":11188110708,"properties":{"amenity":"atm","brand":"ธนาคารกรุงเทพ","brand:en":"Bangkok Bank","brand:th":"ธนาคารกรุงเทพ","brand:wikidata":"Q806483","name:en":"Bangkok Bank","name:th":"ธนาคารกรุงเทพ","operator":"ธนาคารกรุงเทพ","operator:wikidata":"Q806483","@type":"node","@id":11188110708},"geometry":{"type":"Point","coordinates":[100.8845816,12.9290985]}},{"type":"Feature","id":11188110709,"properties":{"amenity":"atm","brand":"กรุงศรี","brand:th":"กรุงศรี","brand:wikidata":"Q782537","name:en":"Krungsri","name:th":"กรุงศรี","operator":"กรุงศรี","operator:wikidata":"Q782537","@type":"node","@id":11188110709},"geometry":{"type":"Point","coordinates":[100.8845868,12.9290946]}},{"type":"Feature","id":11188110710,"properties":{"amenity":"atm","brand":"ธนาคารทหารไทย","brand:en":"TMBThanachart Bank","brand:th":"ธนาคารทหารไทย","brand:wikidata":"Q1527826","name:en":"TMBThanachart Bank","name:th":"ธนาคารทหารไทย","operator":"ธนาคารทหารไทย","operator:wikidata":"Q1527826","short_name":"ttb","@type":"node","@id":11188110710},"geometry":{"type":"Point","coordinates":[100.8845756,12.9291024]}},{"type":"Feature","id":11188110712,"properties":{"amenity":"atm","brand":"ธนาคารทหารไทย","brand:en":"TMBThanachart Bank","brand:th":"ธนาคารทหารไทย","brand:wikidata":"Q1527826","name:en":"TMBThanachart Bank","name:th":"ธนาคารทหารไทย","operator":"ธนาคารทหารไทย","operator:wikidata":"Q1527826","short_name":"ttb","@type":"node","@id":11188110712},"geometry":{"type":"Point","coordinates":[100.8848697,12.9287927]}},{"type":"Feature","id":11197713057,"properties":{"amenity":"atm","brand":"ธนาคารทหารไทย","brand:en":"TMBThanachart Bank","brand:th":"ธนาคารทหารไทย","brand:wikidata":"Q1527826","name:en":"TMBThanachart Bank","name:th":"ธนาคารทหารไทย","operator":"ธนาคารทหารไทย","operator:wikidata":"Q1527826","short_name":"ttb","@type":"node","@id":11197713057},"geometry":{"type":"Point","coordinates":[100.8851029,12.9291463]}},{"type":"Feature","id":11197713058,"properties":{"amenity":"atm","brand":"ธนาคารไทยพาณิชย์","brand:en":"Siam Commercial Bank","brand:th":"ธนาคารไทยพาณิชย์","brand:wikidata":"Q2038986","name:en":"Siam Commercial Bank","name:th":"ธนาคารไทยพาณิชย์","operator":"ธนาคารไทยพาณิชย์","operator:wikidata":"Q2038986","@type":"node","@id":11197713058},"geometry":{"type":"Point","coordinates":[100.8851067,12.9291525]}},{"type":"Feature","id":11199034040,"properties":{"amenity":"atm","brand":"ธนาคารกรุงเทพ","brand:en":"Bangkok Bank","brand:th":"ธนาคารกรุงเทพ","brand:wikidata":"Q806483","name:en":"Bangkok Bank","name:th":"ธนาคารกรุงเทพ","operator":"ธนาคารกรุงเทพ","operator:wikidata":"Q806483","@type":"node","@id":11199034040},"geometry":{"type":"Point","coordinates":[100.8878758,12.92254]}},{"type":"Feature","id":11199876736,"properties":{"amenity":"atm","brand":"กรุงศรี","brand:en":"Bank of Ayudhya","brand:th":"กรุงศรี","brand:wikidata":"Q782537","name:en":"Krungsri","name:th":"กรุงศรี","operator":"กรุงศรี","operator:wikidata":"Q782537","@type":"node","@id":11199876736},"geometry":{"type":"Point","coordinates":[100.8872877,12.9329116]}},{"type":"Feature","id":11202653279,"properties":{"amenity":"atm","brand":"ธนาคารทหารไทย","brand:en":"TMBThanachart Bank","brand:th":"ธนาคารทหารไทย","brand:wikidata":"Q1527826","name:en":"TMBThanachart Bank","name:th":"ธนาคารทหารไทย","operator":"ธนาคารทหารไทย","operator:wikidata":"Q1527826","short_name":"ttb","@type":"node","@id":11202653279},"geometry":{"type":"Point","coordinates":[100.8847155,12.9285481]}},{"type":"Feature","id":11204053992,"properties":{"amenity":"atm","brand":"กรุงศรี","brand:th":"กรุงศรี","brand:wikidata":"Q782537","name":"กรุงศรี","name:en":"Krungsri","name:th":"กรุงศรี","operator":"กรุงศรี","operator:wikidata":"Q782537","@type":"node","@id":11204053992},"geometry":{"type":"Point","coordinates":[100.882874,12.9366275]}},{"type":"Feature","id":11209514079,"properties":{"amenity":"atm","brand":"ธนาคารกสิกรไทย","brand:en":"Kasikornbank","brand:th":"ธนาคารกสิกรไทย","brand:wikidata":"Q276557","name:en":"Kasikornbank","name:th":"ธนาคารกสิกรไทย","operator":"ธนาคารกสิกรไทย","operator:wikidata":"Q276557","@type":"node","@id":11209514079},"geometry":{"type":"Point","coordinates":[100.8846703,12.9364819]}},{"type":"Feature","id":11209514083,"properties":{"amenity":"atm","brand":"ธนาคารทหารไทย","brand:en":"TMBThanachart Bank","brand:th":"ธนาคารทหารไทย","brand:wikidata":"Q1527826","name:en":"TMBThanachart Bank","name:th":"ธนาคารทหารไทย","operator":"ธนาคารทหารไทย","operator:wikidata":"Q1527826","short_name":"ttb","@type":"node","@id":11209514083},"geometry":{"type":"Point","coordinates":[100.885173,12.9361448]}},{"type":"Feature","id":11209576233,"properties":{"amenity":"atm","brand":"ธนาคารกสิกรไทย","brand:en":"Kasikornbank","brand:th":"ธนาคารกสิกรไทย","brand:wikidata":"Q276557","name:en":"Kasikornbank","name:th":"ธนาคารกสิกรไทย","operator":"ธนาคารกสิกรไทย","operator:wikidata":"Q276557","@type":"node","@id":11209576233},"geometry":{"type":"Point","coordinates":[100.8879158,12.9340146]}},{"type":"Feature","id":11210132617,"properties":{"amenity":"atm","brand":"ธนาคารออมสิน","brand:en":"Government Savings Bank","brand:th":"ธนาคารออมสิน","brand:wikidata":"Q6579041","name:en":"Government Savings Bank","name:th":"ธนาคารออมสิน","operator":"ธนาคารออมสิน","operator:wikidata":"Q6579041","@type":"node","@id":11210132617},"geometry":{"type":"Point","coordinates":[100.8820186,12.9350158]}},{"type":"Feature","id":11215769070,"properties":{"amenity":"atm","brand":"UOB","brand:wikidata":"Q2064074","brand:zh":"大华银行","name:zh":"大华银行","operator":"UOB","operator:wikidata":"Q2064074","@type":"node","@id":11215769070},"geometry":{"type":"Point","coordinates":[100.87981,12.932055]}},{"type":"Feature","id":11218474431,"properties":{"amenity":"atm","brand":"กรุงศรี","brand:th":"กรุงศรี","brand:wikidata":"Q782537","name:en":"Krungsri","name:th":"กรุงศรี","operator":"กรุงศรี","operator:wikidata":"Q782537","@type":"node","@id":11218474431},"geometry":{"type":"Point","coordinates":[100.8862224,12.942423]}},{"type":"Feature","id":11221739176,"properties":{"amenity":"atm","brand":"ธนาคารกสิกรไทย","brand:en":"Kasikornbank","brand:th":"ธนาคารกสิกรไทย","brand:wikidata":"Q276557","name:en":"Kasikornbank","name:th":"ธนาคารกสิกรไทย","operator":"ธนาคารกสิกรไทย","operator:wikidata":"Q276557","@type":"node","@id":11221739176},"geometry":{"type":"Point","coordinates":[100.8841037,12.9296182]}},{"type":"Feature","id":11221739177,"properties":{"amenity":"atm","brand":"ธนาคารทหารไทย","brand:en":"TMBThanachart Bank","brand:th":"ธนาคารทหารไทย","brand:wikidata":"Q1527826","name:en":"TMBThanachart Bank","name:th":"ธนาคารทหารไทย","operator":"ธนาคารทหารไทย","operator:wikidata":"Q1527826","short_name":"ttb","@type":"node","@id":11221739177},"geometry":{"type":"Point","coordinates":[100.8841129,12.9296291]}},{"type":"Feature","id":11222648009,"properties":{"amenity":"atm","brand":"ธนาคารไทยพาณิชย์","brand:en":"Siam Commercial Bank","brand:th":"ธนาคารไทยพาณิชย์","brand:wikidata":"Q2038986","name:en":"Siam Commercial Bank","name:th":"ธนาคารไทยพาณิชย์","operator":"ธนาคารไทยพาณิชย์","operator:wikidata":"Q2038986","@type":"node","@id":11222648009},"geometry":{"type":"Point","coordinates":[100.9024205,12.9088965]}},{"type":"Feature","id":11222648010,"properties":{"amenity":"atm","brand":"กรุงศรี","brand:en":"Bank of Ayudhya","brand:th":"กรุงศรี","brand:wikidata":"Q782537","name:en":"Krungsri","name:th":"กรุงศรี","operator":"กรุงศรี","operator:wikidata":"Q782537","@type":"node","@id":11222648010},"geometry":{"type":"Point","coordinates":[100.9024356,12.9088925]}},{"type":"Feature","id":11226888823,"properties":{"amenity":"atm","brand":"ธนาคารไทยพาณิชย์","brand:en":"Siam Commercial Bank","brand:th":"ธนาคารไทยพาณิชย์","brand:wikidata":"Q2038986","name:en":"Siam Commercial Bank","name:th":"ธนาคารไทยพาณิชย์","operator":"ธนาคารไทยพาณิชย์","operator:wikidata":"Q2038986","@type":"node","@id":11226888823},"geometry":{"type":"Point","coordinates":[100.8970531,12.9335066]}},{"type":"Feature","id":11226888824,"properties":{"amenity":"atm","brand":"กรุงศรี","brand:th":"กรุงศรี","brand:wikidata":"Q782537","name:en":"Krungsri","name:th":"กรุงศรี","operator":"กรุงศรี","operator:wikidata":"Q782537","@type":"node","@id":11226888824},"geometry":{"type":"Point","coordinates":[100.8970895,12.9334943]}},{"type":"Feature","id":11228388078,"properties":{"amenity":"atm","brand":"กรุงศรี","brand:th":"กรุงศรี","brand:wikidata":"Q782537","name:en":"Krungsri","name:th":"กรุงศรี","operator":"กรุงศรี","operator:wikidata":"Q782537","@type":"node","@id":11228388078},"geometry":{"type":"Point","coordinates":[100.8713719,12.9255062]}},{"type":"Feature","id":11282793937,"properties":{"amenity":"atm","brand":"ธนาคารทหารไทย","brand:en":"TMBThanachart Bank","brand:th":"ธนาคารทหารไทย","brand:wikidata":"Q1527826","name:en":"TMBThanachart Bank","name:th":"ธนาคารทหารไทย","operator":"ธนาคารทหารไทย","operator:wikidata":"Q1527826","short_name":"ttb","@type":"node","@id":11282793937},"geometry":{"type":"Point","coordinates":[100.894859,12.9426079]}},{"type":"Feature","id":11342918002,"properties":{"amenity":"atm","brand":"ธนาคารทหารไทย","brand:en":"TMBThanachart Bank","brand:th":"ธนาคารทหารไทย","brand:wikidata":"Q1527826","name:en":"TMBThanachart Bank","name:th":"ธนาคารทหารไทย","operator":"ธนาคารทหารไทย","operator:wikidata":"Q1527826","short_name":"ttb","@type":"node","@id":11342918002},"geometry":{"type":"Point","coordinates":[100.8814022,12.9288147]}},{"type":"Feature","id":11342918004,"properties":{"amenity":"atm","brand":"ธนาคารกสิกรไทย","brand:en":"Kasikornbank","brand:th":"ธนาคารกสิกรไทย","brand:wikidata":"Q276557","name:en":"Kasikornbank","name:th":"ธนาคารกสิกรไทย","operator":"ธนาคารกสิกรไทย","operator:wikidata":"Q276557","@type":"node","@id":11342918004},"geometry":{"type":"Point","coordinates":[100.8819071,12.9289155]}},{"type":"Feature","id":11342918005,"properties":{"amenity":"atm","brand":"ธนาคารกรุงเทพ","brand:en":"Bangkok Bank","brand:th":"ธนาคารกรุงเทพ","brand:wikidata":"Q806483","name:en":"Bangkok Bank","name:th":"ธนาคารกรุงเทพ","operator":"ธนาคารกรุงเทพ","operator:wikidata":"Q806483","@type":"node","@id":11342918005},"geometry":{"type":"Point","coordinates":[100.8819147,12.9289087]}},{"type":"Feature","id":11357435864,"properties":{"amenity":"atm","brand":"ธนาคารทหารไทย","brand:en":"TMBThanachart Bank","brand:th":"ธนาคารทหารไทย","brand:wikidata":"Q1527826","name:en":"TMBThanachart Bank","name:th":"ธนาคารทหารไทย","operator":"ธนาคารทหารไทย","operator:wikidata":"Q1527826","short_name":"ttb","@type":"node","@id":11357435864},"geometry":{"type":"Point","coordinates":[100.8879365,12.9340798]}},{"type":"Feature","id":11387036118,"properties":{"amenity":"atm","brand":"ธนาคารกสิกรไทย","brand:en":"Kasikornbank","brand:th":"ธนาคารกสิกรไทย","brand:wikidata":"Q276557","name:en":"Kasikornbank","name:th":"ธนาคารกสิกรไทย","operator":"ธนาคารกสิกรไทย","operator:wikidata":"Q276557","@type":"node","@id":11387036118},"geometry":{"type":"Point","coordinates":[100.899627,12.9499155]}},{"type":"Feature","id":11411458272,"properties":{"amenity":"atm","brand":"กรุงศรี","brand:th":"กรุงศรี","brand:wikidata":"Q782537","name:en":"Krungsri","name:th":"กรุงศรี","operator":"กรุงศรี","operator:wikidata":"Q782537","@type":"node","@id":11411458272},"geometry":{"type":"Point","coordinates":[100.8887935,12.9091537]}},{"type":"Feature","id":11411458273,"properties":{"amenity":"atm","brand":"ธนาคารกรุงไทย","brand:en":"Krung Thai Bank","brand:th":"ธนาคารกรุงไทย","brand:wikidata":"Q962865","name:en":"Krung Thai Bank","name:th":"ธนาคารกรุงไทย","operator":"ธนาคารกรุงไทย","operator:wikidata":"Q962865","@type":"node","@id":11411458273},"geometry":{"type":"Point","coordinates":[100.8887922,12.9091634]}},{"type":"Feature","id":11595855497,"properties":{"amenity":"atm","brand":"Kasikorn","level":"0","wheelchair":"yes","@type":"node","@id":11595855497},"geometry":{"type":"Point","coordinates":[100.8682207,12.899617]}},{"type":"Feature","id":11598521254,"properties":{"amenity":"atm","brand":"Krungsri","level":"0","wheelchair":"limited","@type":"node","@id":11598521254},"geometry":{"type":"Point","coordinates":[100.8727431,12.8979001]}},{"type":"Feature","id":11598521255,"properties":{"amenity":"atm","brand":"Krungsri","level":"0","wheelchair":"yes","@type":"node","@id":11598521255},"geometry":{"type":"Point","coordinates":[100.8716409,12.8970414]}},{"type":"Feature","id":11599130103,"properties":{"amenity":"atm","brand":"Kasikornthai","level":"0","opening_hours":"24/7","wheelchair":"no","@type":"node","@id":11599130103},"geometry":{"type":"Point","coordinates":[100.8734864,12.8975807]}},{"type":"Feature","id":12100492271,"properties":{"amenity":"atm","cash_in":"no","drive_through":"no","not:brand:wikidata":"Q806483","operator":"Bangkok Bank","@type":"node","@id":12100492271},"geometry":{"type":"Point","coordinates":[100.8828531,12.8870382]}},{"type":"Feature","id":12883400183,"properties":{"amenity":"atm","brand":"ธนาคารไทยพาณิชย์","brand:en":"Siam Commercial Bank","brand:th":"ธนาคารไทยพาณิชย์","brand:wikidata":"Q2038986","drive_through":"no","network":"SCB","operator":"ธนาคารไทยพาณิชย์","operator:wikidata":"Q2038986","@type":"node","@id":12883400183},"geometry":{"type":"Point","coordinates":[100.861727,12.9152219]}},{"type":"Feature","id":12906434426,"properties":{"amenity":"atm","brand":"กรุงศรี","brand:en":"Bank of Ayudhya","brand:th":"กรุงศรี","brand:wikidata":"Q782537","operator":"กรุงศรี","operator:wikidata":"Q782537","@type":"node","@id":12906434426},"geometry":{"type":"Point","coordinates":[100.9170452,12.9400261]}},{"type":"Feature","id":12906434432,"properties":{"amenity":"atm","brand":"ธนาคารกรุงเทพ","brand:en":"Bangkok Bank","brand:th":"ธนาคารกรุงเทพ","brand:wikidata":"Q806483","operator":"ธนาคารกรุงเทพ","operator:wikidata":"Q806483","@type":"node","@id":12906434432},"geometry":{"type":"Point","coordinates":[100.9170545,12.9400281]}},{"type":"Feature","id":12981835153,"properties":{"amenity":"atm","brand":"ธนาคารกรุงเทพ","brand:en":"Bangkok Bank","brand:th":"ธนาคารกรุงเทพ","brand:wikidata":"Q806483","operator":"ธนาคารกรุงเทพ","operator:wikidata":"Q806483","@type":"node","@id":12981835153},"geometry":{"type":"Point","coordinates":[100.862287,12.9152109]}},{"type":"Feature","id":12990524926,"properties":{"amenity":"bank","brand":"ธนาคารกรุงเทพ","brand:en":"Bangkok Bank","brand:th":"ธนาคารกรุงเทพ","brand:wikidata":"Q806483","name":"ธนาคารกรุงเทพ","name:en":"Bangkok Bank","name:th":"ธนาคารกรุงเทพ","@type":"node","@id":12990524926},"geometry":{"type":"Point","coordinates":[100.9921748,13.3683163]}},{"type":"Feature","id":12990524927,"properties":{"amenity":"atm","brand":"ธนาคารกรุงเทพ","brand:en":"Bangkok Bank","brand:th":"ธนาคารกรุงเทพ","brand:wikidata":"Q806483","operator":"ธนาคารกรุงเทพ","operator:wikidata":"Q806483","@type":"node","@id":12990524927},"geometry":{"type":"Point","coordinates":[100.9920579,13.3683331]}},{"type":"Feature","id":12992853461,"properties":{"amenity":"atm","brand":"ธนาคารไทยพาณิชย์","brand:en":"Siam Commercial Bank","brand:th":"ธนาคารไทยพาณิชย์","brand:wikidata":"Q2038986","operator":"ธนาคารไทยพาณิชย์","operator:wikidata":"Q2038986","@type":"node","@id":12992853461},"geometry":{"type":"Point","coordinates":[100.9903003,13.3634933]}},{"type":"Feature","id":12992853462,"properties":{"amenity":"atm","currency:THB":"yes","drive_through":"no","operator":"KBank","@type":"node","@id":12992853462},"geometry":{"type":"Point","coordinates":[100.9902601,13.3635058]}},{"type":"Feature","id":12992853477,"properties":{"amenity":"atm","brand":"ธนาคารกรุงไทย","brand:en":"Krung Thai Bank","brand:th":"ธนาคารกรุงไทย","brand:wikidata":"Q962865","operator":"ธนาคารกรุงไทย","operator:wikidata":"Q962865","@type":"node","@id":12992853477},"geometry":{"type":"Point","coordinates":[100.9909569,13.3664244]}},{"type":"Feature","id":12992853478,"properties":{"amenity":"atm","brand":"ธนาคารกรุงไทย","brand:en":"Krung Thai Bank","brand:th":"ธนาคารกรุงไทย","brand:wikidata":"Q962865","operator":"ธนาคารกรุงไทย","operator:wikidata":"Q962865","@type":"node","@id":12992853478},"geometry":{"type":"Point","coordinates":[100.9909512,13.3664093]}},{"type":"Feature","id":12992853479,"properties":{"amenity":"atm","brand":"ธนาคารกรุงไทย","brand:en":"Krung Thai Bank","brand:th":"ธนาคารกรุงไทย","brand:wikidata":"Q962865","operator":"ธนาคารกรุงไทย","operator:wikidata":"Q962865","@type":"node","@id":12992853479},"geometry":{"type":"Point","coordinates":[100.9909639,13.3664464]}},{"type":"Feature","id":12992853493,"properties":{"amenity":"atm","@type":"node","@id":12992853493},"geometry":{"type":"Point","coordinates":[100.9926175,13.3696375]}},{"type":"Feature","id":12994030200,"properties":{"amenity":"atm","brand":"ธนาคารกรุงไทย","brand:en":"Krung Thai Bank","brand:th":"ธนาคารกรุงไทย","brand:wikidata":"Q962865","operator":"ธนาคารกรุงไทย","operator:wikidata":"Q962865","@type":"node","@id":12994030200},"geometry":{"type":"Point","coordinates":[100.8846478,12.8783315]}},{"type":"Feature","id":13286849107,"properties":{"amenity":"atm","brand":"ธนาคารไทยพาณิชย์","brand:en":"Siam Commercial Bank","brand:th":"ธนาคารไทยพาณิชย์","brand:wikidata":"Q2038986","operator":"ธนาคารไทยพาณิชย์","operator:wikidata":"Q2038986","@type":"node","@id":13286849107},"geometry":{"type":"Point","coordinates":[100.9104781,12.923371]}},{"type":"Feature","id":13286849108,"properties":{"amenity":"atm","brand":"กรุงศรี","brand:en":"Bank of Ayudhya","brand:th":"กรุงศรี","brand:wikidata":"Q782537","operator":"กรุงศรี","operator:wikidata":"Q782537","@type":"node","@id":13286849108},"geometry":{"type":"Point","coordinates":[100.9111717,12.9228425]}},{"type":"Feature","id":13286849109,"properties":{"amenity":"atm","brand":"ธนาคารไทยพาณิชย์","brand:en":"Siam Commercial Bank","brand:th":"ธนาคารไทยพาณิชย์","brand:wikidata":"Q2038986","operator":"ธนาคารไทยพาณิชย์","operator:wikidata":"Q2038986","@type":"node","@id":13286849109},"geometry":{"type":"Point","coordinates":[100.911175,12.9228512]}},{"type":"Feature","id":13286849110,"properties":{"amenity":"atm","brand":"ธนาคารกรุงเทพ","brand:en":"Bangkok Bank","brand:th":"ธนาคารกรุงเทพ","brand:wikidata":"Q806483","operator":"ธนาคารกรุงเทพ","operator:wikidata":"Q806483","@type":"node","@id":13286849110},"geometry":{"type":"Point","coordinates":[100.9111787,12.9228595]}},{"type":"Feature","id":13286849111,"properties":{"amenity":"atm","brand":"ธนาคารกสิกรไทย","brand:en":"Kasikornbank","brand:th":"ธนาคารกสิกรไทย","brand:wikidata":"Q276557","cash_in":"yes","operator":"ธนาคารกสิกรไทย","operator:wikidata":"Q276557","@type":"node","@id":13286849111},"geometry":{"type":"Point","coordinates":[100.911079,12.922894]}},{"type":"Feature","id":13288342585,"properties":{"amenity":"atm","brand":"ธนาคารกรุงไทย","brand:en":"Krung Thai Bank","brand:th":"ธนาคารกรุงไทย","brand:wikidata":"Q962865","operator":"ธนาคารกรุงไทย","operator:wikidata":"Q962865","@type":"node","@id":13288342585},"geometry":{"type":"Point","coordinates":[100.9139283,12.9212063]}},{"type":"Feature","id":13312789686,"properties":{"amenity":"atm","@type":"node","@id":13312789686},"geometry":{"type":"Point","coordinates":[100.7883126,12.9225438]}},{"type":"Feature","id":13316658070,"properties":{"amenity":"atm","cash_in":"no","drive_through":"no","@type":"node","@id":13316658070},"geometry":{"type":"Point","coordinates":[101.3783845,12.6152639]}},{"type":"Feature","id":13326481363,"properties":{"amenity":"atm","@type":"node","@id":13326481363},"geometry":{"type":"Point","coordinates":[101.4646532,12.5679862]}},{"type":"Feature","id":13330373488,"properties":{"amenity":"atm","@type":"node","@id":13330373488},"geometry":{"type":"Point","coordinates":[101.4391304,12.6280995]}},{"type":"Feature","id":13528190801,"properties":{"amenity":"bank","name:en":"Bangkok Bank","@type":"node","@id":13528190801},"geometry":{"type":"Point","coordinates":[101.4342531,12.6264886]}},{"type":"Feature","id":13528371601,"properties":{"amenity":"bank","brand":"ธนาคารกรุงไทย","brand:en":"Krung Thai Bank","brand:th":"ธนาคารกรุงไทย","brand:wikidata":"Q962865","name":"ธนาคารกรุงไทย","name:en":"Krung Thai Bank","name:th":"ธนาคารกรุงไทย","@type":"node","@id":13528371601},"geometry":{"type":"Point","coordinates":[101.4334212,12.6258895]}},{"type":"Feature","id":13593321575,"properties":{"amenity":"atm","brand":"กรุงศรี","brand:en":"Bank of Ayudhya","brand:th":"กรุงศรี","brand:wikidata":"Q782537","operator":"กรุงศรี","operator:wikidata":"Q782537","@type":"node","@id":13593321575},"geometry":{"type":"Point","coordinates":[100.8890589,12.9276033]}},{"type":"Feature","id":13961113399,"properties":{"amenity":"atm","brand":"ธนาคารไทยพาณิชย์","brand:en":"Siam Commercial Bank","brand:th":"ธนาคารไทยพาณิชย์","brand:wikidata":"Q2038986","operator":"ธนาคารไทยพาณิชย์","operator:wikidata":"Q2038986","@type":"node","@id":13961113399},"geometry":{"type":"Point","coordinates":[100.9679771,12.9193161]}},{"type":"Feature","id":13983840787,"properties":{"amenity":"atm","brand":"Krungthai","source":"survey","@type":"node","@id":13983840787},"geometry":{"type":"Point","coordinates":[101.2838132,13.1630503]}},{"type":"Feature","id":13983840788,"properties":{"amenity":"atm","brand":"KBank","source":"survey","@type":"node","@id":13983840788},"geometry":{"type":"Point","coordinates":[101.2838073,13.1630444]}},{"type":"Feature","id":13992232963,"properties":{"amenity":"atm","brand":"ธนาคารกรุงเทพ","brand:en":"Bangkok Bank","brand:th":"ธนาคารกรุงเทพ","brand:wikidata":"Q806483","operator":"ธนาคารกรุงเทพ","operator:wikidata":"Q806483","@type":"node","@id":13992232963},"geometry":{"type":"Point","coordinates":[100.9044052,12.9357027]}},{"type":"Feature","id":13992232964,"properties":{"amenity":"atm","brand":"ธนาคารกสิกรไทย","brand:en":"Kasikornbank","brand:th":"ธนาคารกสิกรไทย","brand:wikidata":"Q276557","operator":"ธนาคารกสิกรไทย","operator:wikidata":"Q276557","@type":"node","@id":13992232964},"geometry":{"type":"Point","coordinates":[100.9043971,12.9356766]}},{"type":"Feature","id":14128767740,"properties":{"amenity":"bank","atm":"yes","branch":"ธนาคารกรุงเทพ จก (มหาชน) สาขานายายอาม","brand":"ธนาคารกรุงเทพ","brand:en":"Bangkok Bank","brand:th":"ธนาคารกรุงเทพ","brand:wikidata":"Q806483","drive_through":"no","name":"ธนาคารกรุงเทพ","name:en":"Bangkok Bank","name:th":"ธนาคารกรุงเทพ","@type":"node","@id":14128767740},"geometry":{"type":"Point","coordinates":[101.8229456,12.7797765]}},{"type":"Feature","id":14181643748,"properties":{"addr:country":"Thailand","addr:district":"นิคมพัฒนา","addr:district:en":"Nikhom Phatthana","addr:postcode":"21180","addr:province":"ระยอง","addr:province:en":"Rayong","addr:subdistrict":"นิคมพัฒนา","amenity":"bank","branch":"สาขานิคมพัฒนา","brand":"ธนาคารกรุงเทพ","brand:en":"Bangkok Bank","brand:th":"ธนาคารกรุงเทพ","brand:wikidata":"Q806483","name":"ธนาคารกรุงเทพ","name:en":"Bangkok Bank","name:th":"ธนาคารกรุงเทพ","@type":"node","@id":14181643748},"geometry":{"type":"Point","coordinates":[101.2024683,12.8261709]}},{"type":"Feature","id":115848539,"properties":{"amenity":"bank","atm":"yes","building":"yes","name":"Ayudhya Bank","@type":"way","@id":115848539},"geometry":{"type":"Point","coordinates":[101.1809255,13.4516633]}},{"type":"Feature","id":153538092,"properties":{"amenity":"bank","brand":"ธนาคารไทยพาณิชย์","brand:en":"Siam Commercial Bank","brand:th":"ธนาคารไทยพาณิชย์","brand:wikidata":"Q2038986","brand:wikipedia":"en:Siam Commercial Bank","building":"yes","name":"ธนาคารไทยพาณิชย์","name:en":"Siam Commercial Bank","name:th":"ธนาคารไทยพาณิชย์","wheelchair":"no","@type":"way","@id":153538092},"geometry":{"type":"Point","coordinates":[100.8870486,12.9372128]}},{"type":"Feature","id":153538115,"properties":{"addr:street":"พัทยาสายสอง","amenity":"bank","atm":"yes","brand":"ธนาคารกรุงเทพ","brand:en":"Bangkok Bank","brand:th":"ธนาคารกรุงเทพ","brand:wikidata":"Q806483","building":"yes","name":"ธนาคารกรุงเทพ","name:en":"Bangkok Bank","name:ja":"バンコク銀行","name:th":"ธนาคารกรุงเทพ","@type":"way","@id":153538115},"geometry":{"type":"Point","coordinates":[100.8880609,12.9414438]}},{"type":"Feature","id":265704162,"properties":{"addr:street":"ถนนสุขุมวิท","amenity":"bank","atm":"yes","building":"yes","operator":"ธนาคารกรุงศรีอยุธยา","operator:en":"Bank of Ayudhya","operator:th":"ธนาคารกรุงศรีอยุธยา","@type":"way","@id":265704162},"geometry":{"type":"Point","coordinates":[100.9166443,13.1186883]}},{"type":"Feature","id":311061403,"properties":{"amenity":"bank","building":"yes","name":"Kasikorn","@type":"way","@id":311061403},"geometry":{"type":"Point","coordinates":[100.8982779,12.9254216]}},{"type":"Feature","id":311224300,"properties":{"addr:street":"ถนนสุขุมวิท","amenity":"bank","atm":"yes","brand":"ธนาคารกรุงไทย","brand:en":"Krung Thai Bank","brand:th":"ธนาคารกรุงไทย","brand:wikidata":"Q962865","building":"yes","name":"ธนาคารกรุงไทย","name:en":"Krung Thai Bank","name:th":"ธนาคารกรุงไทย","wheelchair":"yes","@type":"way","@id":311224300},"geometry":{"type":"Point","coordinates":[100.9037177,12.9433188]}},{"type":"Feature","id":311867362,"properties":{"amenity":"bank","atm":"yes","brand":"ธนาคารทหารไทย","brand:en":"TMBThanachart Bank","brand:th":"ธนาคารทหารไทย","brand:wikidata":"Q1527826","building":"yes","name":"ธนาคารทหารไทย","name:en":"TMBThanachart Bank","name:th":"ธนาคารทหารไทย","short_name":"ttb","@type":"way","@id":311867362},"geometry":{"type":"Point","coordinates":[100.8699005,12.9024214]}},{"type":"Feature","id":312051447,"properties":{"addr:street":"ถนนพัทยาสายหนึ่ง","amenity":"bank","brand":"ธนาคารไทยพาณิชย์","brand:en":"Siam Commercial Bank","brand:th":"ธนาคารไทยพาณิชย์","brand:wikidata":"Q2038986","building":"yes","building:levels":"3","name":"ธนาคารไทยพาณิชย์","name:en":"Siam Commercial Bank","name:th":"ธนาคารไทยพาณิชย์","@type":"way","@id":312051447},"geometry":{"type":"Point","coordinates":[100.8751327,12.927514]}},{"type":"Feature","id":312910373,"properties":{"amenity":"bank","atm":"yes","brand":"ธนาคารไทยพาณิชย์","brand:en":"Siam Commercial Bank","brand:th":"ธนาคารไทยพาณิชย์","brand:wikidata":"Q2038986","building":"yes","name":"ธนาคารไทยพาณิชย์","name:en":"Siam Commercial Bank","name:th":"ธนาคารไทยพาณิชย์","@type":"way","@id":312910373},"geometry":{"type":"Point","coordinates":[100.8779803,12.8868251]}},{"type":"Feature","id":328549896,"properties":{"addr:street":"พัทยากลาง","amenity":"bank","building":"yes","name":"ธนาคารกรุงศรี","name:en":"Krungsri Bank","@type":"way","@id":328549896},"geometry":{"type":"Point","coordinates":[100.8958157,12.9332385]}},{"type":"Feature","id":328588363,"properties":{"amenity":"bank","atm":"yes","brand":"ธนาคารไทยพาณิชย์","brand:en":"Siam Commercial Bank","brand:th":"ธนาคารไทยพาณิชย์","brand:wikidata":"Q2038986","building":"yes","name":"ธนาคารไทยพาณิชย์","name:en":"Siam Commercial Bank","name:th":"ธนาคารไทยพาณิชย์","@type":"way","@id":328588363},"geometry":{"type":"Point","coordinates":[100.9100145,12.9676985]}},{"type":"Feature","id":381938716,"properties":{"amenity":"bank","atm":"yes","building":"yes","name":"ธนาคารเกียรตินาคิน","name:en":"Kiatnakin Bank","@type":"way","@id":381938716},"geometry":{"type":"Point","coordinates":[100.8986133,12.9327689]}},{"type":"Feature","id":403224611,"properties":{"amenity":"bank","atm":"yes","brand":"ธนาคารกรุงเทพ","brand:en":"Bangkok Bank","brand:th":"ธนาคารกรุงเทพ","brand:wikidata":"Q806483","brand:wikipedia":"en:Bangkok Bank","building":"yes","name":"ธนาคารกรุงเทพ","name:en":"Bangkok Bank","name:th":"ธนาคารกรุงเทพ","opening_hours":"10:00-18:00","@type":"way","@id":403224611},"geometry":{"type":"Point","coordinates":[100.9023246,12.9390072]}},{"type":"Feature","id":406560521,"properties":{"amenity":"bank","atm":"yes","brand":"ธนาคารกรุงเทพ","brand:en":"Bangkok Bank","brand:th":"ธนาคารกรุงเทพ","brand:wikidata":"Q806483","building":"yes","name":"ธนาคารกรุงเทพ","name:en":"Bangkok Bank","name:th":"ธนาคารกรุงเทพ","@type":"way","@id":406560521},"geometry":{"type":"Point","coordinates":[100.9144447,12.9300055]}},{"type":"Feature","id":412515654,"properties":{"addr:street":"ถนนสุขุมวิท","amenity":"bank","atm":"yes","brand":"ธนาคารกรุงเทพ","brand:en":"Bangkok Bank","brand:th":"ธนาคารกรุงเทพ","brand:wikidata":"Q806483","building":"yes","name":"ธนาคารกรุงเทพ","name:en":"Bangkok Bank","name:ja":"バンコク銀行","name:th":"ธนาคารกรุงเทพ","operator":"ธนาคารกรุงเทพ","operator:en":"Bangkok Bank","@type":"way","@id":412515654},"geometry":{"type":"Point","coordinates":[100.9310977,13.1670533]}},{"type":"Feature","id":419840162,"properties":{"amenity":"bank","atm":"yes","brand":"ธนาคารกรุงไทย","brand:en":"Krung Thai Bank","brand:th":"ธนาคารกรุงไทย","brand:wikidata":"Q962865","building":"yes","name":"ธนาคารกรุงไทย","name:en":"Krung Thai Bank","name:ja":"クルンタイ銀行","name:th":"ธนาคารกรุงไทย","@type":"way","@id":419840162},"geometry":{"type":"Point","coordinates":[100.884828,12.936909]}},{"type":"Feature","id":422617910,"properties":{"amenity":"bank","atm":"yes","brand":"ธนาคารกรุงเทพ","brand:en":"Bangkok Bank","brand:th":"ธนาคารกรุงเทพ","brand:wikidata":"Q806483","building":"yes","name":"ธนาคารกรุงเทพ","name:en":"Bangkok Bank","name:th":"ธนาคารกรุงเทพ","@type":"way","@id":422617910},"geometry":{"type":"Point","coordinates":[100.9018755,12.9346065]}},{"type":"Feature","id":445328762,"properties":{"amenity":"bank","atm":"yes","brand":"ธนาคารกสิกรไทย","brand:en":"Kasikornbank","brand:th":"ธนาคารกสิกรไทย","brand:wikidata":"Q276557","building":"yes","name":"ธนาคารกสิกรไทย","name:en":"Kasikornbank","name:th":"ธนาคารกสิกรไทย","@type":"way","@id":445328762},"geometry":{"type":"Point","coordinates":[100.8683952,12.8974381]}},{"type":"Feature","id":445328765,"properties":{"amenity":"bank","building":"kiosk","name":"T.T. Currency Exchange","@type":"way","@id":445328765},"geometry":{"type":"Point","coordinates":[100.8684837,12.9104526]}},{"type":"Feature","id":674709240,"properties":{"amenity":"bank","brand":"ธนาคารทหารไทย","brand:en":"TMBThanachart Bank","brand:th":"ธนาคารทหารไทย","brand:wikidata":"Q1527826","building":"yes","name":"ธนาคารทหารไทย","name:en":"TMBThanachart Bank","name:th":"ธนาคารทหารไทย","short_name":"ttb","@type":"way","@id":674709240},"geometry":{"type":"Point","coordinates":[100.9904473,13.3652715]}},{"type":"Feature","id":707360635,"properties":{"addr:street":"ถนนสุขุมวิท","amenity":"bank","building":"yes","name":"ธกส","@type":"way","@id":707360635},"geometry":{"type":"Point","coordinates":[101.2855771,12.6800303]}},{"type":"Feature","id":707364381,"properties":{"addr:street":"ถนนสุขุมวิท","amenity":"bank","building":"yes","name":"Krungsri Bank","@type":"way","@id":707364381},"geometry":{"type":"Point","coordinates":[101.2857283,12.6795939]}},{"type":"Feature","id":710344306,"properties":{"addr:street":"ถนนศรีราชา-หนองยายบู่","amenity":"bank","building":"yes","name":"ธนาคารกรุงเทพ","@type":"way","@id":710344306},"geometry":{"type":"Point","coordinates":[100.9573951,13.1461121]}},{"type":"Feature","id":711049019,"properties":{"addr:street":"ถนนสุขุมวิท","amenity":"bank","brand":"ธนาคารกรุงไทย","brand:en":"Krung Thai Bank","brand:th":"ธนาคารกรุงไทย","brand:wikidata":"Q962865","brand:wikipedia":"en:Krung Thai Bank","building":"yes","name":"ธนาคารกรุงไทย","name:en":"Krung Thai Bank","name:th":"ธนาคารกรุงไทย","@type":"way","@id":711049019},"geometry":{"type":"Point","coordinates":[100.9168183,13.0905768]}},{"type":"Feature","id":711510751,"properties":{"addr:street":"ถนนสุขุมวิท","amenity":"bank","atm":"yes","building":"yes","name":"ธนาคารทหารไทย","name:en":"TMB Bank","operator":"ธนาคารทหารไทย","operator:en":"TMB Bank","operator:th":"ธนาคารทหารไทย","@type":"way","@id":711510751},"geometry":{"type":"Point","coordinates":[100.9165457,13.1173679]}},{"type":"Feature","id":711801618,"properties":{"amenity":"bank","building":"yes","name":"ธนาคารอาคารสงเคราะห์","name:ja":"政府住宅銀行","@type":"way","@id":711801618},"geometry":{"type":"Point","coordinates":[100.9255897,13.1613615]}},{"type":"Feature","id":714001332,"properties":{"addr:street":"ถนนสุขุมวิท","amenity":"bank","building":"yes","int_name":"Krung Thai Bank","name":"ธนาคารกรุงไทย","@type":"way","@id":714001332},"geometry":{"type":"Point","coordinates":[101.1654257,12.7146386]}},{"type":"Feature","id":714001333,"properties":{"addr:street":"ถนนสุขุมวิท","amenity":"bank","building":"yes","int_name":"Bangkok Bank","name":"ธนาคารกรุงเทพ","@type":"way","@id":714001333},"geometry":{"type":"Point","coordinates":[101.1660404,12.7142872]}},{"type":"Feature","id":714618031,"properties":{"amenity":"bank","building":"yes","name":"กรุงศรี","name:en":"krungsri","@type":"way","@id":714618031},"geometry":{"type":"Point","coordinates":[101.0514501,12.722516]}},{"type":"Feature","id":719491836,"properties":{"alt_name:en":"Krungsri","amenity":"bank","brand":"กรุงศรี","brand:en":"Bank of Ayudhya","brand:th":"กรุงศรี","brand:wikidata":"Q782537","building":"yes","name":"กรุงศรี","name:en":"Bank of Ayudhya","name:th":"กรุงศรี","@type":"way","@id":719491836},"geometry":{"type":"Point","coordinates":[100.9859377,13.3641238]}},{"type":"Feature","id":720024186,"properties":{"amenity":"bank","building":"yes","name":"ธนาคารธนชาต","name:en":"Thanachart Bank","name:th":"ธนาคารธนชาต","@type":"way","@id":720024186},"geometry":{"type":"Point","coordinates":[100.8992502,12.66477]}},{"type":"Feature","id":721656607,"properties":{"amenity":"bank","brand":"ธนาคารออมสิน","brand:en":"Government Savings Bank","brand:th":"ธนาคารออมสิน","brand:wikidata":"Q6579041","brand:wikipedia":"en:Government Savings Bank (Thailand)","building":"yes","name":"ธนาคารออมสิน","name:en":"Government Savings Bank","name:th":"ธนาคารออมสิน","@type":"way","@id":721656607},"geometry":{"type":"Point","coordinates":[101.1690543,12.7132705]}},{"type":"Feature","id":721737939,"properties":{"amenity":"bank","building":"yes","name":"ธนาคารกรุงศรี","name:en":"Krungsri Bank","@type":"way","@id":721737939},"geometry":{"type":"Point","coordinates":[101.1669816,12.7138386]}},{"type":"Feature","id":723187337,"properties":{"amenity":"bank","name":"ธนาคารเกสิกรไทย","@type":"way","@id":723187337},"geometry":{"type":"Point","coordinates":[100.9022006,12.6650461]}},{"type":"Feature","id":723187338,"properties":{"amenity":"bank","name":"ธนาคารอาคารสงเคราะห์","@type":"way","@id":723187338},"geometry":{"type":"Point","coordinates":[100.8999235,12.6649434]}},{"type":"Feature","id":726989233,"properties":{"addr:street":"ถนนสุขุมวิท","amenity":"bank","building":"yes","name":"TMB Bank","@type":"way","@id":726989233},"geometry":{"type":"Point","coordinates":[100.9174735,13.0883733]}},{"type":"Feature","id":726989237,"properties":{"addr:street":"ถนนสุขุมวิท","amenity":"bank","building":"yes","name":"Kasikorn Bank","@type":"way","@id":726989237},"geometry":{"type":"Point","coordinates":[100.9163363,13.0919154]}},{"type":"Feature","id":726989238,"properties":{"amenity":"bank","brand":"Krungsri","building":"yes","name":"Krungsri Bank","@type":"way","@id":726989238},"geometry":{"type":"Point","coordinates":[100.9161864,13.0923379]}},{"type":"Feature","id":727899575,"properties":{"addr:street":"ถนนสุขุมวิท","amenity":"bank","brand":"ธนาคารออมสิน","brand:en":"Government Savings Bank","brand:th":"ธนาคารออมสิน","brand:wikidata":"Q6579041","brand:wikipedia":"en:Government Savings Bank (Thailand)","building":"yes","name":"ธนาคารออมสิน","name:en":"Government Savings Bank","name:th":"ธนาคารออมสิน","@type":"way","@id":727899575},"geometry":{"type":"Point","coordinates":[100.9388508,13.2852759]}},{"type":"Feature","id":733399354,"properties":{"amenity":"bank","brand":"ธนาคารกรุงไทย","brand:en":"Krung Thai Bank","brand:th":"ธนาคารกรุงไทย","brand:wikidata":"Q962865","building":"yes","name":"ธนาคารกรุงไทย","name:en":"Krung Thai Bank","name:th":"ธนาคารกรุงไทย","operator":"ธนาคารกรุงไทย","@type":"way","@id":733399354},"geometry":{"type":"Point","coordinates":[100.91558,12.8240293]}},{"type":"Feature","id":733399358,"properties":{"amenity":"bank","building":"yes","name":"ศรีสวัสดิ์","@type":"way","@id":733399358},"geometry":{"type":"Point","coordinates":[100.916124,12.8206403]}},{"type":"Feature","id":771749596,"properties":{"amenity":"bank","brand":"Siam Commercial Bank","brand:wikidata":"Q2038986","brand:wikipedia":"en:Siam Commercial Bank","building":"yes","name":"Siam Commercial Bank","@type":"way","@id":771749596},"geometry":{"type":"Point","coordinates":[100.9655281,13.344492]}},{"type":"Feature","id":950262548,"properties":{"amenity":"bank","brand":"ธนาคารออมสิน","brand:en":"Government Savings Bank","brand:th":"ธนาคารออมสิน","brand:wikidata":"Q6579041","brand:wikipedia":"en:Government Savings Bank (Thailand)","building":"yes","name":"ธนาคารออมสิน","name:en":"Government Savings Bank","name:th":"ธนาคารออมสิน","@type":"way","@id":950262548},"geometry":{"type":"Point","coordinates":[101.0627204,13.6946463]}},{"type":"Feature","id":950262550,"properties":{"amenity":"bank","building":"yes","name":"TMB - bank","@type":"way","@id":950262550},"geometry":{"type":"Point","coordinates":[101.0626293,13.6941236]}},{"type":"Feature","id":951254199,"properties":{"amenity":"bank","name":"ธนาคารอิสลามแห่งประเทศไทย สาขาบางแสน","opening_hours":"Mo-Fr 08:30-16:30","@type":"way","@id":951254199},"geometry":{"type":"Point","coordinates":[100.9235727,13.2855305]}},{"type":"Feature","id":951357131,"properties":{"amenity":"bank","brand":"ธนาคารกสิกรไทย","brand:en":"Kasikornbank","brand:th":"ธนาคารกสิกรไทย","brand:wikidata":"Q276557","brand:wikipedia":"en:Kasikornbank","building":"yes","name":"ธนาคารกสิกรไทย","name:en":"Kasikornbank","name:th":"ธนาคารกสิกรไทย","@type":"way","@id":951357131},"geometry":{"type":"Point","coordinates":[101.0548053,13.6921869]}},{"type":"Feature","id":953375858,"properties":{"amenity":"bank","building":"yes","name":"ธนาคารทหารไทย สาขาพนัสนิคม ชลบุรี","@type":"way","@id":953375858},"geometry":{"type":"Point","coordinates":[101.1802505,13.4449068]}},{"type":"Feature","id":965099645,"properties":{"amenity":"bank","building:part":"yes","name":"ธนชาติ","@type":"way","@id":965099645},"geometry":{"type":"Point","coordinates":[101.2109624,12.9820263]}},{"type":"Feature","id":1096872986,"properties":{"amenity":"bank","atm":"yes","brand":"ธนาคารไทยพาณิชย์","brand:en":"Siam Commercial Bank","brand:th":"ธนาคารไทยพาณิชย์","brand:wikidata":"Q2038986","building":"yes","name":"ธนาคารไทยพาณิชย์","name:en":"Siam Commercial Bank","name:th":"ธนาคารไทยพาณิชย์","@type":"way","@id":1096872986},"geometry":{"type":"Point","coordinates":[100.887139,12.9087187]}},{"type":"Feature","id":1292610721,"properties":{"alt_name:en":"Krungsri","amenity":"bank","atm":"yes","brand":"กรุงศรี","brand:en":"Bank of Ayudhya","brand:th":"กรุงศรี","brand:wikidata":"Q782537","building":"yes","name":"กรุงศรี","name:en":"Bank of Ayudhya","name:ja":"アユタヤ銀行","name:th":"กรุงศรี","operator":"ธนาคารกรุงศรีอยุธยา","operator:en":"Bank of Ayudhya","operator:th":"ธนาคารกรุงศรีอยุธยา","@type":"way","@id":1292610721},"geometry":{"type":"Point","coordinates":[100.927514,13.1625392]}},{"type":"Feature","id":1292663992,"properties":{"addr:street":"ถนนสุขุมวิท","amenity":"bank","atm":"yes","brand":"ธนาคารกสิกรไทย","brand:en":"Kasikornbank","brand:th":"ธนาคารกสิกรไทย","brand:wikidata":"Q276557","building":"yes","name":"ธนาคารกสิกรไทย","name:en":"Kasikornbank","name:th":"ธนาคารกสิกรไทย","operator":"ธนาคารกสิกรไทย","operator:en":"Kasikorn Bank","operator:th":"ธนาคารกสิกรไทย","@type":"way","@id":1292663992},"geometry":{"type":"Point","coordinates":[100.9294402,13.163689]}},{"type":"Feature","id":1292664014,"properties":{"amenity":"bank","brand":"ธนาคารทหารไทย","brand:en":"TMBThanachart Bank","brand:th":"ธนาคารทหารไทย","brand:wikidata":"Q1527826","building":"yes","name":"ธนาคารทหารไทย","name:en":"TMBThanachart Bank","name:th":"ธนาคารทหารไทย","short_name":"ttb","@type":"way","@id":1292664014},"geometry":{"type":"Point","coordinates":[100.929403,13.1630582]}},{"type":"Feature","id":1326199593,"properties":{"amenity":"bank","brand":"ธนาคารกรุงเทพ","brand:en":"Bangkok Bank","brand:th":"ธนาคารกรุงเทพ","brand:wikidata":"Q806483","building":"yes","name":"ธนาคารกรุงเทพ","name:en":"Bangkok Bank","name:th":"ธนาคารกรุงเทพ","@type":"way","@id":1326199593},"geometry":{"type":"Point","coordinates":[101.067797,13.6928408]}},{"type":"Feature","id":1413871188,"properties":{"amenity":"bank","brand":"ธนาคารกรุงไทย","brand:en":"Krung Thai Bank","brand:th":"ธนาคารกรุงไทย","brand:wikidata":"Q962865","building":"yes","name":"ธนาคารกรุงไทย","name:en":"Krung Thai Bank","name:th":"ธนาคารกรุงไทย","@type":"way","@id":1413871188},"geometry":{"type":"Point","coordinates":[100.990921,13.366495]}},{"type":"Feature","id":1486802547,"properties":{"amenity":"bank","atm":"yes","brand":"ธนาคารกรุงไทย","brand:en":"Krung Thai Bank","brand:th":"ธนาคารกรุงไทย","brand:wikidata":"Q962865","building":"yes","name":"ธนาคารกรุงไทย","name:en":"Krung Thai Bank","name:ja":"クルンタイ銀行","name:th":"ธนาคารกรุงไทย","operator":"ธนาคารกรุงไทย","operator:en":"Krungthai Bank","operator:th":"ธนาคารกรุงไทย","@type":"way","@id":1486802547},"geometry":{"type":"Point","coordinates":[100.9260689,13.1617601]}},{"type":"Feature","id":1030162331,"properties":{"amenity":"atm","operator":"Bangkok Bank","@type":"node","@id":1030162331},"geometry":{"type":"Point","coordinates":[99.984005,12.7955843]}},{"type":"Feature","id":1030162337,"properties":{"amenity":"atm","operator":"Kasikorn Bank","@type":"node","@id":1030162337},"geometry":{"type":"Point","coordinates":[99.9863931,12.8017992]}},{"type":"Feature","id":1030162346,"properties":{"amenity":"atm","check_date":"2022-03-22","operator":"Bank of Ayudhya","@type":"node","@id":1030162346},"geometry":{"type":"Point","coordinates":[99.9827221,12.7919673]}},{"type":"Feature","id":1215081370,"properties":{"amenity":"bank","atm":"yes","name":"ธนาคารไทยพาณิชย์","name:en":"Siam Commercial Bank","name:th":"ธนาคารไทยพาณิชย์","@type":"node","@id":1215081370},"geometry":{"type":"Point","coordinates":[99.9057148,12.3890676]}},{"type":"Feature","id":1215081377,"properties":{"amenity":"bank","atm":"yes","name":"Siam Commercial Bank","@type":"node","@id":1215081377},"geometry":{"type":"Point","coordinates":[99.8981708,12.9755523]}},{"type":"Feature","id":1516161882,"properties":{"amenity":"atm","operator":"Krungthai","@type":"node","@id":1516161882},"geometry":{"type":"Point","coordinates":[99.9395112,13.1036276]}},{"type":"Feature","id":1516172568,"properties":{"amenity":"bank","name":"Kasikorn bank","@type":"node","@id":1516172568},"geometry":{"type":"Point","coordinates":[99.9388969,13.1034059]}},{"type":"Feature","id":1554890553,"properties":{"amenity":"atm","@type":"node","@id":1554890553},"geometry":{"type":"Point","coordinates":[99.9888521,12.8077278]}},{"type":"Feature","id":1572174519,"properties":{"amenity":"bank","name":"Bangkok Bank","@type":"node","@id":1572174519},"geometry":{"type":"Point","coordinates":[99.9439248,13.465102]}},{"type":"Feature","id":1573798355,"properties":{"amenity":"bank","name":"ธนาคารออมสิน","name:en":"Government Savings Bank","name:th":"ธนาคารออมสิน","@type":"node","@id":1573798355},"geometry":{"type":"Point","coordinates":[99.9432519,13.4654677]}},{"type":"Feature","id":1591715137,"properties":{"amenity":"bank","atm":"yes","name":"ธนาคารกรุงเทพ","operator":"ธนาคารกรุงเทพ","operator:en":"Bangkok Bank","operator:th":"ธนาคารกรุงเทพ","@type":"node","@id":1591715137},"geometry":{"type":"Point","coordinates":[99.9561614,13.4257661]}},{"type":"Feature","id":1593587340,"properties":{"amenity":"bank","atm":"yes","name":"ธนาคารนครหลวงไทย","operator":"ธนาคารนครหลวงไทย","operator:en":"Siam City Bank","operator:th":"ธนาคารนครหลวงไทย","@type":"node","@id":1593587340},"geometry":{"type":"Point","coordinates":[99.9561802,13.4254452]}},{"type":"Feature","id":1937619285,"properties":{"addr:postcode":"76110","amenity":"bank","atm":"yes","name":"ธนาคารกสิกรไทย บ้านแหลม","@type":"node","@id":1937619285},"geometry":{"type":"Point","coordinates":[99.9821666,13.208385]}},{"type":"Feature","id":1937620311,"properties":{"amenity":"bank","name":"ธนาคารออมสิน","@type":"node","@id":1937620311},"geometry":{"type":"Point","coordinates":[99.9835479,13.2107142]}},{"type":"Feature","id":2405926398,"properties":{"amenity":"atm","operator":"SCB","@type":"node","@id":2405926398},"geometry":{"type":"Point","coordinates":[99.9236294,12.4039739]}},{"type":"Feature","id":2411422741,"properties":{"amenity":"bank","atm":"yes","brand":"ธนาคารไทยพาณิชย์","brand:en":"Siam Commercial Bank","brand:th":"ธนาคารไทยพาณิชย์","brand:wikidata":"Q2038986","name":"ธนาคารไทยพาณิชย์","name:en":"Siam Commercial Bank","name:th":"ธนาคารไทยพาณิชย์","@type":"node","@id":2411422741},"geometry":{"type":"Point","coordinates":[99.9551767,12.5708611]}},{"type":"Feature","id":2411422745,"properties":{"amenity":"bank","name":"ซีไอเอ็มบี ไทย","name:en":"CIMB","name:th":"ซีไอเอ็มบี ไทย","opening_hours":"Mo-Su 10:00-19:00","operator":"ซีไอเอ็มบี ไทย","operator:en":"CIMB Thai","operator:th":"ซีไอเอ็มบี ไทย","@type":"node","@id":2411422745},"geometry":{"type":"Point","coordinates":[99.9564573,12.5713593]}},{"type":"Feature","id":2413636612,"properties":{"alt_name:en":"Krungsri","amenity":"bank","atm":"yes","brand":"กรุงศรี","brand:en":"Bank of Ayudhya","brand:th":"กรุงศรี","brand:wikidata":"Q782537","name":"กรุงศรี","name:en":"Bank of Ayudhya","name:th":"กรุงศรี","@type":"node","@id":2413636612},"geometry":{"type":"Point","coordinates":[99.9583535,12.5675877]}},{"type":"Feature","id":2413636615,"properties":{"amenity":"bank","atm":"yes","brand":"ธนาคารไทยพาณิชย์","brand:en":"Siam Commercial Bank","brand:th":"ธนาคารไทยพาณิชย์","brand:wikidata":"Q2038986","name":"ธนาคารไทยพาณิชย์","name:en":"Siam Commercial Bank","name:th":"ธนาคารไทยพาณิชย์","operator":"ธนาคารไทยพาณิชย์","operator:en":"Siam Commercial Bank","operator:th":"ธนาคารไทยพาณิชย์","@type":"node","@id":2413636615},"geometry":{"type":"Point","coordinates":[99.9580867,12.5679664]}},{"type":"Feature","id":2413636618,"properties":{"amenity":"bank","atm":"yes","brand":"ธนาคารออมสิน","brand:en":"Government Savings Bank","brand:th":"ธนาคารออมสิน","brand:wikidata":"Q6579041","name":"ธนาคารออมสิน","name:en":"Government Savings Bank","name:th":"ธนาคารออมสิน","opening_hours":"Mo-Fr 08:00-15:30","@type":"node","@id":2413636618},"geometry":{"type":"Point","coordinates":[99.9580069,12.5681778]}},{"type":"Feature","id":2413866106,"properties":{"amenity":"bank","atm":"yes","name":"ธนาคารกรุงไทย","name:en":"Krungthai Bank","name:th":"ธนาคารกรุงไทย","operator":"ธนาคารกรุงไทย","operator:en":"Krungthai Bank","operator:th":"ธนาคารกรุงไทย","@type":"node","@id":2413866106},"geometry":{"type":"Point","coordinates":[99.9591032,12.5662692]}},{"type":"Feature","id":2413925209,"properties":{"amenity":"bank","atm":"yes","brand":"ธนาคารทหารไทยธนชาต","brand:en":"TMBThanachart Bank","brand:th":"ธนาคารทหารไทยธนชาต","name":"ทีเอ็มบีธนชาต","name:en":"TMBThanachart","name:th":"ทีเอ็มบีธนชาต","official_name":"ธนาคารทหารไทยธนชาต","official_name:en":"TMBThanachart Bank","official_name:th":"ธนาคารทหารไทยธนชาต","old_name":"ธนาคารทหารไทย","short_name":"ttb","@type":"node","@id":2413925209},"geometry":{"type":"Point","coordinates":[99.9597725,12.5627491]}},{"type":"Feature","id":2416726276,"properties":{"amenity":"bank","atm":"yes","brand":"ธนาคารกรุงเทพ","brand:en":"Bangkok Bank","brand:th":"ธนาคารกรุงเทพ","name":"ธนาคารกรุงเทพ","name:en":"Bangkok Bank","name:th":"ธนาคารกรุงเทพ","@type":"node","@id":2416726276},"geometry":{"type":"Point","coordinates":[99.9606423,12.5585445]}},{"type":"Feature","id":2510354209,"properties":{"amenity":"atm","operator":"Kasikorn Bank","@type":"node","@id":2510354209},"geometry":{"type":"Point","coordinates":[99.9390225,13.10258]}},{"type":"Feature","id":2510354214,"properties":{"amenity":"atm","operator":"SCB","@type":"node","@id":2510354214},"geometry":{"type":"Point","coordinates":[99.93902,13.1025952]}},{"type":"Feature","id":2510354250,"properties":{"amenity":"atm","operator":"Bangkok Bank","@type":"node","@id":2510354250},"geometry":{"type":"Point","coordinates":[99.9392133,13.1027923]}},{"type":"Feature","id":2510354430,"properties":{"amenity":"atm","brand":"ธนาคารกรุงเทพ","brand:en":"Bangkok Bank","brand:th":"ธนาคารกรุงเทพ","brand:wikidata":"Q806483","name:en":"Bangkok Bank","name:th":"ธนาคารกรุงเทพ","operator":"ธนาคารกรุงเทพ","operator:wikidata":"Q806483","@type":"node","@id":2510354430},"geometry":{"type":"Point","coordinates":[99.9441059,13.104823]}},{"type":"Feature","id":2510354515,"properties":{"amenity":"atm","brand":"ธนาคารกรุงไทย","brand:en":"Krung Thai Bank","brand:th":"ธนาคารกรุงไทย","brand:wikidata":"Q962865","name:en":"Krung Thai Bank","name:th":"ธนาคารกรุงไทย","operator":"ธนาคารกรุงไทย","operator:wikidata":"Q962865","@type":"node","@id":2510354515},"geometry":{"type":"Point","coordinates":[99.9424812,13.1073213]}},{"type":"Feature","id":2520194114,"properties":{"amenity":"atm","brand":"ธนาคารกรุงไทย","brand:en":"Krung Thai Bank","brand:th":"ธนาคารกรุงไทย","brand:wikidata":"Q962865","name:en":"Krung Thai Bank","name:th":"ธนาคารกรุงไทย","operator":"ธนาคารกรุงไทย","operator:wikidata":"Q962865","@type":"node","@id":2520194114},"geometry":{"type":"Point","coordinates":[99.9421331,13.1112968]}},{"type":"Feature","id":2520194169,"properties":{"amenity":"bank","name":"ธกส","@type":"node","@id":2520194169},"geometry":{"type":"Point","coordinates":[99.9416603,13.1109066]}},{"type":"Feature","id":2520611017,"properties":{"amenity":"atm","brand":"ธนาคารกสิกรไทย","brand:en":"Kasikornbank","brand:th":"ธนาคารกสิกรไทย","brand:wikidata":"Q276557","name:en":"Kasikornbank","name:th":"ธนาคารกสิกรไทย","operator":"ธนาคารกสิกรไทย","operator:wikidata":"Q276557","@type":"node","@id":2520611017},"geometry":{"type":"Point","coordinates":[99.9471298,13.112002]}},{"type":"Feature","id":2520619184,"properties":{"amenity":"bank","brand":"ธนาคารกรุงไทย","brand:en":"Krung Thai Bank","brand:th":"ธนาคารกรุงไทย","brand:wikidata":"Q962865","name":"ธนาคารกรุงไทย","name:en":"Krung Thai Bank","name:th":"ธนาคารกรุงไทย","@type":"node","@id":2520619184},"geometry":{"type":"Point","coordinates":[99.9463153,13.111221]}},{"type":"Feature","id":2520619185,"properties":{"amenity":"bank","brand":"ธนาคารไทยพาณิชย์","brand:en":"Siam Commercial Bank","brand:th":"ธนาคารไทยพาณิชย์","brand:wikidata":"Q2038986","name":"ธนาคารไทยพาณิชย์","name:en":"Siam Commercial Bank","name:th":"ธนาคารไทยพาณิชย์","@type":"node","@id":2520619185},"geometry":{"type":"Point","coordinates":[99.9467341,13.1100735]}},{"type":"Feature","id":2520619188,"properties":{"amenity":"bank","@type":"node","@id":2520619188},"geometry":{"type":"Point","coordinates":[99.9467409,13.1097688]}},{"type":"Feature","id":2520619189,"properties":{"amenity":"bank","@type":"node","@id":2520619189},"geometry":{"type":"Point","coordinates":[99.9469348,13.1097747]}},{"type":"Feature","id":2520631580,"properties":{"amenity":"atm","brand":"ธนาคารกรุงไทย","brand:en":"Krung Thai Bank","brand:th":"ธนาคารกรุงไทย","brand:wikidata":"Q962865","name:en":"Krung Thai Bank","name:th":"ธนาคารกรุงไทย","operator":"ธนาคารกรุงไทย","operator:wikidata":"Q962865","@type":"node","@id":2520631580},"geometry":{"type":"Point","coordinates":[99.9476076,13.1054784]}},{"type":"Feature","id":2520658702,"properties":{"amenity":"bank","brand":"Bangkok Bank","name":"Bangkok Bank","not:brand:wikidata":"Q806483","@type":"node","@id":2520658702},"geometry":{"type":"Point","coordinates":[99.9487864,13.1056341]}},{"type":"Feature","id":2520658703,"properties":{"amenity":"bank","name":"CIMB Thai","@type":"node","@id":2520658703},"geometry":{"type":"Point","coordinates":[99.948848,13.1086462]}},{"type":"Feature","id":2520658707,"properties":{"amenity":"bank","brand":"ธนาคารออมสิน","brand:en":"Government Savings Bank","brand:th":"ธนาคารออมสิน","brand:wikidata":"Q6579041","name":"ธนาคารออมสิน","name:en":"Government Savings Bank","name:th":"ธนาคารออมสิน","@type":"node","@id":2520658707},"geometry":{"type":"Point","coordinates":[99.9486798,13.1088218]}},{"type":"Feature","id":2520658708,"properties":{"amenity":"bank","name:en":"Islamic Bank of Thailand","@type":"node","@id":2520658708},"geometry":{"type":"Point","coordinates":[99.9498389,13.1045648]}},{"type":"Feature","id":2520658709,"properties":{"amenity":"bank","brand":"ธนาคารกสิกรไทย","brand:en":"Kasikornbank","brand:th":"ธนาคารกสิกรไทย","brand:wikidata":"Q276557","name":"ธนาคารกสิกรไทย","name:en":"Kasikornbank","name:th":"ธนาคารกสิกรไทย","@type":"node","@id":2520658709},"geometry":{"type":"Point","coordinates":[99.949249,13.1086652]}},{"type":"Feature","id":2520658710,"properties":{"amenity":"bank","name":"Krungsri Bank","@type":"node","@id":2520658710},"geometry":{"type":"Point","coordinates":[99.9484761,13.1088483]}},{"type":"Feature","id":2520658711,"properties":{"amenity":"bank","name":"Thanachart Bank","name:th":"ธนาคารธนชาต","@type":"node","@id":2520658711},"geometry":{"type":"Point","coordinates":[99.9493865,13.1062107]}},{"type":"Feature","id":2520658712,"properties":{"amenity":"bank","atm":"yes","brand":"UOB","brand:wikidata":"Q2064074","brand:zh":"大华银行","name":"UOB","name:zh":"大华银行","@type":"node","@id":2520658712},"geometry":{"type":"Point","coordinates":[99.9485485,13.1079365]}},{"type":"Feature","id":2520658753,"properties":{"amenity":"atm","operator":"Krungsri Bank","@type":"node","@id":2520658753},"geometry":{"type":"Point","coordinates":[99.9507437,13.1089182]}},{"type":"Feature","id":2520658757,"properties":{"amenity":"atm","brand":"ธนาคารกสิกรไทย","brand:en":"Kasikornbank","brand:th":"ธนาคารกสิกรไทย","brand:wikidata":"Q276557","name:en":"Kasikornbank","name:th":"ธนาคารกสิกรไทย","operator":"ธนาคารกสิกรไทย","operator:wikidata":"Q276557","@type":"node","@id":2520658757},"geometry":{"type":"Point","coordinates":[99.950558,13.1092889]}},{"type":"Feature","id":2571225688,"properties":{"amenity":"atm","fee":"ATM","@type":"node","@id":2571225688},"geometry":{"type":"Point","coordinates":[99.947015,12.5884452]}},{"type":"Feature","id":3975793297,"properties":{"amenity":"atm","@type":"node","@id":3975793297},"geometry":{"type":"Point","coordinates":[99.9622115,12.5261035]}},{"type":"Feature","id":4087550666,"properties":{"amenity":"bank","atm":"yes","brand":"ธนาคารกรุงเทพ","brand:en":"Bangkok Bank","brand:th":"ธนาคารกรุงเทพ","name":"ธนาคารกรุงเทพ","name:en":"Bangkok Bank","name:th":"ธนาคารกรุงเทพ","@type":"node","@id":4087550666},"geometry":{"type":"Point","coordinates":[99.9550174,12.5749026]}},{"type":"Feature","id":4087550667,"properties":{"amenity":"bank","brand":"ธนาคารกสิกรไทย","brand:en":"Kasikornbank","brand:th":"ธนาคารกสิกรไทย","brand:wikidata":"Q276557","name":"ธนาคารกสิกรไทย","name:en":"Kasikornbank","name:th":"ธนาคารกสิกรไทย","@type":"node","@id":4087550667},"geometry":{"type":"Point","coordinates":[99.9547577,12.5744015]}},{"type":"Feature","id":4089539722,"properties":{"amenity":"atm","check_date":"2022-03-22","fee":"Krungsri Bank","operator":"ธนาคารกรุงศรีอยุธยา","@type":"node","@id":4089539722},"geometry":{"type":"Point","coordinates":[99.9752447,13.0701787]}},{"type":"Feature","id":4344276115,"properties":{"amenity":"atm","name":"Kasikorn","operator":"Kasikorn","@type":"node","@id":4344276115},"geometry":{"type":"Point","coordinates":[99.9796792,13.4195285]}},{"type":"Feature","id":4344276116,"properties":{"amenity":"atm","name":"Krungthai","operator":"Krungthai","source":"survey","source:date":"2016-08-10","@type":"node","@id":4344276116},"geometry":{"type":"Point","coordinates":[99.9797808,13.4195617]}},{"type":"Feature","id":4429378119,"properties":{"amenity":"bank","atm":"yes","brand":"ธนาคารกรุงเทพ","brand:en":"Bangkok Bank","brand:th":"ธนาคารกรุงเทพ","brand:wikidata":"Q806483","brand:wikipedia":"en:Bangkok Bank","name":"ธนาคารกรุงเทพ","name:en":"Bangkok Bank","name:th":"ธนาคารกรุงเทพ","@type":"node","@id":4429378119},"geometry":{"type":"Point","coordinates":[99.94761,13.0794077]}},{"type":"Feature","id":4429378128,"properties":{"amenity":"bank","atm":"yes","brand":"ธนาคารไทยพาณิชย์","brand:en":"Siam Commercial Bank","brand:th":"ธนาคารไทยพาณิชย์","brand:wikidata":"Q2038986","brand:wikipedia":"en:Siam Commercial Bank","name":"ธนาคารไทยพาณิชย์","name:en":"Siam Commercial Bank","name:th":"ธนาคารไทยพาณิชย์","@type":"node","@id":4429378128},"geometry":{"type":"Point","coordinates":[99.9475644,13.0794913]}},{"type":"Feature","id":4431393688,"properties":{"amenity":"bank","atm":"yes","brand":"ธนาคารกรุงเทพ","brand:en":"Bangkok Bank","brand:th":"ธนาคารกรุงเทพ","brand:wikidata":"Q806483","name":"ธนาคารกรุงเทพ","name:en":"Bangkok Bank","name:th":"ธนาคารกรุงเทพ","@type":"node","@id":4431393688},"geometry":{"type":"Point","coordinates":[99.9491167,12.5951445]}},{"type":"Feature","id":4431427674,"properties":{"alt_name":"ธนาคารกรุงศรีอยุธยา","alt_name:en":"Bank of Ayudhya","amenity":"bank","atm":"yes","brand":"กรุงศรี","brand:en":"Krungsri","brand:th":"กรุงศรี","name":"กรุงศรี","name:en":"Krungsri","name:th":"กรุงศรี","@type":"node","@id":4431427674},"geometry":{"type":"Point","coordinates":[99.9521356,12.5840577]}},{"type":"Feature","id":4433210716,"properties":{"alt_name":"ธนาคารกรุงศรีอยุธยา","alt_name:en":"Bank of Ayudhya","amenity":"bank","atm":"yes","brand":"กรุงศรี","brand:en":"Krungsri","brand:th":"กรุงศรี","name":"กรุงศรี","name:en":"Krungsri","name:th":"กรุงศรี","@type":"node","@id":4433210716},"geometry":{"type":"Point","coordinates":[99.9522866,12.5717372]}},{"type":"Feature","id":4433778331,"properties":{"amenity":"bank","atm":"yes","brand":"ธนาคารกสิกรไทย","brand:en":"Kasikorn Bank","brand:th":"ธนาคารกสิกรไทย","name":"ธนาคารกสิกรไทย","name:en":"Kasikorn Bank","name:th":"ธนาคารกสิกรไทย","@type":"node","@id":4433778331},"geometry":{"type":"Point","coordinates":[99.971686,12.7953259]}},{"type":"Feature","id":4433817882,"properties":{"amenity":"bank","atm":"yes","brand":"ธนาคารกรุงเทพ","brand:en":"Bangkok Bank","brand:th":"ธนาคารกรุงเทพ","name":"ธนาคารกรุงเทพ","name:en":"Bangkok Bank","name:th":"ธนาคารกรุงเทพ","@type":"node","@id":4433817882},"geometry":{"type":"Point","coordinates":[99.9720381,12.7964766]}},{"type":"Feature","id":4658303801,"properties":{"amenity":"atm","@type":"node","@id":4658303801},"geometry":{"type":"Point","coordinates":[100.000327,13.4081425]}},{"type":"Feature","id":4733435850,"properties":{"amenity":"bank","atm":"yes","brand":"ธนาคารออมสิน","brand:en":"Government Savings Bank","brand:th":"ธนาคารออมสิน","brand:wikidata":"Q6579041","name":"ธนาคารออมสิน","name:en":"Government Savings Bank","name:th":"ธนาคารออมสิน","@type":"node","@id":4733435850},"geometry":{"type":"Point","coordinates":[99.9874821,12.3931883]}},{"type":"Feature","id":4758908252,"properties":{"amenity":"bank","atm":"yes","name":"ธนาคารไทยพาณิชย์","name:en":"Siam Commercial Bank","name:th":"ธนาคารไทยพาณิชย์","operator":"ธนาคารไทยพาณิชย์","operator:en":"Siam Commercial Bank","operator:th":"ธนาคารไทยพาณิชย์","@type":"node","@id":4758908252},"geometry":{"type":"Point","coordinates":[99.9715375,12.7967584]}},{"type":"Feature","id":4758908253,"properties":{"alt_name":"ธนาคารกรุงศรีอยุธยา","alt_name:en":"Bank of Ayudhya","amenity":"bank","atm":"yes","brand":"กรุงศรี","brand:en":"Krungsri","brand:th":"กรุงศรี","name":"กรุงศรี","name:en":"Krungsri","name:th":"กรุงศรี","@type":"node","@id":4758908253},"geometry":{"type":"Point","coordinates":[99.9715617,12.7968656]}},{"type":"Feature","id":4758908254,"properties":{"amenity":"bank","atm":"yes","name":"ธนาคารกรุงไทย","name:en":"Krungthai Bank","name:th":"ธนาคารกรุงไทย","operator":"ธนาคารกรุงไทย","operator:en":"Krungthai Bank","operator:th":"ธนาคารกรุงไทย","@type":"node","@id":4758908254},"geometry":{"type":"Point","coordinates":[99.9715348,12.79736]}},{"type":"Feature","id":4982006976,"properties":{"amenity":"bank","atm":"yes","name":"ธนาคารกรุงไทย","name:en":"Krungthai Bank","name:th":"ธนาคารกรุงไทย","operator":"ธนาคารกรุงไทย","operator:en":"Krungthai Bank","operator:th":"ธนาคารกรุงไทย","@type":"node","@id":4982006976},"geometry":{"type":"Point","coordinates":[99.9051952,12.3883072]}},{"type":"Feature","id":4982006977,"properties":{"amenity":"bank","atm":"yes","brand":"ธนาคารกรุงเทพ","brand:en":"Bangkok Bank","brand:th":"ธนาคารกรุงเทพ","name":"ธนาคารกรุงเทพ","name:en":"Bangkok Bank","name:th":"ธนาคารกรุงเทพ","@type":"node","@id":4982006977},"geometry":{"type":"Point","coordinates":[99.9045301,12.3881932]}},{"type":"Feature","id":4982006978,"properties":{"alt_name":"ธนาคารกรุงศรีอยุธยา","alt_name:en":"Bank of Ayudhya","amenity":"bank","atm":"yes","brand":"กรุงศรี","brand:en":"Krungsri","brand:th":"กรุงศรี","name":"กรุงศรี","name:en":"Krungsri","name:th":"กรุงศรี","@type":"node","@id":4982006978},"geometry":{"type":"Point","coordinates":[99.9029941,12.3884112]}},{"type":"Feature","id":4982024642,"properties":{"amenity":"bank","name":"ธนาคารกสิกรไทย","name:en":"Kasikornbank","name:th":"ธนาคารกสิกรไทย","@type":"node","@id":4982024642},"geometry":{"type":"Point","coordinates":[99.9007573,12.3872242]}},{"type":"Feature","id":4984185821,"properties":{"amenity":"bank","atm":"yes","brand":"ธนาคารออมสิน","brand:en":"Government Savings Bank","brand:th":"ธนาคารออมสิน","name":"ธนาคารออมสิน","name:en":"Government Savings Bank","name:th":"ธนาคารออมสิน","@type":"node","@id":4984185821},"geometry":{"type":"Point","coordinates":[99.9058685,12.3890878]}},{"type":"Feature","id":5397509121,"properties":{"amenity":"atm","@type":"node","@id":5397509121},"geometry":{"type":"Point","coordinates":[99.9284977,12.3881201]}},{"type":"Feature","id":6172175518,"properties":{"amenity":"atm","currency:THB":"yes","operator":"Kasikorn","@type":"node","@id":6172175518},"geometry":{"type":"Point","coordinates":[100.0040206,13.4269703]}},{"type":"Feature","id":6174448741,"properties":{"amenity":"atm","currency:THB":"yes","operator":"Krungthai Bank","@type":"node","@id":6174448741},"geometry":{"type":"Point","coordinates":[100.0039155,13.4271343]}},{"type":"Feature","id":6174448742,"properties":{"amenity":"atm","currency:THB":"yes","operator":"Bangkok Bank","@type":"node","@id":6174448742},"geometry":{"type":"Point","coordinates":[100.0039281,13.427112]}},{"type":"Feature","id":6654143027,"properties":{"amenity":"bank","name":"ธนาคารเพื่อการเกษตรและสหกรณ์การเกษตร สาขาเขาย้อย","@type":"node","@id":6654143027},"geometry":{"type":"Point","coordinates":[99.8238507,13.2433432]}},{"type":"Feature","id":6956263725,"properties":{"amenity":"bank","atm":"yes","brand":"ธนาคารกรุงเทพ","brand:en":"Bangkok Bank","brand:th":"ธนาคารกรุงเทพ","brand:wikidata":"Q806483","brand:wikipedia":"en:Bangkok Bank","name":"ธนาคารกรุงเทพ","name:en":"Bangkok Bank","name:th":"ธนาคารกรุงเทพ","@type":"node","@id":6956263725},"geometry":{"type":"Point","coordinates":[99.8232086,13.2361592]}},{"type":"Feature","id":7007575663,"properties":{"amenity":"bank","name":"ธนาคารอาคารสงเคราะห์","@type":"node","@id":7007575663},"geometry":{"type":"Point","coordinates":[99.9330316,13.1128288]}},{"type":"Feature","id":7007578816,"properties":{"amenity":"bank","atm":"yes","brand":"ธนาคารไทยพาณิชย์","brand:en":"Siam Commercial Bank","brand:th":"ธนาคารไทยพาณิชย์","brand:wikidata":"Q2038986","brand:wikipedia":"en:Siam Commercial Bank","name":"ธนาคารไทยพาณิชย์","name:en":"Siam Commercial Bank","name:th":"ธนาคารไทยพาณิชย์","@type":"node","@id":7007578816},"geometry":{"type":"Point","coordinates":[99.8992811,12.9691377]}},{"type":"Feature","id":7007606189,"properties":{"amenity":"bank","atm":"yes","brand":"ธนาคารกรุงไทย","brand:en":"Krung Thai Bank","brand:th":"ธนาคารกรุงไทย","brand:wikidata":"Q962865","brand:wikipedia":"en:Krung Thai Bank","name":"ธนาคารกรุงไทย","name:en":"Krung Thai Bank","name:th":"ธนาคารกรุงไทย","@type":"node","@id":7007606189},"geometry":{"type":"Point","coordinates":[99.9339707,13.1125659]}},{"type":"Feature","id":9536195317,"properties":{"amenity":"atm","operator":"Krungsri","@type":"node","@id":9536195317},"geometry":{"type":"Point","coordinates":[99.96973,12.4975052]}},{"type":"Feature","id":10566702150,"properties":{"amenity":"atm","brand":"ธนาคารกรุงเทพ","brand:en":"Bangkok Bank","brand:th":"ธนาคารกรุงเทพ","brand:wikidata":"Q806483","name":"ธนาคารกรุงเทพ","name:en":"Bangkok Bank","name:th":"ธนาคารกรุงเทพ","operator":"ธนาคารกรุงเทพ","operator:wikidata":"Q806483","@type":"node","@id":10566702150},"geometry":{"type":"Point","coordinates":[99.9601875,12.5671285]}},{"type":"Feature","id":10593246254,"properties":{"amenity":"atm","name":"K- Bank","@type":"node","@id":10593246254},"geometry":{"type":"Point","coordinates":[99.9016453,12.9879098]}},{"type":"Feature","id":10716284856,"properties":{"amenity":"atm","brand":"ธนาคารไทยพาณิชย์","brand:en":"Siam Commercial Bank","brand:th":"ธนาคารไทยพาณิชย์","brand:wikidata":"Q2038986","name":"ธนาคารไทยพาณิชย์","name:en":"Siam Commercial Bank","name:th":"ธนาคารไทยพาณิชย์","operator":"ธนาคารไทยพาณิชย์","operator:wikidata":"Q2038986","@type":"node","@id":10716284856},"geometry":{"type":"Point","coordinates":[99.9837811,12.7947162]}},{"type":"Feature","id":10716344065,"properties":{"amenity":"atm","brand":"ธนาคารกรุงไทย","brand:en":"Krung Thai Bank","brand:th":"ธนาคารกรุงไทย","brand:wikidata":"Q962865","name":"ธนาคารกรุงไทย","name:en":"Krung Thai Bank","name:th":"ธนาคารกรุงไทย","operator":"ธนาคารกรุงไทย","operator:wikidata":"Q962865","@type":"node","@id":10716344065},"geometry":{"type":"Point","coordinates":[99.9818962,12.7895026]}},{"type":"Feature","id":10716387555,"properties":{"amenity":"atm","brand":"ธนาคารกสิกรไทย","brand:en":"Kasikornbank","brand:th":"ธนาคารกสิกรไทย","brand:wikidata":"Q276557","name":"ธนาคารกสิกรไทย","name:en":"Kasikornbank","name:th":"ธนาคารกสิกรไทย","operator":"ธนาคารกสิกรไทย","operator:wikidata":"Q276557","@type":"node","@id":10716387555},"geometry":{"type":"Point","coordinates":[99.9818989,12.7895141]}},{"type":"Feature","id":11609977648,"properties":{"addr:street":"หัวหิน 102","amenity":"atm","brand":"ธนาคารออมสิน","brand:en":"Government Savings Bank","brand:th":"ธนาคารออมสิน","brand:wikidata":"Q6579041","name":"ธนาคารออมสิน","name:en":"Government Savings Bank","name:th":"ธนาคารออมสิน","operator":"ธนาคารออมสิน","operator:wikidata":"Q6579041","@type":"node","@id":11609977648},"geometry":{"type":"Point","coordinates":[99.957121,12.5453422]}},{"type":"Feature","id":11708191438,"properties":{"amenity":"atm","check_date":"2024-03-09","drive_through":"no","level":"0","@type":"node","@id":11708191438},"geometry":{"type":"Point","coordinates":[99.9610808,12.5552111]}},{"type":"Feature","id":12118315301,"properties":{"amenity":"atm","operator":"Krungsri","@type":"node","@id":12118315301},"geometry":{"type":"Point","coordinates":[99.9761052,12.5136997]}},{"type":"Feature","id":12118470501,"properties":{"amenity":"atm","operator":"Krungsri","@type":"node","@id":12118470501},"geometry":{"type":"Point","coordinates":[99.9762603,12.5146069]}},{"type":"Feature","id":12123401201,"properties":{"amenity":"atm","operator":"Krunsgsri","outdoor_seating":"no","@type":"node","@id":12123401201},"geometry":{"type":"Point","coordinates":[99.9669663,12.5299889]}},{"type":"Feature","id":12498048800,"properties":{"amenity":"atm","brand":"ธนาคารกรุงไทย","brand:en":"Krung Thai Bank","brand:th":"ธนาคารกรุงไทย","brand:wikidata":"Q962865","name:en":"Krung Thai Bank","name:th":"ธนาคารกรุงไทย","operator":"ธนาคารกรุงไทย","operator:wikidata":"Q962865","@type":"node","@id":12498048800},"geometry":{"type":"Point","coordinates":[99.9927792,13.4186397]}},{"type":"Feature","id":12498048801,"properties":{"amenity":"atm","brand":"ธนาคารออมสิน","brand:en":"Government Savings Bank","brand:th":"ธนาคารออมสิน","brand:wikidata":"Q6579041","name:en":"Government Savings Bank","name:th":"ธนาคารออมสิน","operator":"ธนาคารออมสิน","operator:wikidata":"Q6579041","@type":"node","@id":12498048801},"geometry":{"type":"Point","coordinates":[99.9926798,13.4185172]}},{"type":"Feature","id":12692829101,"properties":{"amenity":"atm","brand":"ธนาคารกสิกรไทย","brand:en":"Kasikornbank","brand:th":"ธนาคารกสิกรไทย","brand:wikidata":"Q276557","operator":"ธนาคารกสิกรไทย","operator:wikidata":"Q276557","@type":"node","@id":12692829101},"geometry":{"type":"Point","coordinates":[99.9532464,12.5614006]}},{"type":"Feature","id":12692829103,"properties":{"amenity":"atm","brand":"ธนาคารไทยพาณิชย์","brand:en":"Siam Commercial Bank","brand:th":"ธนาคารไทยพาณิชย์","brand:wikidata":"Q2038986","operator":"ธนาคารไทยพาณิชย์","operator:wikidata":"Q2038986","@type":"node","@id":12692829103},"geometry":{"type":"Point","coordinates":[99.9567293,12.5745774]}},{"type":"Feature","id":12692872901,"properties":{"amenity":"atm","brand":"ธนาคารกรุงไทย","brand:en":"Krung Thai Bank","brand:th":"ธนาคารกรุงไทย","brand:wikidata":"Q962865","operator":"ธนาคารกรุงไทย","operator:wikidata":"Q962865","@type":"node","@id":12692872901},"geometry":{"type":"Point","coordinates":[99.9532541,12.5614007]}},{"type":"Feature","id":13647103908,"properties":{"amenity":"atm","brand":"ธนาคารกสิกรไทย","brand:en":"Kasikornbank","brand:th":"ธนาคารกสิกรไทย","brand:wikidata":"Q276557","operator":"ธนาคารกสิกรไทย","operator:wikidata":"Q276557","@type":"node","@id":13647103908},"geometry":{"type":"Point","coordinates":[99.8250766,13.3049641]}},{"type":"Feature","id":13647103909,"properties":{"amenity":"atm","brand":"กรุงศรี","wikidata":"Q782537","@type":"node","@id":13647103909},"geometry":{"type":"Point","coordinates":[99.8250711,13.3049382]}},{"type":"Feature","id":13647103910,"properties":{"amenity":"atm","brand":"ธนาคารกสิกรไทย","brand:en":"Kasikornbank","brand:th":"ธนาคารกสิกรไทย","brand:wikidata":"Q276557","operator":"ธนาคารกสิกรไทย","operator:wikidata":"Q276557","@type":"node","@id":13647103910},"geometry":{"type":"Point","coordinates":[99.8260288,13.2664644]}},{"type":"Feature","id":13647103911,"properties":{"amenity":"atm","wikidata":"Q782537","@type":"node","@id":13647103911},"geometry":{"type":"Point","coordinates":[99.8262009,13.2666094]}},{"type":"Feature","id":13647103912,"properties":{"amenity":"atm","wikidata":"Q782537","@type":"node","@id":13647103912},"geometry":{"type":"Point","coordinates":[99.8260293,13.2664472]}},{"type":"Feature","id":13649405102,"properties":{"amenity":"atm","brand":"Kasikorn bank","brand:wikidata":"Q276557","@type":"node","@id":13649405102},"geometry":{"type":"Point","coordinates":[99.8208876,13.289353]}},{"type":"Feature","id":14023786712,"properties":{"amenity":"atm","brand":"ธนาคารกสิกรไทย","brand:en":"Kasikornbank","brand:th":"ธนาคารกสิกรไทย","brand:wikidata":"Q276557","operator":"ธนาคารกสิกรไทย","operator:wikidata":"Q276557","@type":"node","@id":14023786712},"geometry":{"type":"Point","coordinates":[99.8255512,13.26528]}},{"type":"Feature","id":229977451,"properties":{"amenity":"bank","atm":"yes","building":"commercial","name":"ธนาคารออมสิน","@type":"way","@id":229977451},"geometry":{"type":"Point","coordinates":[99.9561238,13.424639]}},{"type":"Feature","id":377254720,"properties":{"amenity":"bank","building":"yes","name":"Thanachart","@type":"way","@id":377254720},"geometry":{"type":"Point","coordinates":[100.0007747,13.4080873]}},{"type":"Feature","id":377406104,"properties":{"amenity":"bank","brand":"ธนาคารกรุงไทย","brand:en":"Krung Thai Bank","brand:th":"ธนาคารกรุงไทย","brand:wikidata":"Q962865","building":"yes","name":"ธนาคารกรุงไทย","name:en":"Krung Thai Bank","name:th":"ธนาคารกรุงไทย","@type":"way","@id":377406104},"geometry":{"type":"Point","coordinates":[99.9989488,13.4069378]}},{"type":"Feature","id":424269054,"properties":{"alt_name":"ธนาคารกรุงศรีอยุธยา","alt_name:en":"Bank of Ayudhya","amenity":"bank","atm":"yes","brand":"กรุงศรี","brand:en":"Krungsri","brand:th":"กรุงศรี","building":"yes","name":"กรุงศรี","name:en":"Krungsri","name:th":"กรุงศรี","@type":"way","@id":424269054},"geometry":{"type":"Point","coordinates":[99.8240563,13.2406987]}},{"type":"Feature","id":445424590,"properties":{"amenity":"bank","atm":"yes","brand":"ธนาคารออมสิน","brand:en":"Government Savings Bank","brand:th":"ธนาคารออมสิน","name":"ธนาคารออมสิน","name:en":"Government Savings Bank","name:th":"ธนาคารออมสิน","@type":"way","@id":445424590},"geometry":{"type":"Point","coordinates":[99.8240665,13.2405126]}},{"type":"Feature","id":471671872,"properties":{"amenity":"bank","atm":"yes","building":"yes","name":"Thai Military Bank","@type":"way","@id":471671872},"geometry":{"type":"Point","coordinates":[100.0002009,13.4081294]}},{"type":"Feature","id":830627012,"properties":{"addr:housenumber":"330/38","amenity":"bank","building":"yes","name":"ธนาคารออมสิน สาขาสมุทรสงคราม","name:en":"Government Savings Bank Samut Songkhram","name:th":"ธนาคารออมสิน สาขาสมุทรสงคราม","opening_hours":"Mo-Fr 08:30-15:30","operator":"ธนาคารออมสิน","@type":"way","@id":830627012},"geometry":{"type":"Point","coordinates":[100.0006683,13.4110669]}},{"type":"Feature","id":1562214053,"properties":{"amenity":"bank","brand":"ธนาคารกรุงเทพ","brand:en":"Bangkok Bank","brand:th":"ธนาคารกรุงเทพ","brand:wikidata":"Q806483","building":"yes","name":"ธนาคารกรุงเทพ","name:en":"Bangkok Bank","name:th":"ธนาคารกรุงเทพ","@type":"way","@id":1562214053},"geometry":{"type":"Point","coordinates":[99.9901131,12.3989096]}},{"type":"Feature","id":407659791,"properties":{"amenity":"atm","brand":"ธนาคารกรุงไทย","brand:en":"Krung Thai Bank","brand:th":"ธนาคารกรุงไทย","brand:wikidata":"Q962865","operator":"ธนาคารกรุงไทย","operator:wikidata":"Q962865","source":"GPS; sign","@type":"node","@id":407659791},"geometry":{"type":"Point","coordinates":[101.631164,14.8453606]}},{"type":"Feature","id":524942572,"properties":{"amenity":"bank","atm":"yes","name":"ธนาคารหลวงไทย","name:en":"Royal Bank of Thailand","operator":"ธนาคารหลวงไทย","@type":"node","@id":524942572},"geometry":{"type":"Point","coordinates":[102.0492505,14.9592165]}},{"type":"Feature","id":529126339,"properties":{"amenity":"atm","brand":"ธนาคารกรุงเทพ","brand:en":"Bangkok Bank","brand:th":"ธนาคารกรุงเทพ","brand:wikidata":"Q806483","cash_in":"yes","operator":"ธนาคารกรุงเทพ","operator:wikidata":"Q806483","@type":"node","@id":529126339},"geometry":{"type":"Point","coordinates":[102.0707254,14.8521828]}},{"type":"Feature","id":942248689,"properties":{"amenity":"atm","atm":"yes","brand":"ธนาคารออมสิน","brand:en":"Government Savings Bank","brand:th":"ธนาคารออมสิน","brand:wikidata":"Q6579041","name":"ธนาคารออมสิน","name:en":"Government Savings Bank","name:th":"ธนาคารออมสิน","operator":"ธนาคารออมสิน","operator:wikidata":"Q6579041","source":"GPS; sign","@type":"node","@id":942248689},"geometry":{"type":"Point","coordinates":[101.9631292,14.9270126]}},{"type":"Feature","id":1780192470,"properties":{"amenity":"atm","name":"Krungsri","operator":"Krungsri","@type":"node","@id":1780192470},"geometry":{"type":"Point","coordinates":[102.041788,14.969416]}},{"type":"Feature","id":1780193003,"properties":{"amenity":"atm","name":"Oomsin","operator":"Oomsin","@type":"node","@id":1780193003},"geometry":{"type":"Point","coordinates":[102.0418726,14.9694238]}},{"type":"Feature","id":1780194330,"properties":{"amenity":"atm","name":"Oomsin","operator":"Oomsin","@type":"node","@id":1780194330},"geometry":{"type":"Point","coordinates":[102.0415658,14.9693982]}},{"type":"Feature","id":1781307404,"properties":{"amenity":"atm","brand":"ธนาคารกสิกรไทย","brand:en":"Kasikornbank","brand:th":"ธนาคารกสิกรไทย","brand:wikidata":"Q276557","operator":"ธนาคารกสิกรไทย","operator:wikidata":"Q276557","@type":"node","@id":1781307404},"geometry":{"type":"Point","coordinates":[102.0636628,14.9712113]}},{"type":"Feature","id":2282727596,"properties":{"amenity":"atm","brand":"ธนาคารทหารไทย","brand:en":"TMBThanachart Bank","brand:th":"ธนาคารทหารไทย","brand:wikidata":"Q1527826","operator":"ธนาคารทหารไทย","operator:wikidata":"Q1527826","@type":"node","@id":2282727596},"geometry":{"type":"Point","coordinates":[102.0705273,14.9087796]}},{"type":"Feature","id":2283704741,"properties":{"amenity":"atm","@type":"node","@id":2283704741},"geometry":{"type":"Point","coordinates":[102.0976995,14.9588296]}},{"type":"Feature","id":2283704742,"properties":{"amenity":"bank","name":"TMB Bank","@type":"node","@id":2283704742},"geometry":{"type":"Point","coordinates":[102.0937679,14.9571739]}},{"type":"Feature","id":2283704743,"properties":{"amenity":"atm","@type":"node","@id":2283704743},"geometry":{"type":"Point","coordinates":[102.0985873,14.9666708]}},{"type":"Feature","id":2283704751,"properties":{"amenity":"atm","@type":"node","@id":2283704751},"geometry":{"type":"Point","coordinates":[102.0941455,14.9575242]}},{"type":"Feature","id":2283745171,"properties":{"amenity":"bank","name":"TMB Bank","@type":"node","@id":2283745171},"geometry":{"type":"Point","coordinates":[102.0848911,14.9712293]}},{"type":"Feature","id":2283745177,"properties":{"amenity":"atm","@type":"node","@id":2283745177},"geometry":{"type":"Point","coordinates":[102.0848893,14.9712728]}},{"type":"Feature","id":2283745179,"properties":{"amenity":"atm","@type":"node","@id":2283745179},"geometry":{"type":"Point","coordinates":[102.0850663,14.9714334]}},{"type":"Feature","id":2288898487,"properties":{"amenity":"atm","name":"ธนาคารทหารไทย","@type":"node","@id":2288898487},"geometry":{"type":"Point","coordinates":[102.1068767,14.9087995]}},{"type":"Feature","id":2333063538,"properties":{"amenity":"atm","@type":"node","@id":2333063538},"geometry":{"type":"Point","coordinates":[101.7233149,14.8935485]}},{"type":"Feature","id":4106961496,"properties":{"amenity":"atm","opening_hours":"24/7","@type":"node","@id":4106961496},"geometry":{"type":"Point","coordinates":[102.2432147,14.5266748]}},{"type":"Feature","id":4106971991,"properties":{"amenity":"atm","opening_hours":"24/7","@type":"node","@id":4106971991},"geometry":{"type":"Point","coordinates":[102.242976,14.5268513]}},{"type":"Feature","id":4106973091,"properties":{"amenity":"bank","name":"Krungthai Bank","opening_hours":"Mo-Su 08:30-16:30","phone":"+66021111111","@type":"node","@id":4106973091},"geometry":{"type":"Point","coordinates":[102.2429411,14.5268877]}},{"type":"Feature","id":4113602391,"properties":{"amenity":"atm","brand":"ธนาคารไทยพาณิชย์","brand:en":"Siam Commercial Bank","brand:th":"ธนาคารไทยพาณิชย์","brand:wikidata":"Q2038986","opening_hours":"24/7","operator":"ธนาคารไทยพาณิชย์","operator:wikidata":"Q2038986","@type":"node","@id":4113602391},"geometry":{"type":"Point","coordinates":[102.2461611,14.5237888]}},{"type":"Feature","id":4113652091,"properties":{"amenity":"bank","brand":"ธนาคารกสิกรไทย","brand:en":"Kasikornbank","brand:th":"ธนาคารกสิกรไทย","brand:wikidata":"Q276557","name":"ธนาคารกสิกรไทย","name:en":"Kasikornbank","name:th":"ธนาคารกสิกรไทย","opening_hours":"Mo-Fr 08:30-15:30","@type":"node","@id":4113652091},"geometry":{"type":"Point","coordinates":[102.2457387,14.5240887]}},{"type":"Feature","id":4113658989,"properties":{"amenity":"bank","brand":"ธนาคารไทยพาณิชย์","brand:en":"Siam Commercial Bank","brand:th":"ธนาคารไทยพาณิชย์","brand:wikidata":"Q2038986","name":"ธนาคารไทยพาณิชย์","name:en":"Siam Commercial Bank","name:th":"ธนาคารไทยพาณิชย์","opening_hours":"Mo-Fr 08:30-15:30","@type":"node","@id":4113658989},"geometry":{"type":"Point","coordinates":[102.2461799,14.5237588]}},{"type":"Feature","id":4113658990,"properties":{"amenity":"atm","brand":"ธนาคารกสิกรไทย","brand:en":"Kasikornbank","brand:th":"ธนาคารกสิกรไทย","brand:wikidata":"Q276557","opening_hours":"24/7","operator":"ธนาคารกสิกรไทย","operator:wikidata":"Q276557","@type":"node","@id":4113658990},"geometry":{"type":"Point","coordinates":[102.2457186,14.5241108]}},{"type":"Feature","id":4158470190,"properties":{"amenity":"atm","@type":"node","@id":4158470190},"geometry":{"type":"Point","coordinates":[100.602407,14.1185631]}},{"type":"Feature","id":4235378461,"properties":{"amenity":"bank","atm":"yes","brand":"ธนาคารกรุงเทพ","brand:en":"Bangkok Bank","brand:th":"ธนาคารกรุงเทพ","brand:wikidata":"Q806483","name":"ธนาคารกรุงเทพ","name:en":"Bangkok Bank","name:th":"ธนาคารกรุงเทพ","@type":"node","@id":4235378461},"geometry":{"type":"Point","coordinates":[100.6352175,14.7994482]}},{"type":"Feature","id":4252847553,"properties":{"amenity":"atm","name":"ธนาคารกรุงเทพ","name:en":"Bangkok Bank","@type":"node","@id":4252847553},"geometry":{"type":"Point","coordinates":[100.7092439,14.7678223]}},{"type":"Feature","id":4306826510,"properties":{"amenity":"atm","@type":"node","@id":4306826510},"geometry":{"type":"Point","coordinates":[101.2933032,14.3038445]}},{"type":"Feature","id":4308715796,"properties":{"amenity":"atm","source":"survey","source:date":"2016-07-18","@type":"node","@id":4308715796},"geometry":{"type":"Point","coordinates":[101.2750251,14.3182853]}},{"type":"Feature","id":4607467330,"properties":{"amenity":"bank","name":"GH Bank","@type":"node","@id":4607467330},"geometry":{"type":"Point","coordinates":[100.6450041,14.3083516]}},{"type":"Feature","id":4725744191,"properties":{"amenity":"bank","name:en":"Kasikorn","@type":"node","@id":4725744191},"geometry":{"type":"Point","coordinates":[101.4168681,14.7073202]}},{"type":"Feature","id":4725744192,"properties":{"amenity":"bank","name:en":"LH Bank","@type":"node","@id":4725744192},"geometry":{"type":"Point","coordinates":[101.4126545,14.7038939]}},{"type":"Feature","id":4725767489,"properties":{"amenity":"bank","name:en":"Krungsi","@type":"node","@id":4725767489},"geometry":{"type":"Point","coordinates":[101.415512,14.7055568]}},{"type":"Feature","id":4919461494,"properties":{"amenity":"atm","check_date":"2026-02-01","name":"SCB","operator":"SCB","@type":"node","@id":4919461494},"geometry":{"type":"Point","coordinates":[102.0940377,14.9889192]}},{"type":"Feature","id":4919461619,"properties":{"amenity":"atm","name":"Bangkok Bank","operator":"Bangkok Bank","@type":"node","@id":4919461619},"geometry":{"type":"Point","coordinates":[102.0940597,14.9891122]}},{"type":"Feature","id":5321414634,"properties":{"amenity":"bank","brand":"ธนาคารกรุงไทย","brand:en":"Krung Thai Bank","brand:th":"ธนาคารกรุงไทย","brand:wikidata":"Q962865","name":"ธนาคารกรุงไทย","name:en":"Krung Thai Bank","name:th":"ธนาคารกรุงไทย","@type":"node","@id":5321414634},"geometry":{"type":"Point","coordinates":[102.099474,14.9727547]}},{"type":"Feature","id":5350922783,"properties":{"amenity":"atm","currency:THB":"yes","operator":"SCB","@type":"node","@id":5350922783},"geometry":{"type":"Point","coordinates":[102.1353058,14.9643008]}},{"type":"Feature","id":5350954083,"properties":{"amenity":"atm","@type":"node","@id":5350954083},"geometry":{"type":"Point","coordinates":[102.1384282,14.9658387]}},{"type":"Feature","id":5484328678,"properties":{"amenity":"bank","atm":"yes","brand":"ธนาคารกรุงเทพ","brand:en":"Bangkok Bank","brand:th":"ธนาคารกรุงเทพ","level":"1","name":"ธนาคารกรุงเทพ","name:en":"Bangkok Bank","name:th":"ธนาคารกรุงเทพ","opening_hours":"Mo-Su 10:30-19:00","@type":"node","@id":5484328678},"geometry":{"type":"Point","coordinates":[100.6632516,14.7987356]}},{"type":"Feature","id":5484328679,"properties":{"amenity":"bank","atm":"yes","brand":"ธนาคารไทยพาณิชย์","brand:en":"Siam Commercial Bank","brand:th":"ธนาคารไทยพาณิชย์","level":"1","name":"ธนาคารไทยพาณิชย์","name:en":"Siam Commercial Bank","name:th":"ธนาคารไทยพาณิชย์","opening_hours":"Mo-Su 11:00-18:30","@type":"node","@id":5484328679},"geometry":{"type":"Point","coordinates":[100.6631148,14.7988471]}},{"type":"Feature","id":5484328680,"properties":{"amenity":"bank","atm":"yes","brand":"ธนาคารทหารไทย","brand:en":"TMB","brand:th":"ธนาคารทหารไทย","level":"1","name":"ธนาคารทหารไทย","name:en":"TMB","name:th":"ธนาคารทหารไทย","opening_hours":"Mo-Su 11:00-19:30","@type":"node","@id":5484328680},"geometry":{"type":"Point","coordinates":[100.6633857,14.7986449]}},{"type":"Feature","id":5928484086,"properties":{"amenity":"atm","opening_hours":"24/7","operator":"Bangkok Bank","@type":"node","@id":5928484086},"geometry":{"type":"Point","coordinates":[102.1721434,15.3347582]}},{"type":"Feature","id":5928484185,"properties":{"amenity":"bank","name":"ธกส.","@type":"node","@id":5928484185},"geometry":{"type":"Point","coordinates":[102.1729211,15.3359985]}},{"type":"Feature","id":6053538219,"properties":{"amenity":"bank","@type":"node","@id":6053538219},"geometry":{"type":"Point","coordinates":[100.6135554,14.8025663]}},{"type":"Feature","id":6053538231,"properties":{"amenity":"bank","@type":"node","@id":6053538231},"geometry":{"type":"Point","coordinates":[100.611997,14.8008529]}},{"type":"Feature","id":6053538234,"properties":{"amenity":"bank","@type":"node","@id":6053538234},"geometry":{"type":"Point","coordinates":[100.6113398,14.8038197]}},{"type":"Feature","id":6053545202,"properties":{"amenity":"bank","@type":"node","@id":6053545202},"geometry":{"type":"Point","coordinates":[100.720804,15.0643814]}},{"type":"Feature","id":6053546272,"properties":{"amenity":"bank","@type":"node","@id":6053546272},"geometry":{"type":"Point","coordinates":[100.6112613,14.8027104]}},{"type":"Feature","id":6053546276,"properties":{"amenity":"bank","@type":"node","@id":6053546276},"geometry":{"type":"Point","coordinates":[100.6115176,14.8039159]}},{"type":"Feature","id":6053546278,"properties":{"amenity":"bank","@type":"node","@id":6053546278},"geometry":{"type":"Point","coordinates":[100.6114721,14.804393]}},{"type":"Feature","id":6053556691,"properties":{"amenity":"bank","name:en":"KTB","@type":"node","@id":6053556691},"geometry":{"type":"Point","coordinates":[101.132273,15.2084394]}},{"type":"Feature","id":6053557715,"properties":{"amenity":"bank","@type":"node","@id":6053557715},"geometry":{"type":"Point","coordinates":[102.069079,15.1979652]}},{"type":"Feature","id":6053557716,"properties":{"amenity":"bank","@type":"node","@id":6053557716},"geometry":{"type":"Point","coordinates":[102.0692183,15.1967872]}},{"type":"Feature","id":6053557718,"properties":{"amenity":"bank","@type":"node","@id":6053557718},"geometry":{"type":"Point","coordinates":[102.0696343,15.1955248]}},{"type":"Feature","id":6053566400,"properties":{"amenity":"bank","@type":"node","@id":6053566400},"geometry":{"type":"Point","coordinates":[100.6139897,14.801231]}},{"type":"Feature","id":6053566401,"properties":{"amenity":"bank","@type":"node","@id":6053566401},"geometry":{"type":"Point","coordinates":[100.6136026,14.8012071]}},{"type":"Feature","id":6053580289,"properties":{"amenity":"bank","@type":"node","@id":6053580289},"geometry":{"type":"Point","coordinates":[100.6334491,14.7994601]}},{"type":"Feature","id":6053580295,"properties":{"amenity":"atm","@type":"node","@id":6053580295},"geometry":{"type":"Point","coordinates":[100.6144978,14.8010353]}},{"type":"Feature","id":6053580297,"properties":{"amenity":"bank","@type":"node","@id":6053580297},"geometry":{"type":"Point","coordinates":[100.6119312,14.8013505]}},{"type":"Feature","id":6053580889,"properties":{"amenity":"bank","@type":"node","@id":6053580889},"geometry":{"type":"Point","coordinates":[102.0981632,14.9918892]}},{"type":"Feature","id":6364960793,"properties":{"amenity":"bank","name:en":"Kasikorn","@type":"node","@id":6364960793},"geometry":{"type":"Point","coordinates":[102.0958668,14.9729083]}},{"type":"Feature","id":6364960822,"properties":{"amenity":"bank","name:en":"Citi","@type":"node","@id":6364960822},"geometry":{"type":"Point","coordinates":[102.097481,14.9787102]}},{"type":"Feature","id":6367674493,"properties":{"amenity":"bank","check_date":"2026-01-12","name:en":"Kiatnakin","@type":"node","@id":6367674493},"geometry":{"type":"Point","coordinates":[102.0871458,14.9799528]}},{"type":"Feature","id":6367674900,"properties":{"amenity":"bank","brand":"ธนาคารไทยพาณิชย์","brand:en":"Siam Commercial Bank","brand:th":"ธนาคารไทยพาณิชย์","brand:wikidata":"Q2038986","check_date":"2026-05-28","name":"ธนาคารไทยพาณิชย์","name:en":"Siam Commercial Bank","name:th":"ธนาคารไทยพาณิชย์","@type":"node","@id":6367674900},"geometry":{"type":"Point","coordinates":[102.0819468,14.979173]}},{"type":"Feature","id":6373851986,"properties":{"amenity":"bank","brand":"UOB","brand:en":"UOB","brand:wikidata":"Q2064074","brand:zh":"大华银行","check_date":"2026-01-17","name":"UOB","name:en":"UOB","name:zh":"大华银行","@type":"node","@id":6373851986},"geometry":{"type":"Point","coordinates":[102.0812046,14.9790773]}},{"type":"Feature","id":6377734687,"properties":{"amenity":"bank","name:en":"Kasikorn","@type":"node","@id":6377734687},"geometry":{"type":"Point","coordinates":[102.0604089,14.9600464]}},{"type":"Feature","id":6377734688,"properties":{"amenity":"bank","brand":"ธนาคารกรุงเทพ","brand:en":"Bangkok Bank","brand:th":"ธนาคารกรุงเทพ","brand:wikidata":"Q806483","check_date":"2026-03-28","name":"ธนาคารกรุงเทพ","name:en":"Bangkok Bank","name:th":"ธนาคารกรุงเทพ","@type":"node","@id":6377734688},"geometry":{"type":"Point","coordinates":[102.0438971,14.9576307]}},{"type":"Feature","id":6391113494,"properties":{"amenity":"bank","@type":"node","@id":6391113494},"geometry":{"type":"Point","coordinates":[101.2515811,14.6355756]}},{"type":"Feature","id":6391901299,"properties":{"addr:city":"วังน้อย","addr:housenumber":"163/1 หมู่ 7","addr:postcode":"13170","addr:street":"ถนนพหลโยธิน","amenity":"bank","atm":"yes","drive_through":"no","name":"ธนาคารไทยพานิชย์  สาขา วังน้อย","name:en":"Siam Commercial Bank Branch WangNoi","opening_hours":"Mo-Fr 08:30-15:30","operator":"Bank Officer","@type":"node","@id":6391901299},"geometry":{"type":"Point","coordinates":[100.7173146,14.2322227]}},{"type":"Feature","id":6391901300,"properties":{"addr:city":"วังน้อย อยุธยา","addr:housenumber":"409 หมู่ที่ 7","addr:postcode":"13170","addr:street":"ถนนพหลโยธิน","amenity":"bank","atm":"yes","drive_through":"no","name":"ธนาคารกรุงศรีอยุธยา สาขาวังน้อย","name:en":"Krungsri Bank","opening_hours":"Mo-Fr 08:30-15:30","operator":"ฺBank Officer","@type":"node","@id":6391901300},"geometry":{"type":"Point","coordinates":[100.7148991,14.2309593]}},{"type":"Feature","id":6391901393,"properties":{"amenity":"bank","brand":"ธนาคารกรุงเทพ","brand:en":"Bangkok Bank","brand:th":"ธนาคารกรุงเทพ","brand:wikidata":"Q806483","name":"ธนาคารกรุงเทพ","name:en":"Bangkok Bank","name:th":"ธนาคารกรุงเทพ","@type":"node","@id":6391901393},"geometry":{"type":"Point","coordinates":[100.7193633,14.2333227]}},{"type":"Feature","id":6391901394,"properties":{"amenity":"bank","name:en":"Kasokorn","@type":"node","@id":6391901394},"geometry":{"type":"Point","coordinates":[100.7138374,14.2304003]}},{"type":"Feature","id":6573934886,"properties":{"amenity":"atm","opening_hours":"24/7","operator":"Bangkok Bank","@type":"node","@id":6573934886},"geometry":{"type":"Point","coordinates":[102.1062397,14.9691068]}},{"type":"Feature","id":7037845085,"properties":{"amenity":"atm","brand":"ธนาคารกสิกรไทย","brand:en":"Kasikornbank","brand:th":"ธนาคารกสิกรไทย","brand:wikidata":"Q276557","operator":"ธนาคารกสิกรไทย","operator:wikidata":"Q276557","@type":"node","@id":7037845085},"geometry":{"type":"Point","coordinates":[101.0941789,15.2037775]}},{"type":"Feature","id":7039726285,"properties":{"amenity":"atm","operator":"SCB","@type":"node","@id":7039726285},"geometry":{"type":"Point","coordinates":[101.1325485,15.2081907]}},{"type":"Feature","id":7039726286,"properties":{"amenity":"atm","operator":"KTB","@type":"node","@id":7039726286},"geometry":{"type":"Point","coordinates":[101.1322877,15.2084483]}},{"type":"Feature","id":7093883090,"properties":{"addr:housenumber":"158/10","addr:postcode":"18000","addr:street":"พิชัยสงคราม","amenity":"bank","name":"ธนาคารอาคารสงเคราะห์","opening_hours":"Mo-Fr 08:30-15:30","@type":"node","@id":7093883090},"geometry":{"type":"Point","coordinates":[100.9242252,14.5270215]}},{"type":"Feature","id":7142145821,"properties":{"amenity":"atm","operator":"ตู้ ATM","@type":"node","@id":7142145821},"geometry":{"type":"Point","coordinates":[102.1024708,14.9279845]}},{"type":"Feature","id":8269237236,"properties":{"amenity":"atm","operator":"ธ.ไทยพาณิชย์","@type":"node","@id":8269237236},"geometry":{"type":"Point","coordinates":[102.105362,14.9441641]}},{"type":"Feature","id":8269237239,"properties":{"amenity":"atm","operator":"ธ.ไทยพาณิชย์","@type":"node","@id":8269237239},"geometry":{"type":"Point","coordinates":[102.0817998,14.9646128]}},{"type":"Feature","id":8269237240,"properties":{"amenity":"atm","operator":"ธ.ออมสิน","@type":"node","@id":8269237240},"geometry":{"type":"Point","coordinates":[102.0817883,14.964594]}},{"type":"Feature","id":8269237242,"properties":{"amenity":"atm","operator":"ธ.กรุงเทพ","@type":"node","@id":8269237242},"geometry":{"type":"Point","coordinates":[102.0856992,14.9697758]}},{"type":"Feature","id":8776455176,"properties":{"addr:city":"อุทัย","addr:housenumber":"47 ม.13","addr:postcode":"13210","amenity":"bank","name":"ธ.ก.ส. สาขา อุทัย","opening_hours":"Mo-Fr 08:30-15:30","@type":"node","@id":8776455176},"geometry":{"type":"Point","coordinates":[100.6673401,14.3604682]}},{"type":"Feature","id":10951045305,"properties":{"amenity":"atm","@type":"node","@id":10951045305},"geometry":{"type":"Point","coordinates":[102.1081468,14.9894622]}},{"type":"Feature","id":10951456505,"properties":{"amenity":"atm","@type":"node","@id":10951456505},"geometry":{"type":"Point","coordinates":[102.0388102,14.5660031]}},{"type":"Feature","id":11027158105,"properties":{"amenity":"bank","@type":"node","@id":11027158105},"geometry":{"type":"Point","coordinates":[102.1950275,14.6570688]}},{"type":"Feature","id":11483358950,"properties":{"amenity":"atm","operator":"ATM ธ.กรุงไทย","@type":"node","@id":11483358950},"geometry":{"type":"Point","coordinates":[102.0986029,14.9280646]}},{"type":"Feature","id":11648729026,"properties":{"amenity":"atm","name":"Bangkok Bank & Krungsri","@type":"node","@id":11648729026},"geometry":{"type":"Point","coordinates":[101.4458507,14.1311206]}},{"type":"Feature","id":11959569952,"properties":{"alt_name:en":"Krungsri","amenity":"bank","brand":"กรุงศรี","brand:en":"Bank of Ayudhya","brand:th":"กรุงศรี","brand:wikidata":"Q782537","name":"กรุงศรี","name:en":"Bank of Ayudhya","name:th":"กรุงศรี","@type":"node","@id":11959569952},"geometry":{"type":"Point","coordinates":[101.2135995,14.2023475]}},{"type":"Feature","id":11959569953,"properties":{"amenity":"bank","brand":"ธนาคารกรุงเทพ","brand:en":"Bangkok Bank","brand:th":"ธนาคารกรุงเทพ","brand:wikidata":"Q806483","name":"ธนาคารกรุงเทพ","name:en":"Bangkok Bank","name:th":"ธนาคารกรุงเทพ","@type":"node","@id":11959569953},"geometry":{"type":"Point","coordinates":[101.2134854,14.2026586]}},{"type":"Feature","id":11959587396,"properties":{"amenity":"bank","brand":"ธนาคารออมสิน","brand:en":"Government Savings Bank","brand:th":"ธนาคารออมสิน","brand:wikidata":"Q6579041","name":"ธนาคารออมสิน","name:en":"Government Savings Bank","name:th":"ธนาคารออมสิน","@type":"node","@id":11959587396},"geometry":{"type":"Point","coordinates":[101.21407,14.2032158]}},{"type":"Feature","id":12273238369,"properties":{"amenity":"atm","branch":"ธนาคารกรุงเทพ","cash_in":"no","currency:THB":"yes","drive_through":"no","indoor":"yes","level":"1","network":"ธนาคารกรุงเทพ","operator":"ATM ธนาคารกรุงเทพ","@type":"node","@id":12273238369},"geometry":{"type":"Point","coordinates":[101.3456778,14.1591386]}},{"type":"Feature","id":12328182101,"properties":{"amenity":"atm","brand":"กรุงศรี","brand:en":"Bank of Ayudhya","brand:th":"กรุงศรี","brand:wikidata":"Q782537","opening_hours":"24/7","operator":"กรุงศรี","operator:wikidata":"Q782537","@type":"node","@id":12328182101},"geometry":{"type":"Point","coordinates":[101.7199146,14.869197]}},{"type":"Feature","id":12328182201,"properties":{"amenity":"atm","brand":"ธนาคารกรุงไทย","brand:en":"Krung Thai Bank","brand:th":"ธนาคารกรุงไทย","brand:wikidata":"Q962865","opening_hours":"24/7","operator":"ธนาคารกรุงไทย","operator:wikidata":"Q962865","@type":"node","@id":12328182201},"geometry":{"type":"Point","coordinates":[101.7198905,14.869197]}},{"type":"Feature","id":12600146724,"properties":{"amenity":"bank","brand":"ธนาคารไทยพาณิชย์","brand:en":"Siam Commercial Bank","brand:th":"ธนาคารไทยพาณิชย์","brand:wikidata":"Q2038986","name":"ธนาคารไทยพาณิชย์","name:en":"Siam Commercial Bank","name:th":"ธนาคารไทยพาณิชย์","@type":"node","@id":12600146724},"geometry":{"type":"Point","coordinates":[100.9866685,14.1091361]}},{"type":"Feature","id":12738882833,"properties":{"amenity":"atm","@type":"node","@id":12738882833},"geometry":{"type":"Point","coordinates":[101.4394743,14.5176047]}},{"type":"Feature","id":13037511552,"properties":{"amenity":"atm","check_date":"2026-01-12","operator":"Kasikornbank","@type":"node","@id":13037511552},"geometry":{"type":"Point","coordinates":[102.0860865,14.9754182]}},{"type":"Feature","id":13042452405,"properties":{"amenity":"bank","name":"Kaiserkorn bank","@type":"node","@id":13042452405},"geometry":{"type":"Point","coordinates":[102.1018147,14.9747874]}},{"type":"Feature","id":13042452628,"properties":{"amenity":"bank","name":"Government Savings Bank","@type":"node","@id":13042452628},"geometry":{"type":"Point","coordinates":[102.0997723,14.9730772]}},{"type":"Feature","id":13042459913,"properties":{"amenity":"atm","operator":"Easybank","@type":"node","@id":13042459913},"geometry":{"type":"Point","coordinates":[102.0961562,14.974933]}},{"type":"Feature","id":13047698740,"properties":{"amenity":"atm","check_date":"2025-08-12","operator":"Kaiserkorn bank","@type":"node","@id":13047698740},"geometry":{"type":"Point","coordinates":[102.1314548,15.0350659]}},{"type":"Feature","id":13051344093,"properties":{"amenity":"bank","brand":"ธนาคารกสิกรไทย","brand:en":"Kasikornbank","brand:th":"ธนาคารกสิกรไทย","brand:wikidata":"Q276557","check_date":"2025-08-06","name":"ธนาคารกสิกรไทย","name:en":"Kasikornbank","name:th":"ธนาคารกสิกรไทย","@type":"node","@id":13051344093},"geometry":{"type":"Point","coordinates":[102.1385427,15.0265443]}},{"type":"Feature","id":13056083879,"properties":{"amenity":"bank","check_date":"2025-08-06","name":"Express Banking","@type":"node","@id":13056083879},"geometry":{"type":"Point","coordinates":[102.1190981,14.957419]}},{"type":"Feature","id":13097681175,"properties":{"amenity":"atm","check_date":"2025-08-25","operator":"Krungthai","@type":"node","@id":13097681175},"geometry":{"type":"Point","coordinates":[102.1233544,14.9930372]}},{"type":"Feature","id":13097681176,"properties":{"amenity":"atm","check_date":"2025-08-27","operator":"Kaiserkornbank","@type":"node","@id":13097681176},"geometry":{"type":"Point","coordinates":[102.1233451,14.9930494]}},{"type":"Feature","id":13105611470,"properties":{"amenity":"bank","check_date":"2025-08-29","name:en":"Krungthai","opening_hours":"Mo-Fr 08:30-16:00","@type":"node","@id":13105611470},"geometry":{"type":"Point","coordinates":[102.1048203,14.9845512]}},{"type":"Feature","id":13105611471,"properties":{"amenity":"atm","check_date":"2025-08-29","operator":"Krungthai","@type":"node","@id":13105611471},"geometry":{"type":"Point","coordinates":[102.1049526,14.9848234]}},{"type":"Feature","id":13105611472,"properties":{"amenity":"atm","check_date":"2025-08-29","operator":"Krungthai","@type":"node","@id":13105611472},"geometry":{"type":"Point","coordinates":[102.1047345,14.984456]}},{"type":"Feature","id":13120699631,"properties":{"amenity":"atm","check_date":"2025-08-29","@type":"node","@id":13120699631},"geometry":{"type":"Point","coordinates":[102.0716327,14.9666214]}},{"type":"Feature","id":13273820652,"properties":{"amenity":"atm","currency:THB":"yes","drive_through":"no","operator":"ATM กรุงไทย ยืนยันตัวตน (EDC) ฟาร์มโชคชัย ปากช่อง","@type":"node","@id":13273820652},"geometry":{"type":"Point","coordinates":[101.3481146,14.6545002]}},{"type":"Feature","id":13354597201,"properties":{"amenity":"atm","brand":"ธนาคารกรุงไทย","brand:en":"Krung Thai Bank","brand:th":"ธนาคารกรุงไทย","brand:wikidata":"Q962865","operator":"ธนาคารกรุงไทย","operator:wikidata":"Q962865","@type":"node","@id":13354597201},"geometry":{"type":"Point","coordinates":[101.9339606,14.7877734]}},{"type":"Feature","id":13354597301,"properties":{"amenity":"atm","brand":"ธนาคารไทยพาณิชย์","brand:en":"Siam Commercial Bank","brand:th":"ธนาคารไทยพาณิชย์","brand:wikidata":"Q2038986","operator":"ธนาคารไทยพาณิชย์","operator:wikidata":"Q2038986","@type":"node","@id":13354597301},"geometry":{"type":"Point","coordinates":[101.9339691,14.7878057]}},{"type":"Feature","id":13355442201,"properties":{"addr:housenumber":"291/3","amenity":"bank","brand":"ธนาคารกสิกรไทย","brand:en":"Kasikornbank","brand:th":"ธนาคารกสิกรไทย","brand:wikidata":"Q276557","name":"ธนาคารกสิกรไทย","name:en":"Kasikornbank","name:th":"ธนาคารกสิกรไทย","opening_hours":"Mo-Fr 08:30-15:30","@type":"node","@id":13355442201},"geometry":{"type":"Point","coordinates":[102.1656093,14.7364706]}},{"type":"Feature","id":13355442301,"properties":{"amenity":"atm","brand":"ธนาคารกสิกรไทย","brand:en":"Kasikornbank","brand:th":"ธนาคารกสิกรไทย","brand:wikidata":"Q276557","operator":"ธนาคารกสิกรไทย","operator:wikidata":"Q276557","@type":"node","@id":13355442301},"geometry":{"type":"Point","coordinates":[102.1656017,14.7364669]}},{"type":"Feature","id":13457324632,"properties":{"amenity":"bank","check_date":"2026-01-12","name":"Government Savings Bank","@type":"node","@id":13457324632},"geometry":{"type":"Point","coordinates":[102.0810436,14.9733781]}},{"type":"Feature","id":13463900669,"properties":{"amenity":"atm","check_date":"2026-01-18","operator":"SCB","@type":"node","@id":13463900669},"geometry":{"type":"Point","coordinates":[102.0703095,14.9777475]}},{"type":"Feature","id":13463900670,"properties":{"amenity":"atm","brand":"ธนาคารกรุงไทย","brand:en":"Krung Thai Bank","brand:th":"ธนาคารกรุงไทย","brand:wikidata":"Q962865","check_date":"2026-01-18","operator":"ธนาคารกรุงไทย","operator:wikidata":"Q962865","@type":"node","@id":13463900670},"geometry":{"type":"Point","coordinates":[102.0703112,14.9777191]}},{"type":"Feature","id":13463900671,"properties":{"amenity":"atm","brand":"ธนาคารกรุงไทย","brand:en":"Krung Thai Bank","brand:th":"ธนาคารกรุงไทย","brand:wikidata":"Q962865","check_date":"2026-01-17","operator":"ธนาคารกรุงไทย","operator:wikidata":"Q962865","@type":"node","@id":13463900671},"geometry":{"type":"Point","coordinates":[102.0666701,14.9670905]}},{"type":"Feature","id":13476763053,"properties":{"amenity":"atm","check_date":"2026-01-22","operator":"Kaiserkornbank","@type":"node","@id":13476763053},"geometry":{"type":"Point","coordinates":[102.0440909,14.9561522]}},{"type":"Feature","id":13476763054,"properties":{"amenity":"atm","brand":"ธนาคารกรุงไทย","brand:en":"Krung Thai Bank","brand:th":"ธนาคารกรุงไทย","brand:wikidata":"Q962865","check_date":"2026-01-22","operator":"ธนาคารกรุงไทย","operator:wikidata":"Q962865","@type":"node","@id":13476763054},"geometry":{"type":"Point","coordinates":[102.0452264,14.9565957]}},{"type":"Feature","id":13476763059,"properties":{"amenity":"bank","brand":"ธนาคารทหารไทย","brand:en":"TMBThanachart Bank","brand:th":"ธนาคารทหารไทย","brand:wikidata":"Q1527826","check_date":"2026-01-22","name":"ธนาคารทหารไทย","name:en":"TMBThanachart Bank","name:th":"ธนาคารทหารไทย","short_name":"ttb","@type":"node","@id":13476763059},"geometry":{"type":"Point","coordinates":[102.0451165,14.957198]}},{"type":"Feature","id":13476763063,"properties":{"amenity":"bank","brand":"ธนาคารไทยพาณิชย์","brand:en":"Siam Commercial Bank","brand:th":"ธนาคารไทยพาณิชย์","brand:wikidata":"Q2038986","check_date":"2026-01-22","name":"ธนาคารไทยพาณิชย์","name:en":"Siam Commercial Bank","name:th":"ธนาคารไทยพาณิชย์","@type":"node","@id":13476763063},"geometry":{"type":"Point","coordinates":[102.0451167,14.9575115]}},{"type":"Feature","id":13511095200,"properties":{"amenity":"atm","brand":"ธนาคารกสิกรไทย","brand:en":"Kasikornbank","brand:th":"ธนาคารกสิกรไทย","brand:wikidata":"Q276557","check_date":"2026-01-28","operator":"ธนาคารกสิกรไทย","operator:wikidata":"Q276557","@type":"node","@id":13511095200},"geometry":{"type":"Point","coordinates":[102.1172406,14.9897588]}},{"type":"Feature","id":13511125601,"properties":{"amenity":"atm","brand":"ธนาคารออมสิน","brand:en":"Government Savings Bank","brand:th":"ธนาคารออมสิน","brand:wikidata":"Q6579041","check_date":"2026-01-28","operator":"GSB","operator:wikidata":"Q6579041","@type":"node","@id":13511125601},"geometry":{"type":"Point","coordinates":[102.1172255,14.9897771]}},{"type":"Feature","id":13511125602,"properties":{"amenity":"atm","brand":"ธนาคารกรุงไทย","brand:en":"Krung Thai Bank","brand:th":"ธนาคารกรุงไทย","brand:wikidata":"Q962865","check_date":"2026-01-28","operator":"ธนาคารกรุงไทย","operator:wikidata":"Q962865","@type":"node","@id":13511125602},"geometry":{"type":"Point","coordinates":[102.1172339,14.9897656]}},{"type":"Feature","id":13511125603,"properties":{"amenity":"atm","check_date":"2026-05-24","operator":"Krungsri","@type":"node","@id":13511125603},"geometry":{"type":"Point","coordinates":[102.117247,14.9897508]}},{"type":"Feature","id":13686014520,"properties":{"amenity":"atm","brand":"ธนาคารกรุงไทย","brand:en":"Krung Thai Bank","brand:th":"ธนาคารกรุงไทย","brand:wikidata":"Q962865","check_date":"2026-02-01","operator":"ธนาคารกรุงไทย","operator:wikidata":"Q962865","@type":"node","@id":13686014520},"geometry":{"type":"Point","coordinates":[102.0944674,14.9886694]}},{"type":"Feature","id":13686014521,"properties":{"amenity":"atm","check_date":"2026-02-01","operator":"Kaiserkornbank","@type":"node","@id":13686014521},"geometry":{"type":"Point","coordinates":[102.0944437,14.9886527]}},{"type":"Feature","id":13734359099,"properties":{"amenity":"atm","brand":"ธนาคารกรุงเทพ","brand:en":"Bangkok Bank","brand:th":"ธนาคารกรุงเทพ","brand:wikidata":"Q806483","check_date":"2026-04-04","operator":"ธนาคารกรุงเทพ","operator:wikidata":"Q806483","@type":"node","@id":13734359099},"geometry":{"type":"Point","coordinates":[101.9642738,14.9264265]}},{"type":"Feature","id":13734359100,"properties":{"amenity":"atm","brand":"ธนาคารกรุงไทย","brand:en":"Krung Thai Bank","brand:th":"ธนาคารกรุงไทย","brand:wikidata":"Q962865","check_date":"2026-04-04","operator":"ธนาคารกรุงไทย","operator:wikidata":"Q962865","@type":"node","@id":13734359100},"geometry":{"type":"Point","coordinates":[101.964273,14.9264375]}},{"type":"Feature","id":13734400401,"properties":{"amenity":"atm","brand":"ธนาคารกสิกรไทย","brand:en":"Kasikornbank","brand:th":"ธนาคารกสิกรไทย","brand:wikidata":"Q276557","check_date":"2026-04-04","operator":"ธนาคารกสิกรไทย","operator:wikidata":"Q276557","@type":"node","@id":13734400401},"geometry":{"type":"Point","coordinates":[101.9642712,14.9264617]}},{"type":"Feature","id":13841744850,"properties":{"amenity":"atm","@type":"node","@id":13841744850},"geometry":{"type":"Point","coordinates":[102.345779,14.7475034]}},{"type":"Feature","id":13841744907,"properties":{"amenity":"atm","brand":"ธนาคารกรุงไทย","brand:en":"Krung Thai Bank","brand:th":"ธนาคารกรุงไทย","brand:wikidata":"Q962865","operator":"ธนาคารกรุงไทย","operator:wikidata":"Q962865","@type":"node","@id":13841744907},"geometry":{"type":"Point","coordinates":[102.3384778,14.7500175]}},{"type":"Feature","id":13850726074,"properties":{"amenity":"atm","brand":"ธนาคารกรุงไทย","brand:en":"Krung Thai Bank","brand:th":"ธนาคารกรุงไทย","brand:wikidata":"Q962865","operator":"ธนาคารกรุงไทย","operator:wikidata":"Q962865","@type":"node","@id":13850726074},"geometry":{"type":"Point","coordinates":[102.2524799,14.7512263]}},{"type":"Feature","id":13854396120,"properties":{"amenity":"atm","@type":"node","@id":13854396120},"geometry":{"type":"Point","coordinates":[102.2168502,14.7448727]}},{"type":"Feature","id":13854396121,"properties":{"amenity":"atm","brand":"ธนาคารกรุงไทย","brand:en":"Krung Thai Bank","brand:th":"ธนาคารกรุงไทย","brand:wikidata":"Q962865","operator":"ธนาคารกรุงไทย","operator:wikidata":"Q962865","@type":"node","@id":13854396121},"geometry":{"type":"Point","coordinates":[102.2168741,14.7448722]}},{"type":"Feature","id":13858938255,"properties":{"amenity":"atm","@type":"node","@id":13858938255},"geometry":{"type":"Point","coordinates":[102.1545466,14.740128]}},{"type":"Feature","id":13896944607,"properties":{"amenity":"atm","brand":"ธนาคารเพื่อการเกษตรและสหกรณ์การเกษตร","brand:en":"Bank for Agriculture and Agricultural Co-operatives","brand:th":"ธนาคารเพื่อการเกษตรและสหกรณ์การเกษตร","brand:wikidata":"Q23043470","operator":"ธนาคารเพื่อการเกษตรและสหกรณ์การเกษตร","operator:wikidata":"Q23043470","@type":"node","@id":13896944607},"geometry":{"type":"Point","coordinates":[101.829821,14.8697823]}},{"type":"Feature","id":13896944614,"properties":{"amenity":"bank","atm":"yes","brand":"ธนาคารเพื่อการเกษตรและสหกรณ์การเกษตร","brand:en":"Bank for Agriculture and Agricultural Co-operatives","brand:th":"ธนาคารเพื่อการเกษตรและสหกรณ์การเกษตร","brand:wikidata":"Q23043470","name":"ธนาคารเพื่อการเกษตรและสหกรณ์การเกษตร","name:en":"Bank for Agriculture and Agricultural Co-operatives","name:th":"ธนาคารเพื่อการเกษตรและสหกรณ์การเกษตร","@type":"node","@id":13896944614},"geometry":{"type":"Point","coordinates":[101.8298903,14.8699776]}},{"type":"Feature","id":13897876512,"properties":{"amenity":"atm","@type":"node","@id":13897876512},"geometry":{"type":"Point","coordinates":[101.8552757,14.8805289]}},{"type":"Feature","id":13897876513,"properties":{"amenity":"atm","@type":"node","@id":13897876513},"geometry":{"type":"Point","coordinates":[101.8552795,14.8805196]}},{"type":"Feature","id":13897876556,"properties":{"amenity":"atm","@type":"node","@id":13897876556},"geometry":{"type":"Point","coordinates":[101.8582253,14.8819239]}},{"type":"Feature","id":13897876569,"properties":{"amenity":"atm","@type":"node","@id":13897876569},"geometry":{"type":"Point","coordinates":[101.8597564,14.882513]}},{"type":"Feature","id":13908416862,"properties":{"amenity":"bank","atm":"yes","brand":"ธนาคารเพื่อการเกษตรและสหกรณ์การเกษตร","brand:en":"Bank for Agriculture and Agricultural Co-operatives","brand:th":"ธนาคารเพื่อการเกษตรและสหกรณ์การเกษตร","brand:wikidata":"Q23043470","name":"ธนาคารเพื่อการเกษตรและสหกรณ์การเกษตร","name:en":"Bank for Agriculture and Agricultural Co-operatives","name:th":"ธนาคารเพื่อการเกษตรและสหกรณ์การเกษตร","operator":"Bank for Agriculture and Agricultural Cooperatives","@type":"node","@id":13908416862},"geometry":{"type":"Point","coordinates":[101.7206858,14.867671]}},{"type":"Feature","id":13910041427,"properties":{"amenity":"atm","@type":"node","@id":13910041427},"geometry":{"type":"Point","coordinates":[101.9309519,14.9113358]}},{"type":"Feature","id":13910041428,"properties":{"amenity":"atm","@type":"node","@id":13910041428},"geometry":{"type":"Point","coordinates":[101.9309576,14.9113258]}},{"type":"Feature","id":13910041429,"properties":{"amenity":"atm","@type":"node","@id":13910041429},"geometry":{"type":"Point","coordinates":[101.9309626,14.9113125]}},{"type":"Feature","id":13910041430,"properties":{"amenity":"atm","@type":"node","@id":13910041430},"geometry":{"type":"Point","coordinates":[101.9309682,14.9112993]}},{"type":"Feature","id":13914635443,"properties":{"amenity":"bank","brand":"ธนาคารออมสิน","brand:en":"Government Savings Bank","brand:th":"ธนาคารออมสิน","brand:wikidata":"Q6579041","name":"ธนาคารออมสิน","name:en":"Government Savings Bank","name:th":"ธนาคารออมสิน","@type":"node","@id":13914635443},"geometry":{"type":"Point","coordinates":[101.9631454,14.9270904]}},{"type":"Feature","id":13915513769,"properties":{"amenity":"atm","@type":"node","@id":13915513769},"geometry":{"type":"Point","coordinates":[101.9642694,14.9264743]}},{"type":"Feature","id":13915513774,"properties":{"amenity":"atm","@type":"node","@id":13915513774},"geometry":{"type":"Point","coordinates":[101.9642718,14.9264532]}},{"type":"Feature","id":13915516021,"properties":{"amenity":"atm","@type":"node","@id":13915516021},"geometry":{"type":"Point","coordinates":[101.9653781,14.9261812]}},{"type":"Feature","id":13915516022,"properties":{"amenity":"atm","@type":"node","@id":13915516022},"geometry":{"type":"Point","coordinates":[101.9653904,14.9261864]}},{"type":"Feature","id":13915516023,"properties":{"amenity":"atm","@type":"node","@id":13915516023},"geometry":{"type":"Point","coordinates":[101.9654037,14.9261926]}},{"type":"Feature","id":13921248128,"properties":{"amenity":"atm","brand":"ธนาคารกรุงเทพ","brand:en":"Bangkok Bank","brand:th":"ธนาคารกรุงเทพ","brand:wikidata":"Q806483","operator":"ธนาคารกรุงเทพ","operator:wikidata":"Q806483","@type":"node","@id":13921248128},"geometry":{"type":"Point","coordinates":[102.0069256,14.9438607]}},{"type":"Feature","id":13921248129,"properties":{"amenity":"atm","brand":"ธนาคารกรุงไทย","brand:en":"Krung Thai Bank","brand:th":"ธนาคารกรุงไทย","brand:wikidata":"Q962865","operator":"ธนาคารกรุงไทย","operator:wikidata":"Q962865","@type":"node","@id":13921248129},"geometry":{"type":"Point","coordinates":[102.0069477,14.9438697]}},{"type":"Feature","id":13921248130,"properties":{"amenity":"atm","brand":"ธนาคารไทยพาณิชย์","brand:en":"Siam Commercial Bank","brand:th":"ธนาคารไทยพาณิชย์","brand:wikidata":"Q2038986","operator":"ธนาคารไทยพาณิชย์","operator:wikidata":"Q2038986","@type":"node","@id":13921248130},"geometry":{"type":"Point","coordinates":[102.0069699,14.9438829]}},{"type":"Feature","id":13921248290,"properties":{"amenity":"atm","brand":"ธนาคารกรุงไทย","brand:en":"Krung Thai Bank","brand:th":"ธนาคารกรุงไทย","brand:wikidata":"Q962865","operator":"ธนาคารกรุงไทย","operator:wikidata":"Q962865","@type":"node","@id":13921248290},"geometry":{"type":"Point","coordinates":[102.0097232,14.9447038]}},{"type":"Feature","id":13932042964,"properties":{"amenity":"atm","brand":"ธนาคารกรุงเทพ","brand:en":"Bangkok Bank","brand:th":"ธนาคารกรุงเทพ","brand:wikidata":"Q806483","operator":"ธนาคารกรุงเทพ","operator:wikidata":"Q806483","@type":"node","@id":13932042964},"geometry":{"type":"Point","coordinates":[102.0439356,14.9576819]}},{"type":"Feature","id":13932042965,"properties":{"amenity":"bank","brand":"ธนาคารกสิกรไทย","brand:en":"Kasikornbank","brand:th":"ธนาคารกสิกรไทย","brand:wikidata":"Q276557","name":"ธนาคารกสิกรไทย","name:en":"Kasikornbank","name:th":"ธนาคารกสิกรไทย","@type":"node","@id":13932042965},"geometry":{"type":"Point","coordinates":[102.0440783,14.9576661]}},{"type":"Feature","id":13948476978,"properties":{"amenity":"atm","brand":"UOB","brand:en":"UOB","brand:wikidata":"Q2064074","brand:zh":"大华银行","operator":"UOB","operator:wikidata":"Q2064074","@type":"node","@id":13948476978},"geometry":{"type":"Point","coordinates":[102.0812528,14.9792084]}},{"type":"Feature","id":13948476993,"properties":{"amenity":"atm","brand":"ธนาคารไทยพาณิชย์","brand:en":"Siam Commercial Bank","brand:th":"ธนาคารไทยพาณิชย์","brand:wikidata":"Q2038986","operator":"ธนาคารไทยพาณิชย์","operator:wikidata":"Q2038986","@type":"node","@id":13948476993},"geometry":{"type":"Point","coordinates":[102.0818383,14.9792302]}},{"type":"Feature","id":13948664287,"properties":{"amenity":"atm","brand":"ธนาคารกสิกรไทย","brand:en":"Kasikornbank","brand:th":"ธนาคารกสิกรไทย","brand:wikidata":"Q276557","operator":"ธนาคารกสิกรไทย","operator:wikidata":"Q276557","@type":"node","@id":13948664287},"geometry":{"type":"Point","coordinates":[102.0972784,14.989645]}},{"type":"Feature","id":13948664288,"properties":{"amenity":"atm","brand":"ธนาคารกรุงไทย","brand:en":"Krung Thai Bank","brand:th":"ธนาคารกรุงไทย","brand:wikidata":"Q962865","operator":"ธนาคารกรุงไทย","operator:wikidata":"Q962865","@type":"node","@id":13948664288},"geometry":{"type":"Point","coordinates":[102.0972688,14.9896351]}},{"type":"Feature","id":13950891819,"properties":{"amenity":"atm","brand":"ธนาคารกรุงเทพ","brand:en":"Bangkok Bank","brand:th":"ธนาคารกรุงเทพ","brand:wikidata":"Q806483","check_date":"2026-06-29","operator":"ธนาคารกรุงเทพ","operator:wikidata":"Q806483","@type":"node","@id":13950891819},"geometry":{"type":"Point","coordinates":[102.0965432,14.990073]}},{"type":"Feature","id":13950891825,"properties":{"amenity":"atm","brand":"ธนาคารกรุงไทย","brand:en":"Krung Thai Bank","brand:th":"ธนาคารกรุงไทย","brand:wikidata":"Q962865","operator":"ธนาคารกรุงไทย","operator:wikidata":"Q962865","@type":"node","@id":13950891825},"geometry":{"type":"Point","coordinates":[102.0967918,14.9899397]}},{"type":"Feature","id":13950891826,"properties":{"amenity":"atm","brand":"ธนาคารกสิกรไทย","brand:en":"Kasikornbank","brand:th":"ธนาคารกสิกรไทย","brand:wikidata":"Q276557","operator":"ธนาคารกสิกรไทย","operator:wikidata":"Q276557","@type":"node","@id":13950891826},"geometry":{"type":"Point","coordinates":[102.096781,14.9899447]}},{"type":"Feature","id":13953014096,"properties":{"amenity":"atm","brand":"ธนาคารกรุงเทพ","brand:en":"Bangkok Bank","brand:th":"ธนาคารกรุงเทพ","brand:wikidata":"Q806483","operator":"ธนาคารกรุงเทพ","operator:wikidata":"Q806483","@type":"node","@id":13953014096},"geometry":{"type":"Point","coordinates":[102.1321462,15.0183268]}},{"type":"Feature","id":13953014097,"properties":{"amenity":"atm","brand":"ธนาคารกสิกรไทย","brand:en":"Kasikornbank","brand:th":"ธนาคารกสิกรไทย","brand:wikidata":"Q276557","operator":"ธนาคารกสิกรไทย","operator:wikidata":"Q276557","@type":"node","@id":13953014097},"geometry":{"type":"Point","coordinates":[102.1321277,15.018341]}},{"type":"Feature","id":13954304061,"properties":{"amenity":"atm","@type":"node","@id":13954304061},"geometry":{"type":"Point","coordinates":[102.1499334,15.0437759]}},{"type":"Feature","id":13954701774,"properties":{"amenity":"atm","brand":"ธนาคารกสิกรไทย","brand:en":"Kasikornbank","brand:th":"ธนาคารกสิกรไทย","brand:wikidata":"Q276557","operator":"ธนาคารกสิกรไทย","operator:wikidata":"Q276557","@type":"node","@id":13954701774},"geometry":{"type":"Point","coordinates":[102.1734185,15.0607621]}},{"type":"Feature","id":13954701886,"properties":{"amenity":"atm","@type":"node","@id":13954701886},"geometry":{"type":"Point","coordinates":[102.1870734,15.0650775]}},{"type":"Feature","id":13954701887,"properties":{"amenity":"atm","@type":"node","@id":13954701887},"geometry":{"type":"Point","coordinates":[102.1870756,15.0650614]}},{"type":"Feature","id":13954701888,"properties":{"amenity":"atm","@type":"node","@id":13954701888},"geometry":{"type":"Point","coordinates":[102.1871371,15.0648142]}},{"type":"Feature","id":13954701889,"properties":{"amenity":"atm","@type":"node","@id":13954701889},"geometry":{"type":"Point","coordinates":[102.1871396,15.064804]}},{"type":"Feature","id":13954701890,"properties":{"amenity":"atm","brand":"ธนาคารกรุงเทพ","brand:en":"Bangkok Bank","brand:th":"ธนาคารกรุงเทพ","brand:wikidata":"Q806483","operator":"ธนาคารกรุงเทพ","operator:wikidata":"Q806483","@type":"node","@id":13954701890},"geometry":{"type":"Point","coordinates":[102.1871421,15.0647956]}},{"type":"Feature","id":13955582452,"properties":{"amenity":"atm","brand":"ธนาคารกรุงไทย","brand:en":"Krung Thai Bank","brand:th":"ธนาคารกรุงไทย","brand:wikidata":"Q962865","operator":"ธนาคารกรุงไทย","operator:wikidata":"Q962865","@type":"node","@id":13955582452},"geometry":{"type":"Point","coordinates":[102.2069947,15.0698504]}},{"type":"Feature","id":13974995076,"properties":{"amenity":"atm","brand":"ธนาคารกรุงเทพ","brand:en":"Bangkok Bank","brand:th":"ธนาคารกรุงเทพ","brand:wikidata":"Q806483","name:en":"Bangkok Bank","name:fr":"Bangkok Bank","operator":"ธนาคารกรุงเทพ","operator:wikidata":"Q806483","@type":"node","@id":13974995076},"geometry":{"type":"Point","coordinates":[101.6103771,14.8411522]}},{"type":"Feature","id":13974995081,"properties":{"amenity":"atm","brand":"ธนาคารกสิกรไทย","brand:en":"Kasikornbank","brand:th":"ธนาคารกสิกรไทย","brand:wikidata":"Q276557","currency:THB":"yes","name:en":"Kasikornbank","name:fr":"Kasikornbank","operator":"ธนาคารกสิกรไทย","operator:wikidata":"Q276557","@type":"node","@id":13974995081},"geometry":{"type":"Point","coordinates":[101.6103707,14.8411783]}},{"type":"Feature","id":13974995082,"properties":{"amenity":"atm","brand":"ธนาคารกรุงไทย","brand:en":"Krung Thai Bank","brand:th":"ธนาคารกรุงไทย","brand:wikidata":"Q962865","name:en":"Krungthai Bank","name:fr":"Krungthai Bank","operator":"ธนาคารกรุงไทย","operator:wikidata":"Q962865","@type":"node","@id":13974995082},"geometry":{"type":"Point","coordinates":[101.6103828,14.8411279]}},{"type":"Feature","id":14024324973,"properties":{"amenity":"atm","check_date":"2026-07-03","operator":"Kaiserkornbank","@type":"node","@id":14024324973},"geometry":{"type":"Point","coordinates":[102.2514809,15.1769954]}},{"type":"Feature","id":14024326449,"properties":{"addr:floor":"3","amenity":"bank","check_date":"2026-07-01","name":"Kaiserkornbank","opening_hours":"11:00-18:00","@type":"node","@id":14024326449},"geometry":{"type":"Point","coordinates":[102.1162545,14.996151]}},{"type":"Feature","id":14024326450,"properties":{"addr:floor":"3","amenity":"bank","brand":"ธนาคารไทยพาณิชย์","brand:en":"Siam Commercial Bank","brand:th":"ธนาคารไทยพาณิชย์","brand:wikidata":"Q2038986","check_date":"2026-07-01","name":"ธนาคารไทยพาณิชย์","name:en":"Siam Commercial Bank","name:th":"ธนาคารไทยพาณิชย์","opening_hours":"10:30-18:30","@type":"node","@id":14024326450},"geometry":{"type":"Point","coordinates":[102.1162361,14.9962302]}},{"type":"Feature","id":14085230601,"properties":{"amenity":"atm","operator":"ออมสิน, กรุงไทย, กรุงเทพ","@type":"node","@id":14085230601},"geometry":{"type":"Point","coordinates":[100.6605782,15.2248319]}},{"type":"Feature","id":14134297269,"properties":{"amenity":"bank","atm":"yes","brand":"ธนาคารกรุงไทย","brand:en":"Krung Thai Bank","brand:th":"ธนาคารกรุงไทย","brand:wikidata":"Q962865","check_date":"2026-08-08","name":"ธนาคารกรุงไทย","name:en":"Krung Thai Bank","name:th":"ธนาคารกรุงไทย","@type":"node","@id":14134297269},"geometry":{"type":"Point","coordinates":[102.1030548,14.9749983]}},{"type":"Feature","id":14177374331,"properties":{"amenity":"bank","atm":"yes","brand":"ธนาคารกรุงไทย","brand:en":"Krung Thai Bank","brand:th":"ธนาคารกรุงไทย","brand:wikidata":"Q962865","check_date":"2026-08-08","name":"ธนาคารกรุงไทย","name:en":"Krung Thai Bank","name:th":"ธนาคารกรุงไทย","@type":"node","@id":14177374331},"geometry":{"type":"Point","coordinates":[102.1030548,14.9749983]}},{"type":"Feature","id":14203215801,"properties":{"amenity":"atm","opening_hours":"24/7","operator":"atm ออมสิน gsb หนองม่วง","@type":"node","@id":14203215801},"geometry":{"type":"Point","coordinates":[100.6224899,15.2935437]}},{"type":"Feature","id":336036123,"properties":{"amenity":"bank","brand":"ธนาคารออมสิน","brand:en":"Government Savings Bank","brand:th":"ธนาคารออมสิน","brand:wikidata":"Q6579041","building":"yes","name":"ธนาคารออมสิน","name:en":"Government Savings Bank","name:th":"ธนาคารออมสิน","@type":"way","@id":336036123},"geometry":{"type":"Point","coordinates":[102.0910971,14.9756744]}},{"type":"Feature","id":378416193,"properties":{"amenity":"bank","building":"yes","@type":"way","@id":378416193},"geometry":{"type":"Point","coordinates":[102.1135809,14.9852414]}},{"type":"Feature","id":378416194,"properties":{"amenity":"bank","building":"yes","@type":"way","@id":378416194},"geometry":{"type":"Point","coordinates":[102.1135232,14.985189]}},{"type":"Feature","id":378416195,"properties":{"amenity":"bank","building":"yes","@type":"way","@id":378416195},"geometry":{"type":"Point","coordinates":[102.113907,14.9849075]}},{"type":"Feature","id":551000400,"properties":{"amenity":"bank","brand":"ธนาคารออมสิน","brand:en":"Government Savings Bank","brand:th":"ธนาคารออมสิน","brand:wikidata":"Q6579041","building":"yes","name":"ธนาคารออมสิน","name:en":"Government Savings Bank","name:th":"ธนาคารออมสิน","@type":"way","@id":551000400},"geometry":{"type":"Point","coordinates":[102.1004665,14.9727923]}},{"type":"Feature","id":566384871,"properties":{"amenity":"bank","building":"yes","@type":"way","@id":566384871},"geometry":{"type":"Point","coordinates":[102.0224918,14.7179883]}},{"type":"Feature","id":566384872,"properties":{"amenity":"bank","building":"yes","name":"ธนาคารไทยพาณิชย์","name:en":"Siam Commercial Bank","@type":"way","@id":566384872},"geometry":{"type":"Point","coordinates":[102.0218561,14.7178742]}},{"type":"Feature","id":568571554,"properties":{"amenity":"bank","atm":"yes","building":"yes","name":"Government Savings Bank","@type":"way","@id":568571554},"geometry":{"type":"Point","coordinates":[101.8638033,14.3718065]}},{"type":"Feature","id":657228459,"properties":{"amenity":"bank","atm":"yes","building":"yes","name":"ธนาคารกสิกรไทย","@type":"way","@id":657228459},"geometry":{"type":"Point","coordinates":[100.8912042,14.4068283]}},{"type":"Feature","id":657228461,"properties":{"amenity":"bank","atm":"yes","building":"yes","name":"ธนาคารไทยพาณิชย์","@type":"way","@id":657228461},"geometry":{"type":"Point","coordinates":[100.8910829,14.4062977]}},{"type":"Feature","id":657228464,"properties":{"amenity":"bank","atm":"yes","building":"yes","name":"ธนาคารกรุงไทย","@type":"way","@id":657228464},"geometry":{"type":"Point","coordinates":[100.8911741,14.4065068]}},{"type":"Feature","id":657233516,"properties":{"amenity":"bank","atm":"yes","name":"ธนาคารกรุงศรีอยุธยา","@type":"way","@id":657233516},"geometry":{"type":"Point","coordinates":[100.8895902,14.4029672]}},{"type":"Feature","id":657774249,"properties":{"amenity":"bank","atm":"yes","building":"yes","name":"ธนาคารออมสิน","@type":"way","@id":657774249},"geometry":{"type":"Point","coordinates":[100.8903855,14.402397]}},{"type":"Feature","id":727835439,"properties":{"amenity":"bank","brand":"ธนาคารออมสิน","brand:en":"Government Savings Bank","brand:th":"ธนาคารออมสิน","brand:wikidata":"Q6579041","building":"yes","name":"ธนาคารออมสิน","name:en":"Government Savings Bank","name:th":"ธนาคารออมสิน","@type":"way","@id":727835439},"geometry":{"type":"Point","coordinates":[100.6121517,14.3326289]}},{"type":"Feature","id":749344633,"properties":{"amenity":"bank","building":"yes","@type":"way","@id":749344633},"geometry":{"type":"Point","coordinates":[101.0699056,14.2610185]}},{"type":"Feature","id":749840318,"properties":{"amenity":"bank","building":"yes","name":"ธนาคารไทยพาณิชย์","name:en":"Siam Commercial Bank","@type":"way","@id":749840318},"geometry":{"type":"Point","coordinates":[100.6023001,14.3503422]}},{"type":"Feature","id":913580071,"properties":{"amenity":"bank","brand":"ธนาคารกรุงเทพ","brand:en":"Bangkok Bank","brand:th":"ธนาคารกรุงเทพ","brand:wikidata":"Q806483","brand:wikipedia":"en:Bangkok Bank","building":"yes","name":"ธนาคารกรุงเทพ","name:en":"Bangkok Bank","name:th":"ธนาคารกรุงเทพ","@type":"way","@id":913580071},"geometry":{"type":"Point","coordinates":[100.7863464,14.4913674]}},{"type":"Feature","id":913580072,"properties":{"amenity":"bank","brand":"ธนาคารกรุงไทย","brand:en":"Krung Thai Bank","brand:th":"ธนาคารกรุงไทย","brand:wikidata":"Q962865","brand:wikipedia":"en:Krung Thai Bank","building":"yes","name":"ธนาคารกรุงไทย","name:en":"Krung Thai Bank","name:th":"ธนาคารกรุงไทย","@type":"way","@id":913580072},"geometry":{"type":"Point","coordinates":[100.786842,14.4917177]}},{"type":"Feature","id":914748612,"properties":{"amenity":"bank","brand":"ธนาคารกสิกรไทย","brand:en":"Kasikornbank","brand:th":"ธนาคารกสิกรไทย","brand:wikidata":"Q276557","brand:wikipedia":"en:Kasikornbank","building":"yes","name":"ธนาคารกสิกรไทย","name:en":"Kasikornbank","name:th":"ธนาคารกสิกรไทย","@type":"way","@id":914748612},"geometry":{"type":"Point","coordinates":[101.1337019,15.2078312]}},{"type":"Feature","id":914754298,"properties":{"amenity":"bank","brand":"ธนาคารไทยพาณิชย์","brand:en":"Siam Commercial Bank","brand:th":"ธนาคารไทยพาณิชย์","brand:wikidata":"Q2038986","brand:wikipedia":"en:Siam Commercial Bank","building":"yes","name":"ธนาคารไทยพาณิชย์","name:en":"Siam Commercial Bank","name:th":"ธนาคารไทยพาณิชย์","@type":"way","@id":914754298},"geometry":{"type":"Point","coordinates":[101.1346309,15.2070512]}},{"type":"Feature","id":1044270138,"properties":{"amenity":"bank","atm":"yes","building":"yes","name":"ธนาคารกสิกรไทย","name:en":"Kasikornbank","@type":"way","@id":1044270138},"geometry":{"type":"Point","coordinates":[100.6075254,14.3464162]}},{"type":"Feature","id":1228204804,"properties":{"amenity":"bank","atm":"yes","brand":"UOB","brand:wikidata":"Q2064074","brand:zh":"大华银行","building":"yes","check_date":"2026-08-08","name":"UOB","name:zh":"大华银行","@type":"way","@id":1228204804},"geometry":{"type":"Point","coordinates":[102.0988097,14.9732974]}},{"type":"Feature","id":1228209617,"properties":{"amenity":"bank","brand":"ธนาคารกรุงเทพ","brand:en":"Bangkok Bank","brand:th":"ธนาคารกรุงเทพ","brand:wikidata":"Q806483","building":"yes","layer":"1","name":"ธนาคารกรุงเทพ","name:en":"Bangkok Bank","name:th":"ธนาคารกรุงเทพ","@type":"way","@id":1228209617},"geometry":{"type":"Point","coordinates":[102.0953246,14.9733135]}},{"type":"Feature","id":1228823833,"properties":{"amenity":"bank","brand":"ธนาคารทหารไทย","brand:en":"TMBThanachart Bank","brand:th":"ธนาคารทหารไทย","brand:wikidata":"Q1527826","building":"yes","name":"ธนาคารทหารไทย","name:en":"TMBThanachart Bank","name:th":"ธนาคารทหารไทย","short_name":"ttb","@type":"way","@id":1228823833},"geometry":{"type":"Point","coordinates":[102.0934432,14.976531]}},{"type":"Feature","id":1228823855,"properties":{"amenity":"bank","brand":"ธนาคารไทยพาณิชย์","brand:en":"Siam Commercial Bank","brand:th":"ธนาคารไทยพาณิชย์","brand:wikidata":"Q2038986","building":"yes","name":"ธนาคารไทยพาณิชย์","name:en":"Siam Commercial Bank","name:th":"ธนาคารไทยพาณิชย์","@type":"way","@id":1228823855},"geometry":{"type":"Point","coordinates":[102.0994658,14.9751323]}},{"type":"Feature","id":1229260767,"properties":{"amenity":"bank","brand":"ธนาคารกรุงไทย","brand:en":"Krung Thai Bank","brand:th":"ธนาคารกรุงไทย","brand:wikidata":"Q962865","building":"yes","name":"ธนาคารกรุงไทย","name:en":"Krung Thai Bank","name:th":"ธนาคารกรุงไทย","@type":"way","@id":1229260767},"geometry":{"type":"Point","coordinates":[102.0917248,14.979235]}},{"type":"Feature","id":1230041159,"properties":{"amenity":"bank","brand":"ธนาคารกรุงเทพ","brand:en":"Bangkok Bank","brand:th":"ธนาคารกรุงเทพ","brand:wikidata":"Q806483","building":"yes","name":"ธนาคารกรุงเทพ","name:en":"Bangkok Bank","name:th":"ธนาคารกรุงเทพ","@type":"way","@id":1230041159},"geometry":{"type":"Point","coordinates":[102.0992072,14.9766126]}},{"type":"Feature","id":1230045551,"properties":{"amenity":"bank","brand":"ธนาคารทหารไทย","brand:en":"TMBThanachart Bank","brand:th":"ธนาคารทหารไทย","brand:wikidata":"Q1527826","building":"yes","layer":"1","name":"ธนาคารทหารไทย","name:en":"TMBThanachart Bank","name:th":"ธนาคารทหารไทย","short_name":"ttb","@type":"way","@id":1230045551},"geometry":{"type":"Point","coordinates":[102.0902577,14.9794097]}},{"type":"Feature","id":1230045724,"properties":{"amenity":"bank","brand":"ธนาคารกรุงเทพ","brand:en":"Bangkok Bank","brand:th":"ธนาคารกรุงเทพ","brand:wikidata":"Q806483","building":"yes","layer":"1","name":"ธนาคารกรุงเทพ","name:en":"Bangkok Bank","name:th":"ธนาคารกรุงเทพ","@type":"way","@id":1230045724},"geometry":{"type":"Point","coordinates":[102.0924766,14.9801293]}},{"type":"Feature","id":1312834287,"properties":{"amenity":"bank","brand":"ธนาคารทหารไทย","brand:en":"TMBThanachart Bank","brand:th":"ธนาคารทหารไทย","brand:wikidata":"Q1527826","building":"yes","name":"ธนาคารทหารไทย","name:en":"TMBThanachart Bank","name:th":"ธนาคารทหารไทย","short_name":"ttb","@type":"way","@id":1312834287},"geometry":{"type":"Point","coordinates":[101.2080807,14.2075717]}},{"type":"Feature","id":1312834290,"properties":{"amenity":"bank","brand":"ธนาคารเพื่อการเกษตรและสหกรณ์การเกษตร","brand:en":"Bank for Agriculture and Agricultural Co-operatives","brand:th":"ธนาคารเพื่อการเกษตรและสหกรณ์การเกษตร","brand:wikidata":"Q23043470","building":"yes","name":"ธนาคารเพื่อการเกษตรและสหกรณ์การเกษตร","name:en":"Bank for Agriculture and Agricultural Co-operatives","name:th":"ธนาคารเพื่อการเกษตรและสหกรณ์การเกษตร","@type":"way","@id":1312834290},"geometry":{"type":"Point","coordinates":[101.207153,14.2093026]}},{"type":"Feature","id":1314590415,"properties":{"alt_name:en":"Krungsri","amenity":"bank","brand":"กรุงศรี","brand:en":"Bank of Ayudhya","brand:th":"กรุงศรี","brand:wikidata":"Q782537","building":"yes","name":"กรุงศรี","name:en":"Bank of Ayudhya","name:th":"กรุงศรี","@type":"way","@id":1314590415},"geometry":{"type":"Point","coordinates":[101.0014166,14.1193581]}},{"type":"Feature","id":1314590418,"properties":{"amenity":"bank","brand":"ธนาคารกสิกรไทย","brand:en":"Kasikornbank","brand:th":"ธนาคารกสิกรไทย","brand:wikidata":"Q276557","building":"yes","name":"ธนาคารกสิกรไทย","name:en":"Kasikornbank","name:th":"ธนาคารกสิกรไทย","@type":"way","@id":1314590418},"geometry":{"type":"Point","coordinates":[101.0006035,14.1205802]}}]}