{"type":"FeatureCollection","features":[{"type":"Feature","id":346307959,"properties":{"amenity":"fuel","created_by":"Potlatch 0.10f","@type":"node","@id":346307959},"geometry":{"type":"Point","coordinates":[100.5111368,13.8868789]}},{"type":"Feature","id":357091596,"properties":{"amenity":"fuel","brand":"สยามแก๊ส","brand:en":"Siam Gas","brand:th":"สยามแก๊ส","fuel:lpg":"yes","name":"สยามแก๊ส","name:en":"Siam Gas","name:th":"สยามแก๊ส","opening_hours":"24/7","@type":"node","@id":357091596},"geometry":{"type":"Point","coordinates":[100.6106115,13.6827546]}},{"type":"Feature","id":357091616,"properties":{"amenity":"fuel","brand":"สยามแก๊ส","brand:en":"Siam Gas","brand:th":"สยามแก๊ส","fuel:lpg":"yes","name":"สยามแก๊ส","name:en":"Siam Gas","name:th":"สยามแก๊ส","@type":"node","@id":357091616},"geometry":{"type":"Point","coordinates":[100.6280329,13.6696223]}},{"type":"Feature","id":357091622,"properties":{"amenity":"fuel","brand":"เอสโซ่","brand:en":"Esso","brand:th":"เอสโซ่","brand:wikidata":"Q867662","name":"Esso","name:en":"Esso","name:th":"เอสโซ่","@type":"node","@id":357091622},"geometry":{"type":"Point","coordinates":[100.6321353,13.6688926]}},{"type":"Feature","id":360039291,"properties":{"amenity":"fuel","brand":"บางจาก","@type":"node","@id":360039291},"geometry":{"type":"Point","coordinates":[100.5383306,13.909536]}},{"type":"Feature","id":379014542,"properties":{"amenity":"fuel","branch":"สวนหลวง ร.9","name":"Susco","name:en":"Susco","name:th":"ซัสโก้","website":"www.petronas.co.th","@type":"node","@id":379014542},"geometry":{"type":"Point","coordinates":[100.6703176,13.6900797]}},{"type":"Feature","id":390290241,"properties":{"amenity":"fuel","name":"เอสโซ่","name:en":"Esso","operator":"Esso","operator:en":"Esso","operator:th":"เอสโซ่","website":"https://www.esso.co.th/","@type":"node","@id":390290241},"geometry":{"type":"Point","coordinates":[100.6594082,13.6764383]}},{"type":"Feature","id":756567971,"properties":{"amenity":"fuel","name":"JET","name:en":"Jiffy","@type":"node","@id":756567971},"geometry":{"type":"Point","coordinates":[100.5271504,13.956083]}},{"type":"Feature","id":933165066,"properties":{"amenity":"fuel","fuel:diesel":"yes","name":"บางจาก กิ่งแก้ว","name:en":"Bangchak Kingkaew","name:th":"บางจาก กิ่งแก้ว","opening_hours":"24/7","@type":"node","@id":933165066},"geometry":{"type":"Point","coordinates":[100.7352232,13.7040038]}},{"type":"Feature","id":935482675,"properties":{"amenity":"fuel","brand":"PTT","compressed_air":"yes","fuel:cng":"yes","name":"พีที","name:en":"PT","website":"www.pttplc.com","@type":"node","@id":935482675},"geometry":{"type":"Point","coordinates":[100.6163677,14.0270491]}},{"type":"Feature","id":935482688,"properties":{"amenity":"fuel","brand":"PTT","fuel:cng":"yes","name":"ป.ต.ท.","name:en":"PTT","website":"www.pttplc.com","@type":"node","@id":935482688},"geometry":{"type":"Point","coordinates":[100.6153833,14.0330051]}},{"type":"Feature","id":954175582,"properties":{"amenity":"fuel","name":"ป.ต.ท.","name:en":"PTT","source":"GPS; sign","website":"www.pttplc.com","@type":"node","@id":954175582},"geometry":{"type":"Point","coordinates":[100.5150267,13.9836642]}},{"type":"Feature","id":954774620,"properties":{"amenity":"fuel","name":"ป.ต.ท.","name:en":"PTT","website":"www.pttplc.com","@type":"node","@id":954774620},"geometry":{"type":"Point","coordinates":[100.4391284,13.8527566]}},{"type":"Feature","id":954774623,"properties":{"amenity":"fuel","name":"Celtex","@type":"node","@id":954774623},"geometry":{"type":"Point","coordinates":[100.4378409,13.8523399]}},{"type":"Feature","id":957703644,"properties":{"amenity":"fuel","brand":"Susco","fuel:diesel":"yes","fuel:gasohol_91":"yes","fuel:gasohol_95":"yes","fuel:gasoline_91":"yes","name":"ซัสโก้","name:en":"Susco","name:th":"ซัสโก้","source":"Bing;sign","website":"https://www.susco.co.th","@type":"node","@id":957703644},"geometry":{"type":"Point","coordinates":[100.6169898,14.0405414]}},{"type":"Feature","id":957703666,"properties":{"amenity":"fuel","name":"Jiffy","@type":"node","@id":957703666},"geometry":{"type":"Point","coordinates":[100.615982,14.0432669]}},{"type":"Feature","id":965401871,"properties":{"amenity":"fuel","brand":"ป.ต.ท.","brand:en":"PTT","brand:th":"ป.ต.ท.","brand:wikidata":"Q1810389","name":"ป.ต.ท.","name:en":"PTT","name:th":"ป.ต.ท.","operator":"ปตท","operator:en":"PTT","operator:th":"ปตท","website":"www.pttplc.com","@type":"node","@id":965401871},"geometry":{"type":"Point","coordinates":[100.6190739,13.9725716]}},{"type":"Feature","id":1034436570,"properties":{"amenity":"fuel","fuel:lpg":"yes","@type":"node","@id":1034436570},"geometry":{"type":"Point","coordinates":[100.4005845,13.9648202]}},{"type":"Feature","id":1034436640,"properties":{"amenity":"fuel","brand":"Susco","brand:en":"Susco","brand:th":"ซัสโก้","name":"Susco","name:en":"Susco","name:th":"ซัสโก้","@type":"node","@id":1034436640},"geometry":{"type":"Point","coordinates":[100.3846622,13.9854175]}},{"type":"Feature","id":1035250902,"properties":{"amenity":"fuel","name":"ป.ต.ท.","name:en":"PTT","source":"GPS; sign","website":"www.pttplc.com","@type":"node","@id":1035250902},"geometry":{"type":"Point","coordinates":[100.6180263,14.0737594]}},{"type":"Feature","id":1037094712,"properties":{"amenity":"fuel","brand":"ป.ต.ท.","brand:en":"PTT","brand:th":"ป.ต.ท.","brand:wikidata":"Q1810389","name":"ป.ต.ท.","name:en":"PTT","name:th":"ป.ต.ท.","source":"GPS; sign","website":"www.pttplc.com","@type":"node","@id":1037094712},"geometry":{"type":"Point","coordinates":[100.6342526,13.9885648]}},{"type":"Feature","id":1038837598,"properties":{"amenity":"fuel","fuel:lpg":"yes","name":"LPG","@type":"node","@id":1038837598},"geometry":{"type":"Point","coordinates":[100.3399185,13.593627]}},{"type":"Feature","id":1044102004,"properties":{"amenity":"fuel","brand":"Caltex","brand:wikidata":"Q277470","name":"Caltex","name:en":"Caltex","name:th":"คาลเท็กซ์","website":"https://www.caltex.com/","@type":"node","@id":1044102004},"geometry":{"type":"Point","coordinates":[100.6296543,13.6693537]}},{"type":"Feature","id":1094275382,"properties":{"amenity":"fuel","fuel:diesel":"yes","fuel:ethanol":"yes","fuel:octane_95":"yes","name":"คาลเท็กซ์","name:en":"Caltex","website":"https://www.caltex.com/","@type":"node","@id":1094275382},"geometry":{"type":"Point","coordinates":[100.5025984,13.8625659]}},{"type":"Feature","id":1135425719,"properties":{"amenity":"fuel","brand":"บางจาก","brand:en":"Bangchak","brand:th":"บางจาก","brand:wikidata":"Q6579719","name":"ปั้มบางจาก พระราม 2","name:en":"Bangchak","name:th":"ปั้มบางจาก พระราม 2","operator":"บางจาก","@type":"node","@id":1135425719},"geometry":{"type":"Point","coordinates":[100.4411954,13.6627207]}},{"type":"Feature","id":1157495593,"properties":{"amenity":"fuel","name":"ป.ต.ท.","name:en":"PTT","operator":"ปตท.","operator:en":"PTT","website":"www.pttplc.com","@type":"node","@id":1157495593},"geometry":{"type":"Point","coordinates":[100.4212989,13.6990059]}},{"type":"Feature","id":1215081296,"properties":{"amenity":"fuel","brand":"PTT","@type":"node","@id":1215081296},"geometry":{"type":"Point","coordinates":[100.3896782,13.62361]}},{"type":"Feature","id":1215081325,"properties":{"amenity":"fuel","brand":"Petronas","name":"ซัสโก้","name:en":"SUSCO","name:th":"ซัสโก้","@type":"node","@id":1215081325},"geometry":{"type":"Point","coordinates":[100.3019802,13.5784938]}},{"type":"Feature","id":1215081343,"properties":{"amenity":"fuel","brand":"ป.ต.ท.","brand:en":"PTT","brand:th":"ป.ต.ท.","brand:wikidata":"Q1810389","name":"ปตท","name:en":"PTT","name:th":"ปตท","@type":"node","@id":1215081343},"geometry":{"type":"Point","coordinates":[100.2877444,13.5706506]}},{"type":"Feature","id":1430106997,"properties":{"amenity":"fuel","brand":"Esso","fuel:biodiesel":"yes","fuel:diesel":"yes","fuel:e10":"yes","fuel:octane_91":"yes","fuel:octane_95":"yes","@type":"node","@id":1430106997},"geometry":{"type":"Point","coordinates":[100.6260703,13.9321083]}},{"type":"Feature","id":1517938639,"properties":{"amenity":"fuel","fuel:diesel":"yes","fuel:ethanol":"yes","fuel:octane_91":"yes","name":"บางจาก","name:en":"Bangchak","website":"https://www.bangchak.co.th/","@type":"node","@id":1517938639},"geometry":{"type":"Point","coordinates":[100.5201086,13.8650357]}},{"type":"Feature","id":1524386486,"properties":{"amenity":"fuel","brand":"ปตท.","fuel:octane_91":"yes","fuel:octane_95":"yes","operator":"บริษัท ปตท. จำกัด (มหาชน)","@type":"node","@id":1524386486},"geometry":{"type":"Point","coordinates":[100.4247356,13.6537064]}},{"type":"Feature","id":1524393249,"properties":{"amenity":"fuel","brand":"ปตท.","fuel:diesel":"yes","fuel:octane_91":"yes","fuel:octane_95":"yes","@type":"node","@id":1524393249},"geometry":{"type":"Point","coordinates":[100.431307,13.6505578]}},{"type":"Feature","id":1538340078,"properties":{"amenity":"fuel","brand":"Caltex","fuel:diesel":"yes","fuel:octane_91":"yes","fuel:octane_95":"yes","operator":"บริษัท เชฟรอน (ไทย) จำกัด","@type":"node","@id":1538340078},"geometry":{"type":"Point","coordinates":[100.5112457,13.8191261]}},{"type":"Feature","id":1629229640,"properties":{"amenity":"fuel","brand":"Caltex","name":"ปั๊มน้ำมันคาลเท็กซ์","@type":"node","@id":1629229640},"geometry":{"type":"Point","coordinates":[100.4098703,13.711033]}},{"type":"Feature","id":1629229645,"properties":{"amenity":"fuel","brand":"Shell","name":"ปั๊มน้ำมันเชลล์ หจก.สุกิจบริการ","@type":"node","@id":1629229645},"geometry":{"type":"Point","coordinates":[100.4104977,13.71046]}},{"type":"Feature","id":1648197262,"properties":{"amenity":"fuel","brand":"เชลล์","brand:en":"Shell","brand:th":"เชลล์","brand:wikidata":"Q110716465","name":"เชลล์","name:en":"Shell","name:th":"เชลล์","source":"Bing","@type":"node","@id":1648197262},"geometry":{"type":"Point","coordinates":[100.5486076,13.8969416]}},{"type":"Feature","id":1652619832,"properties":{"amenity":"fuel","brand":"Caltex","brand:wikidata":"Q277470","name":"คาลเท็กซ์","name:en":"Caltex","source":"Bing; sign","website":"https://www.caltex.com/","@type":"node","@id":1652619832},"geometry":{"type":"Point","coordinates":[100.6707368,13.9969953]}},{"type":"Feature","id":1652619881,"properties":{"amenity":"fuel","name":"ป.ต.ท.","name:en":"PTT","source":"Bing; sign","website":"www.pttplc.com","@type":"node","@id":1652619881},"geometry":{"type":"Point","coordinates":[100.7644108,14.032658]}},{"type":"Feature","id":1694170921,"properties":{"amenity":"fuel","brand":"Caltex","@type":"node","@id":1694170921},"geometry":{"type":"Point","coordinates":[100.5656724,13.8448648]}},{"type":"Feature","id":1699416631,"properties":{"amenity":"fuel","@type":"node","@id":1699416631},"geometry":{"type":"Point","coordinates":[100.5298969,13.8546652]}},{"type":"Feature","id":1699438366,"properties":{"amenity":"fuel","brand":"PTT","name":"PTT SS (Sanampao)","@type":"node","@id":1699438366},"geometry":{"type":"Point","coordinates":[100.5408188,13.7688171]}},{"type":"Feature","id":1699712123,"properties":{"amenity":"fuel","name":"ป.ต.ท. บางเมือง","name:en":"PTT Station Bang Muang","not:brand:wikidata":"Q1810389","website":"www.pttplc.com","@type":"node","@id":1699712123},"geometry":{"type":"Point","coordinates":[100.6213845,13.6154105]}},{"type":"Feature","id":1705474494,"properties":{"amenity":"fuel","brand":"PTT","source":"Bing","@type":"node","@id":1705474494},"geometry":{"type":"Point","coordinates":[100.4907847,13.850501]}},{"type":"Feature","id":1707669058,"properties":{"amenity":"fuel","@type":"node","@id":1707669058},"geometry":{"type":"Point","coordinates":[100.5169933,13.8374902]}},{"type":"Feature","id":1707986950,"properties":{"amenity":"fuel","brand":"ป.ต.ท.","brand:en":"PTT","brand:th":"ป.ต.ท.","brand:wikidata":"Q1810389","compressed_air":"no","name":"ปตท","name:en":"PTT","name:th":"ปตท","source":"Bing","@type":"node","@id":1707986950},"geometry":{"type":"Point","coordinates":[100.5306365,13.8268222]}},{"type":"Feature","id":1711156542,"properties":{"amenity":"fuel","@type":"node","@id":1711156542},"geometry":{"type":"Point","coordinates":[100.5188161,13.8424808]}},{"type":"Feature","id":1726919795,"properties":{"amenity":"fuel","name":"GV Station","@type":"node","@id":1726919795},"geometry":{"type":"Point","coordinates":[100.5479209,13.8037833]}},{"type":"Feature","id":1750540414,"properties":{"amenity":"fuel","brand":"บางจาก","brand:en":"Bangchak","brand:th":"บางจาก","brand:wikidata":"Q6579719","check_date":"2024-11-09","name":"บางจาก","name:en":"Bangchak","name:th":"บางจาก","website":"https://www.esso.co.th/","wheelchair":"limited","@type":"node","@id":1750540414},"geometry":{"type":"Point","coordinates":[100.5657445,13.7198335]}},{"type":"Feature","id":1794217786,"properties":{"amenity":"fuel","brand":"Shell","@type":"node","@id":1794217786},"geometry":{"type":"Point","coordinates":[100.6911306,13.7050357]}},{"type":"Feature","id":1797279788,"properties":{"amenity":"fuel","brand":"บางจาก","brand:en":"Bangchak","brand:th":"บางจาก","brand:wikidata":"Q6579719","name":"บางจาก","name:en":"Bangchak","name:th":"บางจาก","operator":"บางจาก","@type":"node","@id":1797279788},"geometry":{"type":"Point","coordinates":[100.53628,13.7885457]}},{"type":"Feature","id":1813809712,"properties":{"amenity":"fuel","name":"ป.ต.ท.","name:en":"PTT","website":"www.pttplc.com","@type":"node","@id":1813809712},"geometry":{"type":"Point","coordinates":[100.4874125,13.9550845]}},{"type":"Feature","id":1848979290,"properties":{"amenity":"fuel","brand":"PTT","name":"ปตท","name:th":"ปตท","@type":"node","@id":1848979290},"geometry":{"type":"Point","coordinates":[100.5059923,13.9099224]}},{"type":"Feature","id":1848979426,"properties":{"amenity":"fuel","brand":"Petronas","name":"ซัสโก้","name:en":"Susco","@type":"node","@id":1848979426},"geometry":{"type":"Point","coordinates":[100.5090711,13.9125712]}},{"type":"Feature","id":1848979608,"properties":{"amenity":"fuel","brand":"แชม์เปี้ยนแก๊ส","fuel:lpg":"yes","name":"แก๊ส","name:en":"LPG","@type":"node","@id":1848979608},"geometry":{"type":"Point","coordinates":[100.5124712,13.915236]}},{"type":"Feature","id":1848979795,"properties":{"amenity":"fuel","brand":"บางจาก","name":"บางจาก","name:th":"บางจาก","@type":"node","@id":1848979795},"geometry":{"type":"Point","coordinates":[100.5160784,13.9183824]}},{"type":"Feature","id":1848979821,"properties":{"amenity":"fuel","brand":"Shell","name":"เชลล์","name:en":"Shell","name:th":"เชลล์","@type":"node","@id":1848979821},"geometry":{"type":"Point","coordinates":[100.5175503,13.9187267]}},{"type":"Feature","id":1849359191,"properties":{"amenity":"fuel","brand":"PTT","operator":"บริษัท ปตท. จำกัด (มหาชน)","@type":"node","@id":1849359191},"geometry":{"type":"Point","coordinates":[100.3105565,13.8017252]}},{"type":"Feature","id":1863557646,"properties":{"amenity":"fuel","brand":"ป.ต.ท.","brand:en":"PTT","brand:th":"ป.ต.ท.","brand:wikidata":"Q1810389","brand:wikipedia":"en:PTT Public Company Limited","name":"PTT","name:en":"PTT","name:th":"ป.ต.ท.","self_service":"no","@type":"node","@id":1863557646},"geometry":{"type":"Point","coordinates":[100.520226,13.7862443]}},{"type":"Feature","id":1882233203,"properties":{"amenity":"fuel","brand":"เชลล์","brand:en":"Shell","brand:th":"เชลล์","brand:wikidata":"Q110716465","name":"เชลล์","name:en":"Shell","name:th":"เชลล์","@type":"node","@id":1882233203},"geometry":{"type":"Point","coordinates":[100.4559588,13.72011]}},{"type":"Feature","id":1906487091,"properties":{"amenity":"fuel","brand":"Susco","name":"ซัสโก้ สาขาบางบอน","@type":"node","@id":1906487091},"geometry":{"type":"Point","coordinates":[100.4059249,13.6517941]}},{"type":"Feature","id":1926817479,"properties":{"amenity":"fuel","brand":"ป.ต.ท.","brand:en":"PTT","brand:th":"ป.ต.ท.","brand:wikidata":"Q1810389","name":"ป.ต.ท.","name:en":"PTT","name:th":"ป.ต.ท.","@type":"node","@id":1926817479},"geometry":{"type":"Point","coordinates":[100.4448601,13.7157914]}},{"type":"Feature","id":1952137264,"properties":{"amenity":"fuel","brand":"บางจาก","brand:en":"Bangchak","brand:th":"บางจาก","brand:wikidata":"Q6579719","name":"บางจาก","name:en":"Bangchak","name:th":"บางจาก","operator":"บางจาก","operator:en":"Bangchak","operator:th":"บางจาก","website":"https://www.bangchak.co.th/","@type":"node","@id":1952137264},"geometry":{"type":"Point","coordinates":[100.5724426,13.8661914]}},{"type":"Feature","id":1971414616,"properties":{"amenity":"fuel","brand":"ป.ต.ท.","brand:en":"PTT","brand:th":"ป.ต.ท.","brand:wikidata":"Q1810389","compressed_air":"no","name":"ป.ต.ท.","name:en":"PTT","name:th":"ป.ต.ท.","@type":"node","@id":1971414616},"geometry":{"type":"Point","coordinates":[100.4408281,13.7143903]}},{"type":"Feature","id":1987901087,"properties":{"amenity":"fuel","brand":"ป.ต.ท.","brand:en":"PTT","brand:th":"ป.ต.ท.","brand:wikidata":"Q1810389","name":"ป.ต.ท.","name:en":"PTT","name:th":"ป.ต.ท.","website":"www.pttplc.com","@type":"node","@id":1987901087},"geometry":{"type":"Point","coordinates":[100.6742629,13.7779259]}},{"type":"Feature","id":1987901376,"properties":{"amenity":"fuel","brand":"เชลล์","brand:en":"Shell","brand:th":"เชลล์","brand:wikidata":"Q110716465","name":"เชลล์","name:en":"Shell","name:th":"เชลล์","website":"https://www.shell.co.th/","@type":"node","@id":1987901376},"geometry":{"type":"Point","coordinates":[100.6745789,13.7770957]}},{"type":"Feature","id":2021273296,"properties":{"amenity":"fuel","brand":"บางจาก","@type":"node","@id":2021273296},"geometry":{"type":"Point","coordinates":[100.8566156,13.8556088]}},{"type":"Feature","id":2025196695,"properties":{"amenity":"fuel","brand":"เชลล์","brand:en":"Shell","brand:th":"เชลล์","brand:wikidata":"Q110716465","name":"เชลล์","name:en":"Shell","name:th":"เชลล์","operator":"Shell","operator:en":"Shell","operator:th":"เซลล์","website":"https://www.shell.co.th/","@type":"node","@id":2025196695},"geometry":{"type":"Point","coordinates":[100.5696125,13.8904166]}},{"type":"Feature","id":2025196705,"properties":{"amenity":"fuel","brand":"ป.ต.ท.","brand:en":"PTT","brand:th":"ป.ต.ท.","brand:wikidata":"Q1810389","name":"ป.ต.ท.","name:en":"PTT","name:th":"ป.ต.ท.","operator":"ปตท","operator:en":"PTT","operator:th":"ปตท","website":"www.pttplc.com","@type":"node","@id":2025196705},"geometry":{"type":"Point","coordinates":[100.568266,13.8908171]}},{"type":"Feature","id":2025196777,"properties":{"amenity":"fuel","brand":"เชลล์","brand:en":"Shell","brand:th":"เชลล์","brand:wikidata":"Q110716465","name":"Shell","name:en":"Shell","name:th":"เชลล์","operator":"Shell","operator:en":"Shell","operator:th":"เซลล์","website":"https://www.shell.co.th/","@type":"node","@id":2025196777},"geometry":{"type":"Point","coordinates":[100.562309,13.8921596]}},{"type":"Feature","id":2051893532,"properties":{"amenity":"fuel","brand":"PTT","@type":"node","@id":2051893532},"geometry":{"type":"Point","coordinates":[100.5474945,13.9516908]}},{"type":"Feature","id":2052149133,"properties":{"amenity":"fuel","brand":"Caltex","@type":"node","@id":2052149133},"geometry":{"type":"Point","coordinates":[100.5490278,13.9386247]}},{"type":"Feature","id":2052149510,"properties":{"amenity":"fuel","brand":"PTT","name:en":"Jiffy","@type":"node","@id":2052149510},"geometry":{"type":"Point","coordinates":[100.5448769,13.9451421]}},{"type":"Feature","id":2052633499,"properties":{"amenity":"fuel","brand":"PT","@type":"node","@id":2052633499},"geometry":{"type":"Point","coordinates":[100.5240063,13.8847206]}},{"type":"Feature","id":2052633618,"properties":{"amenity":"fuel","brand":"PTT","@type":"node","@id":2052633618},"geometry":{"type":"Point","coordinates":[100.5180659,13.8858676]}},{"type":"Feature","id":2052668213,"properties":{"amenity":"fuel","brand":"PTT","list:fmm_0000":"yes","name":"PTT","name:th":"ป.ต.ท","@type":"node","@id":2052668213},"geometry":{"type":"Point","coordinates":[100.5695645,13.9328001]}},{"type":"Feature","id":2075726650,"properties":{"amenity":"fuel","name":"บางจาก","@type":"node","@id":2075726650},"geometry":{"type":"Point","coordinates":[100.7345268,13.8404066]}},{"type":"Feature","id":2075726651,"properties":{"amenity":"fuel","brand":"PTT","name":"ปตท","@type":"node","@id":2075726651},"geometry":{"type":"Point","coordinates":[100.7355953,13.9008495]}},{"type":"Feature","id":2077213127,"properties":{"amenity":"fuel","brand":"ป.ต.ท.","brand:en":"PTT","brand:th":"ป.ต.ท.","brand:wikidata":"Q1810389","fuel:cng":"yes","name":"ปตท","name:en":"PTT","name:th":"ป.ต.ท.","@type":"node","@id":2077213127},"geometry":{"type":"Point","coordinates":[100.7359686,13.8198127]}},{"type":"Feature","id":2077213128,"properties":{"amenity":"fuel","brand":"ป.ต.ท.","brand:en":"PTT","brand:th":"ป.ต.ท.","brand:wikidata":"Q1810389","name":"ปตท","name:en":"PTT","name:th":"ป.ต.ท.","@type":"node","@id":2077213128},"geometry":{"type":"Point","coordinates":[100.740373,13.8202553]}},{"type":"Feature","id":2078426075,"properties":{"amenity":"fuel","brand":"บางจาก","@type":"node","@id":2078426075},"geometry":{"type":"Point","coordinates":[100.4324524,13.7129667]}},{"type":"Feature","id":2088898264,"properties":{"amenity":"fuel","brand":"Shell","name":"Caltex","name:th":"คาลเท็กซ์","@type":"node","@id":2088898264},"geometry":{"type":"Point","coordinates":[100.5401835,13.6994518]}},{"type":"Feature","id":2089246989,"properties":{"amenity":"fuel","brand":"บางจาก","brand:en":"Bangchak","brand:th":"บางจาก","brand:wikidata":"Q6579719","name":"บางจาก","name:en":"Bangchak","name:th":"บางจาก","@type":"node","@id":2089246989},"geometry":{"type":"Point","coordinates":[100.5170691,13.6880548]}},{"type":"Feature","id":2093043354,"properties":{"amenity":"fuel","@type":"node","@id":2093043354},"geometry":{"type":"Point","coordinates":[100.4243902,13.7806701]}},{"type":"Feature","id":2094281052,"properties":{"amenity":"fuel","brand":"Susco","@type":"node","@id":2094281052},"geometry":{"type":"Point","coordinates":[100.4346246,13.7799902]}},{"type":"Feature","id":2094294034,"properties":{"amenity":"fuel","brand":"Shell","@type":"node","@id":2094294034},"geometry":{"type":"Point","coordinates":[100.4384446,13.7795995]}},{"type":"Feature","id":2094450556,"properties":{"amenity":"fuel","brand":"ป.ต.ท.","brand:en":"PTT","brand:th":"ป.ต.ท.","brand:wikidata":"Q1810389","name":"ป.ต.ท.","name:en":"PTT","name:th":"ป.ต.ท.","@type":"node","@id":2094450556},"geometry":{"type":"Point","coordinates":[100.4407272,13.7793718]}},{"type":"Feature","id":2094758875,"properties":{"amenity":"fuel","brand":"ป.ต.ท.","brand:en":"PTT","brand:th":"ป.ต.ท.","brand:wikidata":"Q1810389","name":"ป.ต.ท.","name:en":"PTT","name:th":"ป.ต.ท.","@type":"node","@id":2094758875},"geometry":{"type":"Point","coordinates":[100.5122071,13.8032179]}},{"type":"Feature","id":2098972462,"properties":{"amenity":"fuel","brand":"PTT","@type":"node","@id":2098972462},"geometry":{"type":"Point","coordinates":[100.4507773,13.8908929]}},{"type":"Feature","id":2099683660,"properties":{"amenity":"fuel","brand":"Esso","@type":"node","@id":2099683660},"geometry":{"type":"Point","coordinates":[100.5490402,13.8749894]}},{"type":"Feature","id":2099870929,"properties":{"amenity":"fuel","brand":"Shell","@type":"node","@id":2099870929},"geometry":{"type":"Point","coordinates":[100.4843272,13.8772958]}},{"type":"Feature","id":2103260901,"properties":{"amenity":"fuel","brand":"ป.ต.ท.","brand:en":"PTT","brand:th":"ป.ต.ท.","brand:wikidata":"Q1810389","name":"ป.ต.ท.","name:en":"PTT","name:th":"ป.ต.ท.","@type":"node","@id":2103260901},"geometry":{"type":"Point","coordinates":[100.4502487,13.9033028]}},{"type":"Feature","id":2104761207,"properties":{"amenity":"fuel","brand":"PTT","fuel:ngv":"yes","@type":"node","@id":2104761207},"geometry":{"type":"Point","coordinates":[100.4659857,13.9246344]}},{"type":"Feature","id":2104761270,"properties":{"amenity":"fuel","brand":"Champion Gas","fuel:lpg":"yes","@type":"node","@id":2104761270},"geometry":{"type":"Point","coordinates":[100.4621927,13.9256388]}},{"type":"Feature","id":2104761362,"properties":{"amenity":"fuel","brand":"Siam Gas","fuel:lpg":"yes","@type":"node","@id":2104761362},"geometry":{"type":"Point","coordinates":[100.4598917,13.9269401]}},{"type":"Feature","id":2105503193,"properties":{"amenity":"fuel","brand":"PTT","@type":"node","@id":2105503193},"geometry":{"type":"Point","coordinates":[100.4496243,13.8922]}},{"type":"Feature","id":2105503261,"properties":{"amenity":"fuel","brand":"Shell","name":"Shell","@type":"node","@id":2105503261},"geometry":{"type":"Point","coordinates":[100.4506881,13.8926462]}},{"type":"Feature","id":2106620759,"properties":{"amenity":"fuel","brand":"วีทูแก๊ส","fuel:lpg":"yes","name":"ปั๊มแก๊ส หจก. พี.ที แก๊ส","@type":"node","@id":2106620759},"geometry":{"type":"Point","coordinates":[100.4503681,13.7073151]}},{"type":"Feature","id":2106622277,"properties":{"amenity":"fuel","brand":"ปตท.","@type":"node","@id":2106622277},"geometry":{"type":"Point","coordinates":[100.4461624,13.703224]}},{"type":"Feature","id":2109829299,"properties":{"amenity":"fuel","brand":"PTT","@type":"node","@id":2109829299},"geometry":{"type":"Point","coordinates":[100.4661768,13.8712569]}},{"type":"Feature","id":2109829332,"properties":{"amenity":"fuel","@type":"node","@id":2109829332},"geometry":{"type":"Point","coordinates":[100.4640598,13.8717666]}},{"type":"Feature","id":2118758903,"properties":{"amenity":"fuel","brand":"PTT","fuel:diesel":"yes","fuel:octane_91":"yes","fuel:octane_95":"yes","@type":"node","@id":2118758903},"geometry":{"type":"Point","coordinates":[100.4435806,13.700579]}},{"type":"Feature","id":2165540737,"properties":{"amenity":"fuel","brand":"ป.ต.ท.","brand:en":"PTT","brand:th":"ป.ต.ท.","brand:wikidata":"Q1810389","brand:wikipedia":"en:PTT Public Company Limited","name":"PTT","name:en":"PTT","name:th":"ป.ต.ท.","operator":"ปตท.","@type":"node","@id":2165540737},"geometry":{"type":"Point","coordinates":[100.7077722,13.6025323]}},{"type":"Feature","id":2177615891,"properties":{"amenity":"fuel","brand":"mp","name":"พีที PT","name:th":"พีที PT","@type":"node","@id":2177615891},"geometry":{"type":"Point","coordinates":[100.5094695,13.9119493]}},{"type":"Feature","id":2177616156,"properties":{"amenity":"fuel","brand":"บางจาก","name:en":"Greeen S","@type":"node","@id":2177616156},"geometry":{"type":"Point","coordinates":[100.5410707,13.9384313]}},{"type":"Feature","id":2177616270,"properties":{"amenity":"fuel","fuel:lpg":"yes","@type":"node","@id":2177616270},"geometry":{"type":"Point","coordinates":[100.5434604,13.9425841]}},{"type":"Feature","id":2177616308,"properties":{"amenity":"fuel","brand":"Shell","name:en":"Shell","@type":"node","@id":2177616308},"geometry":{"type":"Point","coordinates":[100.543513,13.9438997]}},{"type":"Feature","id":2184649586,"properties":{"amenity":"fuel","brand":"PTT","@type":"node","@id":2184649586},"geometry":{"type":"Point","coordinates":[100.4345708,13.8785328]}},{"type":"Feature","id":2184650157,"properties":{"amenity":"fuel","@type":"node","@id":2184650157},"geometry":{"type":"Point","coordinates":[100.4326721,13.887438]}},{"type":"Feature","id":2185232809,"properties":{"amenity":"fuel","@type":"node","@id":2185232809},"geometry":{"type":"Point","coordinates":[100.4265253,13.908825]}},{"type":"Feature","id":2185232842,"properties":{"amenity":"fuel","brand":"PTT","name":"ปั๊ม ปตท.","name:en":"PTT Gas Station","@type":"node","@id":2185232842},"geometry":{"type":"Point","coordinates":[100.4224336,13.9145974]}},{"type":"Feature","id":2185234244,"properties":{"amenity":"fuel","@type":"node","@id":2185234244},"geometry":{"type":"Point","coordinates":[100.4250185,13.9419738]}},{"type":"Feature","id":2186403063,"properties":{"amenity":"fuel","@type":"node","@id":2186403063},"geometry":{"type":"Point","coordinates":[100.4284736,13.9022437]}},{"type":"Feature","id":2186404399,"properties":{"amenity":"fuel","brand":"PTT","@type":"node","@id":2186404399},"geometry":{"type":"Point","coordinates":[100.4238277,13.9428796]}},{"type":"Feature","id":2202268797,"properties":{"amenity":"fuel","@type":"node","@id":2202268797},"geometry":{"type":"Point","coordinates":[100.4304761,13.8940701]}},{"type":"Feature","id":2203101189,"properties":{"amenity":"fuel","source":"Bing","@type":"node","@id":2203101189},"geometry":{"type":"Point","coordinates":[100.4152474,13.8748754]}},{"type":"Feature","id":2203101200,"properties":{"amenity":"fuel","@type":"node","@id":2203101200},"geometry":{"type":"Point","coordinates":[100.4188994,13.8751819]}},{"type":"Feature","id":2203101202,"properties":{"amenity":"fuel","brand":"Shell","brand:wikidata":"Q154950","name":"Shell","@type":"node","@id":2203101202},"geometry":{"type":"Point","coordinates":[100.419709,13.8751922]}},{"type":"Feature","id":2203101480,"properties":{"amenity":"fuel","brand":"PTT","@type":"node","@id":2203101480},"geometry":{"type":"Point","coordinates":[100.4336086,13.8809871]}},{"type":"Feature","id":2203102159,"properties":{"amenity":"fuel","@type":"node","@id":2203102159},"geometry":{"type":"Point","coordinates":[100.4311098,13.8915299]}},{"type":"Feature","id":2273214154,"properties":{"amenity":"fuel","brand":"เชลล์","brand:en":"Shell","brand:th":"เชลล์","brand:wikidata":"Q110716465","name":"เชลล์","name:en":"Shell","name:th":"เชลล์","operator":"Shell","website":"https://www.shell.co.th/","@type":"node","@id":2273214154},"geometry":{"type":"Point","coordinates":[100.6142886,13.9964391]}},{"type":"Feature","id":2276122504,"properties":{"amenity":"fuel","brand":"Esso","@type":"node","@id":2276122504},"geometry":{"type":"Point","coordinates":[100.6165724,14.0577942]}},{"type":"Feature","id":2285074512,"properties":{"amenity":"fuel","name:en":"P T","@type":"node","@id":2285074512},"geometry":{"type":"Point","coordinates":[100.5723879,13.999282]}},{"type":"Feature","id":2286049201,"properties":{"amenity":"fuel","brand":"Esso","name:en":"Esso","@type":"node","@id":2286049201},"geometry":{"type":"Point","coordinates":[100.5978713,13.9858383]}},{"type":"Feature","id":2286174200,"properties":{"amenity":"fuel","brand":"Pure","@type":"node","@id":2286174200},"geometry":{"type":"Point","coordinates":[100.5889372,13.9779541]}},{"type":"Feature","id":2297675370,"properties":{"amenity":"fuel","brand":"Esso","@type":"node","@id":2297675370},"geometry":{"type":"Point","coordinates":[100.6176883,14.0571911]}},{"type":"Feature","id":2299605574,"properties":{"amenity":"fuel","brand":"ป.ต.ท.","brand:en":"PTT","brand:th":"ป.ต.ท.","brand:wikidata":"Q1810389","fuel:NGV":"yes","fuel:ngv":"yes","name":"PTT","name:en":"PTT","name:th":"ป.ต.ท.","@type":"node","@id":2299605574},"geometry":{"type":"Point","coordinates":[100.5987692,14.0659613]}},{"type":"Feature","id":2302476937,"properties":{"amenity":"fuel","@type":"node","@id":2302476937},"geometry":{"type":"Point","coordinates":[100.5222114,14.0940716]}},{"type":"Feature","id":2353419813,"properties":{"amenity":"fuel","name":"SUSCO","@type":"node","@id":2353419813},"geometry":{"type":"Point","coordinates":[100.524907,14.0433855]}},{"type":"Feature","id":2391364882,"properties":{"amenity":"fuel","brand":"เชลล์","brand:en":"Shell","brand:th":"เชลล์","brand:wikidata":"Q154950","name":"เชลล์","name:en":"Shell","name:th":"เชลล์","operator":"Shell","operator:en":"Shell","operator:th":"เซลล์","website":"https://www.shell.co.th/","@type":"node","@id":2391364882},"geometry":{"type":"Point","coordinates":[100.53593,13.7571853]}},{"type":"Feature","id":2400507006,"properties":{"amenity":"fuel","brand":"เชลล์","brand:en":"Shell","brand:th":"เชลล์","brand:wikidata":"Q154950","brand:wikipedia":"en:Royal Dutch Shell","name":"เชลล์","name:en":"Shell","name:th":"เชลล์","website":"https://www.shell.co.th/","@type":"node","@id":2400507006},"geometry":{"type":"Point","coordinates":[100.5444184,13.7796122]}},{"type":"Feature","id":2400693730,"properties":{"amenity":"fuel","@type":"node","@id":2400693730},"geometry":{"type":"Point","coordinates":[100.5990255,13.8801351]}},{"type":"Feature","id":2400693828,"properties":{"amenity":"fuel","@type":"node","@id":2400693828},"geometry":{"type":"Point","coordinates":[100.5996106,13.8812914]}},{"type":"Feature","id":2433803752,"properties":{"amenity":"fuel","building":"yes","fuel:1_25":"no","fuel:1_50":"no","fuel:GTL_diesel":"no","fuel:HGV_diesel":"no","fuel:biodiesel":"no","fuel:biogas":"no","fuel:cng":"no","fuel:diesel":"no","fuel:e10":"no","fuel:e85":"no","fuel:electricity":"no","fuel:lpg":"yes","fuel:octane_100":"no","fuel:octane_91":"no","fuel:octane_95":"no","fuel:octane_98":"no","name":"LPG","@type":"node","@id":2433803752},"geometry":{"type":"Point","coordinates":[100.2770908,13.7861143]}},{"type":"Feature","id":2440347290,"properties":{"amenity":"fuel","@type":"node","@id":2440347290},"geometry":{"type":"Point","coordinates":[100.576303,13.834292]}},{"type":"Feature","id":2440598424,"properties":{"amenity":"fuel","@type":"node","@id":2440598424},"geometry":{"type":"Point","coordinates":[100.5826699,13.8340851]}},{"type":"Feature","id":2446806201,"properties":{"amenity":"fuel","@type":"node","@id":2446806201},"geometry":{"type":"Point","coordinates":[100.5928835,13.653434]}},{"type":"Feature","id":2447030113,"properties":{"amenity":"fuel","brand":"เชลล์","brand:en":"Shell","brand:th":"เชลล์","brand:wikidata":"Q110716465","name":"Shell","name:en":"Shell","name:th":"เซลล์","@type":"node","@id":2447030113},"geometry":{"type":"Point","coordinates":[100.6657373,13.6597485]}},{"type":"Feature","id":2459549442,"properties":{"amenity":"fuel","@type":"node","@id":2459549442},"geometry":{"type":"Point","coordinates":[100.5200684,13.9586929]}},{"type":"Feature","id":2459549451,"properties":{"amenity":"fuel","@type":"node","@id":2459549451},"geometry":{"type":"Point","coordinates":[100.5166977,13.958938]}},{"type":"Feature","id":2461430282,"properties":{"amenity":"fuel","brand":"สยามแก๊ส","fuel:lpg":"yes","@type":"node","@id":2461430282},"geometry":{"type":"Point","coordinates":[100.5252922,13.9051454]}},{"type":"Feature","id":2465750079,"properties":{"amenity":"fuel","brand":"PTT","opening_hours":"24/7","@type":"node","@id":2465750079},"geometry":{"type":"Point","coordinates":[100.5256705,13.8309788]}},{"type":"Feature","id":2499322870,"properties":{"addr:district":"บางเขน","addr:postcode":"10220","addr:province":"กรุงเทพมหานคร","addr:subdistrict":"ท่าแร้ง","amenity":"fuel","brand":"ป.ต.ท.","brand:en":"PTT","brand:th":"ป.ต.ท.","brand:wikidata":"Q1810389","building":"yes","name":"ป.ต.ท.","name:en":"PTT","name:th":"ป.ต.ท.","operator":"PTT","source":"http://www.mapillary.com/map/im/8GGfQw3TcdZcdQBVIXpK5g/photo","website":"www.pttplc.com","@type":"node","@id":2499322870},"geometry":{"type":"Point","coordinates":[100.6365492,13.8452997]}},{"type":"Feature","id":2521743075,"properties":{"amenity":"fuel","brand":"PTT","@type":"node","@id":2521743075},"geometry":{"type":"Point","coordinates":[100.4784497,13.8031948]}},{"type":"Feature","id":2527709584,"properties":{"amenity":"fuel","brand":"ป.ต.ท.","brand:en":"PTT","brand:th":"ป.ต.ท.","brand:wikidata":"Q1810389","building":"yes","name":"ปตท.","name:en":"PTT","name:th":"ป.ต.ท.","@type":"node","@id":2527709584},"geometry":{"type":"Point","coordinates":[100.6125669,13.8653156]}},{"type":"Feature","id":2527721743,"properties":{"amenity":"fuel","building":"yes","fuel:lpg":"yes","name":"ปั๊มแก๊ส LPG","wheelchair":"limited","@type":"node","@id":2527721743},"geometry":{"type":"Point","coordinates":[100.6133954,13.8622776]}},{"type":"Feature","id":2558446183,"properties":{"amenity":"fuel","fuel:lpg":"yes","name":"LPG","@type":"node","@id":2558446183},"geometry":{"type":"Point","coordinates":[100.722747,13.8607023]}},{"type":"Feature","id":2558456576,"properties":{"amenity":"fuel","fuel:lpg":"yes","name":"LPG","operator":"NS Gas","@type":"node","@id":2558456576},"geometry":{"type":"Point","coordinates":[100.7341112,13.8460427]}},{"type":"Feature","id":2558456577,"properties":{"amenity":"fuel","fuel:lpg":"yes","name":"LPG","operator":"NS Gas","@type":"node","@id":2558456577},"geometry":{"type":"Point","coordinates":[100.7383583,13.8289222]}},{"type":"Feature","id":2558456581,"properties":{"amenity":"fuel","name":"ปตท. NGV","@type":"node","@id":2558456581},"geometry":{"type":"Point","coordinates":[100.7395332,13.8259119]}},{"type":"Feature","id":2558505436,"properties":{"amenity":"fuel","fuel:lpg":"yes","name":"LPG","@type":"node","@id":2558505436},"geometry":{"type":"Point","coordinates":[100.6968722,13.8597113]}},{"type":"Feature","id":2576844744,"properties":{"amenity":"fuel","brand":"เอสโซ่","brand:en":"Esso","brand:th":"เอสโซ่","brand:wikidata":"Q867662","name":"เอสโซ่","name:en":"Esso","name:th":"เอสโซ่","@type":"node","@id":2576844744},"geometry":{"type":"Point","coordinates":[100.6191303,13.9710207]}},{"type":"Feature","id":2576860596,"properties":{"amenity":"fuel","brand":"เอสโซ่","brand:en":"Esso","brand:th":"เอสโซ่","brand:wikidata":"Q867662","name":"เอสโซ่","name:en":"Esso","name:th":"เอสโซ่","@type":"node","@id":2576860596},"geometry":{"type":"Point","coordinates":[100.6186429,13.9678561]}},{"type":"Feature","id":2591630534,"properties":{"amenity":"fuel","operator":"บางจาก","operator:en":"Bangchak","operator:th":"บางจาก","@type":"node","@id":2591630534},"geometry":{"type":"Point","coordinates":[100.5927675,13.6546424]}},{"type":"Feature","id":2593802211,"properties":{"amenity":"fuel","brand":"บางจาก","brand:en":"Bangchak","brand:th":"บางจาก","brand:wikidata":"Q6579719","name":"บางจาก","name:en":"Bangchak Gas Station","name:th":"ปั๊มบางจาก","@type":"node","@id":2593802211},"geometry":{"type":"Point","coordinates":[100.5886799,13.7380554]}},{"type":"Feature","id":2617246794,"properties":{"amenity":"fuel","@type":"node","@id":2617246794},"geometry":{"type":"Point","coordinates":[100.6847164,13.9561111]}},{"type":"Feature","id":2628607686,"properties":{"amenity":"fuel","brand":"เชลล์","brand:en":"Shell","brand:th":"เชลล์","brand:wikidata":"Q110716465","name":"เชลล์","name:en":"Shell","name:th":"เชลล์","shop":"no","@type":"node","@id":2628607686},"geometry":{"type":"Point","coordinates":[100.5221088,13.7475083]}},{"type":"Feature","id":2647810828,"properties":{"amenity":"fuel","name":"บางจาก","name:en":"Bangchak","website":"https://www.bangchak.co.th/","@type":"node","@id":2647810828},"geometry":{"type":"Point","coordinates":[100.5575983,13.8237767]}},{"type":"Feature","id":2696252183,"properties":{"amenity":"fuel","name":"ป.ต.ท.","name:en":"PTT","operator":"ปตท","operator:en":"PTT","operator:th":"ปตท","website":"www.pttplc.com","@type":"node","@id":2696252183},"geometry":{"type":"Point","coordinates":[100.5587328,13.8253882]}},{"type":"Feature","id":2696252209,"properties":{"amenity":"fuel","brand":"Caltex","brand:wikidata":"Q277470","name":"Caltex","name:en":"Caltex","@type":"node","@id":2696252209},"geometry":{"type":"Point","coordinates":[100.5764598,13.8875995]}},{"type":"Feature","id":2733262183,"properties":{"addr:city":"บางกอกใหญ่","addr:postcode":"10600","addr:street":"ถนนจรัญสนิทวงศ์","amenity":"fuel","brand":"เอสโซ่","brand:en":"Esso","brand:th":"เอสโซ่","brand:wikidata":"Q867662","name":"เอสโซ่","name:en":"ESSO","name:es":"Esso","name:th":"Esso","website":"https://www.esso.co.th/","@type":"node","@id":2733262183},"geometry":{"type":"Point","coordinates":[100.4709083,13.7415202]}},{"type":"Feature","id":2733276933,"properties":{"addr:city":"บางกอกใหญ่","addr:postcode":"10600","addr:street":"ถนนอิสรภาพ","amenity":"fuel","brand":"เชลล์","brand:en":"Shell","brand:th":"เชลล์","brand:wikidata":"Q110716465","brand:wikipedia":"en:Royal Dutch Shell","name":"เชลล์","name:en":"Shell","name:th":"เชลล์","website":"https://www.shell.co.th/","@type":"node","@id":2733276933},"geometry":{"type":"Point","coordinates":[100.4812408,13.7434256]}},{"type":"Feature","id":2772134089,"properties":{"amenity":"fuel","@type":"node","@id":2772134089},"geometry":{"type":"Point","coordinates":[100.4515919,13.7763611]}},{"type":"Feature","id":2823863248,"properties":{"amenity":"fuel","@type":"node","@id":2823863248},"geometry":{"type":"Point","coordinates":[100.5716207,14.0720915]}},{"type":"Feature","id":2828231008,"properties":{"amenity":"fuel","brand":"LPG","@type":"node","@id":2828231008},"geometry":{"type":"Point","coordinates":[100.4616053,13.9505524]}},{"type":"Feature","id":2828231009,"properties":{"amenity":"fuel","@type":"node","@id":2828231009},"geometry":{"type":"Point","coordinates":[100.4612958,13.9516499]}},{"type":"Feature","id":2828231010,"properties":{"amenity":"fuel","brand":"Esso","@type":"node","@id":2828231010},"geometry":{"type":"Point","coordinates":[100.493889,13.9562036]}},{"type":"Feature","id":2828231011,"properties":{"amenity":"fuel","brand":"Sunny","@type":"node","@id":2828231011},"geometry":{"type":"Point","coordinates":[100.4996851,13.9572215]}},{"type":"Feature","id":2930527543,"properties":{"amenity":"fuel","brand":"Bangchak","compressed_air":"yes","name":"Bangchak","opening_hours":"24/7","@type":"node","@id":2930527543},"geometry":{"type":"Point","coordinates":[100.5341245,13.7134726]}},{"type":"Feature","id":2995495268,"properties":{"amenity":"fuel","brand":"Caltex","@type":"node","@id":2995495268},"geometry":{"type":"Point","coordinates":[100.5252573,13.7067567]}},{"type":"Feature","id":2995498879,"properties":{"amenity":"fuel","brand":"Shell","brand:en":"Shell","brand:th":"เซลล์","name":"Shell","name:en":"Shell","name:th":"เซลล์","@type":"node","@id":2995498879},"geometry":{"type":"Point","coordinates":[100.5320433,13.7051593]}},{"type":"Feature","id":3021929028,"properties":{"amenity":"fuel","brand":"เอสโซ่","brand:en":"Esso","brand:th":"เอสโซ่","brand:wikidata":"Q867662","name":"Esso","name:en":"Esso","name:th":"เอสโซ่","@type":"node","@id":3021929028},"geometry":{"type":"Point","coordinates":[100.6257551,13.819435]}},{"type":"Feature","id":3021930044,"properties":{"amenity":"fuel","brand":"ป.ต.ท.","brand:en":"PTT","brand:th":"ป.ต.ท.","brand:wikidata":"Q1810389","name":"Ptt gas station","name:en":"PTT","name:th":"ป.ต.ท.","@type":"node","@id":3021930044},"geometry":{"type":"Point","coordinates":[100.6842955,13.8184026]}},{"type":"Feature","id":3038748162,"properties":{"amenity":"fuel","operator":"บางจาก","@type":"node","@id":3038748162},"geometry":{"type":"Point","coordinates":[100.4378091,13.6730328]}},{"type":"Feature","id":3040258557,"properties":{"amenity":"fuel","operator":"Esso","@type":"node","@id":3040258557},"geometry":{"type":"Point","coordinates":[100.4285095,13.6643717]}},{"type":"Feature","id":3040931235,"properties":{"amenity":"fuel","@type":"node","@id":3040931235},"geometry":{"type":"Point","coordinates":[100.4335143,13.6596048]}},{"type":"Feature","id":3052255534,"properties":{"amenity":"fuel","brand":"PT","brand:en":"PT","brand:th":"พีที","fuel:diesel":"yes","fuel:gasohol_91":"yes","fuel:gasohol_95":"yes","fuel:gasoline_95":"yes","name":"PT","name:en":"PT","name:th":"พีที","@type":"node","@id":3052255534},"geometry":{"type":"Point","coordinates":[100.3904525,13.9786278]}},{"type":"Feature","id":3052627094,"properties":{"amenity":"fuel","name":"Shell","@type":"node","@id":3052627094},"geometry":{"type":"Point","coordinates":[100.511043,13.7475685]}},{"type":"Feature","id":3076793701,"properties":{"amenity":"fuel","brand":"บางจาก","brand:en":"Bangchak","brand:th":"บางจาก","brand:wikidata":"Q6579719","name":"บางจาก","name:en":"Bangchak","name:th":"บางจาก","@type":"node","@id":3076793701},"geometry":{"type":"Point","coordinates":[100.5721,13.7364852]}},{"type":"Feature","id":3076793702,"properties":{"amenity":"fuel","brand":"TPIPL","name":"TPI","@type":"node","@id":3076793702},"geometry":{"type":"Point","coordinates":[100.5766904,13.7376109]}},{"type":"Feature","id":3106375019,"properties":{"amenity":"fuel","name":"แก๊ส LPG","@type":"node","@id":3106375019},"geometry":{"type":"Point","coordinates":[100.4300386,13.6600324]}},{"type":"Feature","id":3202517731,"properties":{"amenity":"fuel","name":"Caltex","operator":"Caltex","@type":"node","@id":3202517731},"geometry":{"type":"Point","coordinates":[100.4240479,13.6727517]}},{"type":"Feature","id":3250509388,"properties":{"amenity":"fuel","@type":"node","@id":3250509388},"geometry":{"type":"Point","coordinates":[100.3679992,13.5994238]}},{"type":"Feature","id":3250509389,"properties":{"amenity":"fuel","@type":"node","@id":3250509389},"geometry":{"type":"Point","coordinates":[100.366732,13.6000967]}},{"type":"Feature","id":3257784033,"properties":{"amenity":"fuel","compressed_air":"yes","operator":"Petronas","@type":"node","@id":3257784033},"geometry":{"type":"Point","coordinates":[100.4135634,13.6668214]}},{"type":"Feature","id":3282887323,"properties":{"amenity":"fuel","fuel:lpg":"yes","name":"Thai Gas LPG Station","note":"New, not on aerials.","source":"GPS","@type":"node","@id":3282887323},"geometry":{"type":"Point","coordinates":[100.7545523,13.7221115]}},{"type":"Feature","id":3283353398,"properties":{"amenity":"fuel","name":"ปตท","name:th":"ปตท","operator":"ปตท.","@type":"node","@id":3283353398},"geometry":{"type":"Point","coordinates":[100.3939667,13.65648]}},{"type":"Feature","id":3283362613,"properties":{"amenity":"fuel","name":"NGV","name:th":"NGV","operator":"ปตท.","@type":"node","@id":3283362613},"geometry":{"type":"Point","coordinates":[100.3935737,13.6560552]}},{"type":"Feature","id":3283398238,"properties":{"amenity":"fuel","name":"แก๊สรถยนต์","@type":"node","@id":3283398238},"geometry":{"type":"Point","coordinates":[100.3873243,13.6511656]}},{"type":"Feature","id":3331360502,"properties":{"amenity":"fuel","name":"Shell","@type":"node","@id":3331360502},"geometry":{"type":"Point","coordinates":[100.5639652,13.7893907]}},{"type":"Feature","id":3492638481,"properties":{"amenity":"fuel","brand":"บางจาก","brand:en":"Bangchak","brand:th":"บางจาก","brand:wikidata":"Q6579719","name":"บางจาก","name:en":"Bangchak","name:th":"บางจาก","operator":"บางจาก","@type":"node","@id":3492638481},"geometry":{"type":"Point","coordinates":[100.3919986,13.7091444]}},{"type":"Feature","id":3497316747,"properties":{"amenity":"fuel","brand":"เชลล์","brand:en":"Shell","brand:th":"เชลล์","brand:wikidata":"Q110716465","name":"เชลล์","name:en":"Shell","name:th":"เชลล์","@type":"node","@id":3497316747},"geometry":{"type":"Point","coordinates":[100.5951045,13.7685954]}},{"type":"Feature","id":3497316748,"properties":{"amenity":"fuel","brand":"Caltex","brand:wikidata":"Q277470","name":"Caltex","@type":"node","@id":3497316748},"geometry":{"type":"Point","coordinates":[100.6006099,13.7671626]}},{"type":"Feature","id":3629925944,"properties":{"amenity":"fuel","fuel:lpg":"yes","name":"N S Gas","@type":"node","@id":3629925944},"geometry":{"type":"Point","coordinates":[100.7108817,13.7218348]}},{"type":"Feature","id":3634865287,"properties":{"amenity":"fuel","name":"Susco","@type":"node","@id":3634865287},"geometry":{"type":"Point","coordinates":[100.5407172,13.6204468]}},{"type":"Feature","id":3718446344,"properties":{"amenity":"fuel","brand":"PTT","@type":"node","@id":3718446344},"geometry":{"type":"Point","coordinates":[100.5670274,13.7824688]}},{"type":"Feature","id":3744331171,"properties":{"amenity":"fuel","@type":"node","@id":3744331171},"geometry":{"type":"Point","coordinates":[100.528338,13.8585524]}},{"type":"Feature","id":3753980887,"properties":{"amenity":"fuel","@type":"node","@id":3753980887},"geometry":{"type":"Point","coordinates":[100.5672438,13.7853837]}},{"type":"Feature","id":3763591180,"properties":{"amenity":"fuel","brand":"PTT","brand:en":"PTT","brand:th":"ปตท","name":"PTT","name:en":"PTT","name:th":"ปตท","@type":"node","@id":3763591180},"geometry":{"type":"Point","coordinates":[100.2610651,13.5473105]}},{"type":"Feature","id":3778949864,"properties":{"amenity":"fuel","brand":"บางจาก","brand:en":"Bangchak","brand:th":"บางจาก","brand:wikidata":"Q6579719","name":"บางจาก","name:en":"Bangchak","name:th":"บางจาก","@type":"node","@id":3778949864},"geometry":{"type":"Point","coordinates":[100.5604421,13.7962188]}},{"type":"Feature","id":3789906803,"properties":{"amenity":"fuel","brand":"Best","fuel:lpg":"yes","name":"Best","operator":"independent","@type":"node","@id":3789906803},"geometry":{"type":"Point","coordinates":[100.3108879,14.0867304]}},{"type":"Feature","id":3789906826,"properties":{"amenity":"fuel","fuel:lpg":"yes","@type":"node","@id":3789906826},"geometry":{"type":"Point","coordinates":[100.336274,14.0522758]}},{"type":"Feature","id":3790083854,"properties":{"amenity":"fuel","brand":"Esso","brand:en":"Esso","brand:th":"เอสโซ่","fuel:diesel":"yes","fuel:gasohol_91":"yes","fuel:gasohol_95":"yes","fuel:lpg":"yes","name":"Esso","name:en":"Esso","name:th":"เอสโซ่","@type":"node","@id":3790083854},"geometry":{"type":"Point","coordinates":[100.4102629,13.9517468]}},{"type":"Feature","id":3801782536,"properties":{"amenity":"fuel","brand":"บางจาก","brand:en":"Bangchak","brand:th":"บางจาก","brand:wikidata":"Q6579719","name":"บางจาก","name:en":"Bangchak","name:th":"บางจาก","@type":"node","@id":3801782536},"geometry":{"type":"Point","coordinates":[100.6439096,13.9710171]}},{"type":"Feature","id":3874214918,"properties":{"amenity":"fuel","brand":"ป.ต.ท.","brand:en":"PTT","brand:th":"ป.ต.ท.","brand:wikidata":"Q1810389","name":"ป.ต.ท.","name:en":"PTT","name:th":"ป.ต.ท.","@type":"node","@id":3874214918},"geometry":{"type":"Point","coordinates":[100.2701161,13.7859587]}},{"type":"Feature","id":3925005961,"properties":{"amenity":"fuel","operator":"PTT","@type":"node","@id":3925005961},"geometry":{"type":"Point","coordinates":[100.3702628,13.7072669]}},{"type":"Feature","id":3931704608,"properties":{"amenity":"fuel","fuel:diesel":"yes","fuel:ethanol":"yes","fuel:octane_91":"yes","name":"บางจาก","name:en":"Bangchak","website":"https://www.bangchak.co.th/","@type":"node","@id":3931704608},"geometry":{"type":"Point","coordinates":[100.5197652,13.8639238]}},{"type":"Feature","id":4084435855,"properties":{"amenity":"fuel","fuel:octane_91":"yes","name":"Bike Fuel","@type":"node","@id":4084435855},"geometry":{"type":"Point","coordinates":[100.8463824,13.7046186]}},{"type":"Feature","id":4122664458,"properties":{"amenity":"fuel","@type":"node","@id":4122664458},"geometry":{"type":"Point","coordinates":[100.6672179,13.6116478]}},{"type":"Feature","id":4122963289,"properties":{"addr:street":"ถนนนวมินทร์","amenity":"fuel","name":"ป.ด.ท","@type":"node","@id":4122963289},"geometry":{"type":"Point","coordinates":[100.6498295,13.7871165]}},{"type":"Feature","id":4127286292,"properties":{"amenity":"fuel","name":"LGP Gaz","@type":"node","@id":4127286292},"geometry":{"type":"Point","coordinates":[100.735908,13.7220562]}},{"type":"Feature","id":4127286293,"properties":{"amenity":"fuel","name":"Tripl","@type":"node","@id":4127286293},"geometry":{"type":"Point","coordinates":[100.7315052,13.7224472]}},{"type":"Feature","id":4134821078,"properties":{"amenity":"fuel","@type":"node","@id":4134821078},"geometry":{"type":"Point","coordinates":[100.5135853,13.6966087]}},{"type":"Feature","id":4134821825,"properties":{"amenity":"fuel","@type":"node","@id":4134821825},"geometry":{"type":"Point","coordinates":[100.5156335,13.7014165]}},{"type":"Feature","id":4134821827,"properties":{"amenity":"fuel","@type":"node","@id":4134821827},"geometry":{"type":"Point","coordinates":[100.5067497,13.7057751]}},{"type":"Feature","id":4188855828,"properties":{"amenity":"fuel","fuel:lpg":"yes","@type":"node","@id":4188855828},"geometry":{"type":"Point","coordinates":[100.3636306,13.7126876]}},{"type":"Feature","id":4191488316,"properties":{"amenity":"fuel","fuel:diesel":"yes","fuel:octane_95":"yes","@type":"node","@id":4191488316},"geometry":{"type":"Point","coordinates":[100.3635158,13.7318307]}},{"type":"Feature","id":4236860528,"properties":{"amenity":"fuel","name":"ปั้ม LPG","@type":"node","@id":4236860528},"geometry":{"type":"Point","coordinates":[100.5158439,13.8756942]}},{"type":"Feature","id":4269919489,"properties":{"amenity":"fuel","name":"Shell","@type":"node","@id":4269919489},"geometry":{"type":"Point","coordinates":[100.5831051,13.8006082]}},{"type":"Feature","id":4273402795,"properties":{"addr:street":"ถนนประชาชื่น","amenity":"fuel","brand":"ป.ต.ท.","brand:en":"PTT","brand:th":"ป.ต.ท.","brand:wikidata":"Q1810389","brand:wikipedia":"th:ปตท.","name":"ป.ต.ท.","name:en":"PTT","name:th":"ป.ต.ท.","self_service":"no","@type":"node","@id":4273402795},"geometry":{"type":"Point","coordinates":[100.5399615,13.8350223]}},{"type":"Feature","id":4278034728,"properties":{"amenity":"fuel","fuel:lpg":"yes","operator":"ปตท.","@type":"node","@id":4278034728},"geometry":{"type":"Point","coordinates":[100.3651944,13.7067873]}},{"type":"Feature","id":4281284497,"properties":{"amenity":"fuel","brand":"เชลล์","brand:en":"Shell","brand:th":"เชลล์","brand:wikidata":"Q110716465","name":"Shell","name:en":"Shell","name:th":"เชลล์","@type":"node","@id":4281284497},"geometry":{"type":"Point","coordinates":[100.6401476,13.7686146]}},{"type":"Feature","id":4334997920,"properties":{"amenity":"fuel","brand":"ป.ต.ท.","brand:en":"PTT","brand:th":"ป.ต.ท.","brand:wikidata":"Q1810389","fuel:cng":"yes","name":"ป.ต.ท.","name:en":"PTT","name:th":"ป.ต.ท.","operator":"PTT","@type":"node","@id":4334997920},"geometry":{"type":"Point","coordinates":[100.4503448,13.6698823]}},{"type":"Feature","id":4345442289,"properties":{"amenity":"fuel","brand":"ป.ต.ท.","brand:en":"PTT","brand:th":"ป.ต.ท.","brand:wikidata":"Q1810389","name":"ปตท","name:en":"PTT","name:th":"ป.ต.ท.","@type":"node","@id":4345442289},"geometry":{"type":"Point","coordinates":[100.5282096,13.6803393]}},{"type":"Feature","id":4357829493,"properties":{"amenity":"fuel","@type":"node","@id":4357829493},"geometry":{"type":"Point","coordinates":[100.4474119,13.7909931]}},{"type":"Feature","id":4373318231,"properties":{"amenity":"fuel","@type":"node","@id":4373318231},"geometry":{"type":"Point","coordinates":[100.4454318,13.7623137]}},{"type":"Feature","id":4373321452,"properties":{"amenity":"fuel","@type":"node","@id":4373321452},"geometry":{"type":"Point","coordinates":[100.4454126,13.7617285]}},{"type":"Feature","id":4401169392,"properties":{"amenity":"fuel","fuel:diesel":"yes","fuel:e20":"yes","fuel:electricity":"yes","fuel:gasohol_91":"yes","fuel:gasohol_95":"yes","fuel:octane_95":"yes","name":"ปตท","name:en":"PTT","name:th":"ปตท","operator":"PTT","@type":"node","@id":4401169392},"geometry":{"type":"Point","coordinates":[100.4740725,13.9230091]}},{"type":"Feature","id":4401223295,"properties":{"amenity":"fuel","name":"ปตท ไพศาลพลังไทย","name:en":"PTT","name:th":"ปตท ไพศาลพลังไทย","@type":"node","@id":4401223295},"geometry":{"type":"Point","coordinates":[100.4756707,13.9235653]}},{"type":"Feature","id":4405710189,"properties":{"amenity":"fuel","brand":"เอสโซ่","brand:en":"Esso","brand:th":"เอสโซ่","brand:wikidata":"Q867662","name":"Bangchak","name:th":"เอสโซ่","@type":"node","@id":4405710189},"geometry":{"type":"Point","coordinates":[100.5752076,13.7471259]}},{"type":"Feature","id":4405710190,"properties":{"amenity":"fuel","name:en":"PT Station","@type":"node","@id":4405710190},"geometry":{"type":"Point","coordinates":[100.5803433,13.7459393]}},{"type":"Feature","id":4410739189,"properties":{"amenity":"fuel","name:en":"ESSO","@type":"node","@id":4410739189},"geometry":{"type":"Point","coordinates":[100.6287278,13.7418637]}},{"type":"Feature","id":4410796091,"properties":{"amenity":"fuel","name:en":"Shell Station","@type":"node","@id":4410796091},"geometry":{"type":"Point","coordinates":[100.6342386,13.7423048]}},{"type":"Feature","id":4479133675,"properties":{"amenity":"fuel","brand":"ป.ต.ท.","brand:en":"PTT","brand:th":"ป.ต.ท.","brand:wikidata":"Q1810389","name":"ปตท.  สาขาตลิ่งชัน","name:en":"PTT","name:th":"ป.ต.ท.","@type":"node","@id":4479133675},"geometry":{"type":"Point","coordinates":[100.4123731,13.8141694]}},{"type":"Feature","id":4483607702,"properties":{"amenity":"fuel","@type":"node","@id":4483607702},"geometry":{"type":"Point","coordinates":[100.4385665,13.8473578]}},{"type":"Feature","id":4483991405,"properties":{"amenity":"fuel","brand":"Caltex","brand:en":"Caltex","brand:th":"คาลเท็กซ์","name":"Caltex","name:en":"Caltex","name:th":"คาลเท็กซ์","@type":"node","@id":4483991405},"geometry":{"type":"Point","coordinates":[100.934244,13.5678702]}},{"type":"Feature","id":4484450389,"properties":{"amenity":"fuel","brand":"บางจาก","brand:en":"Bangchak","brand:th":"บางจาก","name":"บางจาก","name:en":"Bangchak","name:th":"บางจาก","@type":"node","@id":4484450389},"geometry":{"type":"Point","coordinates":[100.8399603,13.5878804]}},{"type":"Feature","id":4484450390,"properties":{"amenity":"fuel","brand":"Esso","brand:en":"Esso","brand:th":"เอสโซ่","name":"Esso","name:en":"Esso","name:th":"เอสโซ่","@type":"node","@id":4484450390},"geometry":{"type":"Point","coordinates":[100.795547,13.5988087]}},{"type":"Feature","id":4484450391,"properties":{"amenity":"fuel","brand":"Esso","brand:en":"Esso","brand:th":"เอสโซ่","name":"Esso","name:en":"Esso","name:th":"เอสโซ่","@type":"node","@id":4484450391},"geometry":{"type":"Point","coordinates":[100.7534919,13.6144061]}},{"type":"Feature","id":4484450394,"properties":{"amenity":"fuel","brand":"ป.ต.ท.","brand:en":"PTT","brand:th":"ป.ต.ท.","brand:wikidata":"Q1810389","name":"PTT","name:en":"PTT","name:th":"ปตท","@type":"node","@id":4484450394},"geometry":{"type":"Point","coordinates":[100.8558849,13.5844825]}},{"type":"Feature","id":4484450395,"properties":{"amenity":"fuel","brand":"PTT","brand:en":"PTT","brand:th":"ปตท","name":"PTT","name:en":"PTT","name:th":"ปตท","@type":"node","@id":4484450395},"geometry":{"type":"Point","coordinates":[100.826037,13.590918]}},{"type":"Feature","id":4484450396,"properties":{"amenity":"fuel","brand":"Shell","brand:en":"Shell","brand:th":"เซลล์","name":"Shell","name:en":"Shell","name:th":"เซลล์","@type":"node","@id":4484450396},"geometry":{"type":"Point","coordinates":[100.8129039,13.5937833]}},{"type":"Feature","id":4484450397,"properties":{"amenity":"fuel","brand":"Shell","brand:en":"Shell","brand:th":"เซลล์","name":"Shell","name:en":"Shell","name:th":"เซลล์","@type":"node","@id":4484450397},"geometry":{"type":"Point","coordinates":[100.7547939,13.6139507]}},{"type":"Feature","id":4484464972,"properties":{"amenity":"fuel","brand":"Caltex","brand:en":"Caltex","brand:th":"คาลเท็กซ์","name":"Caltex","name:en":"Caltex","name:th":"คาลเท็กซ์","@type":"node","@id":4484464972},"geometry":{"type":"Point","coordinates":[100.7040883,13.6384844]}},{"type":"Feature","id":4484464974,"properties":{"amenity":"fuel","fuel:lpg":"yes","@type":"node","@id":4484464974},"geometry":{"type":"Point","coordinates":[100.6966907,13.642444]}},{"type":"Feature","id":4484491441,"properties":{"amenity":"fuel","brand":"เอสโซ่","brand:en":"Esso","brand:th":"เอสโซ่","brand:wikidata":"Q867662","name":"Esso","name:en":"Esso","name:th":"เอสโซ่","@type":"node","@id":4484491441},"geometry":{"type":"Point","coordinates":[100.6665578,13.6591826]}},{"type":"Feature","id":4491857689,"properties":{"amenity":"fuel","brand":"Esso","name":"Bangchak","name:en":"Esso","@type":"node","@id":4491857689},"geometry":{"type":"Point","coordinates":[100.7041227,13.7220694]}},{"type":"Feature","id":4494582893,"properties":{"amenity":"fuel","brand":"เชลล์","brand:en":"Shell","brand:th":"เชลล์","brand:wikidata":"Q110716465","name":"เชลล์","name:en":"Shell","name:th":"เชลล์","@type":"node","@id":4494582893},"geometry":{"type":"Point","coordinates":[100.6341966,13.6863241]}},{"type":"Feature","id":4522747623,"properties":{"amenity":"fuel","brand":"เอสโซ่","brand:en":"Esso","brand:th":"เอสโซ่","brand:wikidata":"Q867662","fuel:diesel":"yes","fuel:octane_95":"yes","name":"เอสโซ่","name:en":"Esso","name:th":"เอสโซ่","operator":"Esso","@type":"node","@id":4522747623},"geometry":{"type":"Point","coordinates":[100.3530453,13.7058409]}},{"type":"Feature","id":4527621561,"properties":{"amenity":"fuel","fuel:lpg":"yes","@type":"node","@id":4527621561},"geometry":{"type":"Point","coordinates":[100.3465899,13.6818011]}},{"type":"Feature","id":4529451395,"properties":{"amenity":"fuel","name":"ปตท.","operator":"ปตท.","@type":"node","@id":4529451395},"geometry":{"type":"Point","coordinates":[100.3433537,13.6868379]}},{"type":"Feature","id":4529673324,"properties":{"amenity":"fuel","fuel:cng":"yes","fuel:diesel":"yes","fuel:octane_91":"yes","fuel:octane_95":"yes","operator":"Esso","@type":"node","@id":4529673324},"geometry":{"type":"Point","coordinates":[100.3416271,13.6945895]}},{"type":"Feature","id":4531158369,"properties":{"amenity":"fuel","fuel:diesel":"yes","fuel:octane_91":"yes","fuel:octane_95":"yes","operator":"PT","@type":"node","@id":4531158369},"geometry":{"type":"Point","coordinates":[100.3409833,13.704897]}},{"type":"Feature","id":4541209611,"properties":{"amenity":"fuel","name:en":"Shell","@type":"node","@id":4541209611},"geometry":{"type":"Point","coordinates":[100.5499069,13.7682732]}},{"type":"Feature","id":4541286989,"properties":{"amenity":"fuel","brand":"ป.ต.ท.","brand:en":"PTT","brand:th":"ป.ต.ท.","brand:wikidata":"Q1810389","name":"ปตท.บริษัท ส.รุ่งวิภา จำกัด","name:en":"PTT","name:th":"ป.ต.ท.","operator":"PTT","@type":"node","@id":4541286989},"geometry":{"type":"Point","coordinates":[100.5837729,13.8865483]}},{"type":"Feature","id":4553850594,"properties":{"amenity":"fuel","name:en":"Shell","@type":"node","@id":4553850594},"geometry":{"type":"Point","coordinates":[100.7554621,13.612367]}},{"type":"Feature","id":4553850691,"properties":{"amenity":"fuel","check_date":"2025-11-27","compressed_air":"yes","name":"Shell","@type":"node","@id":4553850691},"geometry":{"type":"Point","coordinates":[100.5664607,13.7179121]}},{"type":"Feature","id":4568878671,"properties":{"amenity":"fuel","name":"ปตท","name:en":"PTT","operator":"ปตท","source":"http://www.mapillary.com/map/im/6fAtUusO_RdeBSqmXRwZMQ/photo","@type":"node","@id":4568878671},"geometry":{"type":"Point","coordinates":[100.5865652,13.7890934]}},{"type":"Feature","id":4572039892,"properties":{"amenity":"fuel","name:en":"Mobile1","@type":"node","@id":4572039892},"geometry":{"type":"Point","coordinates":[100.4086579,13.7755205]}},{"type":"Feature","id":4586561291,"properties":{"amenity":"fuel","name":"ซัสโก้","name:en":"Susco","name:th":"ซัสโก้","@type":"node","@id":4586561291},"geometry":{"type":"Point","coordinates":[100.7181775,13.7999683]}},{"type":"Feature","id":4593693594,"properties":{"amenity":"fuel","name":"PT  พีที","name:th":"PT  พีที","@type":"node","@id":4593693594},"geometry":{"type":"Point","coordinates":[100.4142921,13.9446304]}},{"type":"Feature","id":4609521392,"properties":{"amenity":"fuel","name:en":"Caltex","@type":"node","@id":4609521392},"geometry":{"type":"Point","coordinates":[100.5586337,13.8260942]}},{"type":"Feature","id":4618152892,"properties":{"amenity":"fuel","name:en":"NGV","@type":"node","@id":4618152892},"geometry":{"type":"Point","coordinates":[100.5323623,13.9311429]}},{"type":"Feature","id":4620840590,"properties":{"amenity":"fuel","brand":"เชลล์","brand:en":"Shell","brand:th":"เชลล์","brand:wikidata":"Q110716465","brand:wikipedia":"en:Royal Dutch Shell","name":"Shell","name:en":"Shell","name:th":"เชลล์","@type":"node","@id":4620840590},"geometry":{"type":"Point","coordinates":[100.5632317,13.8298587]}},{"type":"Feature","id":4621805691,"properties":{"amenity":"fuel","name:en":"LPG","@type":"node","@id":4621805691},"geometry":{"type":"Point","coordinates":[100.5410213,13.9424058]}},{"type":"Feature","id":4621816590,"properties":{"amenity":"fuel","name:en":"LPG","@type":"node","@id":4621816590},"geometry":{"type":"Point","coordinates":[100.5401029,13.9422881]}},{"type":"Feature","id":4621817189,"properties":{"amenity":"fuel","name:en":"Caltex","@type":"node","@id":4621817189},"geometry":{"type":"Point","coordinates":[100.5409091,13.9423096]}},{"type":"Feature","id":4623094589,"properties":{"amenity":"fuel","name":"คาลเท็กซ์","name:en":"Caltex","name:th":"คาลเท็กซ์","@type":"node","@id":4623094589},"geometry":{"type":"Point","coordinates":[100.395497,13.7174152]}},{"type":"Feature","id":4641897591,"properties":{"amenity":"fuel","@type":"node","@id":4641897591},"geometry":{"type":"Point","coordinates":[100.5727807,13.8891508]}},{"type":"Feature","id":4641910695,"properties":{"amenity":"fuel","@type":"node","@id":4641910695},"geometry":{"type":"Point","coordinates":[100.6158974,13.9465278]}},{"type":"Feature","id":4641910696,"properties":{"amenity":"fuel","brand":"ป.ต.ท.","brand:en":"PTT","brand:th":"ป.ต.ท.","brand:wikidata":"Q1810389","name":"ป.ต.ท.","name:en":"PTT","name:th":"ป.ต.ท.","@type":"node","@id":4641910696},"geometry":{"type":"Point","coordinates":[100.6184855,13.9513316]}},{"type":"Feature","id":4682221103,"properties":{"amenity":"fuel","brand":"เชลล์","brand:en":"Shell","brand:th":"เชลล์","brand:wikidata":"Q110716465","name":"Shell","name:en":"Shell","name:th":"Shell","@type":"node","@id":4682221103},"geometry":{"type":"Point","coordinates":[100.6177115,13.7811941]}},{"type":"Feature","id":4682286089,"properties":{"amenity":"fuel","brand":"บางจาก","brand:en":"Bangchak","brand:th":"บางจาก","brand:wikidata":"Q6579719","name":"บางจาก","name:en":"Bangchak","name:th":"บางจาก","@type":"node","@id":4682286089},"geometry":{"type":"Point","coordinates":[100.6361292,13.7714049]}},{"type":"Feature","id":4690041162,"properties":{"addr:district":"บางพลี","addr:postcode":"10540","addr:province":"สมุทรปราการ","addr:subdistrict":"บางแก้ว","amenity":"fuel","brand":"ปตท.","brand:en":"PTT","brand:th":"ปตท.","brand:wikidata":"Q1810389","brand:wikipedia":"en:PTT Public Company Limited","name":"PTT","name:en":"PTT","name:th":"ป.ต.ท.","@type":"node","@id":4690041162},"geometry":{"type":"Point","coordinates":[100.6682853,13.6567039]}},{"type":"Feature","id":4759805560,"properties":{"amenity":"fuel","brand":"ป.ต.ท.","brand:en":"PTT","brand:th":"ป.ต.ท.","brand:wikidata":"Q1810389","name":"PTT","name:en":"PTT","name:th":"ป.ต.ท.","@type":"node","@id":4759805560},"geometry":{"type":"Point","coordinates":[100.5866445,13.9150193]}},{"type":"Feature","id":4778497963,"properties":{"amenity":"fuel","@type":"node","@id":4778497963},"geometry":{"type":"Point","coordinates":[100.6464634,13.675066]}},{"type":"Feature","id":4778502710,"properties":{"amenity":"fuel","@type":"node","@id":4778502710},"geometry":{"type":"Point","coordinates":[100.6434774,13.6773363]}},{"type":"Feature","id":4794566624,"properties":{"amenity":"fuel","brand":"เอสโซ่","brand:en":"Esso","brand:th":"เอสโซ่","brand:wikidata":"Q867662","fuel:lpg":"yes","name":"เอสโซ่","name:en":"Esso","name:th":"เอสโซ่","@type":"node","@id":4794566624},"geometry":{"type":"Point","coordinates":[100.6159633,14.0055813]}},{"type":"Feature","id":4794566625,"properties":{"amenity":"fuel","brand":"เอสโซ่","brand:en":"Esso","brand:th":"เอสโซ่","brand:wikidata":"Q867662","fuel:diesel":"yes","fuel:octane_91":"yes","fuel:octane_95":"yes","name":"เอสโซ่","name:en":"Esso","name:th":"เอสโซ่","@type":"node","@id":4794566625},"geometry":{"type":"Point","coordinates":[100.6156736,14.0055188]}},{"type":"Feature","id":4794589121,"properties":{"amenity":"fuel","brand":"เอสโซ่","brand:en":"Esso","brand:th":"เอสโซ่","brand:wikidata":"Q867662","fuel:cng":"yes","name":"เอสโซ่","name:en":"Esso","name:th":"เอสโซ่","@type":"node","@id":4794589121},"geometry":{"type":"Point","coordinates":[100.6164536,14.0057011]}},{"type":"Feature","id":4802883721,"properties":{"amenity":"fuel","@type":"node","@id":4802883721},"geometry":{"type":"Point","coordinates":[100.7667152,13.6079179]}},{"type":"Feature","id":4818400890,"properties":{"amenity":"fuel","brand":"Esso","brand:wikidata":"Q867662","brand:wikipedia":"en:Esso","name":"Esso","@type":"node","@id":4818400890},"geometry":{"type":"Point","coordinates":[100.7412758,13.7226996]}},{"type":"Feature","id":5042244923,"properties":{"amenity":"fuel","name:en":"ptt","@type":"node","@id":5042244923},"geometry":{"type":"Point","coordinates":[100.7517163,13.9964973]}},{"type":"Feature","id":5042244926,"properties":{"amenity":"fuel","brand":"PTT","brand:en":"PTT","brand:th":"ปตท","name":"PTT","name:en":"PTT","name:th":"ปตท","@type":"node","@id":5042244926},"geometry":{"type":"Point","coordinates":[100.7460027,13.9572819]}},{"type":"Feature","id":5174103222,"properties":{"amenity":"fuel","name":"PTT Station","@type":"node","@id":5174103222},"geometry":{"type":"Point","coordinates":[100.5423364,13.6552661]}},{"type":"Feature","id":5174104521,"properties":{"amenity":"fuel","name":"บางจาก","name:en":"Ban Chak Station","@type":"node","@id":5174104521},"geometry":{"type":"Point","coordinates":[100.522701,13.6500314]}},{"type":"Feature","id":5174104621,"properties":{"amenity":"fuel","name":"Caltex Station","@type":"node","@id":5174104621},"geometry":{"type":"Point","coordinates":[100.5210365,13.6542599]}},{"type":"Feature","id":5174115021,"properties":{"amenity":"fuel","name":"TPI Station","@type":"node","@id":5174115021},"geometry":{"type":"Point","coordinates":[100.5422215,13.6542145]}},{"type":"Feature","id":5174375823,"properties":{"amenity":"fuel","name":"Ban Chak Station","@type":"node","@id":5174375823},"geometry":{"type":"Point","coordinates":[100.5814362,13.6452494]}},{"type":"Feature","id":5174375824,"properties":{"amenity":"fuel","name":"PT Station","@type":"node","@id":5174375824},"geometry":{"type":"Point","coordinates":[100.5883272,13.6438496]}},{"type":"Feature","id":5174391521,"properties":{"amenity":"fuel","name":"PTT Station","@type":"node","@id":5174391521},"geometry":{"type":"Point","coordinates":[100.5892414,13.6436097]}},{"type":"Feature","id":5174391722,"properties":{"amenity":"fuel","name":"PTT Station","@type":"node","@id":5174391722},"geometry":{"type":"Point","coordinates":[100.5924032,13.6138008]}},{"type":"Feature","id":5174494721,"properties":{"amenity":"fuel","name":"Shell Station","@type":"node","@id":5174494721},"geometry":{"type":"Point","coordinates":[100.5493473,13.6516558]}},{"type":"Feature","id":5174494722,"properties":{"amenity":"fuel","brand":"เอสโซ่","brand:en":"Esso","brand:th":"เอสโซ่","brand:wikidata":"Q867662","name":"ESSO Station","name:en":"Esso","name:th":"เอสโซ่","@type":"node","@id":5174494722},"geometry":{"type":"Point","coordinates":[100.5460786,13.6145508]}},{"type":"Feature","id":5174494821,"properties":{"amenity":"fuel","name":"Ban Chak Station","@type":"node","@id":5174494821},"geometry":{"type":"Point","coordinates":[100.5957308,13.6070397]}},{"type":"Feature","id":5174494822,"properties":{"amenity":"fuel","brand":"Caltex","brand:wikidata":"Q277470","name":"Caltex Station","@type":"node","@id":5174494822},"geometry":{"type":"Point","coordinates":[100.6255283,13.5356622]}},{"type":"Feature","id":5174494824,"properties":{"amenity":"fuel","name":"Shell Station","@type":"node","@id":5174494824},"geometry":{"type":"Point","coordinates":[100.605628,13.5709608]}},{"type":"Feature","id":5174495021,"properties":{"amenity":"fuel","brand":"Caltex","brand:wikidata":"Q277470","name":"Caltex Station","@type":"node","@id":5174495021},"geometry":{"type":"Point","coordinates":[100.6047048,13.5967156]}},{"type":"Feature","id":5174495022,"properties":{"amenity":"fuel","name":"PTT/Jiffy Station","@type":"node","@id":5174495022},"geometry":{"type":"Point","coordinates":[100.611378,13.5587234]}},{"type":"Feature","id":5174495023,"properties":{"amenity":"fuel","name":"Bangchak Station","@type":"node","@id":5174495023},"geometry":{"type":"Point","coordinates":[100.6047066,13.5770198]}},{"type":"Feature","id":5174495024,"properties":{"amenity":"fuel","name":"PT Station","@type":"node","@id":5174495024},"geometry":{"type":"Point","coordinates":[100.6737633,13.5167656]}},{"type":"Feature","id":5174495521,"properties":{"amenity":"fuel","brand":"ป.ต.ท.","brand:en":"PTT","brand:th":"ป.ต.ท.","brand:wikidata":"Q1810389","name":"PTT Station","name:en":"PTT","name:th":"ป.ต.ท.","@type":"node","@id":5174495521},"geometry":{"type":"Point","coordinates":[100.6062626,13.5813545]}},{"type":"Feature","id":5263049453,"properties":{"amenity":"fuel","@type":"node","@id":5263049453},"geometry":{"type":"Point","coordinates":[100.5987967,13.7922187]}},{"type":"Feature","id":5263049524,"properties":{"amenity":"fuel","brand":"เชลล์","brand:en":"Shell","brand:th":"เชลล์","brand:wikidata":"Q110716465","compressed_air":"no","name":"เชลล์","name:en":"shell","name:th":"เชลล์","@type":"node","@id":5263049524},"geometry":{"type":"Point","coordinates":[100.6109649,13.7854532]}},{"type":"Feature","id":5263049544,"properties":{"amenity":"fuel","@type":"node","@id":5263049544},"geometry":{"type":"Point","coordinates":[100.6256053,13.7773176]}},{"type":"Feature","id":5263049642,"properties":{"amenity":"fuel","@type":"node","@id":5263049642},"geometry":{"type":"Point","coordinates":[100.6009256,13.7904999]}},{"type":"Feature","id":5285294414,"properties":{"amenity":"fuel","name":"บางจาก","@type":"node","@id":5285294414},"geometry":{"type":"Point","coordinates":[100.6851049,14.0661735]}},{"type":"Feature","id":5323863736,"properties":{"amenity":"fuel","name":"Banchak Station","@type":"node","@id":5323863736},"geometry":{"type":"Point","coordinates":[100.8102565,13.5101174]}},{"type":"Feature","id":5323863928,"properties":{"amenity":"fuel","name":"ESSO Station","@type":"node","@id":5323863928},"geometry":{"type":"Point","coordinates":[100.8117597,13.5099067]}},{"type":"Feature","id":5323879625,"properties":{"amenity":"fuel","name":"PTT Station","@type":"node","@id":5323879625},"geometry":{"type":"Point","coordinates":[100.8094135,13.5101019]}},{"type":"Feature","id":5323881622,"properties":{"amenity":"fuel","name":"PT Station","@type":"node","@id":5323881622},"geometry":{"type":"Point","coordinates":[100.8302229,13.5045417]}},{"type":"Feature","id":5334417221,"properties":{"amenity":"fuel","brand":"ป.ต.ท.","brand:en":"PTT","brand:th":"ป.ต.ท.","brand:wikidata":"Q1810389","name":"PTT","name:en":"PTT","name:th":"ป.ต.ท.","@type":"node","@id":5334417221},"geometry":{"type":"Point","coordinates":[100.7725342,13.9440385]}},{"type":"Feature","id":5368309716,"properties":{"amenity":"fuel","name":"PTT","@type":"node","@id":5368309716},"geometry":{"type":"Point","coordinates":[100.4976585,13.9577408]}},{"type":"Feature","id":5368309717,"properties":{"amenity":"fuel","name":"PTT","@type":"node","@id":5368309717},"geometry":{"type":"Point","coordinates":[100.5222581,13.9579159]}},{"type":"Feature","id":5368309718,"properties":{"amenity":"fuel","name":"PTT","@type":"node","@id":5368309718},"geometry":{"type":"Point","coordinates":[100.474341,13.9539006]}},{"type":"Feature","id":5368309719,"properties":{"amenity":"fuel","name":"PTT","@type":"node","@id":5368309719},"geometry":{"type":"Point","coordinates":[100.474013,13.9543575]}},{"type":"Feature","id":5372711040,"properties":{"amenity":"fuel","fuel:gasohol_91":"yes","name":"Susco","@type":"node","@id":5372711040},"geometry":{"type":"Point","coordinates":[100.5228005,13.8228645]}},{"type":"Feature","id":5382341550,"properties":{"amenity":"fuel","brand":"Esso","demolished":"yes","@type":"node","@id":5382341550},"geometry":{"type":"Point","coordinates":[100.572236,13.7638073]}},{"type":"Feature","id":5503957055,"properties":{"amenity":"fuel","brand":"PTT","brand:wikidata":"Q1810389","brand:wikipedia":"en:PTT Public Company Limited","name":"PTT","@type":"node","@id":5503957055},"geometry":{"type":"Point","coordinates":[100.646722,13.6909633]}},{"type":"Feature","id":5521868043,"properties":{"amenity":"fuel","name":"Shell","@type":"node","@id":5521868043},"geometry":{"type":"Point","coordinates":[100.7243821,13.6814221]}},{"type":"Feature","id":5521900136,"properties":{"amenity":"fuel","name":"Caltex","@type":"node","@id":5521900136},"geometry":{"type":"Point","coordinates":[100.7283149,13.6895191]}},{"type":"Feature","id":5525155946,"properties":{"amenity":"fuel","name":"PTT","@type":"node","@id":5525155946},"geometry":{"type":"Point","coordinates":[100.7332951,13.7015607]}},{"type":"Feature","id":5525411108,"properties":{"amenity":"fuel","fuel:lpg":"yes","@type":"node","@id":5525411108},"geometry":{"type":"Point","coordinates":[100.7307424,13.6959385]}},{"type":"Feature","id":5549382232,"properties":{"amenity":"fuel","brand":"PTT","brand:wikidata":"Q1810389","name":"PTT Station","self_service":"no","@type":"node","@id":5549382232},"geometry":{"type":"Point","coordinates":[100.4095317,13.884851]}},{"type":"Feature","id":5549382235,"properties":{"amenity":"fuel","brand":"ป.ต.ท.","brand:en":"PTT","brand:th":"ป.ต.ท.","brand:wikidata":"Q1810389","compressed_air":"yes","name":"ปตท","name:en":"PTT","name:th":"ปตท","@type":"node","@id":5549382235},"geometry":{"type":"Point","coordinates":[100.5916189,13.6373856]}},{"type":"Feature","id":5549382238,"properties":{"amenity":"fuel","name:en":"ESSO Station","@type":"node","@id":5549382238},"geometry":{"type":"Point","coordinates":[100.8116648,13.5098294]}},{"type":"Feature","id":5549382239,"properties":{"amenity":"fuel","name:en":"Pure Station","@type":"node","@id":5549382239},"geometry":{"type":"Point","coordinates":[100.8268989,13.506039]}},{"type":"Feature","id":5549402926,"properties":{"amenity":"fuel","name:en":"PT Station","@type":"node","@id":5549402926},"geometry":{"type":"Point","coordinates":[100.5064462,13.673219]}},{"type":"Feature","id":5549402927,"properties":{"amenity":"fuel","name:en":"ESSO Station","@type":"node","@id":5549402927},"geometry":{"type":"Point","coordinates":[100.57734,13.6464743]}},{"type":"Feature","id":5549403122,"properties":{"amenity":"fuel","name:en":"ESSO Station","@type":"node","@id":5549403122},"geometry":{"type":"Point","coordinates":[100.4921362,13.6818474]}},{"type":"Feature","id":5549403123,"properties":{"amenity":"fuel","name:en":"Banchak Station","@type":"node","@id":5549403123},"geometry":{"type":"Point","coordinates":[100.5015551,13.6758114]}},{"type":"Feature","id":5549403124,"properties":{"amenity":"fuel","brand":"บางจาก","brand:en":"Bangchak","brand:th":"บางจาก","brand:wikidata":"Q6579719","name":"บางจาก","name:en":"Bangchak","name:th":"บางจาก","@type":"node","@id":5549403124},"geometry":{"type":"Point","coordinates":[100.6365597,13.5274907]}},{"type":"Feature","id":5585650922,"properties":{"amenity":"fuel","name":"OilGas","@type":"node","@id":5585650922},"geometry":{"type":"Point","coordinates":[100.3816324,13.8943966]}},{"type":"Feature","id":5632678530,"properties":{"amenity":"fuel","@type":"node","@id":5632678530},"geometry":{"type":"Point","coordinates":[100.6372657,13.7622916]}},{"type":"Feature","id":5684475744,"properties":{"amenity":"charging_station","brand":"EA","motorcar":"yes","@type":"node","@id":5684475744},"geometry":{"type":"Point","coordinates":[100.5961141,13.7189037]}},{"type":"Feature","id":5836647433,"properties":{"amenity":"charging_station","motorcar":"yes","operator":"SHARGE","@type":"node","@id":5836647433},"geometry":{"type":"Point","coordinates":[100.5567844,13.8061704]}},{"type":"Feature","id":5863277820,"properties":{"amenity":"fuel","fuel:lpg":"yes","@type":"node","@id":5863277820},"geometry":{"type":"Point","coordinates":[100.6858365,13.9200697]}},{"type":"Feature","id":6011769628,"properties":{"amenity":"fuel","@type":"node","@id":6011769628},"geometry":{"type":"Point","coordinates":[100.6757122,13.9216076]}},{"type":"Feature","id":6021271682,"properties":{"amenity":"fuel","brand":"เอสโซ่","brand:en":"Esso","brand:th":"เอสโซ่","brand:wikidata":"Q867662","brand:wikipedia":"en:Esso","name":"Esso","name:en":"Esso","name:th":"เอสโซ่","@type":"node","@id":6021271682},"geometry":{"type":"Point","coordinates":[100.6662753,13.9209459]}},{"type":"Feature","id":6036635286,"properties":{"amenity":"fuel","name":"ปตท.","@type":"node","@id":6036635286},"geometry":{"type":"Point","coordinates":[100.4549651,13.8453453]}},{"type":"Feature","id":6115545847,"properties":{"amenity":"fuel","name":"Esso","@type":"node","@id":6115545847},"geometry":{"type":"Point","coordinates":[100.4321307,13.6397111]}},{"type":"Feature","id":6224406964,"properties":{"amenity":"fuel","fuel":"gas","fuel:lpg":"yes","@type":"node","@id":6224406964},"geometry":{"type":"Point","coordinates":[100.7361007,13.9343024]}},{"type":"Feature","id":6274386192,"properties":{"amenity":"fuel","@type":"node","@id":6274386192},"geometry":{"type":"Point","coordinates":[100.4774991,13.7776559]}},{"type":"Feature","id":6315288792,"properties":{"amenity":"fuel","@type":"node","@id":6315288792},"geometry":{"type":"Point","coordinates":[100.4157988,13.7826652]}},{"type":"Feature","id":6315288793,"properties":{"amenity":"fuel","@type":"node","@id":6315288793},"geometry":{"type":"Point","coordinates":[100.3750991,13.7859327]}},{"type":"Feature","id":6315288797,"properties":{"amenity":"fuel","@type":"node","@id":6315288797},"geometry":{"type":"Point","coordinates":[100.3377193,13.788406]}},{"type":"Feature","id":6315288888,"properties":{"amenity":"fuel","@type":"node","@id":6315288888},"geometry":{"type":"Point","coordinates":[100.4600314,13.7848424]}},{"type":"Feature","id":6315288889,"properties":{"amenity":"fuel","@type":"node","@id":6315288889},"geometry":{"type":"Point","coordinates":[100.4024248,13.7844033]}},{"type":"Feature","id":6315288988,"properties":{"amenity":"fuel","brand":"บางจาก","brand:en":"Bangchak","brand:th":"บางจาก","brand:wikidata":"Q6579719","name":"Bangchak","name:en":"Bangchak","name:th":"บางจาก","@type":"node","@id":6315288988},"geometry":{"type":"Point","coordinates":[100.3985243,13.7836846]}},{"type":"Feature","id":6315288994,"properties":{"amenity":"fuel","@type":"node","@id":6315288994},"geometry":{"type":"Point","coordinates":[100.3668253,13.7878442]}},{"type":"Feature","id":6315289026,"properties":{"amenity":"fuel","@type":"node","@id":6315289026},"geometry":{"type":"Point","coordinates":[100.5249734,13.7554496]}},{"type":"Feature","id":6315289085,"properties":{"amenity":"fuel","@type":"node","@id":6315289085},"geometry":{"type":"Point","coordinates":[100.4706448,13.7850618]}},{"type":"Feature","id":6343002568,"properties":{"amenity":"fuel","@type":"node","@id":6343002568},"geometry":{"type":"Point","coordinates":[100.5501914,13.8259654]}},{"type":"Feature","id":6344544450,"properties":{"amenity":"fuel","brand":"ป.ต.ท.","brand:en":"PTT","brand:th":"ป.ต.ท.","brand:wikidata":"Q1810389","name":"ป.ต.ท.","name:en":"PTT","name:th":"ป.ต.ท.","@type":"node","@id":6344544450},"geometry":{"type":"Point","coordinates":[100.6603982,13.920905]}},{"type":"Feature","id":6370565511,"properties":{"amenity":"fuel","brand":"เอสโซ่","brand:en":"Esso","brand:th":"เอสโซ่","brand:wikidata":"Q867662","name":"Esso","name:en":"Esso","name:th":"เอสโซ่","@type":"node","@id":6370565511},"geometry":{"type":"Point","coordinates":[100.5183162,13.7181156]}},{"type":"Feature","id":6387154590,"properties":{"amenity":"fuel","name":"บางจาก","name:th":"ณลัญดา อพาร์ทเมนท์","@type":"node","@id":6387154590},"geometry":{"type":"Point","coordinates":[100.633723,13.6283396]}},{"type":"Feature","id":6387154591,"properties":{"amenity":"fuel","name":"บางจาก","@type":"node","@id":6387154591},"geometry":{"type":"Point","coordinates":[100.6337163,13.6292212]}},{"type":"Feature","id":6388953901,"properties":{"amenity":"fuel","brand":"PTT","brand:wikidata":"Q1810389","name":"PTT","@type":"node","@id":6388953901},"geometry":{"type":"Point","coordinates":[100.4656832,13.8430643]}},{"type":"Feature","id":6391901307,"properties":{"amenity":"fuel","@type":"node","@id":6391901307},"geometry":{"type":"Point","coordinates":[100.5498316,13.8252679]}},{"type":"Feature","id":6514685311,"properties":{"amenity":"fuel","name":"Bang Chak Gas Station","@type":"node","@id":6514685311},"geometry":{"type":"Point","coordinates":[100.4992955,13.8356544]}},{"type":"Feature","id":6579501479,"properties":{"amenity":"fuel","name":"PT","@type":"node","@id":6579501479},"geometry":{"type":"Point","coordinates":[100.6483988,14.0659542]}},{"type":"Feature","id":6665096087,"properties":{"amenity":"fuel","name:en":"PT Marine fuel","@type":"node","@id":6665096087},"geometry":{"type":"Point","coordinates":[100.5106586,13.7317689]}},{"type":"Feature","id":6724195228,"properties":{"amenity":"fuel","name":"LPG Station","website":"https://www.onlybestoffers.trade","@type":"node","@id":6724195228},"geometry":{"type":"Point","coordinates":[100.5677241,13.7556586]}},{"type":"Feature","id":6872501985,"properties":{"amenity":"fuel","name:en":"PTT","@type":"node","@id":6872501985},"geometry":{"type":"Point","coordinates":[100.3641674,13.7187186]}},{"type":"Feature","id":7004076778,"properties":{"amenity":"fuel","brand":"Shell","brand:wikidata":"Q154950","name":"Shell","@type":"node","@id":7004076778},"geometry":{"type":"Point","coordinates":[100.6028765,13.6628737]}},{"type":"Feature","id":7041553386,"properties":{"amenity":"fuel","name:en":"PT","@type":"node","@id":7041553386},"geometry":{"type":"Point","coordinates":[100.5960408,13.7270462]}},{"type":"Feature","id":7041562785,"properties":{"amenity":"fuel","@type":"node","@id":7041562785},"geometry":{"type":"Point","coordinates":[100.5964949,13.7297467]}},{"type":"Feature","id":7610404580,"properties":{"amenity":"fuel","@type":"node","@id":7610404580},"geometry":{"type":"Point","coordinates":[100.4496905,13.8905831]}},{"type":"Feature","id":7626507212,"properties":{"amenity":"fuel","brand":"Caltex","brand:wikidata":"Q277470","brand:wikipedia":"en:Caltex","name":"Caltex","@type":"node","@id":7626507212},"geometry":{"type":"Point","coordinates":[100.5499369,13.8543602]}},{"type":"Feature","id":7659981685,"properties":{"amenity":"fuel","name":"ป.ต.ท. พหลโยธินกม.25","name:en":"PTT Station Pahon Yothin 56","@type":"node","@id":7659981685},"geometry":{"type":"Point","coordinates":[100.6258038,13.9338639]}},{"type":"Feature","id":7660084373,"properties":{"amenity":"fuel","fuel:lpg":"yes","name":"LPG","@type":"node","@id":7660084373},"geometry":{"type":"Point","coordinates":[100.5744378,13.716015]}},{"type":"Feature","id":7660292885,"properties":{"addr:district":"ทุ่งครุ","addr:postcode":"10140","addr:province":"กรุงเทพมหานคร","addr:street":"ถนนกาญจนาภิเษก","addr:subdistrict":"ทุ่งครุ","amenity":"fuel","brand":"PTT","charging_station":"yes","fuel:diesel":"yes","fuel:e20":"yes","fuel:octane_91":"yes","fuel:octane_95":"yes","name":"ปตท. เลียบด่วนทุ่งครุ","not:brand:wikidata":"Q1810389","@type":"node","@id":7660292885},"geometry":{"type":"Point","coordinates":[100.492456,13.6206196]}},{"type":"Feature","id":7944844879,"properties":{"amenity":"fuel","@type":"node","@id":7944844879},"geometry":{"type":"Point","coordinates":[100.6119202,13.7106318]}},{"type":"Feature","id":8067062173,"properties":{"amenity":"fuel","brand":"PTT","@type":"node","@id":8067062173},"geometry":{"type":"Point","coordinates":[100.5424442,13.9115247]}},{"type":"Feature","id":8093957684,"properties":{"amenity":"fuel","brand":"7-Eleven","brand:wikidata":"Q259340","brand:wikipedia":"en:7-Eleven","name":"7-Eleven","@type":"node","@id":8093957684},"geometry":{"type":"Point","coordinates":[100.3275377,13.7993805]}},{"type":"Feature","id":8455931921,"properties":{"amenity":"fuel","brand":"เชลล์","brand:en":"Shell","brand:th":"เชลล์","brand:wikidata":"Q110716465","name":"เชลล์","name:en":"Shell","name:th":"เชลล์","@type":"node","@id":8455931921},"geometry":{"type":"Point","coordinates":[100.60557,13.6958514]}},{"type":"Feature","id":8588117707,"properties":{"amenity":"charging_station","authentication:nfc":"yes","capacity":"3","fee":"no","socket:type2":"3","@type":"node","@id":8588117707},"geometry":{"type":"Point","coordinates":[100.5431622,13.7448377]}},{"type":"Feature","id":8602491395,"properties":{"amenity":"fuel","brand":"เชลล์","brand:en":"Shell","brand:th":"เชลล์","brand:wikidata":"Q110716465","name":"เชลล์","name:en":"Shell","name:th":"เชลล์","self_service":"no","@type":"node","@id":8602491395},"geometry":{"type":"Point","coordinates":[100.5208712,13.7853078]}},{"type":"Feature","id":8678928554,"properties":{"addr:postcode":"10260","amenity":"fuel","brand":"บางจาก","brand:en":"Bangchak","brand:th":"บางจาก","brand:wikidata":"Q6579719","brand:wikipedia":"zh:曼差石油股份","compressed_air":"yes","name":"Inthanin","name:en":"Bangchak","name:th":"บางจาก","opening_hours":"24/7","@type":"node","@id":8678928554},"geometry":{"type":"Point","coordinates":[100.6511188,13.6652527]}},{"type":"Feature","id":8818331724,"properties":{"amenity":"fuel","brand":"Caltex","brand:wikidata":"Q277470","brand:wikipedia":"en:Caltex","fuel:lpg":"yes","name":"Caltex","@type":"node","@id":8818331724},"geometry":{"type":"Point","coordinates":[100.6435789,13.620512]}},{"type":"Feature","id":8818331725,"properties":{"amenity":"fuel","brand":"PTT","brand:wikidata":"Q1810389","brand:wikipedia":"en:PTT Public Company Limited","name":"PTT","@type":"node","@id":8818331725},"geometry":{"type":"Point","coordinates":[100.6394549,13.6220285]}},{"type":"Feature","id":8818331727,"properties":{"amenity":"fuel","brand":"Esso","brand:wikidata":"Q867662","brand:wikipedia":"en:Esso","name":"Esso","@type":"node","@id":8818331727},"geometry":{"type":"Point","coordinates":[100.6330375,13.6247344]}},{"type":"Feature","id":8825253424,"properties":{"amenity":"fuel","brand":"ป.ต.ท.","brand:en":"PTT","brand:th":"ป.ต.ท.","brand:wikidata":"Q1810389","brand:wikipedia":"th:ปตท.","name":"ป.ต.ท.","name:en":"PTT","name:th":"ป.ต.ท.","@type":"node","@id":8825253424},"geometry":{"type":"Point","coordinates":[100.7081008,13.7224555]}},{"type":"Feature","id":9291700617,"properties":{"amenity":"fuel","brand":"เชลล์","brand:en":"Shell","brand:th":"เชลล์","brand:wikidata":"Q154950","brand:wikipedia":"en:Royal Dutch Shell","name":"เชลล์","name:en":"Shell","name:th":"เชลล์","@type":"node","@id":9291700617},"geometry":{"type":"Point","coordinates":[100.5720725,13.7472069]}},{"type":"Feature","id":9291700717,"properties":{"amenity":"fuel","brand":"เอสโซ่","brand:en":"Esso","brand:th":"เอสโซ่","brand:wikidata":"Q867662","brand:wikipedia":"en:Esso","name":"เอสโซ่","name:en":"Esso","name:th":"เอสโซ่","@type":"node","@id":9291700717},"geometry":{"type":"Point","coordinates":[100.5724271,13.7471519]}},{"type":"Feature","id":9470397317,"properties":{"amenity":"fuel","brand":"บางจาก","brand:en":"Bangchak","brand:th":"บางจาก","brand:wikidata":"Q6579719","brand:wikipedia":"th:บางจาก คอร์ปอเรชั่น","list:fmm_0000":"yes","name":"Bangchak","name:en":"Bangchak","name:th":"บางจาก","self_service":"yes","@type":"node","@id":9470397317},"geometry":{"type":"Point","coordinates":[100.5803647,13.9064464]}},{"type":"Feature","id":9498483817,"properties":{"amenity":"fuel","brand":"ป.ต.ท.","brand:wikidata":"Q1810389","list:fmm_0000":"yes","name":"PTT","name:th":"ป.ต.ท.","@type":"node","@id":9498483817},"geometry":{"type":"Point","coordinates":[100.5852985,13.9276717]}},{"type":"Feature","id":9589225872,"properties":{"amenity":"fuel","brand":"ป.ต.ท.","brand:en":"PTT","brand:th":"ป.ต.ท.","brand:wikidata":"Q1810389","brand:wikipedia":"th:ปตท.","fuel:diesel":"yes","fuel:diesel_b7":"yes","fuel:e20":"yes","fuel:gasohol_91":"yes","fuel:gasohol_95":"yes","name":"ป.ต.ท. ศรีนครินทร์-บางเมือง","name:en":"PTT Station Srinagarindra-Bang Muang","name:th":"ป.ต.ท. ศรีนครินทร์-บางเมือง","operator":"PTT","@type":"node","@id":9589225872},"geometry":{"type":"Point","coordinates":[100.6155525,13.6058083]}},{"type":"Feature","id":9673528463,"properties":{"amenity":"fuel","brand":"PT","brand:wikidata":"Q62298612","name":"PT","@type":"node","@id":9673528463},"geometry":{"type":"Point","coordinates":[100.6540828,13.9211659]}},{"type":"Feature","id":9694765338,"properties":{"amenity":"fuel","brand":"ป.ต.ท.","brand:en":"PTT","brand:th":"ป.ต.ท.","brand:wikidata":"Q1810389","name":"PTT","name:en":"PTT","name:th":"ป.ต.ท.","@type":"node","@id":9694765338},"geometry":{"type":"Point","coordinates":[100.6017822,13.6863627]}},{"type":"Feature","id":9696606717,"properties":{"amenity":"fuel","name":"ปั๊มซัสโก้","name:en":"Susco Gas Station","@type":"node","@id":9696606717},"geometry":{"type":"Point","coordinates":[100.485803,13.778454]}},{"type":"Feature","id":9726545836,"properties":{"amenity":"fuel","fuel:diesel":"yes","fuel:gasohol_95":"yes","@type":"node","@id":9726545836},"geometry":{"type":"Point","coordinates":[100.7350293,13.5053184]}},{"type":"Feature","id":9747791543,"properties":{"amenity":"fuel","brand":"ป.ต.ท.","brand:en":"PTT","brand:th":"ป.ต.ท.","brand:wikidata":"Q1810389","name":"ป.ต.ท.","name:en":"PTT","name:th":"ป.ต.ท.","self_service":"no","@type":"node","@id":9747791543},"geometry":{"type":"Point","coordinates":[100.6676931,13.5670859]}},{"type":"Feature","id":9747791544,"properties":{"amenity":"fuel","brand":"ป.ต.ท.","brand:en":"PTT","brand:th":"ป.ต.ท.","brand:wikidata":"Q1810389","name":"ป.ต.ท.","name:en":"PTT","name:th":"ป.ต.ท.","self_service":"no","@type":"node","@id":9747791544},"geometry":{"type":"Point","coordinates":[100.6631999,13.5674087]}},{"type":"Feature","id":9748616905,"properties":{"amenity":"fuel","brand":"เชลล์","brand:en":"Shell","brand:th":"เชลล์","brand:wikidata":"Q110716465","name":"Shell Gas Station","name:en":"Shell","name:th":"เชลล์","@type":"node","@id":9748616905},"geometry":{"type":"Point","coordinates":[100.6251886,13.5796219]}},{"type":"Feature","id":9748642002,"properties":{"amenity":"fuel","brand":"บางจาก","brand:en":"Bangchak","brand:th":"บางจาก","brand:wikidata":"Q6579719","name":"บางจาก","name:en":"Bangchak","name:th":"บางจาก","@type":"node","@id":9748642002},"geometry":{"type":"Point","coordinates":[100.6486972,13.5710701]}},{"type":"Feature","id":9748705847,"properties":{"amenity":"fuel","brand":"ป.ต.ท.","brand:en":"PTT","brand:th":"ป.ต.ท.","brand:wikidata":"Q1810389","name":"PTT","name:en":"PTT","name:th":"ป.ต.ท.","@type":"node","@id":9748705847},"geometry":{"type":"Point","coordinates":[100.6930167,13.5629864]}},{"type":"Feature","id":9748705850,"properties":{"amenity":"fuel","brand":"เชลล์","brand:en":"Shell","brand:th":"เชลล์","brand:wikidata":"Q110716465","name":"Shell","name:en":"Shell","name:th":"เชลล์","@type":"node","@id":9748705850},"geometry":{"type":"Point","coordinates":[100.6944458,13.5708262]}},{"type":"Feature","id":9751809782,"properties":{"amenity":"fuel","brand":"ป.ต.ท.","brand:en":"PTT","brand:th":"ป.ต.ท.","brand:wikidata":"Q1810389","name":"PTT","name:en":"PTT","name:th":"ป.ต.ท.","@type":"node","@id":9751809782},"geometry":{"type":"Point","coordinates":[100.6559906,13.580757]}},{"type":"Feature","id":9751827535,"properties":{"amenity":"fuel","brand":"เอสโซ่","brand:en":"Esso","brand:th":"เอสโซ่","brand:wikidata":"Q867662","name":"Esso","name:en":"Esso","name:th":"เอสโซ่","@type":"node","@id":9751827535},"geometry":{"type":"Point","coordinates":[100.6580916,13.5995255]}},{"type":"Feature","id":9751918190,"properties":{"amenity":"fuel","brand":"เอสโซ่","brand:en":"Esso","brand:th":"เอสโซ่","brand:wikidata":"Q867662","name":"Esso","name:en":"Esso","name:th":"เอสโซ่","@type":"node","@id":9751918190},"geometry":{"type":"Point","coordinates":[100.614295,13.5845475]}},{"type":"Feature","id":9960647317,"properties":{"amenity":"fuel","@type":"node","@id":9960647317},"geometry":{"type":"Point","coordinates":[100.7370575,13.7221676]}},{"type":"Feature","id":9987362217,"properties":{"amenity":"fuel","name":"ปตท","name:en":"PTT Gas station","@type":"node","@id":9987362217},"geometry":{"type":"Point","coordinates":[100.5786377,13.9421265]}},{"type":"Feature","id":10216759785,"properties":{"amenity":"fuel","brand":"ป.ต.ท.","brand:en":"PTT","brand:th":"ป.ต.ท.","brand:wikidata":"Q1810389","name":"PTT","name:en":"PTT","name:th":"ป.ต.ท.","self_service":"no","@type":"node","@id":10216759785},"geometry":{"type":"Point","coordinates":[100.6602771,13.9317441]}},{"type":"Feature","id":10223569717,"properties":{"amenity":"charging_station","name:en":"Phone charging station","@type":"node","@id":10223569717},"geometry":{"type":"Point","coordinates":[100.752236,13.6911542]}},{"type":"Feature","id":10309447990,"properties":{"access":"yes","amenity":"charging_station","fee":"yes","name":"Chuan Kitchen","operator":"EA Anywhere","payment:credit_cards":"yes","socket:type2_cable":"1","socket:type2_combo":"1","@type":"node","@id":10309447990},"geometry":{"type":"Point","coordinates":[100.5426421,13.9149158]}},{"type":"Feature","id":10566591987,"properties":{"amenity":"charging_station","@type":"node","@id":10566591987},"geometry":{"type":"Point","coordinates":[100.658428,13.7254665]}},{"type":"Feature","id":10586381486,"properties":{"amenity":"charging_station","brand":"BMA","@type":"node","@id":10586381486},"geometry":{"type":"Point","coordinates":[100.55693,13.7332804]}},{"type":"Feature","id":10637677744,"properties":{"addr:city":"แขวงบางพรม","addr:housenumber":"128","addr:postcode":"10170","addr:street":"ถนนพรานนก-พุทธมณฑลสาย 4","amenity":"fuel","brand":"บางจาก","brand:en":"Bangchak","brand:th":"บางจาก","brand:wikidata":"Q6579719","fuel:diesel":"yes","fuel:e20":"yes","fuel:e85":"yes","fuel:octane_91":"yes","fuel:octane_95":"yes","name":"บางจาก","name:en":"Bangchak","name:th":"บางจาก","@type":"node","@id":10637677744},"geometry":{"type":"Point","coordinates":[100.442828,13.7527348]}},{"type":"Feature","id":10726111808,"properties":{"amenity":"fuel","brand":"7-Eleven","brand:wikidata":"Q259340","name":"7-Eleven","@type":"node","@id":10726111808},"geometry":{"type":"Point","coordinates":[100.5458018,13.7322787]}},{"type":"Feature","id":10765407218,"properties":{"amenity":"fuel","brand":"ป.ต.ท.","brand:en":"PTT","brand:th":"ป.ต.ท.","brand:wikidata":"Q1810389","name":"PTT (und. Construction)","name:en":"PTT","name:th":"ป.ต.ท.","@type":"node","@id":10765407218},"geometry":{"type":"Point","coordinates":[100.5744712,13.8702684]}},{"type":"Feature","id":10857349584,"properties":{"amenity":"charging_station","authentication:app":"yes","brand":"EA Anywhere","capacity":"2","fee":"yes","motorcar":"yes","opening_hours":"24/7","socket:type2":"2","socket:type2_combo":"2","@type":"node","@id":10857349584},"geometry":{"type":"Point","coordinates":[100.5720363,13.7680678]}},{"type":"Feature","id":10862259029,"properties":{"amenity":"charging_station","brand":"EV Station PluZ","fee":"yes","indoor":"yes","level":"M","motorcar":"yes","opening_hours":"24/7","socket:type2_cable":"4","socket:type2_cable:output":"7","@type":"node","@id":10862259029},"geometry":{"type":"Point","coordinates":[100.5603585,13.7379612]}},{"type":"Feature","id":10864472665,"properties":{"amenity":"charging_station","authentication:app":"yes","authentication:nfc":"yes","brand":"EVolt","fee":"yes","indoor":"yes","level":"1","motorcar":"yes","opening_hours":"24/7","socket:type2_cable":"2","socket:type2_cable:output":"22","@type":"node","@id":10864472665},"geometry":{"type":"Point","coordinates":[100.6820718,13.6484137]}},{"type":"Feature","id":10870093313,"properties":{"amenity":"charging_station","brand":"EA Anywhere","fee":"yes","indoor":"yes","motorcar":"yes","opening_hours":"24/7","socket:type1":"1","socket:type1:output":"22","socket:type2":"2","socket:type2:output":"22","socket:type2_cable":"2","socket:type2_cable:output":"22","socket:type2_combo":"2","socket:type2_combo:output":"75","@type":"node","@id":10870093313},"geometry":{"type":"Point","coordinates":[100.6238339,13.5404913]}},{"type":"Feature","id":10895323857,"properties":{"amenity":"fuel","brand":"Caltex","brand:wikidata":"Q277470","name":"Caltex","@type":"node","@id":10895323857},"geometry":{"type":"Point","coordinates":[100.3405622,13.5677199]}},{"type":"Feature","id":10897793108,"properties":{"amenity":"fuel","brand":"ป.ต.ท.","brand:en":"PTT","brand:th":"ป.ต.ท.","brand:wikidata":"Q1810389","fuel:NGV":"yes","name":"PTT NGV","name:en":"PTT","name:th":"ป.ต.ท.","self_service":"no","@type":"node","@id":10897793108},"geometry":{"type":"Point","coordinates":[100.3939169,13.6252874]}},{"type":"Feature","id":10899209574,"properties":{"amenity":"fuel","brand":"Shell Express","brand:wikidata":"Q2289188","fuel:diesel":"yes","fuel:octane_91":"yes","fuel:octane_95":"yes","name":"Shell Express","self_service":"no","@type":"node","@id":10899209574},"geometry":{"type":"Point","coordinates":[100.6160586,14.0204888]}},{"type":"Feature","id":10901166818,"properties":{"amenity":"fuel","brand":"บางจาก","brand:en":"Bangchak","brand:th":"บางจาก","brand:wikidata":"Q6579719","name":"บางจาก","name:en":"Bangchak","name:th":"บางจาก","@type":"node","@id":10901166818},"geometry":{"type":"Point","coordinates":[100.6160146,14.0176563]}},{"type":"Feature","id":10901196497,"properties":{"amenity":"fuel","brand":"ป.ต.ท.","brand:en":"PTT","brand:th":"ป.ต.ท.","brand:wikidata":"Q1810389","fuel:NGV":"yes","fuel:lpg":"yes","name":"ป.ต.ท.","name:en":"PTT","name:th":"ป.ต.ท.","self_service":"no","@type":"node","@id":10901196497},"geometry":{"type":"Point","coordinates":[100.6169549,13.9982989]}},{"type":"Feature","id":10905623906,"properties":{"amenity":"fuel","name":"Inthanin","name:en":"Inthanin","@type":"node","@id":10905623906},"geometry":{"type":"Point","coordinates":[100.8405525,13.5864653]}},{"type":"Feature","id":10923672822,"properties":{"amenity":"fuel","brand":"ป.ต.ท.","brand:en":"PTT","brand:th":"ป.ต.ท.","brand:wikidata":"Q1810389","name":"ป.ต.ท.","name:en":"PTT","name:th":"ป.ต.ท.","@type":"node","@id":10923672822},"geometry":{"type":"Point","coordinates":[100.716789,13.6582657]}},{"type":"Feature","id":10925986805,"properties":{"amenity":"fuel","name:en":"Inthanin","@type":"node","@id":10925986805},"geometry":{"type":"Point","coordinates":[100.4468084,13.7038794]}},{"type":"Feature","id":10945202120,"properties":{"amenity":"fuel","brand":"บางจาก","brand:en":"Bangchak","brand:th":"บางจาก","brand:wikidata":"Q6579719","name":"บางจาก","name:en":"Bangchak","name:th":"บางจาก","@type":"node","@id":10945202120},"geometry":{"type":"Point","coordinates":[100.6627319,13.718238]}},{"type":"Feature","id":10945202121,"properties":{"amenity":"fuel","brand":"บางจาก","brand:en":"Bangchak","brand:th":"บางจาก","brand:wikidata":"Q6579719","name":"บางจาก","name:en":"Bangchak","name:th":"บางจาก","@type":"node","@id":10945202121},"geometry":{"type":"Point","coordinates":[100.6633401,13.7183182]}},{"type":"Feature","id":11011554194,"properties":{"access":"customers","amenity":"charging_station","capacity":"1","fee":"yes","@type":"node","@id":11011554194},"geometry":{"type":"Point","coordinates":[100.5246789,13.7398662]}},{"type":"Feature","id":11071588904,"properties":{"amenity":"charging_station","@type":"node","@id":11071588904},"geometry":{"type":"Point","coordinates":[100.5237241,13.7362681]}},{"type":"Feature","id":11127493271,"properties":{"access":"yes","amenity":"charging_station","brand":"EleX","capacity":"2","fee":"yes","@type":"node","@id":11127493271},"geometry":{"type":"Point","coordinates":[100.5301735,13.7320025]}},{"type":"Feature","id":11189744094,"properties":{"amenity":"charging_station","@type":"node","@id":11189744094},"geometry":{"type":"Point","coordinates":[100.5315422,13.7349612]}},{"type":"Feature","id":11189744095,"properties":{"amenity":"charging_station","@type":"node","@id":11189744095},"geometry":{"type":"Point","coordinates":[100.5310719,13.7344615]}},{"type":"Feature","id":11196270416,"properties":{"access":"private","amenity":"charging_station","capacity":"30","operator":"PMCU","@type":"node","@id":11196270416},"geometry":{"type":"Point","coordinates":[100.5252683,13.7363418]}},{"type":"Feature","id":11196270417,"properties":{"access":"permissive","amenity":"charging_station","capacity":"4","@type":"node","@id":11196270417},"geometry":{"type":"Point","coordinates":[100.5254949,13.7362245]}},{"type":"Feature","id":11220499367,"properties":{"amenity":"fuel","name":"Independent","@type":"node","@id":11220499367},"geometry":{"type":"Point","coordinates":[100.9367755,13.6064242]}},{"type":"Feature","id":11264926830,"properties":{"amenity":"fuel","brand":"Esso Express","brand:wikidata":"Q2350336","name":"Esso Express","@type":"node","@id":11264926830},"geometry":{"type":"Point","coordinates":[100.6428637,13.952344]}},{"type":"Feature","id":11264958136,"properties":{"amenity":"fuel","brand":"บางจาก","brand:en":"Bangchak","brand:th":"บางจาก","brand:wikidata":"Q6579719","name":"บางจาก","name:en":"Bangchak","name:th":"บางจาก","@type":"node","@id":11264958136},"geometry":{"type":"Point","coordinates":[100.6311208,13.9515414]}},{"type":"Feature","id":11265006948,"properties":{"amenity":"fuel","brand":"ป.ต.ท.","brand:en":"PTT","brand:th":"ป.ต.ท.","brand:wikidata":"Q1810389","name":"PTT","name:en":"PTT","name:th":"ป.ต.ท.","@type":"node","@id":11265006948},"geometry":{"type":"Point","coordinates":[100.7223812,14.0155109]}},{"type":"Feature","id":11265029333,"properties":{"amenity":"fuel","brand":"ป.ต.ท.","brand:en":"PTT","brand:th":"ป.ต.ท.","brand:wikidata":"Q1810389","name":"PTT","name:en":"PTT","name:th":"ป.ต.ท.","@type":"node","@id":11265029333},"geometry":{"type":"Point","coordinates":[100.6506353,13.9324536]}},{"type":"Feature","id":11265419039,"properties":{"amenity":"fuel","brand":"Esso Express","brand:wikidata":"Q2350336","name":"Esso Express","@type":"node","@id":11265419039},"geometry":{"type":"Point","coordinates":[100.6373943,13.9500435]}},{"type":"Feature","id":11337308079,"properties":{"amenity":"fuel","brand":"PTT","brand:wikidata":"Q1810389","name":"PTT","@type":"node","@id":11337308079},"geometry":{"type":"Point","coordinates":[100.4008353,13.7842525]}},{"type":"Feature","id":11337308081,"properties":{"amenity":"fuel","brand":"Caltex","brand:wikidata":"Q277470","name":"Caltex","@type":"node","@id":11337308081},"geometry":{"type":"Point","coordinates":[100.4017128,13.7842053]}},{"type":"Feature","id":11395575681,"properties":{"amenity":"fuel","brand":"เชลล์","brand:en":"Shell","brand:th":"เชลล์","brand:wikidata":"Q110716465","fuel:diesel":"yes","fuel:e85":"yes","fuel:octane_91":"yes","fuel:octane_95":"yes","name":"Shell Bangpoon","name:en":"Shell Bangpoon","name:th":"เชลล์ บางพูน","operator":"Shell","@type":"node","@id":11395575681},"geometry":{"type":"Point","coordinates":[100.5745718,13.997524]}},{"type":"Feature","id":11402748364,"properties":{"amenity":"fuel","@type":"node","@id":11402748364},"geometry":{"type":"Point","coordinates":[100.3430119,13.7887653]}},{"type":"Feature","id":11402809543,"properties":{"amenity":"fuel","brand":"เชลล์","brand:en":"Shell","brand:th":"เชลล์","brand:wikidata":"Q110716465","name":"Shell","name:en":"Shell","name:th":"เชลล์","@type":"node","@id":11402809543},"geometry":{"type":"Point","coordinates":[100.2708084,13.7850104]}},{"type":"Feature","id":11403938328,"properties":{"amenity":"fuel","brand":"ป.ต.ท.","brand:en":"PTT","brand:th":"ป.ต.ท.","brand:wikidata":"Q1810389","name":"ป.ต.ท.","name:en":"PTT","name:th":"ป.ต.ท.","@type":"node","@id":11403938328},"geometry":{"type":"Point","coordinates":[100.2561841,13.7845515]}},{"type":"Feature","id":11407012686,"properties":{"amenity":"charging_station","authentication:app":"yes","brand":"Galvanic","capacity":"4","fee":"yes","indoor":"yes","level":"4","motorcar":"yes","socket:type2":"4","socket:type2:output":"6","@type":"node","@id":11407012686},"geometry":{"type":"Point","coordinates":[100.5433993,13.6727275]}},{"type":"Feature","id":11474800369,"properties":{"addr:street":"ถนนประดิษฐ์มนูธรรม","amenity":"fuel","brand":"บางจาก","brand:en":"Bangchak","brand:th":"บางจาก","brand:wikidata":"Q6579719","compressed_air":"yes","name":"บางจาก","name:en":"Bangchak","name:th":"บางจาก","@type":"node","@id":11474800369},"geometry":{"type":"Point","coordinates":[100.6186522,13.807561]}},{"type":"Feature","id":11494603707,"properties":{"amenity":"fuel","@type":"node","@id":11494603707},"geometry":{"type":"Point","coordinates":[100.4169225,13.5249498]}},{"type":"Feature","id":11549370043,"properties":{"amenity":"fuel","brand":"ป.ต.ท.","brand:en":"PTT","brand:th":"ป.ต.ท.","brand:wikidata":"Q1810389","name":"ป.ต.ท.","name:en":"PTT","name:th":"ป.ต.ท.","@type":"node","@id":11549370043},"geometry":{"type":"Point","coordinates":[100.6277085,13.6848268]}},{"type":"Feature","id":11607846781,"properties":{"amenity":"fuel","brand":"Shell","compressed_air":"yes","wheelchair":"yes","@type":"node","@id":11607846781},"geometry":{"type":"Point","coordinates":[100.542202,13.7599635]}},{"type":"Feature","id":11757134703,"properties":{"amenity":"fuel","brand":"PTT","brand:wikidata":"Q1810389","name":"PTT","@type":"node","@id":11757134703},"geometry":{"type":"Point","coordinates":[100.4878188,13.8294629]}},{"type":"Feature","id":11837760084,"properties":{"amenity":"fuel","@type":"node","@id":11837760084},"geometry":{"type":"Point","coordinates":[100.4966717,13.7634055]}},{"type":"Feature","id":11849500162,"properties":{"amenity":"charging_station","@type":"node","@id":11849500162},"geometry":{"type":"Point","coordinates":[100.5313072,13.7322249]}},{"type":"Feature","id":11913434770,"properties":{"amenity":"fuel","brand":"ป.ต.ท.","brand:en":"PTT","brand:th":"ป.ต.ท.","brand:wikidata":"Q1810389","name":"ป.ต.ท.","name:en":"PTT","name:th":"ป.ต.ท.","@type":"node","@id":11913434770},"geometry":{"type":"Point","coordinates":[100.582127,13.713896]}},{"type":"Feature","id":12120607461,"properties":{"amenity":"fuel","@type":"node","@id":12120607461},"geometry":{"type":"Point","coordinates":[100.604318,13.6665099]}},{"type":"Feature","id":12123154727,"properties":{"amenity":"fuel","brand":"ป.ต.ท.","brand:en":"PTT","brand:th":"ป.ต.ท.","brand:wikidata":"Q1810389","name":"ป.ต.ท.","name:en":"PTT","name:th":"ป.ต.ท.","@type":"node","@id":12123154727},"geometry":{"type":"Point","coordinates":[100.8425986,13.4988003]}},{"type":"Feature","id":12293000704,"properties":{"amenity":"fuel","brand":"เชลล์","brand:en":"Shell","brand:th":"เชลล์","brand:wikidata":"Q110716465","name":"Shell","name:en":"Shell","name:th":"เชลล์","@type":"node","@id":12293000704},"geometry":{"type":"Point","coordinates":[100.6018719,13.5814038]}},{"type":"Feature","id":12316939613,"properties":{"amenity":"fuel","brand":"บางจาก","brand:en":"Bangchak","brand:th":"บางจาก","brand:wikidata":"Q6579719","name":"บางจาก","name:en":"Bangchak","name:th":"บางจาก","@type":"node","@id":12316939613},"geometry":{"type":"Point","coordinates":[100.6306123,13.7848158]}},{"type":"Feature","id":12316951302,"properties":{"amenity":"fuel","brand":"บางจาก","brand:en":"Bangchak","brand:th":"บางจาก","brand:wikidata":"Q6579719","name":"Bangchak","name:en":"Bangchak","name:th":"บางจาก","@type":"node","@id":12316951302},"geometry":{"type":"Point","coordinates":[100.6098298,13.7861598]}},{"type":"Feature","id":12329961501,"properties":{"amenity":"fuel","brand":"ป.ต.ท.","brand:en":"PTT","brand:th":"ป.ต.ท.","brand:wikidata":"Q1810389","name":"PTT","name:en":"PTT","name:th":"ป.ต.ท.","@type":"node","@id":12329961501},"geometry":{"type":"Point","coordinates":[100.6270475,13.9507877]}},{"type":"Feature","id":12350376801,"properties":{"addr:postcode":"12120","addr:street":"ถนนธัญบุรี-วังน้อย","amenity":"fuel","name":"PT","@type":"node","@id":12350376801},"geometry":{"type":"Point","coordinates":[100.7468109,14.0592032]}},{"type":"Feature","id":12350397201,"properties":{"addr:street":"ถนนกาญจนาภิเษก","amenity":"fuel","name":"PT","opening_hours":"24/7","phone":"0657264283","@type":"node","@id":12350397201},"geometry":{"type":"Point","coordinates":[100.4494348,13.9984457]}},{"type":"Feature","id":12350412401,"properties":{"addr:postcode":"74110","addr:street":"ถนนพุทธสาคร","amenity":"fuel","name":"PT","@type":"node","@id":12350412401},"geometry":{"type":"Point","coordinates":[100.311872,13.6605865]}},{"type":"Feature","id":12350429701,"properties":{"addr:postcode":"12150","addr:street":"ถนนลำลูกกา","amenity":"fuel","name":"PT","opening_hours":"24/7","@type":"node","@id":12350429701},"geometry":{"type":"Point","coordinates":[100.809347,13.9500092]}},{"type":"Feature","id":12350474803,"properties":{"addr:postcode":"12120","addr:street":"ถนนสีขาว","amenity":"fuel","name":"PT","@type":"node","@id":12350474803},"geometry":{"type":"Point","coordinates":[100.6310722,14.0927067]}},{"type":"Feature","id":12350634801,"properties":{"addr:housenumber":"1493 หมู่ 13","addr:postcode":"12120","addr:street":"คลองหลวง","amenity":"fuel","name":"PT","opening_hours":"24/7","@type":"node","@id":12350634801},"geometry":{"type":"Point","coordinates":[100.6251154,14.0647788]}},{"type":"Feature","id":12350723301,"properties":{"addr:housenumber":"98","addr:postcode":"10520","addr:street":"ฉลองกรุง","amenity":"fuel","name":"PT","opening_hours":"24/7","@type":"node","@id":12350723301},"geometry":{"type":"Point","coordinates":[100.8094425,13.7693082]}},{"type":"Feature","id":12355863631,"properties":{"amenity":"fuel","brand":"ป.ต.ท.","brand:en":"PTT","brand:th":"ป.ต.ท.","brand:wikidata":"Q1810389","fuel:diesel":"yes","fuel:e5":"yes","fuel:gasohol_91":"yes","fuel:gasohol_95":"yes","name":"ป.ต.ท.","name:en":"PTT","name:th":"ป.ต.ท.","self_service":"no","@type":"node","@id":12355863631},"geometry":{"type":"Point","coordinates":[100.4991181,13.6558801]}},{"type":"Feature","id":12369236193,"properties":{"amenity":"fuel","brand":"Caltex","brand:wikidata":"Q277470","name":"Caltex","@type":"node","@id":12369236193},"geometry":{"type":"Point","coordinates":[100.6088876,13.7923934]}},{"type":"Feature","id":12369236194,"properties":{"amenity":"fuel","brand":"บางจาก","brand:en":"Bangchak","brand:th":"บางจาก","brand:wikidata":"Q6579719","name":"บางจาก","name:en":"Bangchak","name:th":"บางจาก","@type":"node","@id":12369236194},"geometry":{"type":"Point","coordinates":[100.6084528,13.7928987]}},{"type":"Feature","id":12369254137,"properties":{"amenity":"fuel","brand":"ป.ต.ท.","brand:en":"PTT","brand:th":"ป.ต.ท.","brand:wikidata":"Q1810389","name":"ป.ต.ท.","name:en":"PTT","name:th":"ป.ต.ท.","@type":"node","@id":12369254137},"geometry":{"type":"Point","coordinates":[100.5991989,13.8401386]}},{"type":"Feature","id":12397482699,"properties":{"amenity":"fuel","name":"ซัสโก้","name:en":"SUSCO","name:th":"ซัสโก้","@type":"node","@id":12397482699},"geometry":{"type":"Point","coordinates":[100.4482354,13.6513578]}},{"type":"Feature","id":12408933611,"properties":{"amenity":"fuel","brand":"บางจาก","brand:en":"Bangchak","brand:th":"บางจาก","brand:wikidata":"Q6579719","name":"บางจาก","name:en":"Bangchak","name:th":"บางจาก","@type":"node","@id":12408933611},"geometry":{"type":"Point","coordinates":[100.6372941,13.8518285]}},{"type":"Feature","id":12411879607,"properties":{"addr:district":"บางซื่อ","addr:housenumber":"456","addr:postcode":"10800","addr:province":"กรุงเทพมหานคร","addr:street":"ถนนประชาชื่น","addr:subdistrict":"บางซื่อ","amenity":"fuel","brand":"บางจาก","brand:en":"Bangchak","brand:th":"บางจาก","brand:wikidata":"Q6579719","name":"ปั๊มน้ำมันบางจาก - ห้างหุ้นส่วนจำกัด หลิวรุ่งเรือง (ประชาชื่น)","name:en":"Bangchak","name:th":"บางจาก","@type":"node","@id":12411879607},"geometry":{"type":"Point","coordinates":[100.535485,13.8164154]}},{"type":"Feature","id":12428810721,"properties":{"amenity":"fuel","name":"Bangchak","@type":"node","@id":12428810721},"geometry":{"type":"Point","coordinates":[100.4759285,13.7553186]}},{"type":"Feature","id":12428813804,"properties":{"amenity":"fuel","brand":"ป.ต.ท.","brand:en":"PTT","brand:th":"ป.ต.ท.","brand:wikidata":"Q1810389","name":"Ptt","name:en":"PTT","name:th":"ป.ต.ท.","@type":"node","@id":12428813804},"geometry":{"type":"Point","coordinates":[100.4780942,13.7512815]}},{"type":"Feature","id":12435236404,"properties":{"amenity":"charging_station","name":"Car charging","operator":"EV","@type":"node","@id":12435236404},"geometry":{"type":"Point","coordinates":[100.5706465,13.8046287]}},{"type":"Feature","id":12438400239,"properties":{"amenity":"fuel","brand":"บางจาก","brand:en":"Bangchak","brand:th":"บางจาก","brand:wikidata":"Q6579719","name":"บางจาก","name:en":"Bangchak","name:th":"บางจาก","@type":"node","@id":12438400239},"geometry":{"type":"Point","coordinates":[100.3765809,13.7023335]}},{"type":"Feature","id":12441233802,"properties":{"amenity":"fuel","name":"Pttstation","@type":"node","@id":12441233802},"geometry":{"type":"Point","coordinates":[100.5021799,13.7899483]}},{"type":"Feature","id":12506475701,"properties":{"amenity":"fuel","name":"bangchak","@type":"node","@id":12506475701},"geometry":{"type":"Point","coordinates":[100.693467,13.7881556]}},{"type":"Feature","id":12506857288,"properties":{"amenity":"fuel","brand":"เชลล์","brand:en":"Shell","brand:th":"เชลล์","brand:wikidata":"Q110716465","name":"Shell","name:en":"Shell","name:th":"เชลล์","@type":"node","@id":12506857288},"geometry":{"type":"Point","coordinates":[100.4817309,13.7079018]}},{"type":"Feature","id":12522501401,"properties":{"amenity":"charging_station","@type":"node","@id":12522501401},"geometry":{"type":"Point","coordinates":[100.6742417,13.7777036]}},{"type":"Feature","id":12548689618,"properties":{"amenity":"fuel","name":"ซัสโก้","@type":"node","@id":12548689618},"geometry":{"type":"Point","coordinates":[100.5562028,13.6704808]}},{"type":"Feature","id":12569169637,"properties":{"amenity":"fuel","brand":"บางจาก","brand:en":"Bangchak","brand:th":"บางจาก","brand:wikidata":"Q6579719","name":"บางจาก","name:en":"Bangchak","name:th":"บางจาก","@type":"node","@id":12569169637},"geometry":{"type":"Point","coordinates":[100.4643497,13.6833098]}},{"type":"Feature","id":12573804077,"properties":{"amenity":"fuel","brand":"บางจาก","brand:en":"Bangchak","brand:th":"บางจาก","brand:wikidata":"Q6579719","name":"บางจาก","name:en":"Bangchak","name:th":"บางจาก","@type":"node","@id":12573804077},"geometry":{"type":"Point","coordinates":[100.6459737,13.70435]}},{"type":"Feature","id":12581558820,"properties":{"amenity":"fuel","brand":"7-Eleven","brand:wikidata":"Q259340","compressed_air":"no","name":"7-Eleven","@type":"node","@id":12581558820},"geometry":{"type":"Point","coordinates":[100.6503941,13.7161001]}},{"type":"Feature","id":12581846641,"properties":{"amenity":"charging_station","@type":"node","@id":12581846641},"geometry":{"type":"Point","coordinates":[100.6584717,13.7254839]}},{"type":"Feature","id":12606807483,"properties":{"amenity":"fuel","brand":"เวิลด์แก๊ส","fuel:lpg":"yes","name":"เวิลด์แก๊ส","@type":"node","@id":12606807483},"geometry":{"type":"Point","coordinates":[100.6931523,13.9214081]}},{"type":"Feature","id":12606913701,"properties":{"amenity":"fuel","name":"Caltex","@type":"node","@id":12606913701},"geometry":{"type":"Point","coordinates":[100.6755174,13.7764904]}},{"type":"Feature","id":12618466441,"properties":{"amenity":"fuel","brand":"PT","brand:wikidata":"Q62298612","fuel:lpg":"yes","name":"PT","self_service":"no","@type":"node","@id":12618466441},"geometry":{"type":"Point","coordinates":[100.4059177,13.6607721]}},{"type":"Feature","id":12618466566,"properties":{"amenity":"fuel","brand":"ป.ต.ท.","brand:en":"PTT","brand:th":"ป.ต.ท.","brand:wikidata":"Q1810389","fuel:NGV":"yes","fuel:lpg":"yes","name":"ป.ต.ท.","name:en":"PTT","name:th":"ป.ต.ท.","self_service":"no","@type":"node","@id":12618466566},"geometry":{"type":"Point","coordinates":[100.4068933,13.6714947]}},{"type":"Feature","id":12625580165,"properties":{"amenity":"charging_station","brand":"Evolt","capacity":"2","fee":"yes","motorcar":"yes","opening_hours":"24/7","socket:type2":"2","socket:type2:output":"6","@type":"node","@id":12625580165},"geometry":{"type":"Point","coordinates":[100.5473677,13.6867277]}},{"type":"Feature","id":12626018565,"properties":{"amenity":"charging_station","brand":"BYD","@type":"node","@id":12626018565},"geometry":{"type":"Point","coordinates":[100.5109229,13.6897152]}},{"type":"Feature","id":12626051845,"properties":{"amenity":"charging_station","@type":"node","@id":12626051845},"geometry":{"type":"Point","coordinates":[100.5190171,13.6869565]}},{"type":"Feature","id":12626066493,"properties":{"amenity":"charging_station","brand":"Porsche","motorcar":"yes","socket:type2":"4","socket:type2:output":"6","@type":"node","@id":12626066493},"geometry":{"type":"Point","coordinates":[100.5450824,13.6744896]}},{"type":"Feature","id":12626075936,"properties":{"amenity":"charging_station","brand":"EA","@type":"node","@id":12626075936},"geometry":{"type":"Point","coordinates":[100.547521,13.6794381]}},{"type":"Feature","id":12629861383,"properties":{"amenity":"charging_station","brand":"OR","level":"1","@type":"node","@id":12629861383},"geometry":{"type":"Point","coordinates":[100.642808,13.7654593]}},{"type":"Feature","id":12717121991,"properties":{"amenity":"charging_station","brand":"EA","fee":"yes","@type":"node","@id":12717121991},"geometry":{"type":"Point","coordinates":[100.5541923,13.938689]}},{"type":"Feature","id":12717121993,"properties":{"amenity":"charging_station","brand":"PTT","@type":"node","@id":12717121993},"geometry":{"type":"Point","coordinates":[100.5535163,13.9389607]}},{"type":"Feature","id":12717170355,"properties":{"amenity":"charging_station","brand":"PTT","@type":"node","@id":12717170355},"geometry":{"type":"Point","coordinates":[100.5270602,13.9561253]}},{"type":"Feature","id":12734108089,"properties":{"amenity":"charging_station","brand":"Elex","capacity":"2","fee":"yes","opening_hours":"24/7","@type":"node","@id":12734108089},"geometry":{"type":"Point","coordinates":[100.5397489,13.6734242]}},{"type":"Feature","id":12771557043,"properties":{"amenity":"fuel","name":"Caltex","@type":"node","@id":12771557043},"geometry":{"type":"Point","coordinates":[100.3746884,13.6402562]}},{"type":"Feature","id":12778030925,"properties":{"addr:district":"Mueang Samut Prakan","addr:housenumber":"987","addr:postcode":"10280","addr:province":"Samut Prakan","addr:street":"ถนนสุขุมวิท","addr:subdistrict":"Bang Pu Mai","amenity":"fuel","branch":"Bangpu","brand":"บางจาก","brand:en":"Bangchak","brand:th":"บางจาก","brand:wikidata":"Q6579719","fuel:diesel":"yes","fuel:octane_91":"yes","fuel:octane_95":"yes","level":"0","mobile":"+66 956536594","name":"บางจาก","name:en":"Bangchak","name:th":"บางจาก","operator":"ธีรทองพรรณเพย","self_service":"no","@type":"node","@id":12778030925},"geometry":{"type":"Point","coordinates":[100.630214,13.5320041]}},{"type":"Feature","id":12787754520,"properties":{"amenity":"charging_station","brand":"PTT","fee":"yes","level":"-1","@type":"node","@id":12787754520},"geometry":{"type":"Point","coordinates":[100.5058014,13.6891426]}},{"type":"Feature","id":12839364012,"properties":{"amenity":"charging_station","brand":"PTT","covered":"yes","indoor":"yes","level":"4","parking:fee":"yes","@type":"node","@id":12839364012},"geometry":{"type":"Point","coordinates":[100.5314452,13.7444233]}},{"type":"Feature","id":12862244492,"properties":{"amenity":"charging_station","brand":"Evolt","fee":"yes","@type":"node","@id":12862244492},"geometry":{"type":"Point","coordinates":[100.5566244,13.7421061]}},{"type":"Feature","id":12877254015,"properties":{"amenity":"fuel","branch":"ประชานุกูล","brand":"Caltex","brand:wikidata":"Q277470","name":"Caltex","@type":"node","@id":12877254015},"geometry":{"type":"Point","coordinates":[100.5435624,13.8304772]}},{"type":"Feature","id":12879907282,"properties":{"amenity":"charging_station","brand":"PTT","covered":"yes","@type":"node","@id":12879907282},"geometry":{"type":"Point","coordinates":[100.9266969,13.8087796]}},{"type":"Feature","id":12916811322,"properties":{"amenity":"charging_station","brand":"EA","capacity":"2","@type":"node","@id":12916811322},"geometry":{"type":"Point","coordinates":[100.4440551,13.6469517]}},{"type":"Feature","id":12944711281,"properties":{"amenity":"charging_station","brand":"Elexa","capacity":"4","covered":"yes","indoor":"yes","level":"0","motorcar":"yes","@type":"node","@id":12944711281},"geometry":{"type":"Point","coordinates":[100.6177918,13.9884205]}},{"type":"Feature","id":12944784305,"properties":{"amenity":"charging_station","brand":"PTT","capacity":"2","@type":"node","@id":12944784305},"geometry":{"type":"Point","coordinates":[100.6008293,13.9207342]}},{"type":"Feature","id":12979516529,"properties":{"amenity":"charging_station","brand":"Ginka","@type":"node","@id":12979516529},"geometry":{"type":"Point","coordinates":[100.5000419,13.694362]}},{"type":"Feature","id":12998838882,"properties":{"amenity":"charging_station","brand":"Revert","capacity":"2","motorcar":"yes","@type":"node","@id":12998838882},"geometry":{"type":"Point","coordinates":[100.6057795,13.6952561]}},{"type":"Feature","id":13012894982,"properties":{"amenity":"charging_station","brand":"ptt","@type":"node","@id":13012894982},"geometry":{"type":"Point","coordinates":[100.6548647,13.7661754]}},{"type":"Feature","id":13018297389,"properties":{"amenity":"charging_station","brand":"Revert","capacity":"4","@type":"node","@id":13018297389},"geometry":{"type":"Point","coordinates":[100.5338472,13.6877028]}},{"type":"Feature","id":13083652048,"properties":{"amenity":"fuel","name":"บางจาก","@type":"node","@id":13083652048},"geometry":{"type":"Point","coordinates":[100.6141805,14.0008367]}},{"type":"Feature","id":13108122528,"properties":{"amenity":"charging_station","brand":"ptt","@type":"node","@id":13108122528},"geometry":{"type":"Point","coordinates":[100.6549258,13.7661235]}},{"type":"Feature","id":13110530508,"properties":{"amenity":"charging_station","brand":"EA Anywhere","capacity":"150","fee":"yes","payment:credit_cards":"yes","@type":"node","@id":13110530508},"geometry":{"type":"Point","coordinates":[100.643044,13.9466259]}},{"type":"Feature","id":13110530509,"properties":{"amenity":"charging_station","brand":"Rever","capacity":"150","@type":"node","@id":13110530509},"geometry":{"type":"Point","coordinates":[100.6313495,13.9514857]}},{"type":"Feature","id":13124430533,"properties":{"amenity":"charging_station","brand":"Galvanic","@type":"node","@id":13124430533},"geometry":{"type":"Point","coordinates":[100.5264661,13.6903165]}},{"type":"Feature","id":13141962068,"properties":{"amenity":"charging_station","brand":"Revert","@type":"node","@id":13141962068},"geometry":{"type":"Point","coordinates":[100.6610559,13.7765545]}},{"type":"Feature","id":13240131106,"properties":{"amenity":"charging_station","brand":"Elexa","capacity":"2","motorcar":"yes","opening_hours":"24/7","socket:type2_combo":"150","@type":"node","@id":13240131106},"geometry":{"type":"Point","coordinates":[100.5136285,13.6964794]}},{"type":"Feature","id":13243193340,"properties":{"amenity":"fuel","brand":"Caltex","brand:wikidata":"Q277470","check_date":"2025-10-19","name":"Caltex","@type":"node","@id":13243193340},"geometry":{"type":"Point","coordinates":[100.4441475,13.8234586]}},{"type":"Feature","id":13341546414,"properties":{"amenity":"charging_station","brand":"PTT","capacity":"2","@type":"node","@id":13341546414},"geometry":{"type":"Point","coordinates":[100.6780621,13.7877439]}},{"type":"Feature","id":13347006045,"properties":{"amenity":"charging_station","@type":"node","@id":13347006045},"geometry":{"type":"Point","coordinates":[100.5581259,13.8385053]}},{"type":"Feature","id":13347006051,"properties":{"amenity":"charging_station","@type":"node","@id":13347006051},"geometry":{"type":"Point","coordinates":[100.5580655,13.8325593]}},{"type":"Feature","id":13366279778,"properties":{"amenity":"charging_station","brand":"ChargePoint","name":"ChargePoint","operator":"ChargePoint","operator:wikidata":"Q5176149","@type":"node","@id":13366279778},"geometry":{"type":"Point","coordinates":[100.5684442,13.7192831]}},{"type":"Feature","id":13369993372,"properties":{"amenity":"fuel","brand":"ป.ต.ท.","brand:en":"PTT","brand:th":"ป.ต.ท.","brand:wikidata":"Q1810389","name":"PTT","name:en":"PTT","name:th":"ป.ต.ท.","@type":"node","@id":13369993372},"geometry":{"type":"Point","coordinates":[100.5610006,13.9255268]}},{"type":"Feature","id":13375211709,"properties":{"amenity":"charging_station","brand":"Onion","capacity":"3","@type":"node","@id":13375211709},"geometry":{"type":"Point","coordinates":[100.6415434,13.7652348]}},{"type":"Feature","id":13375327409,"properties":{"amenity":"charging_station","brand":"EA","@type":"node","@id":13375327409},"geometry":{"type":"Point","coordinates":[100.6486916,13.7629274]}},{"type":"Feature","id":13390015601,"properties":{"amenity":"fuel","name":"ปตท.กาญจนา บางบอน","@type":"node","@id":13390015601},"geometry":{"type":"Point","coordinates":[100.4055709,13.6718893]}},{"type":"Feature","id":13393362010,"properties":{"amenity":"fuel","brand":"ป.ต.ท.","brand:en":"PTT","brand:th":"ป.ต.ท.","brand:wikidata":"Q1810389","name":"PTT","name:en":"PTT","name:th":"ป.ต.ท.","@type":"node","@id":13393362010},"geometry":{"type":"Point","coordinates":[100.9043688,13.6762751]}},{"type":"Feature","id":13393409198,"properties":{"amenity":"fuel","brand":"ป.ต.ท.","brand:en":"PTT","brand:th":"ป.ต.ท.","brand:wikidata":"Q1810389","name":"PTT","name:en":"PTT","name:th":"ป.ต.ท.","self_service":"no","@type":"node","@id":13393409198},"geometry":{"type":"Point","coordinates":[100.8766668,13.6873167]}},{"type":"Feature","id":13409869834,"properties":{"access":"yes","amenity":"charging_station","brand":"Tesla Supercharger","brand:wikidata":"Q17089620","capacity":"250","fee":"yes","name":"Tesla Supercharger","not:brand:wikidata":"Q478214","operator":"Tesla","operator:wikidata":"Q478214","@type":"node","@id":13409869834},"geometry":{"type":"Point","coordinates":[100.4431256,13.8236396]}},{"type":"Feature","id":13585028524,"properties":{"amenity":"charging_station","capacity":"2","@type":"node","@id":13585028524},"geometry":{"type":"Point","coordinates":[100.6016997,13.7099985]}},{"type":"Feature","id":13622103649,"properties":{"amenity":"fuel","brand":"PT","brand:wikidata":"Q62298612","name":"PT","@type":"node","@id":13622103649},"geometry":{"type":"Point","coordinates":[100.5105555,13.7566008]}},{"type":"Feature","id":13714173201,"properties":{"addr:postcode":"10510","addr:street":"ถนนพระยาสุเรนทร์","amenity":"fuel","name":"PTT Station ปตท.พระยาสุเรนทร์ (น้ำมัน+EV) พีโอออยล์ สาขา23","opening_hours":"24/7","@type":"node","@id":13714173201},"geometry":{"type":"Point","coordinates":[100.6917236,13.8652029]}},{"type":"Feature","id":13714193201,"properties":{"addr:postcode":"10510","amenity":"fuel","name":"ปั๊มคาลเท็กซ์","@type":"node","@id":13714193201},"geometry":{"type":"Point","coordinates":[100.6800767,13.8564161]}},{"type":"Feature","id":13714197802,"properties":{"addr:postcode":"10510","addr:street":"ถนนพระยาสุเรนทร์","amenity":"fuel","name":"ปั๊มคาลเท็กซ์","self_service":"no","@type":"node","@id":13714197802},"geometry":{"type":"Point","coordinates":[100.6920657,13.8656952]}},{"type":"Feature","id":13717861348,"properties":{"amenity":"fuel","brand":"Sinopec","@type":"node","@id":13717861348},"geometry":{"type":"Point","coordinates":[100.6772463,13.7359167]}},{"type":"Feature","id":13765656658,"properties":{"amenity":"charging_station","brand":"MEA","capacity":"2","@type":"node","@id":13765656658},"geometry":{"type":"Point","coordinates":[100.5469153,13.677483]}},{"type":"Feature","id":13890188595,"properties":{"addr:district":"กระทุ่มแบน","addr:province":"สมุทรสาคร","addr:street":"ถนนพุทธสาคร","addr:subdistrict":"สวนหลวง","amenity":"fuel","brand":"ปตท.","name":"ปตท.สวนหลวง-พุทธสาคร (ขาเข้า)","name:en":"PTT Station SuanLuang - Phutthasakhon","@type":"node","@id":13890188595},"geometry":{"type":"Point","coordinates":[100.3205032,13.6775318]}},{"type":"Feature","id":13890195842,"properties":{"addr:district":"กระทุ่มแบน","addr:province":"สมุทรสาคร","addr:street":"ถนนพุทธสาคร","addr:subdistrict":"สวนหลวง","amenity":"fuel","name":"ปตท. พุทธสาคร (ขาออก)","@type":"node","@id":13890195842},"geometry":{"type":"Point","coordinates":[100.3190441,13.6772321]}},{"type":"Feature","id":13892065081,"properties":{"addr:district":"เมืองสมุทรสาคร","addr:postcode":"74000","addr:province":"สมุทรสาคร","addr:street":"ถนนเศรษฐกิจ 1","addr:subdistrict":"ท่าทราย","amenity":"fuel","branch":"คลองครุ ท่าทราย","brand":"ปตท. PTT Station","name":"ปั๊มน้ำมัน และ อีวี ปตท. คลองครุ","name:en":"PTT Station Klongkru","@type":"node","@id":13892065081},"geometry":{"type":"Point","coordinates":[100.2713088,13.5634425]}},{"type":"Feature","id":13892089884,"properties":{"addr:country":"TH","addr:district":"เมืองสมุทรสาคร","addr:postcode":"74000","addr:province":"สมุทรสาคร","addr:street":"ถนนเศรษฐกิจ 1","addr:subdistrict":"ท่าทราย","amenity":"fuel","brand":"บางจาก","name":"สถานีบริการน้ำมันบางจาก","name:th":"ปั๊มน้ำมันบางจาก","@type":"node","@id":13892089884},"geometry":{"type":"Point","coordinates":[100.2720701,13.5675706]}},{"type":"Feature","id":13927757805,"properties":{"amenity":"fuel","name":"Shell Helix","@type":"node","@id":13927757805},"geometry":{"type":"Point","coordinates":[100.5347919,13.7235622]}},{"type":"Feature","id":13927757806,"properties":{"amenity":"fuel","name":"Shell Helix","@type":"node","@id":13927757806},"geometry":{"type":"Point","coordinates":[100.5370306,13.7235112]}},{"type":"Feature","id":13927757807,"properties":{"amenity":"fuel","name":"Caltex","@type":"node","@id":13927757807},"geometry":{"type":"Point","coordinates":[100.5401044,13.725138]}},{"type":"Feature","id":14013970600,"properties":{"amenity":"charging_station","@type":"node","@id":14013970600},"geometry":{"type":"Point","coordinates":[100.6563883,13.750671]}},{"type":"Feature","id":14038501885,"properties":{"addr:district":"มีนบุรี","addr:housenumber":"54/1","addr:place":"2","addr:postcode":"10510","addr:province":"กรุงเทพมหานคร","addr:street":"ถนนสุวินทวงศ์","addr:subdistrict":"มีนบุรี","amenity":"fuel","brand":"เชลล์","fuel:diesel":"yes","fuel:e10":"yes","fuel:e20":"yes","fuel:gasohol_95":"yes","fuel:octane_91":"yes","name":"เชลล์มีนบุรี","name:en":"Shell Minburi","self_service":"no","@type":"node","@id":14038501885},"geometry":{"type":"Point","coordinates":[100.7408755,13.8194173]}},{"type":"Feature","id":14141466421,"properties":{"amenity":"fuel","brand":"PT","brand:wikidata":"Q62298612","check_date":"2026-08-30","name":"พีที + LPG","name:en":"PT + LPG","name:th":"พีที + LPG","@type":"node","@id":14141466421},"geometry":{"type":"Point","coordinates":[100.6504284,13.8116304]}},{"type":"Feature","id":39838305,"properties":{"amenity":"fuel","brand":"Shell","brand:en":"Shell","brand:th":"เซลล์","brand:wikidata":"Q110716465","landuse":"commercial","name":"Shell","name:en":"Shell","name:th":"เซลล์","@type":"way","@id":39838305},"geometry":{"type":"Point","coordinates":[100.5325558,13.7162736]}},{"type":"Feature","id":39879817,"properties":{"amenity":"fuel","brand":"เชลล์","brand:en":"Shell","brand:th":"เชลล์","brand:wikidata":"Q110716465","name":"เชลล์","name:en":"Shell","name:th":"เชลล์","website":"https://www.shell.co.th/","@type":"way","@id":39879817},"geometry":{"type":"Point","coordinates":[100.5347781,13.7235382]}},{"type":"Feature","id":40059403,"properties":{"amenity":"fuel","name":"LPG","name:th":"แก็ส เส","parking":"surface","@type":"way","@id":40059403},"geometry":{"type":"Point","coordinates":[100.5360213,13.7066036]}},{"type":"Feature","id":95947213,"properties":{"addr:housenumber":"21/5","amenity":"fuel","brand":"Caltex","brand:en":"Caltex","brand:th":"คาลเท็กซ์","brand:wikidata":"Q277470","fuel:diesel":"yes","fuel:lpg":"no","fuel:octane_91":"yes","fuel:octane_95":"yes","name":"Caltex","name:en":"Caltex","name:th":"คาลเท็กซ์","@type":"way","@id":95947213},"geometry":{"type":"Point","coordinates":[100.408102,13.6959582]}},{"type":"Feature","id":146489989,"properties":{"amenity":"fuel","brand":"Shell","building":"yes","fuel:octane_91":"yes","fuel:octane_95":"yes","name":"ปั๊มน้ำมันเชลล์","operator":"บริษัท เชลล์แห่งประเทศไทย จำกัด","@type":"way","@id":146489989},"geometry":{"type":"Point","coordinates":[100.4382304,13.6812934]}},{"type":"Feature","id":149588867,"properties":{"amenity":"fuel","brand":"Q8","building":"yes","name":"ปั๊มน้ำมันคิวเอท","@type":"way","@id":149588867},"geometry":{"type":"Point","coordinates":[100.4202277,13.7121034]}},{"type":"Feature","id":152443656,"properties":{"amenity":"fuel","brand":"ป.ต.ท.","brand:en":"PTT","brand:th":"ป.ต.ท.","brand:wikidata":"Q1810389","name":"ป.ต.ท.","name:en":"PTT","name:th":"ป.ต.ท.","operator":"PTT","source":"GPS; survey","toilets":"yes","website":"www.pttplc.com","@type":"way","@id":152443656},"geometry":{"type":"Point","coordinates":[100.7463594,14.0256483]}},{"type":"Feature","id":153174658,"properties":{"addr:district":"วัฒนา","addr:postcode":"10110","addr:province":"กรุงเทพมหานคร","addr:subdistrict":"คลองตันเหนือ","amenity":"fuel","brand":"บางจาก","brand:en":"Bangchak","brand:th":"บางจาก","brand:wikidata":"Q6579719","building":"roof","name":"บางจาก","name:en":"Bangchak","name:th":"บางจาก","@type":"way","@id":153174658},"geometry":{"type":"Point","coordinates":[100.5981529,13.7356669]}},{"type":"Feature","id":173268399,"properties":{"amenity":"fuel","brand":"ป.ต.ท.","brand:en":"PTT","brand:th":"ป.ต.ท.","brand:wikidata":"Q1810389","building":"roof","name":"ป.ต.ท.","name:en":"PTT","name:th":"ป.ต.ท.","website":"www.pttplc.com","@type":"way","@id":173268399},"geometry":{"type":"Point","coordinates":[100.4062731,13.6646088]}},{"type":"Feature","id":174032025,"properties":{"amenity":"fuel","brand":"บางจาก","brand:en":"Bangchak","brand:th":"บางจาก","brand:wikidata":"Q6579719","building":"roof","name":"บางจาก","name:en":"Bangchak","name:th":"บางจาก","@type":"way","@id":174032025},"geometry":{"type":"Point","coordinates":[100.2831935,13.7865183]}},{"type":"Feature","id":176447360,"properties":{"amenity":"fuel","brand":"Esso","building":"yes","name":"ปั๊มน้ำมันเอสโซ่ สาขาเพชรเกษม 39","@type":"way","@id":176447360},"geometry":{"type":"Point","coordinates":[100.4297574,13.712179]}},{"type":"Feature","id":177347294,"properties":{"amenity":"fuel","building":"roof","name":"PT","source":"GPS","@type":"way","@id":177347294},"geometry":{"type":"Point","coordinates":[100.4430118,14.054378]}},{"type":"Feature","id":177937017,"properties":{"amenity":"fuel","brand":"บางจาก","brand:en":"Bangchak","brand:th":"บางจาก","brand:wikidata":"Q6579719","building":"roof","fuel:diesel":"yes","name":"บางจาก","name:en":"Bangchak","name:th":"บางจาก","@type":"way","@id":177937017},"geometry":{"type":"Point","coordinates":[100.4542361,13.7190714]}},{"type":"Feature","id":183393348,"properties":{"amenity":"fuel","brand":"PTT","@type":"way","@id":183393348},"geometry":{"type":"Point","coordinates":[100.5762384,13.8050387]}},{"type":"Feature","id":185307756,"properties":{"amenity":"fuel","brand":"บางจาก","brand:en":"Bangchak","brand:th":"บางจาก","brand:wikidata":"Q6579719","name":"บางจาก","name:en":"Bangchak","name:th":"บางจาก","@type":"way","@id":185307756},"geometry":{"type":"Point","coordinates":[100.5244474,13.9061751]}},{"type":"Feature","id":185307757,"properties":{"amenity":"fuel","brand":"Shell","@type":"way","@id":185307757},"geometry":{"type":"Point","coordinates":[100.5230758,13.9053369]}},{"type":"Feature","id":207508681,"properties":{"amenity":"fuel","fuel:NGV":"yes","name":"PTT NGV","@type":"way","@id":207508681},"geometry":{"type":"Point","coordinates":[100.5052133,13.9079574]}},{"type":"Feature","id":225584354,"properties":{"amenity":"fuel","brand":"เอสโซ่","brand:en":"Esso","brand:th":"เอสโซ่","brand:wikidata":"Q867662","brand:wikipedia":"en:Esso","name":"เอสโซ่","name:en":"Esso","name:th":"เอสโซ่","website":"https://www.esso.co.th/","@type":"way","@id":225584354},"geometry":{"type":"Point","coordinates":[100.677438,13.6516473]}},{"type":"Feature","id":243741326,"properties":{"addr:district":"วัฒนา","addr:postcode":"10110","addr:province":"กรุงเทพมหานคร","addr:subdistrict":"คลองเตยเหนือ","amenity":"fuel","brand":"เชลล์","brand:en":"Shell","brand:th":"เชลล์","brand:wikidata":"Q110716465","building":"roof","name":"Shell","name:en":"Shell","name:th":"เซลล์","@type":"way","@id":243741326},"geometry":{"type":"Point","coordinates":[100.5623708,13.7359285]}},{"type":"Feature","id":295246666,"properties":{"amenity":"fuel","brand":"ป.ต.ท.","brand:en":"PTT","brand:th":"ป.ต.ท.","brand:wikidata":"Q1810389","fuel:HGV_diesel":"no","fuel:cng":"yes","fuel:diesel":"yes","fuel:e20":"yes","fuel:e85":"yes","fuel:octane_91":"yes","fuel:octane_95":"yes","name":"ป.ต.ท.","name:en":"PTT","name:th":"ป.ต.ท.","@type":"way","@id":295246666},"geometry":{"type":"Point","coordinates":[100.7699124,13.7081115]}},{"type":"Feature","id":296528236,"properties":{"amenity":"fuel","building":"yes","layer":"1","name":"Shell","not:brand:wikidata":"Q110716465","operator":"Shell","@type":"way","@id":296528236},"geometry":{"type":"Point","coordinates":[100.4894467,13.716923]}},{"type":"Feature","id":309886196,"properties":{"amenity":"fuel","brand":"เอสโซ่","brand:en":"Esso","brand:th":"เอสโซ่","brand:wikidata":"Q867662","building":"roof","name":"Esso","name:en":"Esso","name:th":"เอสโซ่","@type":"way","@id":309886196},"geometry":{"type":"Point","coordinates":[100.291671,13.571069]}},{"type":"Feature","id":313910722,"properties":{"addr:city":"ตำบลบางตลาด","addr:postcode":"11120","addr:street":"ถนนแจ้งวัฒนะ","amenity":"fuel","brand":"PT","fuel:diesel":"yes","fuel:lpg":"no","fuel:octane_95":"yes","fuel:octane_98":"yes","layer":"1","list:fmm_0000":"yes","maxheight":"4","name":"พีที","name:en":"PT","payment:cash":"yes","payment:cheque":"no","@type":"way","@id":313910722},"geometry":{"type":"Point","coordinates":[100.5357625,13.9014448]}},{"type":"Feature","id":316165398,"properties":{"amenity":"fuel","name":"ปตท.","opening_hours":"24/7","operator":"ปตท.","@type":"way","@id":316165398},"geometry":{"type":"Point","coordinates":[100.6497797,13.7880896]}},{"type":"Feature","id":316416935,"properties":{"addr:district":"บึงกุ่ม","addr:postcode":"10240","addr:province":"กรุงเทพมหานคร","addr:subdistrict":"คลองกุ่ม","amenity":"fuel","building":"yes","name":"ปั๊มน้ำมันเชลล์ สาขานวมินทร์","@type":"way","@id":316416935},"geometry":{"type":"Point","coordinates":[100.6497278,13.7999792]}},{"type":"Feature","id":317485097,"properties":{"addr:district":"ลาดกระบัง","addr:postcode":"10520","addr:province":"กรุงเทพมหานคร","amenity":"fuel","brand":"PTT","building":"roof","fuel:diesel":"no","fuel:lpg":"yes","fuel:octane_91":"no","fuel:octane_95":"no","layer":"1","name":"PTT","operator":"PTT","source":"GPS","@type":"way","@id":317485097},"geometry":{"type":"Point","coordinates":[100.7936059,13.7467078]}},{"type":"Feature","id":317485359,"properties":{"addr:district":"ลาดกระบัง","addr:postcode":"10520","addr:province":"กรุงเทพมหานคร","amenity":"fuel","brand":"PTT","building":"roof","fuel:diesel":"yes","fuel:lpg":"yes","fuel:octane_91":"yes","fuel:octane_95":"yes","layer":"1","name":"PTT","operator":"PTT","source":"GPS","@type":"way","@id":317485359},"geometry":{"type":"Point","coordinates":[100.7971561,13.7551517]}},{"type":"Feature","id":317485361,"properties":{"addr:district":"ลาดกระบัง","addr:postcode":"10520","addr:province":"กรุงเทพมหานคร","amenity":"fuel","brand":"Caltex","building":"roof","fuel:diesel":"yes","fuel:lpg":"no","fuel:octane_91":"yes","fuel:octane_95":"yes","layer":"1","name":"Caltex","operator":"Caltex","source":"GPS","@type":"way","@id":317485361},"geometry":{"type":"Point","coordinates":[100.8004628,13.7597918]}},{"type":"Feature","id":318344173,"properties":{"addr:district":"วัฒนา","addr:province":"กรุงเทพมหานคร","addr:subdistrict":"พระโขนงเหนือ","amenity":"fuel","brand":"เชลล์","brand:en":"Shell","brand:th":"เชลล์","brand:wikidata":"Q110716465","building":"yes","name":"เชลล์","name:en":"Shell","name:th":"เชลล์","@type":"way","@id":318344173},"geometry":{"type":"Point","coordinates":[100.5956547,13.7249709]}},{"type":"Feature","id":319913556,"properties":{"amenity":"fuel","brand":"เชลล์","brand:en":"Shell","brand:th":"เชลล์","brand:wikidata":"Q110716465","brand:wikipedia":"en:Royal Dutch Shell","compressed_air":"yes","name":"Shell","name:en":"Shell","name:th":"เซลล์","@type":"way","@id":319913556},"geometry":{"type":"Point","coordinates":[100.5000343,13.7500212]}},{"type":"Feature","id":320488079,"properties":{"amenity":"fuel","name":"NGV & LPG","@type":"way","@id":320488079},"geometry":{"type":"Point","coordinates":[100.5410327,13.709267]}},{"type":"Feature","id":320638172,"properties":{"amenity":"fuel","brand":"บางจาก","brand:en":"Bangchak","brand:th":"บางจาก","brand:wikidata":"Q6579719","landuse":"commercial","name":"บางจาก","name:en":"Bangchak","name:th":"บางจาก","self_service":"no","@type":"way","@id":320638172},"geometry":{"type":"Point","coordinates":[100.5418593,13.7109921]}},{"type":"Feature","id":321532238,"properties":{"addr:district":"ลาดกระบัง","addr:postcode":"10520","addr:province":"กรุงเทพมหานคร","amenity":"fuel","building":"roof","fuel:lpg":"yes","layer":"1","name":"LPG Station","@type":"way","@id":321532238},"geometry":{"type":"Point","coordinates":[100.7630951,13.7221193]}},{"type":"Feature","id":321540139,"properties":{"addr:district":"หนองจอก","addr:postcode":"10530","addr:province":"กรุงเทพมหานคร","amenity":"fuel","building":"roof","layer":"1","name":"Caltex","source":"GPS","@type":"way","@id":321540139},"geometry":{"type":"Point","coordinates":[100.834573,13.8008768]}},{"type":"Feature","id":321540151,"properties":{"amenity":"fuel","name":"PT","source":"GPS","@type":"way","@id":321540151},"geometry":{"type":"Point","coordinates":[100.8635767,13.9068093]}},{"type":"Feature","id":321541718,"properties":{"amenity":"fuel","building":"roof","name":"S P Fuel","@type":"way","@id":321541718},"geometry":{"type":"Point","coordinates":[100.8426167,14.0023687]}},{"type":"Feature","id":321786507,"properties":{"addr:district":"ลาดกระบัง","addr:postcode":"10520","addr:province":"กรุงเทพมหานคร","amenity":"fuel","building":"yes","fuel:lpg":"yes","name":"LPG Station","source":"Bing","@type":"way","@id":321786507},"geometry":{"type":"Point","coordinates":[100.7478239,13.722201]}},{"type":"Feature","id":323347386,"properties":{"addr:district":"วัฒนา","addr:postcode":"10110","addr:province":"กรุงเทพมหานคร","addr:subdistrict":"คลองตันเหนือ","amenity":"fuel","brand":"เชลล์","brand:en":"Shell","brand:th":"เชลล์","brand:wikidata":"Q110716465","building":"yes","name":"เชลล์","name:en":"Shell","name:th":"เชลล์","@type":"way","@id":323347386},"geometry":{"type":"Point","coordinates":[100.5844518,13.7241765]}},{"type":"Feature","id":323347387,"properties":{"addr:district":"วัฒนา","addr:postcode":"10110","addr:province":"กรุงเทพมหานคร","addr:subdistrict":"คลองตันเหนือ","amenity":"fuel","brand":"เอสโซ่","brand:en":"Esso","brand:th":"เอสโซ่","brand:wikidata":"Q867662","building":"yes","name":"เอสโซ่","name:en":"Esso","name:th":"เอสโซ่","@type":"way","@id":323347387},"geometry":{"type":"Point","coordinates":[100.584331,13.7227464]}},{"type":"Feature","id":324502759,"properties":{"addr:district":"ลาดกระบัง","addr:postcode":"10520","addr:province":"กรุงเทพมหานคร","amenity":"fuel","building":"yes","name":"PT","@type":"way","@id":324502759},"geometry":{"type":"Point","coordinates":[100.7946708,13.720698]}},{"type":"Feature","id":324502801,"properties":{"addr:district":"ลาดกระบัง","addr:postcode":"10520","addr:province":"กรุงเทพมหานคร","amenity":"fuel","building":"yes","name":"Susco","source":"GPS","@type":"way","@id":324502801},"geometry":{"type":"Point","coordinates":[100.8132298,13.7137101]}},{"type":"Feature","id":332206405,"properties":{"addr:district":"วัฒนา","addr:postcode":"10110","addr:province":"กรุงเทพมหานคร","addr:subdistrict":"คลองเตยเหนือ","amenity":"fuel","brand":"Shell","brand:en":"Shell","brand:th":"เซลล์","brand:wikidata":"Q154950","brand:wikipedia":"en:Royal Dutch Shell","building":"roof","name":"Shell","name:en":"Shell","name:th":"เซลล์","@type":"way","@id":332206405},"geometry":{"type":"Point","coordinates":[100.5624019,13.7430933]}},{"type":"Feature","id":332241426,"properties":{"amenity":"fuel","@type":"way","@id":332241426},"geometry":{"type":"Point","coordinates":[100.6833318,13.9242017]}},{"type":"Feature","id":333388236,"properties":{"addr:district":"ลาดกระบัง","addr:postcode":"10520","addr:province":"กรุงเทพมหานคร","amenity":"fuel","brand":"PT","building":"roof","name":"PT","source":"GPS","@type":"way","@id":333388236},"geometry":{"type":"Point","coordinates":[100.8496183,13.6987559]}},{"type":"Feature","id":333388240,"properties":{"amenity":"fuel","brand":"PT","brand:wikidata":"Q62298612","building":"roof","name":"PT","source":"GPS","@type":"way","@id":333388240},"geometry":{"type":"Point","coordinates":[100.8975048,13.6798838]}},{"type":"Feature","id":336046326,"properties":{"addr:district":"ลาดกระบัง","addr:postcode":"10520","addr:province":"กรุงเทพมหานคร","amenity":"fuel","building":"yes","compressed_air":"yes","name":"Esso","opening_hours:signed":"no","wheelchair":"yes","@type":"way","@id":336046326},"geometry":{"type":"Point","coordinates":[100.7253792,13.7217148]}},{"type":"Feature","id":337827505,"properties":{"amenity":"fuel","building":"roof","layer":"1","name":"Shell","@type":"way","@id":337827505},"geometry":{"type":"Point","coordinates":[100.4976977,13.7108566]}},{"type":"Feature","id":337831300,"properties":{"amenity":"fuel","building":"yes","name":"บางจาก","@type":"way","@id":337831300},"geometry":{"type":"Point","coordinates":[100.5010934,13.7204088]}},{"type":"Feature","id":337834626,"properties":{"amenity":"fuel","building":"yes","name":"สยามแก๊ส","@type":"way","@id":337834626},"geometry":{"type":"Point","coordinates":[100.5006682,13.7115551]}},{"type":"Feature","id":338030127,"properties":{"amenity":"fuel","brand":"เชลล์","brand:en":"Shell","brand:th":"เชลล์","brand:wikidata":"Q110716465","name":"Shell","name:en":"Shell","name:th":"เชลล์","@type":"way","@id":338030127},"geometry":{"type":"Point","coordinates":[100.507239,13.7162061]}},{"type":"Feature","id":338824718,"properties":{"addr:postcode":"13100","addr:street":"ประดิษฐ์มนูธรรม","amenity":"fuel","building":"yes","name":"Shell Gas Station","operator":"Shell","@type":"way","@id":338824718},"geometry":{"type":"Point","coordinates":[100.607716,13.7766981]}},{"type":"Feature","id":338953848,"properties":{"amenity":"fuel","compressed_air":"yes","name":"สถานีบริการน้ำมันบางจาก","name:en":"BangChakGasStation","@type":"way","@id":338953848},"geometry":{"type":"Point","coordinates":[100.6002389,13.7639121]}},{"type":"Feature","id":340089343,"properties":{"amenity":"fuel","building":"roof","name":"Shell","source":"GPS","@type":"way","@id":340089343},"geometry":{"type":"Point","coordinates":[100.7458636,13.783448]}},{"type":"Feature","id":340092232,"properties":{"amenity":"fuel","building":"roof","fuel:diesel":"yes","fuel:lpg":"yes","fuel:octane_91":"yes","fuel:octane_95":"yes","layer":"1","name":"PT","source":"GPS","@type":"way","@id":340092232},"geometry":{"type":"Point","coordinates":[100.7459323,13.7753768]}},{"type":"Feature","id":340094026,"properties":{"addr:district":"ลาดกระบัง","addr:postcode":"10520","addr:province":"กรุงเทพมหานคร","amenity":"fuel","building":"roof","fuel:lpg":"yes","name":"J P & Sons LPG","source":"GPS","@type":"way","@id":340094026},"geometry":{"type":"Point","coordinates":[100.7466752,13.7659771]}},{"type":"Feature","id":340094030,"properties":{"addr:district":"ลาดกระบัง","addr:postcode":"10520","addr:province":"กรุงเทพมหานคร","amenity":"fuel","building":"yes","fuel:octane_91":"yes","fuel:octane_95":"yes","layer":"1","name":"PT","source":"GPS","@type":"way","@id":340094030},"geometry":{"type":"Point","coordinates":[100.7459221,13.7625018]}},{"type":"Feature","id":340590883,"properties":{"amenity":"fuel","brand":"บางจาก","brand:en":"Bangchak","brand:th":"บางจาก","brand:wikidata":"Q6579719","building":"roof","name":"บางจาก","name:en":"Bangchak","name:th":"บางจาก","@type":"way","@id":340590883},"geometry":{"type":"Point","coordinates":[100.3966195,13.7095318]}},{"type":"Feature","id":340800434,"properties":{"amenity":"fuel","brand":"เชลล์","brand:en":"Shell","brand:th":"เชลล์","brand:wikidata":"Q110716465","name":"เชลล์","name:en":"Shell","name:th":"เชลล์","operator":"Shell","@type":"way","@id":340800434},"geometry":{"type":"Point","coordinates":[100.3932938,13.709099]}},{"type":"Feature","id":342011839,"properties":{"amenity":"fuel","brand":"PTT","building":"roof","name":"PTT","@type":"way","@id":342011839},"geometry":{"type":"Point","coordinates":[100.4816982,13.6756823]}},{"type":"Feature","id":356914471,"properties":{"amenity":"fuel","building":"yes","layer":"1","@type":"way","@id":356914471},"geometry":{"type":"Point","coordinates":[100.3885819,13.708639]}},{"type":"Feature","id":357898563,"properties":{"amenity":"fuel","brand":"เชลล์","brand:en":"Shell","brand:th":"เชลล์","brand:wikidata":"Q110716465","building":"yes","name":"Shell","name:en":"Shell","name:th":"เชลล์","source":"GPS","@type":"way","@id":357898563},"geometry":{"type":"Point","coordinates":[100.672002,13.7190187]}},{"type":"Feature","id":357898564,"properties":{"amenity":"fuel","building":"roof","layer":"1","name":"PT","source":"Bing","@type":"way","@id":357898564},"geometry":{"type":"Point","coordinates":[100.6916696,13.7205421]}},{"type":"Feature","id":360086966,"properties":{"amenity":"fuel","building":"roof","@type":"way","@id":360086966},"geometry":{"type":"Point","coordinates":[100.384659,13.7084499]}},{"type":"Feature","id":369561944,"properties":{"amenity":"fuel","@type":"way","@id":369561944},"geometry":{"type":"Point","coordinates":[100.5757936,13.7854291]}},{"type":"Feature","id":369892550,"properties":{"amenity":"fuel","building":"roof","@type":"way","@id":369892550},"geometry":{"type":"Point","coordinates":[100.5723383,13.7681061]}},{"type":"Feature","id":375662859,"properties":{"amenity":"fuel","brand":"PTT","brand:en":"PTT","brand:th":"ปตท","building":"roof","name":"PTT","name:en":"PTT","name:th":"ปตท","source":"Bing","@type":"way","@id":375662859},"geometry":{"type":"Point","coordinates":[100.4043582,13.9576133]}},{"type":"Feature","id":383425190,"properties":{"amenity":"fuel","brand":"ป.ต.ท.","brand:en":"PTT","brand:th":"ป.ต.ท.","brand:wikidata":"Q1810389","building":"yes","layer":"1","name":"PTT","name:en":"PTT","name:th":"ป.ต.ท.","@type":"way","@id":383425190},"geometry":{"type":"Point","coordinates":[100.3296619,13.7522759]}},{"type":"Feature","id":384124997,"properties":{"amenity":"fuel","building":"roof","name":"PTT","@type":"way","@id":384124997},"geometry":{"type":"Point","coordinates":[100.3297162,13.7477675]}},{"type":"Feature","id":390599767,"properties":{"addr:district":"บางกะปิ","addr:postcode":"10240","addr:province":"กรุงเทพมหานคร","addr:subdistrict":"หัวหมาก","amenity":"fuel","building":"yes","@type":"way","@id":390599767},"geometry":{"type":"Point","coordinates":[100.6114609,13.7528849]}},{"type":"Feature","id":392048910,"properties":{"amenity":"fuel","@type":"way","@id":392048910},"geometry":{"type":"Point","coordinates":[100.769808,13.7121544]}},{"type":"Feature","id":392050270,"properties":{"amenity":"fuel","brand":"ป.ต.ท.","brand:en":"PTT","brand:th":"ป.ต.ท.","brand:wikidata":"Q1810389","building":"yes","name":"PTT","name:en":"PTT","name:th":"ป.ต.ท.","@type":"way","@id":392050270},"geometry":{"type":"Point","coordinates":[100.7698822,13.7078373]}},{"type":"Feature","id":393402082,"properties":{"amenity":"fuel","brand":"เชลล์","brand:en":"Shell","brand:th":"เชลล์","brand:wikidata":"Q110716465","building":"yes","name":"เชลล์","name:en":"Shell","name:th":"เชลล์","operator":"Shell","operator:en":"Shell","operator:th":"เซลล์","website":"https://www.shell.co.th/","@type":"way","@id":393402082},"geometry":{"type":"Point","coordinates":[100.5589656,13.8410632]}},{"type":"Feature","id":401937864,"properties":{"amenity":"fuel","building":"roof","@type":"way","@id":401937864},"geometry":{"type":"Point","coordinates":[100.5051728,13.9079378]}},{"type":"Feature","id":403105466,"properties":{"amenity":"fuel","brand":"Caltex","brand:wikidata":"Q277470","brand:wikipedia":"en:Caltex","name":"Caltex","@type":"way","@id":403105466},"geometry":{"type":"Point","coordinates":[100.565657,13.8448547]}},{"type":"Feature","id":415765725,"properties":{"amenity":"fuel","brand":"ป.ต.ท.","brand:en":"PTT","brand:th":"ป.ต.ท.","brand:wikidata":"Q1810389","name":"PTT","name:en":"PTT","name:th":"ป.ต.ท.","@type":"way","@id":415765725},"geometry":{"type":"Point","coordinates":[100.4873129,13.9546571]}},{"type":"Feature","id":427177963,"properties":{"amenity":"fuel","brand":"บางจาก","brand:en":"Bangchak","brand:th":"บางจาก","brand:wikidata":"Q6579719","building":"yes","layer":"-1","name":"บางจาก","name:en":"Bangchak","name:th":"บางจาก","@type":"way","@id":427177963},"geometry":{"type":"Point","coordinates":[100.5913021,13.8224098]}},{"type":"Feature","id":427177970,"properties":{"amenity":"fuel","brand":"บางจาก","brand:en":"Bangchak","brand:th":"บางจาก","brand:wikidata":"Q6579719","building":"roof","name":"บางจาก","name:en":"Bangchak","name:th":"บางจาก","@type":"way","@id":427177970},"geometry":{"type":"Point","coordinates":[100.5918279,13.8225069]}},{"type":"Feature","id":445146700,"properties":{"amenity":"fuel","name":"PTT","@type":"way","@id":445146700},"geometry":{"type":"Point","coordinates":[100.650936,13.9928343]}},{"type":"Feature","id":450104189,"properties":{"amenity":"fuel","name":"ปั้มเชลล์","@type":"way","@id":450104189},"geometry":{"type":"Point","coordinates":[100.603169,13.8711037]}},{"type":"Feature","id":450148797,"properties":{"amenity":"fuel","brand":"บางจาก","brand:en":"Bangchak","brand:th":"บางจาก","building":"roof","fuel:e20":"yes","name":"บางจาก","name:en":"Bangchak","name:th":"บางจาก","@type":"way","@id":450148797},"geometry":{"type":"Point","coordinates":[100.6077136,13.6926512]}},{"type":"Feature","id":468674983,"properties":{"amenity":"fuel","brand":"PT","brand:wikidata":"Q62298612","fuel:lpg":"yes","landuse":"commercial","name":"PT","@type":"way","@id":468674983},"geometry":{"type":"Point","coordinates":[100.6803747,13.9147863]}},{"type":"Feature","id":472034477,"properties":{"amenity":"fuel","@type":"way","@id":472034477},"geometry":{"type":"Point","coordinates":[100.6224734,13.8591044]}},{"type":"Feature","id":485435063,"properties":{"addr:district":"ลาดกระบัง","addr:postcode":"10520","addr:province":"กรุงเทพมหานคร","amenity":"fuel","brand":"7-Eleven","brand:wikidata":"Q259340","building":"yes","name":"7-Eleven","source":"Bing","@type":"way","@id":485435063},"geometry":{"type":"Point","coordinates":[100.7973545,13.7553873]}},{"type":"Feature","id":487400282,"properties":{"amenity":"fuel","brand":"ป.ต.ท.","brand:en":"PTT","brand:th":"ป.ต.ท.","brand:wikidata":"Q1810389","name":"ป.ต.ท.","name:en":"PTT","name:th":"ป.ต.ท.","@type":"way","@id":487400282},"geometry":{"type":"Point","coordinates":[100.6981214,13.9209686]}},{"type":"Feature","id":520436154,"properties":{"amenity":"fuel","brand":"ป.ต.ท.","brand:en":"PTT","brand:th":"ป.ต.ท.","brand:wikidata":"Q1810389","name":"PTT","name:en":"PTT","name:th":"ป.ต.ท.","@type":"way","@id":520436154},"geometry":{"type":"Point","coordinates":[100.5892875,13.7124602]}},{"type":"Feature","id":526493874,"properties":{"amenity":"fuel","brand":"บางจาก","brand:en":"Bangchak","brand:th":"บางจาก","brand:wikidata":"Q6579719","name":"Bangchak","name:en":"Bangchak","name:th":"บางจาก","@type":"way","@id":526493874},"geometry":{"type":"Point","coordinates":[100.5144751,13.743176]}},{"type":"Feature","id":529459927,"properties":{"amenity":"fuel","car_wash":"yes","fuel:lpg":"yes","name":"บริษัทธนดีชูโชค จำกัด","name:th":"บริษัทธนดีชูโชค จำกัด","opening_hours":"24/7","short_name:th":"ธนดีชูโชค","@type":"way","@id":529459927},"geometry":{"type":"Point","coordinates":[100.5009567,13.7331183]}},{"type":"Feature","id":530005129,"properties":{"amenity":"fuel","building":"roof","name":"ป.ต.ท.","name:en":"PTT","source":"DigitalGlobe-Standard","website":"www.pttplc.com","@type":"way","@id":530005129},"geometry":{"type":"Point","coordinates":[100.6729471,14.0666352]}},{"type":"Feature","id":533320658,"properties":{"addr:city":"กรุงเทพมหานคร","addr:postcode":"10260","addr:street":"ถนนศรีนครินทร์","amenity":"fuel","brand":"ป.ต.ท.","brand:en":"PTT","brand:th":"ป.ต.ท.","brand:wikidata":"Q1810389","brand:wikipedia":"th:ปตท.","fuel:Gasoline":"yes","fuel:diesel":"yes","fuel:octane_91":"yes","fuel:octane_95":"yes","name":"ป.ต.ท. สีแยกลาซาล","name:en":"PTT Lasalle Junction","name:th":"ป.ต.ท. สีแยกลาซาล","opening_hours":"24/7","@type":"way","@id":533320658},"geometry":{"type":"Point","coordinates":[100.6429983,13.6576891]}},{"type":"Feature","id":533503877,"properties":{"amenity":"fuel","building":"roof","name":"เชลล์","name:en":"Shell","operator":"Shell","operator:en":"Shell","operator:th":"เซลล์","website":"https://www.shell.co.th/","@type":"way","@id":533503877},"geometry":{"type":"Point","coordinates":[100.3575465,14.0234924]}},{"type":"Feature","id":533505901,"properties":{"amenity":"fuel","building":"roof","name":"Fuel Station","source":"Bing","@type":"way","@id":533505901},"geometry":{"type":"Point","coordinates":[100.3804547,14.0297167]}},{"type":"Feature","id":533506682,"properties":{"amenity":"fuel","brand":"Best","building":"yes","fuel:lpg":"yes","name":"Best","source":"Bing","@type":"way","@id":533506682},"geometry":{"type":"Point","coordinates":[100.3338399,14.0538726]}},{"type":"Feature","id":533509446,"properties":{"amenity":"fuel","brand":"PTT","brand:en":"PTT","brand:th":"ปตท","building":"yes","fuel:cng":"yes","fuel:diesel":"no","fuel:e20":"no","fuel:e85":"no","fuel:gasohol_91":"no","fuel:gasohol_95":"no","fuel:gasoline_91":"no","fuel:gasoline_95":"no","fuel:lpg":"no","name":"PTT","name:en":"PTT","name:th":"ปตท","source":"DigitalGlobe-Premium","@type":"way","@id":533509446},"geometry":{"type":"Point","coordinates":[100.3624223,14.014736]}},{"type":"Feature","id":533511583,"properties":{"amenity":"fuel","brand":"PTT","brand:en":"PTT","brand:th":"ปตท","building":"yes","fuel:diesel":"yes","fuel:e20":"yes","fuel:gasohol_91":"yes","fuel:gasohol_95":"yes","fuel:gasoline_95":"yes","name":"PTT","name:en":"PTT","name:th":"ปตท","operator":"ปตท","operator:en":"PTT","operator:th":"ปตท","source":"Bing","website":"www.pttplc.com","@type":"way","@id":533511583},"geometry":{"type":"Point","coordinates":[100.3943249,13.9733912]}},{"type":"Feature","id":533511584,"properties":{"amenity":"fuel","brand":"PTT","brand:en":"PTT","brand:th":"ปตท","building":"yes","fuel:diesel":"yes","fuel:e20":"yes","fuel:gasohol_91":"yes","fuel:gasohol_95":"yes","fuel:lpg":"yes","name":"PTT","name:en":"PTT","name:th":"ปตท","operator":"ปตท","operator:en":"PTT","operator:th":"ปตท","source":"Bing","website":"www.pttplc.com","@type":"way","@id":533511584},"geometry":{"type":"Point","coordinates":[100.3963205,13.9706004]}},{"type":"Feature","id":533513166,"properties":{"amenity":"fuel","building":"yes","name":"เอสโซ่","name:en":"Esso","operator":"Esso","operator:en":"Esso","operator:th":"เอสโซ่","source":"Bing","website":"https://www.esso.co.th/","@type":"way","@id":533513166},"geometry":{"type":"Point","coordinates":[100.3923453,13.9761911]}},{"type":"Feature","id":541452783,"properties":{"amenity":"fuel","building":"yes","name":"Pure","source":"DigitalGlobe-Standard","@type":"way","@id":541452783},"geometry":{"type":"Point","coordinates":[100.6560963,13.9940101]}},{"type":"Feature","id":543855022,"properties":{"amenity":"fuel","brand":"บางจาก","brand:en":"Bangchak","brand:th":"บางจาก","brand:wikidata":"Q6579719","building":"roof","name":"บางจาก","name:en":"Bangchak","name:th":"บางจาก","@type":"way","@id":543855022},"geometry":{"type":"Point","coordinates":[100.59599,13.8172212]}},{"type":"Feature","id":543858626,"properties":{"amenity":"fuel","brand":"บางจาก","brand:en":"Bangchak","brand:th":"บางจาก","brand:wikidata":"Q6579719","building":"roof","name":"บางจาก","name:en":"Bangchak","name:th":"บางจาก","@type":"way","@id":543858626},"geometry":{"type":"Point","coordinates":[100.5701285,13.831071]}},{"type":"Feature","id":546966362,"properties":{"amenity":"fuel","brand":"บางจาก","brand:en":"Bangchak","brand:th":"บางจาก","brand:wikidata":"Q6579719","name":"บางจาก","name:en":"Bangchak","name:th":"บางจาก","@type":"way","@id":546966362},"geometry":{"type":"Point","coordinates":[100.6156771,14.0416253]}},{"type":"Feature","id":546976029,"properties":{"amenity":"fuel","name":"ปั๊มบางจาก","name:en":"Bang Chak gas station","name:th":"ปั๊มบางจาก","opening_hours":"24/7","@type":"way","@id":546976029},"geometry":{"type":"Point","coordinates":[100.6179527,13.7369574]}},{"type":"Feature","id":546976030,"properties":{"amenity":"fuel","name":"ปั๊มเชลล์","name:en":"Shell gas station","name:th":"ปั๊มเชลล์","opening_hours":"24/7","@type":"way","@id":546976030},"geometry":{"type":"Point","coordinates":[100.6183877,13.7369841]}},{"type":"Feature","id":549855974,"properties":{"amenity":"fuel","building":"yes","name":"Bangchak","source":"DigitalGlobe-Standard","@type":"way","@id":549855974},"geometry":{"type":"Point","coordinates":[100.6510343,14.0652376]}},{"type":"Feature","id":556156521,"properties":{"amenity":"fuel","name":"บางจาก","@type":"way","@id":556156521},"geometry":{"type":"Point","coordinates":[100.4978981,13.6463899]}},{"type":"Feature","id":557073264,"properties":{"amenity":"fuel","brand":"บางจาก","brand:en":"Bangchak","brand:th":"บางจาก","brand:wikidata":"Q6579719","compressed_air":"no","fuel:diesel":"yes","fuel:gasohol_91":"yes","fuel:gasohol_95":"yes","name":"บางจาก","name:en":"Bangchak","name:th":"บางจาก","self_service":"no","@type":"way","@id":557073264},"geometry":{"type":"Point","coordinates":[100.720424,13.8474619]}},{"type":"Feature","id":557076385,"properties":{"amenity":"fuel","brand":"ป.ต.ท.","brand:en":"PTT","brand:th":"ป.ต.ท.","brand:wikidata":"Q1810389","name":"PTT","name:en":"PTT","name:th":"ป.ต.ท.","@type":"way","@id":557076385},"geometry":{"type":"Point","coordinates":[100.7207485,13.8507862]}},{"type":"Feature","id":560437337,"properties":{"amenity":"fuel","name":"Shell Station","@type":"way","@id":560437337},"geometry":{"type":"Point","coordinates":[100.6133035,13.74304]}},{"type":"Feature","id":562644443,"properties":{"addr:district":"บึงกุ่ม","addr:postcode":"10240","addr:province":"กรุงเทพมหานคร","addr:subdistrict":"คลองกุ่ม","amenity":"fuel","brand":"เชลล์","brand:en":"Shell","brand:th":"เชลล์","brand:wikidata":"Q110716465","building":"yes","layer":"1","name":"Shell","name:en":"Shell","name:th":"ปั๊มน้ำมันเชลล์ ปริสุทธิ์ เซลล์แอนด์เซอร์วิส สำนักงานใหญ่","@type":"way","@id":562644443},"geometry":{"type":"Point","coordinates":[100.6684738,13.7806875]}},{"type":"Feature","id":572872703,"properties":{"amenity":"fuel","brand":"บางจาก","brand:en":"Bangchak","brand:th":"บางจาก","brand:wikidata":"Q6579719","building":"roof","name":"บางจาก","name:en":"Bangchak","name:th":"บางจาก","@type":"way","@id":572872703},"geometry":{"type":"Point","coordinates":[100.2994654,13.786225]}},{"type":"Feature","id":586670549,"properties":{"amenity":"fuel","@type":"way","@id":586670549},"geometry":{"type":"Point","coordinates":[100.6063342,14.0672151]}},{"type":"Feature","id":587982859,"properties":{"amenity":"fuel","@type":"way","@id":587982859},"geometry":{"type":"Point","coordinates":[100.5902238,13.8981578]}},{"type":"Feature","id":589593619,"properties":{"amenity":"fuel","brand":"ป.ต.ท.","brand:en":"PTT","brand:th":"ป.ต.ท.","brand:wikidata":"Q1810389","compressed_air":"yes","name":"PTT - สวัสดิการกรมวิชาการเกษตร","name:en":"PTT","name:th":"ป.ต.ท.","operator":"PTT","@type":"way","@id":589593619},"geometry":{"type":"Point","coordinates":[100.5729051,13.8499444]}},{"type":"Feature","id":598492514,"properties":{"amenity":"fuel","building":"yes","fuel:cng":"yes","name":"ป.ต.ท.","name:en":"PTT","source":"DigitalGlobe-Standard","website":"www.pttplc.com","@type":"way","@id":598492514},"geometry":{"type":"Point","coordinates":[100.308377,14.0874965]}},{"type":"Feature","id":598492516,"properties":{"amenity":"fuel","building":"yes","name":"ป.ต.ท.","name:en":"PTT","source":"DigitalGlobe-Standard","website":"www.pttplc.com","@type":"way","@id":598492516},"geometry":{"type":"Point","coordinates":[100.3089289,14.0875462]}},{"type":"Feature","id":598494715,"properties":{"amenity":"fuel","brand":"PT","brand:en":"PT","brand:th":"พีที","building":"yes","fuel:diesel":"yes","fuel:gasohol_91":"yes","fuel:gasohol_95":"yes","fuel:gasoline_95":"yes","name":"PT","name:en":"PT","name:th":"พีที","source":"DigitalGlobe-Standard","@type":"way","@id":598494715},"geometry":{"type":"Point","coordinates":[100.3224894,14.0711196]}},{"type":"Feature","id":604432155,"properties":{"amenity":"fuel","name":"Caltex","@type":"way","@id":604432155},"geometry":{"type":"Point","coordinates":[100.6560832,13.7475427]}},{"type":"Feature","id":606557439,"properties":{"amenity":"fuel","name":"PTT","@type":"way","@id":606557439},"geometry":{"type":"Point","coordinates":[100.6450374,13.7501778]}},{"type":"Feature","id":606557461,"properties":{"amenity":"fuel","name":"PTT","@type":"way","@id":606557461},"geometry":{"type":"Point","coordinates":[100.6561768,13.7482536]}},{"type":"Feature","id":606635145,"properties":{"amenity":"fuel","building":"yes","fuel:diesel":"yes","fuel:gasohol_91":"yes","fuel:gasohol_95":"yes","fuel:gasoline_91":"yes","name":"ป.ต.ท.","name:en":"PTT","source":"DigitalGlobe-Standard, Sign","website":"www.pttplc.com","@type":"way","@id":606635145},"geometry":{"type":"Point","coordinates":[100.648171,13.9920329]}},{"type":"Feature","id":606635160,"properties":{"amenity":"fuel","building":"yes","fuel:diesel":"yes","fuel:e20":"yes","fuel:gasohol_91":"yes","fuel:gasohol_95":"yes","fuel:gasoline_91":"yes","fuel:ngv":"yes","name":"ป.ต.ท.","name:en":"PTT","source":"DigitalGlobe-Standard","website":"www.pttplc.com","@type":"way","@id":606635160},"geometry":{"type":"Point","coordinates":[100.6508731,13.9927155]}},{"type":"Feature","id":617542042,"properties":{"addr:district":"ลาดกระบัง","addr:housenumber":"197/1","addr:postcode":"10520","addr:province":"กรุงเทพมหานคร","addr:street":"ร่มเกล้า","addr:subdistrict":"คลองสามประเวศ","amenity":"fuel","brand":"เชลล์","building":"roof","fuel:biodiesel":"yes","fuel:diesel":"yes","fuel:e10":"yes","fuel:e20":"yes","fuel:gasohol_95":"yes","fuel:octane_91":"yes","name":"Shell ร่มเกล้า","operator":"บริษัททรัพย์มั่นคง เอนเนอร์ยี จำกัด","self_service":"no","source":"GPS","@type":"way","@id":617542042},"geometry":{"type":"Point","coordinates":[100.7470136,13.7413489]}},{"type":"Feature","id":618723122,"properties":{"amenity":"fuel","fuel:lpg":"yes","name":"เวิลด์แก๊ส","name:en":"World Gas","name:th":"เวิลด์แก๊ส","opening_hours":"24/7","@type":"way","@id":618723122},"geometry":{"type":"Point","coordinates":[100.5004135,13.7662477]}},{"type":"Feature","id":625745587,"properties":{"amenity":"fuel","brand":"ป.ต.ท.","brand:en":"PTT","brand:th":"ป.ต.ท.","brand:wikidata":"Q1810389","name":"PTT","name:en":"PTT","name:th":"ป.ต.ท.","@type":"way","@id":625745587},"geometry":{"type":"Point","coordinates":[100.6780698,13.7879772]}},{"type":"Feature","id":625745595,"properties":{"addr:district":"คันนายาว","addr:postcode":"10230","addr:province":"กรุงเทพมหานคร","addr:subdistrict":"รามอินทรา","amenity":"fuel","brand":"ป.ต.ท.","brand:en":"PTT","brand:th":"ป.ต.ท.","brand:wikidata":"Q1810389","building":"yes","name":"ป.ต.ท.","name:en":"PTT","name:th":"ป.ต.ท.","@type":"way","@id":625745595},"geometry":{"type":"Point","coordinates":[100.6787336,13.7873159]}},{"type":"Feature","id":626124330,"properties":{"amenity":"fuel","brand":"ป.ต.ท.","brand:en":"PTT","brand:th":"ป.ต.ท.","brand:wikidata":"Q1810389","name":"ป.ต.ท.","name:en":"PTT","name:th":"ป.ต.ท.","@type":"way","@id":626124330},"geometry":{"type":"Point","coordinates":[100.7822468,13.7516506]}},{"type":"Feature","id":626560425,"properties":{"amenity":"fuel","brand":"เอสโซ่","brand:en":"Esso","brand:th":"เอสโซ่","brand:wikidata":"Q867662","name":"Esso","name:en":"Esso","name:th":"เอสโซ่","@type":"way","@id":626560425},"geometry":{"type":"Point","coordinates":[100.66946,13.7803245]}},{"type":"Feature","id":628340085,"properties":{"amenity":"fuel","brand":"บางจาก","brand:en":"Bangchak","brand:th":"บางจาก","brand:wikidata":"Q6579719","name":"บางจาก","name:en":"Bangchak","name:th":"บางจาก","@type":"way","@id":628340085},"geometry":{"type":"Point","coordinates":[100.5884097,13.7380994]}},{"type":"Feature","id":628980424,"properties":{"amenity":"fuel","@type":"way","@id":628980424},"geometry":{"type":"Point","coordinates":[100.5154252,13.7455479]}},{"type":"Feature","id":630984542,"properties":{"amenity":"fuel","barrier":"wall","brand":"ปตท","brand:wikidata":"Q1810389","fuel:diesel":"yes","fuel:e20":"yes","fuel:octane_91":"yes","fuel:octane_95":"yes","name":"ปตท","name:en":"PTT","name:th":"ปตท","@type":"way","@id":630984542},"geometry":{"type":"Point","coordinates":[100.4879304,13.7716456]}},{"type":"Feature","id":633139481,"properties":{"amenity":"fuel","building":"roof","name":"PTT","source":"GPS","@type":"way","@id":633139481},"geometry":{"type":"Point","coordinates":[100.314406,14.0255631]}},{"type":"Feature","id":633139482,"properties":{"amenity":"fuel","building":"roof","name":"Caltex","source":"GPS","@type":"way","@id":633139482},"geometry":{"type":"Point","coordinates":[100.3114789,14.02541]}},{"type":"Feature","id":633139490,"properties":{"amenity":"fuel","building":"roof","name":"Bangchak","source":"GPS","@type":"way","@id":633139490},"geometry":{"type":"Point","coordinates":[100.3375511,14.0278763]}},{"type":"Feature","id":633139931,"properties":{"amenity":"fuel","building":"roof","name":"PT","source":"GPS","@type":"way","@id":633139931},"geometry":{"type":"Point","coordinates":[100.3815433,14.030649]}},{"type":"Feature","id":633140082,"properties":{"amenity":"fuel","building":"roof","name":"PTT","source":"GPS","@type":"way","@id":633140082},"geometry":{"type":"Point","coordinates":[100.4115733,14.0389048]}},{"type":"Feature","id":633140083,"properties":{"amenity":"fuel","building":"roof","name":"Susco","source":"GPS","@type":"way","@id":633140083},"geometry":{"type":"Point","coordinates":[100.4148523,14.0386513]}},{"type":"Feature","id":633140335,"properties":{"amenity":"fuel","building":"roof","name":"PTT","source":"GPS","@type":"way","@id":633140335},"geometry":{"type":"Point","coordinates":[100.4533597,14.0525071]}},{"type":"Feature","id":633144188,"properties":{"amenity":"fuel","brand":"Best","building":"roof","fuel:lpg":"yes","name":"Best LPG Station","source":"GPS","@type":"way","@id":633144188},"geometry":{"type":"Point","coordinates":[100.499774,14.0286694]}},{"type":"Feature","id":633144191,"properties":{"amenity":"fuel","building":"roof","name":"Bangchak","source":"GPS","@type":"way","@id":633144191},"geometry":{"type":"Point","coordinates":[100.4894594,14.0347309]}},{"type":"Feature","id":633144193,"properties":{"amenity":"fuel","building":"roof","name":"PTT","source":"GPS","@type":"way","@id":633144193},"geometry":{"type":"Point","coordinates":[100.5057906,14.0264784]}},{"type":"Feature","id":633144194,"properties":{"amenity":"fuel","building":"yes","name":"ป.ต.ท.","name:en":"PTT","source":"DigitalGlobe-Standard","website":"www.pttplc.com","@type":"way","@id":633144194},"geometry":{"type":"Point","coordinates":[100.5315718,14.0304417]}},{"type":"Feature","id":633145345,"properties":{"amenity":"fuel","building":"roof","name":"LPG Station","source":"GPS","@type":"way","@id":633145345},"geometry":{"type":"Point","coordinates":[100.53465,14.0299329]}},{"type":"Feature","id":633150514,"properties":{"amenity":"fuel","building":"roof","name":"PT","source":"GPS","@type":"way","@id":633150514},"geometry":{"type":"Point","coordinates":[100.553488,14.0092633]}},{"type":"Feature","id":633150515,"properties":{"amenity":"fuel","building":"yes","name":"เอ็นจีวี","name:en":"PTT NGV","name:th":"เอ็นจีวี","source":"DigitalGlobe-Standard","@type":"way","@id":633150515},"geometry":{"type":"Point","coordinates":[100.5480882,14.0172292]}},{"type":"Feature","id":633150518,"properties":{"amenity":"fuel","building":"roof","fuel:cng":"yes","fuel:diesel":"no","fuel:octane_91":"no","fuel:octane_95":"no","name":"P T T NGV Station","source":"GPS","@type":"way","@id":633150518},"geometry":{"type":"Point","coordinates":[100.5818185,13.9889715]}},{"type":"Feature","id":633150525,"properties":{"amenity":"fuel","brand":"บางจาก","brand:en":"Bangchak","brand:th":"บางจาก","brand:wikidata":"Q6579719","building":"roof","name":"Bangchak","name:en":"Bangchak","name:th":"บางจาก","source":"GPS","@type":"way","@id":633150525},"geometry":{"type":"Point","coordinates":[100.5776574,13.9937463]}},{"type":"Feature","id":633150526,"properties":{"amenity":"fuel","brand":"ป.ต.ท.","brand:en":"PTT","brand:th":"ป.ต.ท.","brand:wikidata":"Q1810389","building":"yes","name":"ปตท","name:en":"PTT","name:th":"ปตท","source":"DigitalGlobe-Standard","@type":"way","@id":633150526},"geometry":{"type":"Point","coordinates":[100.5568983,14.0055922]}},{"type":"Feature","id":633150527,"properties":{"amenity":"fuel","brand":"Esso","building":"yes","name":"เอสโซ่","name:en":"Esso","name:th":"เอสโซ่","source":"DigitalGlobe-Standard","@type":"way","@id":633150527},"geometry":{"type":"Point","coordinates":[100.5552103,14.0006249]}},{"type":"Feature","id":633150530,"properties":{"amenity":"fuel","building":"roof","compressed_air":"yes","fuel:cng":"no","fuel:diesel":"yes","fuel:octane_91":"yes","fuel:octane_95":"yes","name":"PTT","source":"GPS","@type":"way","@id":633150530},"geometry":{"type":"Point","coordinates":[100.5823673,13.9898079]}},{"type":"Feature","id":633150531,"properties":{"amenity":"fuel","brand":"Esso","building":"yes","name":"เอสโซ่","name:en":"Esso","name:th":"เอสโซ่","source":"DigitalGlobe-Standard","@type":"way","@id":633150531},"geometry":{"type":"Point","coordinates":[100.5602002,14.0061864]}},{"type":"Feature","id":633150533,"properties":{"amenity":"fuel","building":"yes","name":"เอ็นจีวี","name:en":"PTT NGV","name:th":"เอ็นจีวี","source":"DigitalGlobe-Standard","@type":"way","@id":633150533},"geometry":{"type":"Point","coordinates":[100.5484828,14.0157851]}},{"type":"Feature","id":633151022,"properties":{"amenity":"fuel","building":"yes","name":"LPG Station","source":"DigitalGlobe-Standard","@type":"way","@id":633151022},"geometry":{"type":"Point","coordinates":[100.5945484,13.9851969]}},{"type":"Feature","id":633151025,"properties":{"amenity":"fuel","building":"yes","name":"Bangchak","source":"DigitalGlobe-Standard","@type":"way","@id":633151025},"geometry":{"type":"Point","coordinates":[100.585154,13.9875547]}},{"type":"Feature","id":633151026,"properties":{"amenity":"fuel","brand":"Esso","brand:wikidata":"Q867662","building":"yes","name":"Esso","source":"DigitalGlobe-Standard","@type":"way","@id":633151026},"geometry":{"type":"Point","coordinates":[100.5955048,13.984574]}},{"type":"Feature","id":633151027,"properties":{"amenity":"fuel","building":"roof","name":"PTT","source":"GPS","@type":"way","@id":633151027},"geometry":{"type":"Point","coordinates":[100.5879542,13.9863287]}},{"type":"Feature","id":633151465,"properties":{"amenity":"fuel","building":"yes","name:en":"P T T","source":"DigitalGlobe-Standard","@type":"way","@id":633151465},"geometry":{"type":"Point","coordinates":[100.5979691,13.985078]}},{"type":"Feature","id":633151659,"properties":{"amenity":"fuel","brand":"เอสโซ่","brand:en":"Esso","brand:th":"เอสโซ่","brand:wikidata":"Q867662","building":"yes","layer":"1","name":"เอสโซ่","name:en":"Esso","name:th":"เอสโซ่","source":"DigitalGlobe-Standard","@type":"way","@id":633151659},"geometry":{"type":"Point","coordinates":[100.6119877,13.9873887]}},{"type":"Feature","id":633152222,"properties":{"amenity":"fuel","brand":"ป.ต.ท.","brand:en":"PTT","brand:th":"ป.ต.ท.","brand:wikidata":"Q1810389","building":"roof","name":"PTT NGV Station","name:en":"PTT","name:th":"ป.ต.ท.","source":"GPS","@type":"way","@id":633152222},"geometry":{"type":"Point","coordinates":[100.611205,13.8667063]}},{"type":"Feature","id":633152223,"properties":{"amenity":"fuel","building":"roof","fuel:lpg":"yes","name":"Best LPG","source":"GPS","@type":"way","@id":633152223},"geometry":{"type":"Point","coordinates":[100.6194814,13.8622629]}},{"type":"Feature","id":633155905,"properties":{"addr:district":"คันนายาว","addr:postcode":"10230","addr:province":"กรุงเทพมหานคร","addr:subdistrict":"รามอินทรา","amenity":"fuel","brand":"บางจาก","brand:en":"Bangchak","brand:th":"บางจาก","brand:wikidata":"Q6579719","building":"roof","layer":"1","name":"บางจาก","name:en":"Bangchak","name:th":"บางจาก","source":"GPS","@type":"way","@id":633155905},"geometry":{"type":"Point","coordinates":[100.6505396,13.8454221]}},{"type":"Feature","id":633155907,"properties":{"amenity":"fuel","brand":"Caltex","brand:wikidata":"Q277470","brand:wikipedia":"en:Caltex","building":"roof","name":"Caltex","source":"GPS","@type":"way","@id":633155907},"geometry":{"type":"Point","coordinates":[100.6471907,13.8464273]}},{"type":"Feature","id":633156198,"properties":{"addr:district":"คันนายาว","addr:postcode":"10230","addr:province":"กรุงเทพมหานคร","addr:subdistrict":"รามอินทรา","amenity":"fuel","building":"roof","name":"Susco","source":"GPS","@type":"way","@id":633156198},"geometry":{"type":"Point","coordinates":[100.6655287,13.8362235]}},{"type":"Feature","id":633157141,"properties":{"addr:district":"สะพานสูง","addr:postcode":"10240","addr:province":"กรุงเทพมหานคร","addr:subdistrict":"ราษฎร์พัฒนา","amenity":"fuel","brand":"PT","brand:wikidata":"Q62298612","building":"roof","name":"PT","source":"GPS","@type":"way","@id":633157141},"geometry":{"type":"Point","coordinates":[100.6920233,13.7875961]}},{"type":"Feature","id":633157537,"properties":{"amenity":"fuel","brand":"เชลล์","brand:en":"Shell","brand:th":"เชลล์","brand:wikidata":"Q110716465","building":"roof","layer":"1","name":"Shell","name:en":"Shell","name:th":"เชลล์","source":"GPS","@type":"way","@id":633157537},"geometry":{"type":"Point","coordinates":[100.7177772,13.8011734]}},{"type":"Feature","id":633159049,"properties":{"amenity":"fuel","building":"roof","layer":"1","name":"Caltex","source":"GPS","@type":"way","@id":633159049},"geometry":{"type":"Point","coordinates":[100.7459158,13.7870154]}},{"type":"Feature","id":633159054,"properties":{"amenity":"fuel","brand":"ป.ต.ท.","brand:en":"PTT","brand:th":"ป.ต.ท.","brand:wikidata":"Q1810389","building":"roof","layer":"1","name":"PTT","name:en":"PTT","name:th":"ป.ต.ท.","source":"GPS","@type":"way","@id":633159054},"geometry":{"type":"Point","coordinates":[100.7466972,13.7857978]}},{"type":"Feature","id":633161140,"properties":{"addr:district":"ลาดกระบัง","addr:postcode":"10520","addr:province":"กรุงเทพมหานคร","amenity":"fuel","building":"roof","name":"P T T NGV station","source":"GPS","@type":"way","@id":633161140},"geometry":{"type":"Point","coordinates":[100.7470741,13.7444629]}},{"type":"Feature","id":633161141,"properties":{"addr:district":"ลาดกระบัง","addr:postcode":"10520","addr:province":"กรุงเทพมหานคร","amenity":"fuel","building":"yes","name":"Esso","source":"DigitalGlobe-Standard","@type":"way","@id":633161141},"geometry":{"type":"Point","coordinates":[100.7459027,13.769546]}},{"type":"Feature","id":633161142,"properties":{"addr:district":"ลาดกระบัง","addr:postcode":"10520","addr:province":"กรุงเทพมหานคร","amenity":"fuel","brand":"เชลล์","brand:en":"Shell","brand:th":"เชลล์","brand:wikidata":"Q110716465","building":"roof","name":"เชลล์","name:en":"Shell","name:th":"เชลล์","note":"New in 2018.","source":"GPS","@type":"way","@id":633161142},"geometry":{"type":"Point","coordinates":[100.7791087,13.7528349]}},{"type":"Feature","id":633161144,"properties":{"addr:district":"ลาดกระบัง","addr:postcode":"10520","addr:province":"กรุงเทพมหานคร","amenity":"fuel","brand":"เชลล์","brand:en":"Shell","brand:th":"เชลล์","brand:wikidata":"Q110716465","building":"yes","fuel:diesel":"yes","fuel:octane_91":"yes","fuel:octane_95":"yes","layer":"1","name":"เชลล์","name:en":"Shell","name:th":"เชลล์","source":"DigitalGlobe-Standard","@type":"way","@id":633161144},"geometry":{"type":"Point","coordinates":[100.7504658,13.7551651]}},{"type":"Feature","id":633161145,"properties":{"addr:district":"ลาดกระบัง","addr:postcode":"10520","addr:province":"กรุงเทพมหานคร","amenity":"fuel","building":"roof","name":"PTT","source":"GPS","@type":"way","@id":633161145},"geometry":{"type":"Point","coordinates":[100.7460541,13.7491961]}},{"type":"Feature","id":633161146,"properties":{"addr:district":"ลาดกระบัง","addr:postcode":"10520","addr:province":"กรุงเทพมหานคร","amenity":"fuel","branch":"Rungrattapol Group Bangkok","brand":"บางจาก","brand:en":"Bangchak","brand:th":"บางจาก","building":"roof","check_date":"2023-01-02","internet_access":"no","name":"บางจาก","name:en":"Bangchak","name:th":"บางจาก","note":"New in 2018 - not on aerials","payment:mastercard":"yes","payment:visa":"yes","source":"GPS","@type":"way","@id":633161146},"geometry":{"type":"Point","coordinates":[100.7469923,13.7456664]}},{"type":"Feature","id":635926674,"properties":{"amenity":"fuel","name":"Susco","@type":"way","@id":635926674},"geometry":{"type":"Point","coordinates":[100.5907346,13.81505]}},{"type":"Feature","id":636191491,"properties":{"amenity":"fuel","barrier":"wall","brand":"ป.ต.ท.","brand:en":"PTT","brand:th":"ป.ต.ท.","brand:wikidata":"Q1810389","fuel:diesel":"yes","fuel:e10":"yes","fuel:lpg":"yes","fuel:octane_95":"yes","landuse":"commercial","name":"ปตท","name:en":"PTT","name:th":"ปตท","operator":"บริษัท ขวัญดาวปิโตรเลียม จำกัด","source":"survey","@type":"way","@id":636191491},"geometry":{"type":"Point","coordinates":[100.4967174,13.7635242]}},{"type":"Feature","id":656784446,"properties":{"amenity":"fuel","brand":"PTG","building":"yes","name":"ปั๊มน้ำมัน พีที","name:en":"PT Gas Station","name:th":"ปั๊มน้ำมัน พีที","payment:cash":"yes","payment:credit_cards":"yes","website":"https://www.ptgenergy.co.th/","@type":"way","@id":656784446},"geometry":{"type":"Point","coordinates":[100.4755959,13.8260122]}},{"type":"Feature","id":657457028,"properties":{"amenity":"fuel","brand":"PTG","landuse":"commercial","name":"ปั๊มน้ำมัน พีที บางกร่าง 2","name:en":"PT Gas Station","name:th":"ปั๊มน้ำมัน พีที บางกร่าง 2","opening_hours":"Mo-Su 05:00-23:00","payment:cash":"yes","payment:mastercard":"yes","payment:visa":"yes","phone":"090 880 8292","website":"https://www.ptgenergy.co.th/","@type":"way","@id":657457028},"geometry":{"type":"Point","coordinates":[100.4696637,13.8341632]}},{"type":"Feature","id":664039388,"properties":{"amenity":"fuel","brand":"PPT","full_service":"yes","self_service":"no","shop":"yes","toilets":"yes","@type":"way","@id":664039388},"geometry":{"type":"Point","coordinates":[100.4743678,13.9543582]}},{"type":"Feature","id":678595178,"properties":{"amenity":"fuel","brand":"ป.ต.ท.","brand:en":"PTT","brand:th":"ป.ต.ท.","brand:wikidata":"Q1810389","name":"ป.ต.ท.","name:en":"PTT","name:th":"ป.ต.ท.","@type":"way","@id":678595178},"geometry":{"type":"Point","coordinates":[100.4580443,13.6728603]}},{"type":"Feature","id":682340012,"properties":{"amenity":"fuel","brand":"ป.ต.ท.","brand:en":"PTT","brand:th":"ป.ต.ท.","brand:wikidata":"Q1810389","brand:wikipedia":"th:ปตท.","name":"PTT","name:en":"PTT","name:th":"สถานีบริการน้ำมันปตท.","@type":"way","@id":682340012},"geometry":{"type":"Point","coordinates":[100.4877083,13.8295176]}},{"type":"Feature","id":700609248,"properties":{"amenity":"fuel","name":"สถานีบริการน้ำมันซัสโก้","name:en":"Susco","name:th":"สถานีบริการน้ำมันซัสโก้","website":"https://www.susco.co.th/","@type":"way","@id":700609248},"geometry":{"type":"Point","coordinates":[100.5134839,13.847253]}},{"type":"Feature","id":751010676,"properties":{"amenity":"fuel","brand":"เชลล์","brand:en":"Shell","brand:th":"เชลล์","brand:wikidata":"Q110716465","building":"roof","name":"เชลล์","name:en":"Shell","name:th":"เชลล์","opening_hours":"24/7","@type":"way","@id":751010676},"geometry":{"type":"Point","coordinates":[100.5325383,13.8252694]}},{"type":"Feature","id":762237178,"properties":{"amenity":"fuel","brand":"บางจาก","brand:en":"Bangchak","brand:th":"บางจาก","brand:wikidata":"Q6579719","building":"roof","layer":"1","name":"บางจาก","name:en":"Bangchak","name:th":"บางจาก","@type":"way","@id":762237178},"geometry":{"type":"Point","coordinates":[100.6421146,13.7281446]}},{"type":"Feature","id":778467612,"properties":{"amenity":"fuel","brand":"PTG","landuse":"commercial","name":"ปั๊มน้ำมัน พีที","name:en":"PT Gas Station","name:th":"ปั๊มน้ำมัน พีที","website":"https://www.ptgenergy.co.th/","@type":"way","@id":778467612},"geometry":{"type":"Point","coordinates":[100.466425,13.8361362]}},{"type":"Feature","id":778480578,"properties":{"amenity":"fuel","name":"สถานีบริการน้ำมันเอสโซ่","name:en":"Esso Gas Station","name:th":"สถานีบริการน้ำมันเอสโซ่","website":"https://www.fuels.esso.co.th/","@type":"way","@id":778480578},"geometry":{"type":"Point","coordinates":[100.5019687,13.8299289]}},{"type":"Feature","id":778480579,"properties":{"amenity":"fuel","name":"สถานีบริการน้ำมันเชลล์","name:en":"Shell Gas Station","name:th":"สถานีบริการน้ำมันเชลล์","website":"https://www.shell.co.th/","@type":"way","@id":778480579},"geometry":{"type":"Point","coordinates":[100.5015882,13.8310231]}},{"type":"Feature","id":789848168,"properties":{"amenity":"fuel","building":"roof","name":"PT Station","source":"Bing","@type":"way","@id":789848168},"geometry":{"type":"Point","coordinates":[100.8930509,13.9610696]}},{"type":"Feature","id":815484174,"properties":{"amenity":"fuel","building":"roof","name":"PT","source":"Bing","@type":"way","@id":815484174},"geometry":{"type":"Point","coordinates":[100.2674901,13.6542431]}},{"type":"Feature","id":815484175,"properties":{"amenity":"fuel","building":"roof","name":"PT","source":"Bing","@type":"way","@id":815484175},"geometry":{"type":"Point","coordinates":[100.2692936,13.6545273]}},{"type":"Feature","id":815484178,"properties":{"amenity":"fuel","building":"roof","name":"PTT","source":"Bing","@type":"way","@id":815484178},"geometry":{"type":"Point","coordinates":[100.2715592,13.6536891]}},{"type":"Feature","id":815492552,"properties":{"amenity":"fuel","building":"roof","name":"PT","source":"Bing","@type":"way","@id":815492552},"geometry":{"type":"Point","coordinates":[100.2763211,13.6516671]}},{"type":"Feature","id":815492555,"properties":{"amenity":"fuel","building":"roof","name":"NGV/LPG Station","source":"Bing","@type":"way","@id":815492555},"geometry":{"type":"Point","coordinates":[100.2895585,13.6474699]}},{"type":"Feature","id":815492558,"properties":{"amenity":"fuel","building":"roof","name":"PTT","source":"Bing","@type":"way","@id":815492558},"geometry":{"type":"Point","coordinates":[100.2896913,13.6481384]}},{"type":"Feature","id":819301703,"properties":{"amenity":"fuel","brand":"บางจาก","brand:en":"Bangchak","brand:th":"บางจาก","brand:wikidata":"Q6579719","building":"yes","name":"บางจาก","name:en":"Bangchak","name:th":"บางจาก","@type":"way","@id":819301703},"geometry":{"type":"Point","coordinates":[100.6174889,13.6704482]}},{"type":"Feature","id":821196311,"properties":{"amenity":"fuel","building":"roof","name":"Fuel Station","source":"Bing","@type":"way","@id":821196311},"geometry":{"type":"Point","coordinates":[100.2840496,13.5673004]}},{"type":"Feature","id":821203722,"properties":{"amenity":"fuel","brand":"PTT","brand:en":"PTT","brand:th":"ปตท","building":"roof","name":"PTT","name:en":"PTT","name:th":"ปตท","source":"Bing","@type":"way","@id":821203722},"geometry":{"type":"Point","coordinates":[100.3191803,13.5852464]}},{"type":"Feature","id":821203724,"properties":{"amenity":"fuel","brand":"ป.ต.ท.","brand:en":"PTT","brand:th":"ป.ต.ท.","brand:wikidata":"Q1810389","building":"roof","layer":"1","name":"PTT","name:en":"PTT","name:th":"ป.ต.ท.","self_service":"no","source":"Bing","@type":"way","@id":821203724},"geometry":{"type":"Point","coordinates":[100.3934494,13.6252333]}},{"type":"Feature","id":821203728,"properties":{"amenity":"fuel","building":"roof","name":"Shell Station","source":"Bing","@type":"way","@id":821203728},"geometry":{"type":"Point","coordinates":[100.3905403,13.6222623]}},{"type":"Feature","id":821203729,"properties":{"amenity":"fuel","building":"roof","name":"PTT","source":"Bing","@type":"way","@id":821203729},"geometry":{"type":"Point","coordinates":[100.3379944,13.5934659]}},{"type":"Feature","id":821203730,"properties":{"amenity":"fuel","brand":"บางจาก","brand:en":"Bangchak","brand:th":"บางจาก","building":"roof","name":"บางจาก","name:en":"Bangchak","name:th":"บางจาก","source":"Bing","@type":"way","@id":821203730},"geometry":{"type":"Point","coordinates":[100.336773,13.5919545]}},{"type":"Feature","id":851984406,"properties":{"amenity":"fuel","landuse":"commercial","@type":"way","@id":851984406},"geometry":{"type":"Point","coordinates":[100.4807143,13.8416259]}},{"type":"Feature","id":863258749,"properties":{"amenity":"fuel","brand":"ป.ต.ท.","brand:en":"PTT","brand:th":"ป.ต.ท.","brand:wikidata":"Q1810389","brand:wikipedia":"en:PTT Public Company Limited","name":"PTT","name:en":"PTT","name:th":"ป.ต.ท.","@type":"way","@id":863258749},"geometry":{"type":"Point","coordinates":[100.536006,13.7617635]}},{"type":"Feature","id":884363494,"properties":{"amenity":"fuel","brand":"ป.ต.ท.","brand:en":"PTT","brand:th":"ป.ต.ท.","brand:wikidata":"Q1810389","name":"ป.ต.ท.","name:en":"PTT","name:th":"ป.ต.ท.","@type":"way","@id":884363494},"geometry":{"type":"Point","coordinates":[100.603829,13.6859644]}},{"type":"Feature","id":890232732,"properties":{"amenity":"fuel","brand":"บางจาก","brand:en":"Bangchak","brand:th":"บางจาก","brand:wikidata":"Q6579719","landuse":"commercial","name":"Bangchak","name:en":"Bangchak","name:th":"บางจาก","@type":"way","@id":890232732},"geometry":{"type":"Point","coordinates":[100.6151986,13.6637706]}},{"type":"Feature","id":895652091,"properties":{"amenity":"fuel","brand":"Bangchak","brand:wikidata":"Q6579719","brand:wikipedia":"zh:曼差石油股份","compressed_air":"yes","name":"Bangchak","opening_hours":"24/7","@type":"way","@id":895652091},"geometry":{"type":"Point","coordinates":[100.7161195,13.6317261]}},{"type":"Feature","id":895663153,"properties":{"amenity":"fuel","brand":"PTT","brand:wikidata":"Q1810389","brand:wikipedia":"en:PTT Public Company Limited","name":"PTT","@type":"way","@id":895663153},"geometry":{"type":"Point","coordinates":[100.7302382,13.6250789]}},{"type":"Feature","id":895701768,"properties":{"amenity":"fuel","check_date:opening_hours":"2022-08-05","compressed_air":"no","name":"บริษัท ไทยอีวี จำกัด","opening_hours:signed":"no","@type":"way","@id":895701768},"geometry":{"type":"Point","coordinates":[100.7178289,13.6311799]}},{"type":"Feature","id":895942511,"properties":{"amenity":"fuel","brand":"Bangchak","brand:wikidata":"Q6579719","brand:wikipedia":"zh:曼差石油股份","name":"Bangchak","@type":"way","@id":895942511},"geometry":{"type":"Point","coordinates":[100.7114249,13.6408187]}},{"type":"Feature","id":895942512,"properties":{"amenity":"fuel","name":"ปัํม LPG","@type":"way","@id":895942512},"geometry":{"type":"Point","coordinates":[100.7121011,13.6415007]}},{"type":"Feature","id":895942515,"properties":{"amenity":"fuel","brand":"Caltex","brand:wikidata":"Q277470","brand:wikipedia":"en:Caltex","name":"Caltex","@type":"way","@id":895942515},"geometry":{"type":"Point","coordinates":[100.7079719,13.6285799]}},{"type":"Feature","id":895962464,"properties":{"amenity":"fuel","brand":"7-Eleven","brand:wikidata":"Q259340","brand:wikipedia":"en:7-Eleven","name":"7-Eleven","@type":"way","@id":895962464},"geometry":{"type":"Point","coordinates":[100.7303059,13.6248663]}},{"type":"Feature","id":896704241,"properties":{"amenity":"fuel","brand":"บางจาก","brand:en":"Bangchak","brand:th":"บางจาก","brand:wikidata":"Q6579719","brand:wikipedia":"zh:曼差石油股份","name":"Bangchak","name:en":"Bangchak","name:th":"บางจาก","@type":"way","@id":896704241},"geometry":{"type":"Point","coordinates":[100.7455044,13.6182092]}},{"type":"Feature","id":898104233,"properties":{"addr:district":"ราชเทวี","addr:postcode":"10400","addr:province":"กรุงเทพมหานคร","addr:subdistrict":"ถนนเพชรบุรี","amenity":"fuel","brand":"เชลล์","brand:en":"Shell","brand:th":"เชลล์","brand:wikidata":"Q110716465","building":"roof","layer":"1","name":"Shell","name:en":"Shell","name:th":"เชลล์","@type":"way","@id":898104233},"geometry":{"type":"Point","coordinates":[100.5255422,13.7512493]}},{"type":"Feature","id":907360043,"properties":{"amenity":"fuel","brand":"Bangchak","brand:wikidata":"Q6579719","brand:wikipedia":"zh:曼差石油股份","name":"Bangchak","@type":"way","@id":907360043},"geometry":{"type":"Point","coordinates":[100.7351281,13.6204267]}},{"type":"Feature","id":914280263,"properties":{"amenity":"fuel","brand":"Shell","brand:wikidata":"Q154950","brand:wikipedia":"en:Royal Dutch Shell","name":"Shell","name:en":"Shell","name:th":"สถานีบริการน้ำมันเชลล์","website":"https://www.shell.co.th/","@type":"way","@id":914280263},"geometry":{"type":"Point","coordinates":[100.4870327,13.8289594]}},{"type":"Feature","id":946938030,"properties":{"amenity":"fuel","brand":"เอสโซ่","brand:en":"Esso","brand:th":"เอสโซ่","brand:wikidata":"Q867662","brand:wikipedia":"en:Esso","name":"Esso","name:en":"Esso","name:th":"เอสโซ่","@type":"way","@id":946938030},"geometry":{"type":"Point","coordinates":[100.6388195,13.9703952]}},{"type":"Feature","id":973557812,"properties":{"amenity":"fuel","@type":"way","@id":973557812},"geometry":{"type":"Point","coordinates":[100.5339852,13.8408288]}},{"type":"Feature","id":1037057111,"properties":{"amenity":"fuel","@type":"way","@id":1037057111},"geometry":{"type":"Point","coordinates":[100.281769,13.5914115]}},{"type":"Feature","id":1041601548,"properties":{"amenity":"fuel","brand":"ป.ต.ท.","brand:en":"PTT","brand:th":"ป.ต.ท.","brand:wikidata":"Q1810389","brand:wikipedia":"th:ปตท.","building":"roof","name":"ป.ต.ท. ศรีนครินทร์-บางเมือง","name:en":"PTT Station Srinagarindra-Bang Muang","name:th":"ป.ต.ท. ศรีนครินทร์-บางเมือง","@type":"way","@id":1041601548},"geometry":{"type":"Point","coordinates":[100.6156039,13.6057903]}},{"type":"Feature","id":1041605597,"properties":{"amenity":"fuel","brand":"PTT","name":"ป.ต.ท. บางเมือง","not:brand:wikidata":"Q1810389","@type":"way","@id":1041605597},"geometry":{"type":"Point","coordinates":[100.6213892,13.6154113]}},{"type":"Feature","id":1055041397,"properties":{"amenity":"fuel","brand":"ป.ต.ท.","brand:en":"PTT","brand:th":"ป.ต.ท.","brand:wikidata":"Q1810389","name":"PTT","name:en":"PTT","name:th":"ป.ต.ท.","@type":"way","@id":1055041397},"geometry":{"type":"Point","coordinates":[100.601696,13.6856192]}},{"type":"Feature","id":1055308558,"properties":{"amenity":"fuel","brand":"บางจาก","brand:en":"Bangchak","brand:th":"บางจาก","brand:wikidata":"Q6579719","name":"Bangchak Sukhumvit 62","name:en":"Bangchak","name:th":"บางจาก","@type":"way","@id":1055308558},"geometry":{"type":"Point","coordinates":[100.605612,13.6952847]}},{"type":"Feature","id":1081735733,"properties":{"amenity":"fuel","brand":"PTT","name":"ปั้มน้ำมัน ปตท สามย่าน","name:en":"PTT Station Samyan","name:th":"ปั้มน้ำมัน ปตท สามย่าน","operator":"PTT","self_service":"no","@type":"way","@id":1081735733},"geometry":{"type":"Point","coordinates":[100.5249582,13.7346993]}},{"type":"Feature","id":1087621069,"properties":{"addr:city":"ทุ่งครุ","addr:housenumber":"2/103","addr:postcode":"10140","addr:street":"ถนนประชาอุทิศ","amenity":"fuel","brand":"ป.ต.ท.","brand:en":"PTT","brand:th":"ป.ต.ท.","brand:wikidata":"Q1810389","name":"สถานีบริการ NGV ปตท. ประชาอุทิศปิโตรเลียม","name:en":"PTT NGV Station","name:th":"ป.ต.ท.","@type":"way","@id":1087621069},"geometry":{"type":"Point","coordinates":[100.5048954,13.627038]}},{"type":"Feature","id":1087621070,"properties":{"amenity":"fuel","brand":"PT","brand:wikidata":"Q62298612","name":"สถานีบริการน้ำมัน PT สาขาทุ่งครุ","@type":"way","@id":1087621070},"geometry":{"type":"Point","coordinates":[100.5051095,13.6272122]}},{"type":"Feature","id":1089803999,"properties":{"amenity":"fuel","brand":"เชลล์","brand:en":"Shell","brand:th":"เชลล์","brand:wikidata":"Q110716465","name":"เชลล์","name:en":"Shell","name:th":"เชลล์","operator":"Shell","@type":"way","@id":1089803999},"geometry":{"type":"Point","coordinates":[100.62709,13.8808643]}},{"type":"Feature","id":1089804001,"properties":{"amenity":"fuel","brand":"ป.ต.ท.","brand:en":"PTT","brand:th":"ป.ต.ท.","brand:wikidata":"Q1810389","name":"PTT","name:en":"PTT","name:th":"ป.ต.ท.","@type":"way","@id":1089804001},"geometry":{"type":"Point","coordinates":[100.6305919,13.8780548]}},{"type":"Feature","id":1107911068,"properties":{"amenity":"fuel","brand":"ป.ต.ท.","brand:en":"PTT","brand:th":"ป.ต.ท.","brand:wikidata":"Q1810389","name":"PTT","name:en":"PTT Samutthai Petroleum","name:th":"ป.ต.ท. สมุทรปิโตรเลียมไทย","@type":"way","@id":1107911068},"geometry":{"type":"Point","coordinates":[100.603786,13.5979354]}},{"type":"Feature","id":1109518815,"properties":{"amenity":"fuel","name":"Sussco","name:th":"ปั๊ม ซัสโก้ สาขา วัดยายร่ม","@type":"way","@id":1109518815},"geometry":{"type":"Point","coordinates":[100.4652976,13.6771984]}},{"type":"Feature","id":1110741600,"properties":{"amenity":"fuel","@type":"way","@id":1110741600},"geometry":{"type":"Point","coordinates":[100.548514,13.8727042]}},{"type":"Feature","id":1110741608,"properties":{"amenity":"fuel","@type":"way","@id":1110741608},"geometry":{"type":"Point","coordinates":[100.5487227,13.8735372]}},{"type":"Feature","id":1110742105,"properties":{"amenity":"fuel","@type":"way","@id":1110742105},"geometry":{"type":"Point","coordinates":[100.5488694,13.8739821]}},{"type":"Feature","id":1110742110,"properties":{"amenity":"fuel","@type":"way","@id":1110742110},"geometry":{"type":"Point","coordinates":[100.5490408,13.8749817]}},{"type":"Feature","id":1121236566,"properties":{"amenity":"fuel","@type":"way","@id":1121236566},"geometry":{"type":"Point","coordinates":[100.6742474,13.7779346]}},{"type":"Feature","id":1121236809,"properties":{"amenity":"fuel","@type":"way","@id":1121236809},"geometry":{"type":"Point","coordinates":[100.6746103,13.7770605]}},{"type":"Feature","id":1121687449,"properties":{"amenity":"fuel","brand":"เชลล์","brand:en":"Shell","brand:th":"เชลล์","brand:wikidata":"Q110716465","name":"Shell","name:en":"Shell","name:th":"เชลล์","@type":"way","@id":1121687449},"geometry":{"type":"Point","coordinates":[100.6734493,13.7774701]}},{"type":"Feature","id":1122054189,"properties":{"amenity":"fuel","brand":"เอสโซ่","brand:en":"Esso","brand:th":"เอสโซ่","brand:wikidata":"Q867662","name":"เอสโซ่","name:en":"Esso","name:th":"เอสโซ่","@type":"way","@id":1122054189},"geometry":{"type":"Point","coordinates":[100.6698847,13.7755238]}},{"type":"Feature","id":1124893949,"properties":{"amenity":"fuel","brand":"บางจาก","brand:en":"Bangchak","brand:th":"บางจาก","brand:wikidata":"Q6579719","name":"บางจาก","name:en":"Bangchak","name:th":"บางจาก","@type":"way","@id":1124893949},"geometry":{"type":"Point","coordinates":[100.6604937,13.7767002]}},{"type":"Feature","id":1125765374,"properties":{"amenity":"fuel","brand":"Caltex","brand:wikidata":"Q277470","building":"roof","name":"Caltex","@type":"way","@id":1125765374},"geometry":{"type":"Point","coordinates":[100.6527086,13.8149077]}},{"type":"Feature","id":1126449537,"properties":{"addr:city":"แขวงบางพรม","addr:housenumber":"4/1","addr:postcode":"10170","addr:street":"ถนนราชพฤกษ์","amenity":"fuel","brand":"เชลล์","brand:en":"Shell","brand:th":"เชลล์","brand:wikidata":"Q110716465","fuel:diesel":"yes","fuel:e20":"yes","fuel:gasohol_91":"yes","fuel:gasohol_95":"yes","name":"Shell นำรุ่งเรือง (1992) สาขา4","name:en":"Shell NAMRUNGRUANG B4","name:th":"เชลล์ นำรุ่งเรือง (1992) สาขา4","opening_hours":"24/7","operator":"บริษัท นำรุงเรือง (1992) จำกัด","source":"microsoft/BuildingFootprints","@type":"way","@id":1126449537},"geometry":{"type":"Point","coordinates":[100.4483558,13.7460157]}},{"type":"Feature","id":1128398494,"properties":{"amenity":"fuel","brand":"บางจาก","brand:en":"Bangchak","brand:th":"บางจาก","brand:wikidata":"Q6579719","name":"บางจาก","name:en":"Bangchak","name:th":"บางจาก","@type":"way","@id":1128398494},"geometry":{"type":"Point","coordinates":[100.4824716,13.8429371]}},{"type":"Feature","id":1131083923,"properties":{"addr:city":"แขวงปากคลองภาษีเจริญ","addr:housenumber":"42","addr:postcode":"10160","addr:street":"ถนนราชพฤกษ์","amenity":"fuel","brand":"ป.ต.ท.","brand:en":"PTT","brand:th":"ป.ต.ท.","brand:wikidata":"Q1810389","fuel:benzin":"yes","fuel:diesel":"yes","fuel:diesel_b7":"yes","fuel:e20":"yes","fuel:gasohol_91":"yes","fuel:gasohol_95":"yes","name":"PTT Station สาทร-ราชพฤกษ์","name:en":"PTT","name:th":"ปตท.สาทร-ราชพฤกษ์","operator":"บริษัท ต้นคิด จำกัด","@type":"way","@id":1131083923},"geometry":{"type":"Point","coordinates":[100.4626546,13.7151665]}},{"type":"Feature","id":1131086912,"properties":{"amenity":"fuel","brand":"Caltex","brand:wikidata":"Q277470","building":"yes","fuel:diesel":"yes","fuel:diesel_b7":"yes","fuel:e20":"yes","fuel:gasohol_95":"yes","name":"Caltex เพชรพระเทพ","@type":"way","@id":1131086912},"geometry":{"type":"Point","coordinates":[100.4489784,13.7521387]}},{"type":"Feature","id":1131086915,"properties":{"amenity":"fuel","brand":"บางจาก","brand:en":"Bangchak","brand:th":"บางจาก","brand:wikidata":"Q6579719","fuel:diesel_b7":"yes","fuel:e20":"yes","fuel:e85":"yes","fuel:gasohol_91":"yes","fuel:gasohol_95":"yes","name":"บางจาก","name:en":"Bangchak","name:th":"บางจาก","@type":"way","@id":1131086915},"geometry":{"type":"Point","coordinates":[100.4519548,13.7524593]}},{"type":"Feature","id":1131107418,"properties":{"amenity":"fuel","brand":"บางจาก","brand:en":"Bangchak","brand:th":"บางจาก","brand:wikidata":"Q6579719","building":"roof","layer":"1","name":"บางจาก","name:en":"Bangchak","name:th":"บางจาก","@type":"way","@id":1131107418},"geometry":{"type":"Point","coordinates":[100.6497195,13.7317481]}},{"type":"Feature","id":1131598839,"properties":{"amenity":"fuel","brand":"ป.ต.ท.","brand:en":"PTT","brand:th":"ป.ต.ท.","brand:wikidata":"Q1810389","name":"PTT","name:en":"PTT","name:th":"ป.ต.ท.","@type":"way","@id":1131598839},"geometry":{"type":"Point","coordinates":[100.6886655,13.701451]}},{"type":"Feature","id":1132753982,"properties":{"amenity":"fuel","brand":"PT","brand:wikidata":"Q62298612","name":"PT","@type":"way","@id":1132753982},"geometry":{"type":"Point","coordinates":[100.6583703,13.7241898]}},{"type":"Feature","id":1133386625,"properties":{"amenity":"fuel","brand":"PT","brand:wikidata":"Q62298612","building":"yes","name":"PT","@type":"way","@id":1133386625},"geometry":{"type":"Point","coordinates":[100.442663,13.7516449]}},{"type":"Feature","id":1133386635,"properties":{"amenity":"fuel","brand":"ป.ต.ท.","brand:en":"PTT","brand:th":"ป.ต.ท.","brand:wikidata":"Q1810389","building":"yes","name":"ป.ต.ท.","name:en":"PTT","name:th":"ป.ต.ท.","@type":"way","@id":1133386635},"geometry":{"type":"Point","coordinates":[100.4420051,13.7515644]}},{"type":"Feature","id":1133456860,"properties":{"amenity":"fuel","brand":"ป.ต.ท.","brand:en":"PTT","brand:th":"ป.ต.ท.","brand:wikidata":"Q1810389","name":"ป.ต.ท.","name:en":"PTT","name:th":"ป.ต.ท.","@type":"way","@id":1133456860},"geometry":{"type":"Point","coordinates":[100.6583539,13.7252369]}},{"type":"Feature","id":1135475230,"properties":{"amenity":"fuel","brand":"บางจาก","brand:en":"Bangchak","brand:th":"บางจาก","brand:wikidata":"Q6579719","fuel:diesel":"yes","fuel:e20":"yes","fuel:octane_91":"yes","fuel:octane_95":"yes","fuel:octane_97":"yes","name":"บางจาก","name:en":"Bangchak","name:th":"บางจาก","self_service":"no","@type":"way","@id":1135475230},"geometry":{"type":"Point","coordinates":[100.6261846,13.8810502]}},{"type":"Feature","id":1146855183,"properties":{"amenity":"fuel","brand":"บางจาก","brand:en":"Bangchak","brand:th":"บางจาก","brand:wikidata":"Q6579719","name":"Bangchak petrol","name:en":"Bangchak","name:th":"บางจาก","@type":"way","@id":1146855183},"geometry":{"type":"Point","coordinates":[100.6673069,13.6114153]}},{"type":"Feature","id":1158741791,"properties":{"amenity":"fuel","brand":"ป.ต.ท.","brand:en":"PTT","brand:th":"ป.ต.ท.","brand:wikidata":"Q1810389","name":"PTT Station ปตท.ลำลูกกา คลอง 2","name:en":"PTT","name:th":"ป.ต.ท.","@type":"way","@id":1158741791},"geometry":{"type":"Point","coordinates":[100.6506358,13.9326269]}},{"type":"Feature","id":1160458061,"properties":{"amenity":"fuel","brand":"Shell","brand:wikidata":"Q110716465","name":"เชลล์","name:en":"Shell","name:th":"เชลล์","@type":"way","@id":1160458061},"geometry":{"type":"Point","coordinates":[100.504427,13.7506129]}},{"type":"Feature","id":1160632713,"properties":{"amenity":"fuel","brand":"ป.ต.ท.","brand:en":"PTT","brand:th":"ป.ต.ท.","brand:wikidata":"Q1810389","name":"ป.ต.ท.","name:en":"PTT","name:th":"ป.ต.ท.","self_service":"no","@type":"way","@id":1160632713},"geometry":{"type":"Point","coordinates":[100.6885562,13.7012701]}},{"type":"Feature","id":1182436091,"properties":{"amenity":"fuel","fuel:lpg":"yes","landuse":"commercial","name":"สยามแก๊ส","name:en":"Siam Gas","name:th":"สยามแก๊ส","opening_hours":"24/7","self_service":"no","@type":"way","@id":1182436091},"geometry":{"type":"Point","coordinates":[100.5152678,13.7399291]}},{"type":"Feature","id":1186663891,"properties":{"access":"yes","amenity":"charging_station","brand":"GWM","capacity":"6","name":"G-Charge","operator":"GWM","@type":"way","@id":1186663891},"geometry":{"type":"Point","coordinates":[100.5342009,13.7441486]}},{"type":"Feature","id":1189181534,"properties":{"amenity":"fuel","brand":"Shell Express","brand:wikidata":"Q2289188","landuse":"commercial","name":"Shell Express","name:en":"Shell","@type":"way","@id":1189181534},"geometry":{"type":"Point","coordinates":[100.5203212,13.7312933]}},{"type":"Feature","id":1189209030,"properties":{"amenity":"fuel","brand":"Caltex","brand:wikidata":"Q277470","landuse":"commercial","name":"Caltex","@type":"way","@id":1189209030},"geometry":{"type":"Point","coordinates":[100.5225071,13.731142]}},{"type":"Feature","id":1194409518,"properties":{"amenity":"fuel","building":"yes","fuel:NGV":"yes","@type":"way","@id":1194409518},"geometry":{"type":"Point","coordinates":[100.6045113,13.9855227]}},{"type":"Feature","id":1194848911,"properties":{"access":"private","amenity":"charging_station","brand":"EA","@type":"way","@id":1194848911},"geometry":{"type":"Point","coordinates":[100.8003468,13.5872318]}},{"type":"Feature","id":1195094462,"properties":{"access":"private","amenity":"fuel","@type":"way","@id":1195094462},"geometry":{"type":"Point","coordinates":[100.5917473,13.869914]}},{"type":"Feature","id":1198934182,"properties":{"access":"private","amenity":"fuel","building":"fuel","fuel:diesel":"yes","@type":"way","@id":1198934182},"geometry":{"type":"Point","coordinates":[100.6202828,13.5626798]}},{"type":"Feature","id":1198940604,"properties":{"access":"private","amenity":"fuel","building":"fuel","fuel:NGV":"yes","fuel:lng":"yes","@type":"way","@id":1198940604},"geometry":{"type":"Point","coordinates":[100.3876676,13.6221342]}},{"type":"Feature","id":1198940609,"properties":{"access":"private","amenity":"fuel","building":"fuel","fuel:diesel":"yes","@type":"way","@id":1198940609},"geometry":{"type":"Point","coordinates":[100.3874436,13.6219077]}},{"type":"Feature","id":1203034854,"properties":{"amenity":"fuel","brand":"เชลล์","brand:en":"Shell","brand:th":"เชลล์","brand:wikidata":"Q110716465","name":"Shell","name:en":"Shell","name:th":"เชลล์","@type":"way","@id":1203034854},"geometry":{"type":"Point","coordinates":[100.4869023,13.9561421]}},{"type":"Feature","id":1207491700,"properties":{"amenity":"fuel","brand":"ป.ต.ท.","brand:en":"PTT","brand:th":"ป.ต.ท.","brand:wikidata":"Q1810389","name":"ป.ต.ท.","name:en":"PTT","name:th":"ป.ต.ท.","@type":"way","@id":1207491700},"geometry":{"type":"Point","coordinates":[100.6240975,13.6286109]}},{"type":"Feature","id":1207491707,"properties":{"amenity":"fuel","brand":"บางจาก","brand:en":"Bangchak","brand:th":"บางจาก","brand:wikidata":"Q6579719","name":"บางจาก","name:en":"Bangchak","name:th":"บางจาก","not:brand:wikidata":"Q6579719","@type":"way","@id":1207491707},"geometry":{"type":"Point","coordinates":[100.6188164,13.6315363]}},{"type":"Feature","id":1207974384,"properties":{"amenity":"fuel","@type":"way","@id":1207974384},"geometry":{"type":"Point","coordinates":[100.6703957,13.6900443]}},{"type":"Feature","id":1213826256,"properties":{"amenity":"fuel","brand":"ป.ต.ท.","brand:en":"PTT","brand:th":"ป.ต.ท.","brand:wikidata":"Q1810389","fuel:diesel":"yes","fuel:e20":"yes","fuel:octane_80":"yes","fuel:octane_91":"yes","fuel:octane_95":"yes","name":"ป.ต.ท. สาขารามคำแหง (ขาเข้า)","name:en":"PTT","name:th":"ป.ต.ท.","operator":"PTT","@type":"way","@id":1213826256},"geometry":{"type":"Point","coordinates":[100.6623291,13.7698852]}},{"type":"Feature","id":1213826257,"properties":{"amenity":"fuel","brand":"ป.ต.ท.","brand:en":"PTT","brand:th":"ป.ต.ท.","brand:wikidata":"Q1810389","fuel:cng":"yes","name":"ป.ต.ท.","name:en":"PTT","name:th":"ป.ต.ท.","@type":"way","@id":1213826257},"geometry":{"type":"Point","coordinates":[100.6624921,13.7694956]}},{"type":"Feature","id":1213830049,"properties":{"amenity":"fuel","brand":"ป.ต.ท.","brand:en":"PTT","brand:th":"ป.ต.ท.","brand:wikidata":"Q1810389","fuel:NGV":"yes","fuel:cng":"yes","fuel:lpg":"yes","name":"ป.ต.ท.","name:en":"PTT","name:th":"ป.ต.ท.","@type":"way","@id":1213830049},"geometry":{"type":"Point","coordinates":[100.6060371,13.5815609]}},{"type":"Feature","id":1213830050,"properties":{"amenity":"fuel","brand":"ป.ต.ท.","brand:en":"PTT","brand:th":"ป.ต.ท.","brand:wikidata":"Q1810389","fuel:B7":"yes","fuel:diesel":"yes","fuel:e20":"yes","fuel:octane_91":"yes","fuel:octane_95":"yes","name":"ป.ต.ท.","name:en":"PTT","name:th":"ป.ต.ท.","@type":"way","@id":1213830050},"geometry":{"type":"Point","coordinates":[100.6062648,13.5813552]}},{"type":"Feature","id":1213843400,"properties":{"amenity":"fuel","brand":"ป.ต.ท.","brand:en":"PTT","brand:th":"ป.ต.ท.","brand:wikidata":"Q1810389","name":"ป.ต.ท.","name:en":"PTT","name:th":"ป.ต.ท.","@type":"way","@id":1213843400},"geometry":{"type":"Point","coordinates":[100.6473668,13.8472993]}},{"type":"Feature","id":1216274721,"properties":{"amenity":"fuel","brand":"ป.ต.ท.","brand:en":"PTT","brand:th":"ป.ต.ท.","brand:wikidata":"Q1810389","name":"ป.ต.ท.","name:en":"PTT","name:th":"ป.ต.ท.","@type":"way","@id":1216274721},"geometry":{"type":"Point","coordinates":[100.62029,13.8101357]}},{"type":"Feature","id":1217251363,"properties":{"amenity":"fuel","brand":"เชลล์","brand:en":"Shell","brand:th":"เชลล์","brand:wikidata":"Q110716465","landuse":"commercial","name":"Shell","name:en":"Shell","name:th":"เชลล์","@type":"way","@id":1217251363},"geometry":{"type":"Point","coordinates":[100.5409048,13.6980972]}},{"type":"Feature","id":1217673405,"properties":{"amenity":"fuel","brand":"ป.ต.ท.","brand:en":"PTT","brand:th":"ป.ต.ท.","brand:wikidata":"Q1810389","landuse":"commercial","name":"ป.ต.ท.","name:en":"PTT","name:th":"ป.ต.ท.","@type":"way","@id":1217673405},"geometry":{"type":"Point","coordinates":[100.5399848,13.7146244]}},{"type":"Feature","id":1220224835,"properties":{"amenity":"fuel","brand":"เชลล์","brand:en":"Shell","brand:th":"เชลล์","brand:wikidata":"Q110716465","landuse":"commercial","name":"เชลล์","name:en":"Shell","name:th":"เชลล์","@type":"way","@id":1220224835},"geometry":{"type":"Point","coordinates":[100.5370741,13.7234829]}},{"type":"Feature","id":1220257271,"properties":{"addr:district":"บางเขน","addr:postcode":"10220","addr:province":"กรุงเทพมหานคร","addr:subdistrict":"ท่าแร้ง","amenity":"fuel","brand":"บางจาก","brand:en":"Bangchak","brand:th":"บางจาก","brand:wikidata":"Q6579719","building":"roof","name":"บางจาก","name:en":"Bangchak","name:th":"บางจาก","@type":"way","@id":1220257271},"geometry":{"type":"Point","coordinates":[100.6417779,13.8586244]}},{"type":"Feature","id":1221455412,"properties":{"amenity":"fuel","brand":"PT","brand:wikidata":"Q62298612","building":"roof","name":"PT","operator":"PT","@type":"way","@id":1221455412},"geometry":{"type":"Point","coordinates":[100.4071841,13.6783098]}},{"type":"Feature","id":1224532917,"properties":{"amenity":"fuel","brand":"บางจาก","brand:en":"Bangchak","brand:th":"บางจาก","brand:wikidata":"Q6579719","name":"บางจาก","name:en":"Bangchak","name:th":"บางจาก","@type":"way","@id":1224532917},"geometry":{"type":"Point","coordinates":[100.5958145,13.6070343]}},{"type":"Feature","id":1229625962,"properties":{"amenity":"fuel","brand":"บางจาก","brand:en":"Bangchak","brand:th":"บางจาก","brand:wikidata":"Q6579719","building":"roof","name":"บางจาก","name:en":"Bangchak","name:th":"บางจาก","@type":"way","@id":1229625962},"geometry":{"type":"Point","coordinates":[100.3445729,13.7887538]}},{"type":"Feature","id":1229625964,"properties":{"amenity":"fuel","brand":"PT","brand:wikidata":"Q62298612","building":"commercial","name":"PT","@type":"way","@id":1229625964},"geometry":{"type":"Point","coordinates":[100.3421048,13.7888076]}},{"type":"Feature","id":1229625967,"properties":{"amenity":"fuel","brand":"ป.ต.ท.","brand:en":"PTT","brand:th":"ป.ต.ท.","brand:wikidata":"Q1810389","building":"roof","name":"ป.ต.ท.","name:en":"PTT","name:th":"ป.ต.ท.","@type":"way","@id":1229625967},"geometry":{"type":"Point","coordinates":[100.3430118,13.7887956]}},{"type":"Feature","id":1229633749,"properties":{"amenity":"fuel","brand":"Shell Express","brand:wikidata":"Q2289188","building":"roof","name":"Shell","@type":"way","@id":1229633749},"geometry":{"type":"Point","coordinates":[100.283962,13.7865985]}},{"type":"Feature","id":1229703246,"properties":{"amenity":"fuel","brand":"Bangchak","not:brand:wikidata":"Q6579719","@type":"way","@id":1229703246},"geometry":{"type":"Point","coordinates":[100.6042125,13.5966085]}},{"type":"Feature","id":1229703737,"properties":{"amenity":"fuel","@type":"way","@id":1229703737},"geometry":{"type":"Point","coordinates":[100.6047358,13.5965899]}},{"type":"Feature","id":1229758675,"properties":{"amenity":"fuel","brand":"บางจาก","brand:en":"Bangchak","brand:th":"บางจาก","brand:wikidata":"Q6579719","building":"roof","name":"บางจาก","name:en":"Bangchak","name:th":"บางจาก","@type":"way","@id":1229758675},"geometry":{"type":"Point","coordinates":[100.2542853,13.7844975]}},{"type":"Feature","id":1229758683,"properties":{"amenity":"fuel","brand":"ป.ต.ท.","brand:en":"PTT","brand:th":"ป.ต.ท.","brand:wikidata":"Q1810389","building":"roof","name":"ป.ต.ท.","name:en":"PTT","name:th":"ป.ต.ท.","@type":"way","@id":1229758683},"geometry":{"type":"Point","coordinates":[100.2539039,13.785394]}},{"type":"Feature","id":1229777180,"properties":{"amenity":"fuel","brand":"ป.ต.ท.","brand:en":"PTT","brand:th":"ป.ต.ท.","brand:wikidata":"Q1810389","building":"roof","name":"ป.ต.ท.","name:en":"PTT","name:th":"ป.ต.ท.","@type":"way","@id":1229777180},"geometry":{"type":"Point","coordinates":[100.2854548,13.7856598]}},{"type":"Feature","id":1230809475,"properties":{"addr:housenumber":"40","addr:street":"ถนนสาทรเหนือ","amenity":"fuel","brand":"Caltex","brand:wikidata":"Q277470","landuse":"commercial","name":"Caltex","@type":"way","@id":1230809475},"geometry":{"type":"Point","coordinates":[100.5400307,13.7252827]}},{"type":"Feature","id":1242453395,"properties":{"addr:district":"คันนายาว","addr:postcode":"10230","addr:province":"กรุงเทพมหานคร","addr:subdistrict":"รามอินทรา","amenity":"fuel","brand":"บางจาก","brand:en":"Bangchak","brand:th":"บางจาก","brand:wikidata":"Q6579719","building":"roof","name":"บางจาก","name:en":"Bangchak","name:th":"บางจาก","@type":"way","@id":1242453395},"geometry":{"type":"Point","coordinates":[100.6695164,13.8330171]}},{"type":"Feature","id":1244119162,"properties":{"amenity":"fuel","brand":"บางจาก","brand:en":"Bangchak","brand:th":"บางจาก","brand:wikidata":"Q6579719","building":"roof","name":"บางจาก","name:en":"Bangchak","name:th":"บางจาก","@type":"way","@id":1244119162},"geometry":{"type":"Point","coordinates":[100.650818,13.7955799]}},{"type":"Feature","id":1248149766,"properties":{"amenity":"fuel","brand":"Bangchak","@type":"way","@id":1248149766},"geometry":{"type":"Point","coordinates":[100.582848,13.771673]}},{"type":"Feature","id":1249167189,"properties":{"amenity":"fuel","brand":"ป.ต.ท.","brand:en":"PTT","brand:th":"ป.ต.ท.","brand:wikidata":"Q1810389","name":"ป.ต.ท.","name:en":"PTT","name:th":"ป.ต.ท.","@type":"way","@id":1249167189},"geometry":{"type":"Point","coordinates":[100.5581889,13.8166714]}},{"type":"Feature","id":1271106944,"properties":{"amenity":"charging_station","building":"yes","@type":"way","@id":1271106944},"geometry":{"type":"Point","coordinates":[100.5929639,13.6161443]}},{"type":"Feature","id":1271111311,"properties":{"amenity":"charging_station","building":"yes","@type":"way","@id":1271111311},"geometry":{"type":"Point","coordinates":[100.6916943,13.6738735]}},{"type":"Feature","id":1271111312,"properties":{"amenity":"charging_station","building":"yes","@type":"way","@id":1271111312},"geometry":{"type":"Point","coordinates":[100.6915338,13.6732884]}},{"type":"Feature","id":1271121330,"properties":{"amenity":"charging_station","@type":"way","@id":1271121330},"geometry":{"type":"Point","coordinates":[100.5821006,13.9963717]}},{"type":"Feature","id":1271121332,"properties":{"amenity":"charging_station","@type":"way","@id":1271121332},"geometry":{"type":"Point","coordinates":[100.6028321,13.9965198]}},{"type":"Feature","id":1271121333,"properties":{"amenity":"charging_station","@type":"way","@id":1271121333},"geometry":{"type":"Point","coordinates":[100.602908,13.9961392]}},{"type":"Feature","id":1271125206,"properties":{"amenity":"charging_station","building":"yes","@type":"way","@id":1271125206},"geometry":{"type":"Point","coordinates":[100.4383818,13.6253004]}},{"type":"Feature","id":1271131419,"properties":{"addr:district":"หนองจอก","addr:postcode":"10530","addr:province":"กรุงเทพมหานคร","amenity":"charging_station","building":"yes","@type":"way","@id":1271131419},"geometry":{"type":"Point","coordinates":[100.831716,13.8093249]}},{"type":"Feature","id":1271622591,"properties":{"amenity":"charging_station","building":"yes","@type":"way","@id":1271622591},"geometry":{"type":"Point","coordinates":[100.3917049,13.7811307]}},{"type":"Feature","id":1271622592,"properties":{"amenity":"charging_station","building":"yes","@type":"way","@id":1271622592},"geometry":{"type":"Point","coordinates":[100.3921249,13.7811744]}},{"type":"Feature","id":1271887134,"properties":{"addr:district":"คันนายาว","addr:postcode":"10230","addr:province":"กรุงเทพมหานคร","addr:subdistrict":"รามอินทรา","amenity":"charging_station","building":"yes","@type":"way","@id":1271887134},"geometry":{"type":"Point","coordinates":[100.6781198,13.7873503]}},{"type":"Feature","id":1271887135,"properties":{"addr:district":"คันนายาว","addr:postcode":"10230","addr:province":"กรุงเทพมหานคร","addr:subdistrict":"รามอินทรา","amenity":"charging_station","building":"yes","@type":"way","@id":1271887135},"geometry":{"type":"Point","coordinates":[100.6784193,13.7871429]}},{"type":"Feature","id":1271887136,"properties":{"addr:district":"บางกะปิ","addr:postcode":"10240","addr:province":"กรุงเทพมหานคร","addr:subdistrict":"หัวหมาก","amenity":"charging_station","building":"yes","@type":"way","@id":1271887136},"geometry":{"type":"Point","coordinates":[100.6631479,13.7681794]}},{"type":"Feature","id":1271895700,"properties":{"amenity":"charging_station","building":"yes","@type":"way","@id":1271895700},"geometry":{"type":"Point","coordinates":[100.4604045,13.8899719]}},{"type":"Feature","id":1271895701,"properties":{"amenity":"charging_station","building":"yes","@type":"way","@id":1271895701},"geometry":{"type":"Point","coordinates":[100.4599975,13.8900017]}},{"type":"Feature","id":1271898392,"properties":{"amenity":"charging_station","building":"yes","@type":"way","@id":1271898392},"geometry":{"type":"Point","coordinates":[100.3103933,13.5765517]}},{"type":"Feature","id":1271898393,"properties":{"amenity":"charging_station","building":"yes","@type":"way","@id":1271898393},"geometry":{"type":"Point","coordinates":[100.3105077,13.5761538]}},{"type":"Feature","id":1271903207,"properties":{"amenity":"charging_station","building":"yes","@type":"way","@id":1271903207},"geometry":{"type":"Point","coordinates":[100.4194799,13.6502745]}},{"type":"Feature","id":1271903208,"properties":{"amenity":"charging_station","building":"yes","@type":"way","@id":1271903208},"geometry":{"type":"Point","coordinates":[100.4192522,13.6507393]}},{"type":"Feature","id":1273294092,"properties":{"addr:postcode":"10900","addr:province":"กรุงเทพมหานคร","addr:street":"ถนนวิภาวดีรังสิต","amenity":"fuel","brand":"Susco","fuel:biodiesel":"yes","fuel:diesel":"yes","fuel:gasoline":"yes","fuel:octane_91":"yes","fuel:octane_95":"yes","name":"Susco","operator":"Susco","self_service":"no","@type":"way","@id":1273294092},"geometry":{"type":"Point","coordinates":[100.5610135,13.8032386]}},{"type":"Feature","id":1279059566,"properties":{"amenity":"fuel","brand":"บางจาก","brand:en":"Bangchak","brand:th":"บางจาก","brand:wikidata":"Q6579719","landuse":"commercial","name":"บางจาก","name:en":"Bangchak","name:th":"บางจาก","@type":"way","@id":1279059566},"geometry":{"type":"Point","coordinates":[100.4876693,13.6908012]}},{"type":"Feature","id":1279061327,"properties":{"amenity":"fuel","brand":"ป.ต.ท.","brand:en":"PTT","brand:th":"ป.ต.ท.","brand:wikidata":"Q1810389","name":"PTT","name:en":"PTT","name:th":"ป.ต.ท.","operator":"PTT","@type":"way","@id":1279061327},"geometry":{"type":"Point","coordinates":[100.4991307,13.6828346]}},{"type":"Feature","id":1279061328,"properties":{"amenity":"fuel","brand":"ป.ต.ท.","brand:en":"PTT","brand:th":"ป.ต.ท.","brand:wikidata":"Q1810389","name":"PTT","name:en":"PTT","name:th":"ป.ต.ท.","operator":"PTT","@type":"way","@id":1279061328},"geometry":{"type":"Point","coordinates":[100.4991706,13.683392]}},{"type":"Feature","id":1292884891,"properties":{"amenity":"fuel","brand":"ป.ต.ท.","brand:en":"PTT","brand:th":"ป.ต.ท.","brand:wikidata":"Q1810389","landuse":"commercial","name":"ป.ต.ท.","name:en":"PTT","name:th":"ป.ต.ท.","@type":"way","@id":1292884891},"geometry":{"type":"Point","coordinates":[100.4923935,13.6207675]}},{"type":"Feature","id":1299830873,"properties":{"amenity":"fuel","brand":"เชลล์","brand:en":"Shell","brand:th":"เชลล์","brand:wikidata":"Q110716465","name":"เชลล์","name:en":"Shell","name:th":"เชลล์","@type":"way","@id":1299830873},"geometry":{"type":"Point","coordinates":[100.6159202,13.6329623]}},{"type":"Feature","id":1299830889,"properties":{"amenity":"fuel","brand":"PT","brand:wikidata":"Q62298612","name":"PT","@type":"way","@id":1299830889},"geometry":{"type":"Point","coordinates":[100.6172504,13.6333158]}},{"type":"Feature","id":1299833701,"properties":{"amenity":"fuel","brand":"ป.ต.ท.","brand:en":"PTT","brand:th":"ป.ต.ท.","brand:wikidata":"Q1810389","name":"PTT","name:en":"PTT","name:th":"ป.ต.ท.","@type":"way","@id":1299833701},"geometry":{"type":"Point","coordinates":[100.6116674,13.6363946]}},{"type":"Feature","id":1302622332,"properties":{"amenity":"fuel","brand":"บางจาก","brand:en":"Bangchak","brand:th":"บางจาก","brand:wikidata":"Q6579719","name":"บางจาก อุดมสุข 189","name:en":"Bangchak Udomsuk 18","name:th":"บางจาก","@type":"way","@id":1302622332},"geometry":{"type":"Point","coordinates":[100.6165321,13.6782657]}},{"type":"Feature","id":1306967684,"properties":{"amenity":"fuel","brand":"ป.ต.ท.","brand:en":"PTT","brand:th":"ป.ต.ท.","brand:wikidata":"Q1810389","fuel:diesel":"yes","fuel:diesel_b7":"yes","fuel:e20":"yes","fuel:octane_91":"yes","fuel:octane_95":"yes","name":"ป.ต.ท. ธรรมศาสตร์รังสิต","name:en":"PTT Thammasat Rangsit","name:th":"ป.ต.ท. ธรรมศาสตร์รังสิต","@type":"way","@id":1306967684},"geometry":{"type":"Point","coordinates":[100.6062405,14.0671425]}},{"type":"Feature","id":1309245187,"properties":{"amenity":"fuel","brand":"ป.ต.ท.","brand:en":"PTT","brand:th":"ป.ต.ท.","brand:wikidata":"Q1810389","name":"PTT","name:en":"PTT","name:th":"ป.ต.ท.","self_service":"no","@type":"way","@id":1309245187},"geometry":{"type":"Point","coordinates":[100.620391,13.6622267]}},{"type":"Feature","id":1316076891,"properties":{"amenity":"fuel","brand":"บางจาก","brand:en":"Bangchak","brand:th":"บางจาก","brand:wikidata":"Q6579719","fuel:NGV":"yes","fuel:diesel":"yes","fuel:gasohol_91":"yes","fuel:gasohol_95":"yes","fuel:gasohol_B10":"yes","name":"บางจาก","name:en":"Bangchak","name:th":"บางจาก","self_service":"no","@type":"way","@id":1316076891},"geometry":{"type":"Point","coordinates":[100.4263426,13.6873917]}},{"type":"Feature","id":1316576608,"properties":{"amenity":"fuel","brand":"ป.ต.ท.","brand:en":"PTT","brand:th":"ป.ต.ท.","brand:wikidata":"Q1810389","name":"ป.ต.ท.","name:en":"PTT","name:th":"ป.ต.ท.","@type":"way","@id":1316576608},"geometry":{"type":"Point","coordinates":[100.4451321,13.6670018]}},{"type":"Feature","id":1320660103,"properties":{"amenity":"fuel","brand":"บางจาก","brand:en":"Bangchak","brand:th":"บางจาก","brand:wikidata":"Q6579719","landuse":"commercial","name":"บางจาก","name:en":"Bangchak","name:th":"บางจาก","@type":"way","@id":1320660103},"geometry":{"type":"Point","coordinates":[100.4699269,13.6703985]}},{"type":"Feature","id":1324069925,"properties":{"amenity":"fuel","brand":"PT","brand:wikidata":"Q62298612","name":"PT","self_service":"no","@type":"way","@id":1324069925},"geometry":{"type":"Point","coordinates":[100.7177224,13.6577859]}},{"type":"Feature","id":1329579858,"properties":{"amenity":"fuel","brand":"Caltex","brand:wikidata":"Q277470","fuel:diesel":"yes","fuel:diesel_b7":"yes","fuel:gasohol_95":"yes","fuel:gasohol_e20":"yes","name":"Caltex","payment:cash":"yes","payment:mastercard":"yes","payment:visa":"yes","self_service":"no","@type":"way","@id":1329579858},"geometry":{"type":"Point","coordinates":[100.4146451,13.6462574]}},{"type":"Feature","id":1329579859,"properties":{"amenity":"fuel","fuel:lpg":"yes","self_service":"no","@type":"way","@id":1329579859},"geometry":{"type":"Point","coordinates":[100.4144913,13.6466268]}},{"type":"Feature","id":1329802230,"properties":{"amenity":"fuel","brand":"บางจาก","brand:en":"Bangchak","brand:th":"บางจาก","brand:wikidata":"Q6579719","name":"บางจาก","name:en":"Bangchak","name:th":"บางจาก","@type":"way","@id":1329802230},"geometry":{"type":"Point","coordinates":[100.4419241,13.6620262]}},{"type":"Feature","id":1329841345,"properties":{"amenity":"fuel","brand":"บางจาก","brand:en":"Bangchak","brand:th":"บางจาก","brand:wikidata":"Q6579719","name":"บางจาก","name:en":"Bangchak","name:th":"บางจาก","@type":"way","@id":1329841345},"geometry":{"type":"Point","coordinates":[100.4838115,13.7005147]}},{"type":"Feature","id":1329841346,"properties":{"amenity":"fuel","@type":"way","@id":1329841346},"geometry":{"type":"Point","coordinates":[100.4835312,13.7003889]}},{"type":"Feature","id":1330596026,"properties":{"amenity":"fuel","brand":"ป.ต.ท.","brand:en":"PTT","brand:th":"ป.ต.ท.","brand:wikidata":"Q1810389","name":"PTT","name:en":"PTT","name:th":"ป.ต.ท.","@type":"way","@id":1330596026},"geometry":{"type":"Point","coordinates":[100.5879819,13.6982975]}},{"type":"Feature","id":1330770540,"properties":{"amenity":"fuel","brand":"เชลล์","brand:en":"Shell","brand:th":"เชลล์","brand:wikidata":"Q110716465","name":"Shell","name:en":"Shell","name:th":"เชลล์","@type":"way","@id":1330770540},"geometry":{"type":"Point","coordinates":[100.484938,13.6869492]}},{"type":"Feature","id":1332823741,"properties":{"amenity":"fuel","name":"Susco","@type":"way","@id":1332823741},"geometry":{"type":"Point","coordinates":[100.4941214,13.6858665]}},{"type":"Feature","id":1333180006,"properties":{"amenity":"fuel","brand":"ป.ต.ท.","brand:en":"PTT","brand:th":"ป.ต.ท.","brand:wikidata":"Q1810389","fuel:benzine":"yes","fuel:diesel_b7":"yes","fuel:gasohol_91":"yes","fuel:gasohol_95":"yes","fuel:gasohol_e20":"yes","name":"ป.ต.ท.","name:en":"PTT","name:th":"ป.ต.ท.","self_service":"no","@type":"way","@id":1333180006},"geometry":{"type":"Point","coordinates":[100.4964557,13.6799437]}},{"type":"Feature","id":1333533898,"properties":{"amenity":"fuel","name":"Susco","@type":"way","@id":1333533898},"geometry":{"type":"Point","coordinates":[100.4885383,13.6509633]}},{"type":"Feature","id":1335094325,"properties":{"amenity":"fuel","brand":"ป.ต.ท.","brand:en":"PTT","brand:th":"ป.ต.ท.","brand:wikidata":"Q1810389","name":"PTT ป.ต.ท. ศรีนครินทร์-บางเมือง","name:en":"PTT","name:th":"ป.ต.ท.","@type":"way","@id":1335094325},"geometry":{"type":"Point","coordinates":[100.6158757,13.6055963]}},{"type":"Feature","id":1341988265,"properties":{"amenity":"fuel","brand":"บางจาก","brand:en":"Bangchak","brand:th":"บางจาก","brand:wikidata":"Q6579719","name":"บางจาก","name:en":"Bangchak","name:th":"บางจาก","@type":"way","@id":1341988265},"geometry":{"type":"Point","coordinates":[100.5354957,13.8164712]}},{"type":"Feature","id":1347945761,"properties":{"amenity":"fuel","name":"สยามแก๊ส","@type":"way","@id":1347945761},"geometry":{"type":"Point","coordinates":[100.4705939,13.744675]}},{"type":"Feature","id":1349588997,"properties":{"amenity":"fuel","brand":"บางจาก","brand:en":"Bangchak","brand:th":"บางจาก","brand:wikidata":"Q6579719","name":"บางจาก","name:en":"Bangchak","name:th":"บางจาก","@type":"way","@id":1349588997},"geometry":{"type":"Point","coordinates":[100.6539282,13.6170659]}},{"type":"Feature","id":1352044853,"properties":{"amenity":"fuel","brand":"Susco","name":"ซัสโก้","name:en":"Susco","name:th":"ซัสโก้","@type":"way","@id":1352044853},"geometry":{"type":"Point","coordinates":[100.547729,13.6796317]}},{"type":"Feature","id":1352267246,"properties":{"amenity":"fuel","brand":"บางจาก","brand:en":"Bangchak","brand:th":"บางจาก","brand:wikidata":"Q6579719","building":"roof","name":"บางจาก","name:en":"Bangchak","name:th":"บางจาก","@type":"way","@id":1352267246},"geometry":{"type":"Point","coordinates":[100.565524,13.8103889]}},{"type":"Feature","id":1353129312,"properties":{"amenity":"charging_station","building":"yes","@type":"way","@id":1353129312},"geometry":{"type":"Point","coordinates":[100.423458,13.7547476]}},{"type":"Feature","id":1353936232,"properties":{"amenity":"fuel","brand":"บางจาก","brand:en":"Bangchak","brand:th":"บางจาก","brand:wikidata":"Q6579719","name":"บางจาก","name:en":"Bangchak","name:th":"บางจาก","@type":"way","@id":1353936232},"geometry":{"type":"Point","coordinates":[100.6993637,13.9222286]}},{"type":"Feature","id":1354628571,"properties":{"amenity":"fuel","brand":"บางจาก","brand:en":"Bangchak","brand:th":"บางจาก","brand:wikidata":"Q6579719","building":"roof","name":"บางจาก","name:en":"Bangchak","name:th":"บางจาก","@type":"way","@id":1354628571},"geometry":{"type":"Point","coordinates":[100.5318772,13.7777516]}},{"type":"Feature","id":1354632944,"properties":{"amenity":"fuel","brand":"ป.ต.ท.","brand:en":"PTT","brand:th":"ป.ต.ท.","brand:wikidata":"Q1810389","building":"roof","name":"ป.ต.ท.","name:en":"PTT","name:th":"ป.ต.ท.","@type":"way","@id":1354632944},"geometry":{"type":"Point","coordinates":[100.5912217,13.8218001]}},{"type":"Feature","id":1354634597,"properties":{"amenity":"fuel","brand":"บางจาก","brand:en":"Bangchak","brand:th":"บางจาก","brand:wikidata":"Q6579719","building":"roof","name":"บางจาก","name:en":"Bangchak","name:th":"บางจาก","@type":"way","@id":1354634597},"geometry":{"type":"Point","coordinates":[100.4559634,13.8755007]}},{"type":"Feature","id":1354634598,"properties":{"amenity":"fuel","brand":"บางจาก","brand:en":"Bangchak","brand:th":"บางจาก","brand:wikidata":"Q6579719","building":"roof","name":"บางจาก","name:en":"Bangchak","name:th":"บางจาก","@type":"way","@id":1354634598},"geometry":{"type":"Point","coordinates":[100.4580299,13.8745468]}},{"type":"Feature","id":1354637990,"properties":{"amenity":"fuel","brand":"บางจาก","brand:en":"Bangchak","brand:th":"บางจาก","brand:wikidata":"Q6579719","building":"roof","name":"บางจาก","name:en":"Bangchak","name:th":"บางจาก","@type":"way","@id":1354637990},"geometry":{"type":"Point","coordinates":[100.5124772,13.882908]}},{"type":"Feature","id":1354637992,"properties":{"amenity":"fuel","brand":"เชลล์","brand:en":"Shell","brand:th":"เชลล์","brand:wikidata":"Q110716465","building":"roof","name":"Shell","name:en":"Shell","name:th":"เชลล์","@type":"way","@id":1354637992},"geometry":{"type":"Point","coordinates":[100.5133998,13.8808938]}},{"type":"Feature","id":1354639765,"properties":{"amenity":"fuel","brand":"บางจาก","brand:en":"Bangchak","brand:th":"บางจาก","brand:wikidata":"Q6579719","building":"roof","name":"บางจาก","name:en":"Bangchak","name:th":"บางจาก","@type":"way","@id":1354639765},"geometry":{"type":"Point","coordinates":[100.5387784,13.9364263]}},{"type":"Feature","id":1354639766,"properties":{"amenity":"fuel","brand":"บางจาก","brand:en":"Bangchak","brand:th":"บางจาก","brand:wikidata":"Q6579719","building":"roof","name":"บางจาก","name:en":"Bangchak","name:th":"บางจาก","@type":"way","@id":1354639766},"geometry":{"type":"Point","coordinates":[100.5383322,13.9369413]}},{"type":"Feature","id":1355184322,"properties":{"amenity":"charging_station","building":"yes","@type":"way","@id":1355184322},"geometry":{"type":"Point","coordinates":[100.5925713,13.6160987]}},{"type":"Feature","id":1355184326,"properties":{"access":"private","amenity":"fuel","fuel:NGV":"yes","fuel:cng":"yes","@type":"way","@id":1355184326},"geometry":{"type":"Point","coordinates":[100.6892438,13.6708497]}},{"type":"Feature","id":1355835865,"properties":{"amenity":"fuel","brand":"บางจาก","brand:en":"Bangchak","brand:th":"บางจาก","brand:wikidata":"Q6579719","building":"roof","name":"บางจาก","name:en":"Bangchak","name:th":"บางจาก","@type":"way","@id":1355835865},"geometry":{"type":"Point","coordinates":[100.5249198,14.0350768]}},{"type":"Feature","id":1355835996,"properties":{"amenity":"fuel","brand":"บางจาก","brand:en":"Bangchak","brand:th":"บางจาก","brand:wikidata":"Q6579719","building":"roof","layer":"1","name":"บางจาก","name:en":"Bangchak","name:th":"บางจาก","@type":"way","@id":1355835996},"geometry":{"type":"Point","coordinates":[100.5526449,13.7887215]}},{"type":"Feature","id":1355836182,"properties":{"amenity":"fuel","brand":"บางจาก","brand:en":"Bangchak","brand:th":"บางจาก","brand:wikidata":"Q6579719","building":"roof","name":"บางจาก","name:en":"Bangchak","name:th":"บางจาก","@type":"way","@id":1355836182},"geometry":{"type":"Point","coordinates":[100.4924533,13.7077229]}},{"type":"Feature","id":1356056232,"properties":{"amenity":"fuel","brand":"บางจาก","brand:en":"Bangchak","brand:th":"บางจาก","brand:wikidata":"Q6579719","building":"roof","name":"บางจาก","name:en":"Bangchak","name:th":"บางจาก","@type":"way","@id":1356056232},"geometry":{"type":"Point","coordinates":[100.5663127,13.8915921]}},{"type":"Feature","id":1356056305,"properties":{"amenity":"fuel","brand":"บางจาก","brand:en":"Bangchak","brand:th":"บางจาก","brand:wikidata":"Q6579719","building":"roof","name":"บางจาก","name:en":"Bangchak","name:th":"บางจาก","@type":"way","@id":1356056305},"geometry":{"type":"Point","coordinates":[100.5780889,13.8033007]}},{"type":"Feature","id":1356525365,"properties":{"amenity":"fuel","brand":"ป.ต.ท.","brand:en":"PTT","brand:th":"ป.ต.ท.","brand:wikidata":"Q1810389","building":"roof","name":"PTT","name:en":"PTT","name:th":"ป.ต.ท.","@type":"way","@id":1356525365},"geometry":{"type":"Point","coordinates":[100.6503062,13.7315198]}},{"type":"Feature","id":1356874857,"properties":{"amenity":"fuel","brand":"บางจาก","brand:en":"Bangchak","brand:th":"บางจาก","brand:wikidata":"Q6579719","building":"roof","name":"บางจาก","name:en":"Bangchak","name:th":"บางจาก","@type":"way","@id":1356874857},"geometry":{"type":"Point","coordinates":[100.4097077,13.9504529]}},{"type":"Feature","id":1358305781,"properties":{"amenity":"fuel","brand":"บางจาก","brand:en":"Bangchak","brand:th":"บางจาก","brand:wikidata":"Q6579719","building":"roof","name":"บางจาก","name:en":"Bangchak","name:th":"บางจาก","@type":"way","@id":1358305781},"geometry":{"type":"Point","coordinates":[100.5133299,13.7872603]}},{"type":"Feature","id":1358471100,"properties":{"amenity":"fuel","brand":"บางจาก","brand:en":"Bangchak","brand:th":"บางจาก","brand:wikidata":"Q6579719","building":"roof","layer":"1","name":"บางจาก","name:en":"Bangchak","name:th":"บางจาก","opening_hours":"24/7","operator":"บางจาก Bangchak","website":"https://www.bangchak.co.th/","@type":"way","@id":1358471100},"geometry":{"type":"Point","coordinates":[100.651654,13.7932491]}},{"type":"Feature","id":1358487968,"properties":{"amenity":"fuel","brand":"บางจาก","brand:en":"Bangchak","brand:th":"บางจาก","brand:wikidata":"Q6579719","building":"roof","name":"บางจาก","name:en":"Bangchak","name:th":"บางจาก","@type":"way","@id":1358487968},"geometry":{"type":"Point","coordinates":[100.6517247,13.9325719]}},{"type":"Feature","id":1359264627,"properties":{"amenity":"fuel","brand":"ป.ต.ท.","brand:en":"PTT","brand:th":"ป.ต.ท.","brand:wikidata":"Q1810389","compressed_air":"yes","name":"ป.ต.ท.","name:en":"PTT","name:th":"ป.ต.ท.","@type":"way","@id":1359264627},"geometry":{"type":"Point","coordinates":[100.6502522,13.7163745]}},{"type":"Feature","id":1362546347,"properties":{"amenity":"fuel","brand":"ป.ต.ท.","brand:en":"PTT","brand:th":"ป.ต.ท.","brand:wikidata":"Q1810389","brand:wikipedia":"th:ปตท.","name":"ป.ต.ท.","name:en":"PTT","name:th":"ป.ต.ท.","operator":"ปตท","operator:en":"PTT","operator:th":"ปตท","website":"www.pttplc.com","@type":"way","@id":1362546347},"geometry":{"type":"Point","coordinates":[100.553968,13.7731407]}},{"type":"Feature","id":1362546366,"properties":{"amenity":"fuel","brand":"บางจาก","brand:en":"Bangchak","brand:th":"บางจาก","brand:wikidata":"Q6579719","name":"บางจาก","name:en":"Bangchak","name:th":"บางจาก","@type":"way","@id":1362546366},"geometry":{"type":"Point","coordinates":[100.5549823,13.7753841]}},{"type":"Feature","id":1362546367,"properties":{"amenity":"fuel","brand":"เชลล์","brand:en":"Shell","brand:th":"เชลล์","brand:wikidata":"Q110716465","brand:wikipedia":"en:Royal Dutch Shell","name":"เชลล์","name:en":"Shell","name:th":"เชลล์","operator":"Shell","operator:en":"Shell","operator:th":"เซลล์","website":"https://www.shell.co.th/","@type":"way","@id":1362546367},"geometry":{"type":"Point","coordinates":[100.5541087,13.7737313]}},{"type":"Feature","id":1362790782,"properties":{"amenity":"fuel","brand":"7-Eleven","brand:wikidata":"Q259340","name":"7-Eleven","@type":"way","@id":1362790782},"geometry":{"type":"Point","coordinates":[100.6033614,13.6065676]}},{"type":"Feature","id":1364058038,"properties":{"amenity":"fuel","brand":"บางจาก","brand:en":"Bangchak","brand:th":"บางจาก","brand:wikidata":"Q6579719","landuse":"commercial","name":"บางจาก","name:en":"Bangchak","name:th":"บางจาก","@type":"way","@id":1364058038},"geometry":{"type":"Point","coordinates":[100.5503948,13.7651227]}},{"type":"Feature","id":1366413310,"properties":{"amenity":"fuel","brand":"ป.ต.ท.","brand:en":"PTT","brand:th":"ป.ต.ท.","brand:wikidata":"Q1810389","fuel:cng":"no","fuel:diesel":"yes","fuel:e10":"yes","fuel:e85":"yes","fuel:lpg":"no","landuse":"retail","name":"ป.ต.ท.","name:en":"PTT","name:th":"ป.ต.ท.","@type":"way","@id":1366413310},"geometry":{"type":"Point","coordinates":[100.5556191,13.7795063]}},{"type":"Feature","id":1366793626,"properties":{"amenity":"charging_station","@type":"way","@id":1366793626},"geometry":{"type":"Point","coordinates":[100.5587791,13.7859876]}},{"type":"Feature","id":1372993500,"properties":{"addr:street":"ถนนพระรามที่ 5","amenity":"fuel","brand":"ป.ต.ท.","brand:en":"PTT","brand:th":"ป.ต.ท.","brand:wikidata":"Q1810389","landuse":"retail","name":"ป.ต.ท.","name:en":"PTT","name:th":"ป.ต.ท.","@type":"way","@id":1372993500},"geometry":{"type":"Point","coordinates":[100.5283808,13.7899187]}},{"type":"Feature","id":1373117000,"properties":{"amenity":"fuel","brand":"ป.ต.ท.","brand:en":"PTT","brand:th":"ป.ต.ท.","brand:wikidata":"Q1810389","landuse":"retail","name":"ป.ต.ท.","name:en":"PTT","name:th":"ป.ต.ท.","@type":"way","@id":1373117000},"geometry":{"type":"Point","coordinates":[100.5303835,13.7936059]}},{"type":"Feature","id":1374667408,"properties":{"amenity":"fuel","brand":"บางจาก","brand:en":"Bangchak","brand:th":"บางจาก","brand:wikidata":"Q6579719","brand:wikipedia":"th:บางจาก คอร์ปอเรชัน","fuel:diesel":"yes","fuel:e10":"yes","landuse":"retail","name":"บางจาก","name:en":"Bangchak","name:th":"บางจาก","website":"https://www.bangchak.co.th/","@type":"way","@id":1374667408},"geometry":{"type":"Point","coordinates":[100.5393292,13.7834932]}},{"type":"Feature","id":1382485499,"properties":{"amenity":"fuel","brand":"ป.ต.ท.","brand:en":"PTT","brand:th":"ป.ต.ท.","brand:wikidata":"Q1810389","name":"ป.ต.ท.","name:en":"PTT","name:th":"ป.ต.ท.","@type":"way","@id":1382485499},"geometry":{"type":"Point","coordinates":[100.6334414,13.8788089]}},{"type":"Feature","id":1387528807,"properties":{"amenity":"fuel","brand":"PT","brand:wikidata":"Q62298612","name":"PT","@type":"way","@id":1387528807},"geometry":{"type":"Point","coordinates":[100.645133,13.8692766]}},{"type":"Feature","id":1387773032,"properties":{"access":"private","amenity":"fuel","brand":"ซัสไก้","brand:en":"Susco","brand:th":"ซัสไก้","name":"ซัสไก้","name:en":"Susco","name:th":"ซัสไก้","@type":"way","@id":1387773032},"geometry":{"type":"Point","coordinates":[100.7069774,13.8665003]}},{"type":"Feature","id":1390020825,"properties":{"amenity":"fuel","@type":"way","@id":1390020825},"geometry":{"type":"Point","coordinates":[100.5747944,13.8698737]}},{"type":"Feature","id":1394942605,"properties":{"amenity":"fuel","brand":"บางจาก","brand:en":"Bangchak","brand:th":"บางจาก","brand:wikidata":"Q6579719","name":"Bangchak","name:en":"Bangchak","name:th":"บางจาก","@type":"way","@id":1394942605},"geometry":{"type":"Point","coordinates":[100.6399044,13.9880261]}},{"type":"Feature","id":1394942606,"properties":{"amenity":"fuel","brand":"PTT","brand:wikidata":"Q1810389","name":"PTT Station","@type":"way","@id":1394942606},"geometry":{"type":"Point","coordinates":[100.6406578,13.9883876]}},{"type":"Feature","id":1427711836,"properties":{"amenity":"fuel","brand":"บางจาก","brand:en":"Bangchak","brand:th":"บางจาก","brand:wikidata":"Q6579719","name":"บางจาก","name:en":"Bangchak","name:th":"บางจาก","@type":"way","@id":1427711836},"geometry":{"type":"Point","coordinates":[100.5438079,13.7783216]}},{"type":"Feature","id":1427963061,"properties":{"amenity":"fuel","brand":"เชลล์","brand:en":"Shell","brand:th":"เชลล์","brand:wikidata":"Q110716465","name":"เชลล์","name:en":"Shell","name:th":"เชลล์","@type":"way","@id":1427963061},"geometry":{"type":"Point","coordinates":[100.544255,13.7797044]}},{"type":"Feature","id":1436318817,"properties":{"amenity":"fuel","brand":"ป.ต.ท.","brand:en":"PTT","brand:th":"ป.ต.ท.","brand:wikidata":"Q1810389","name":"ปตท.แจ้งวัฒนะ (หลักสี่)","name:en":"PTT","name:th":"ป.ต.ท.","@type":"way","@id":1436318817},"geometry":{"type":"Point","coordinates":[100.5729763,13.8894954]}},{"type":"Feature","id":1444580022,"properties":{"amenity":"fuel","brand":"Caltex","brand:wikidata":"Q277470","name":"Caltex","@type":"way","@id":1444580022},"geometry":{"type":"Point","coordinates":[100.4912811,13.7197137]}},{"type":"Feature","id":1444851071,"properties":{"amenity":"fuel","name":"สยามแก๊ส","name:th":"สยามแก๊ส","@type":"way","@id":1444851071},"geometry":{"type":"Point","coordinates":[100.5422396,13.674139]}},{"type":"Feature","id":1452541928,"properties":{"amenity":"fuel","brand":"Caltex","brand:wikidata":"Q277470","name":"คาลเท็กซ์","name:en":"Caltex","website":"https://www.caltex.com/","@type":"way","@id":1452541928},"geometry":{"type":"Point","coordinates":[100.5443217,13.7777668]}},{"type":"Feature","id":1455437634,"properties":{"amenity":"fuel","brand":"ป.ต.ท.","brand:en":"PTT","brand:th":"ป.ต.ท.","brand:wikidata":"Q1810389","building":"yes","layer":"1","name":"PTT","name:en":"PTT","name:th":"ป.ต.ท.","@type":"way","@id":1455437634},"geometry":{"type":"Point","coordinates":[100.548349,13.8087465]}},{"type":"Feature","id":1459059529,"properties":{"amenity":"fuel","brand":"ป.ต.ท.","brand:en":"PTT","brand:th":"ป.ต.ท.","brand:wikidata":"Q1810389","building":"roof","layer":"2","name":"ป.ต.ท.","name:en":"PTT","name:th":"ป.ต.ท.","@type":"way","@id":1459059529},"geometry":{"type":"Point","coordinates":[100.5528018,13.7419291]}},{"type":"Feature","id":1460529244,"properties":{"amenity":"fuel","brand":"เชลล์","brand:en":"Shell","brand:th":"เชลล์","brand:wikidata":"Q110716465","name":"เชลล์","name:en":"Shell","name:th":"เชลล์","@type":"way","@id":1460529244},"geometry":{"type":"Point","coordinates":[100.698076,13.9338721]}},{"type":"Feature","id":1460649578,"properties":{"amenity":"fuel","brand":"บางจาก","brand:en":"Bangchak","brand:th":"บางจาก","brand:wikidata":"Q6579719","name":"บางจาก","name:en":"Bangchak","name:th":"บางจาก","toilets":"yes","@type":"way","@id":1460649578},"geometry":{"type":"Point","coordinates":[100.7288305,13.9348973]}},{"type":"Feature","id":1460652667,"properties":{"amenity":"fuel","brand":"บางจาก","brand:en":"Bangchak","brand:th":"บางจาก","brand:wikidata":"Q6579719","name":"บางจาก","name:en":"Bangchak","name:th":"บางจาก","opening_hours":"24/7","self_service":"no","@type":"way","@id":1460652667},"geometry":{"type":"Point","coordinates":[100.7212156,13.9332284]}},{"type":"Feature","id":1460652687,"properties":{"amenity":"fuel","brand":"เชลล์","brand:en":"Shell","brand:th":"เชลล์","brand:wikidata":"Q110716465","name":"เชลล์","name:en":"Shell","name:th":"เชลล์","opening_hours":"24/7","self_service":"no","@type":"way","@id":1460652687},"geometry":{"type":"Point","coordinates":[100.7162503,13.933342]}},{"type":"Feature","id":1460652737,"properties":{"amenity":"fuel","brand":"ป.ต.ท.","brand:en":"PTT","brand:th":"ป.ต.ท.","brand:wikidata":"Q1810389","name":"ป.ต.ท.","name:en":"PTT","name:th":"ป.ต.ท.","opening_hours":"24/7","self_service":"no","@type":"way","@id":1460652737},"geometry":{"type":"Point","coordinates":[100.7177202,13.9343936]}},{"type":"Feature","id":1460657979,"properties":{"amenity":"fuel","brand":"ป.ต.ท.","brand:en":"PTT","brand:th":"ป.ต.ท.","brand:wikidata":"Q1810389","name":"ป.ต.ท.","name:en":"PTT","name:th":"ป.ต.ท.","@type":"way","@id":1460657979},"geometry":{"type":"Point","coordinates":[100.7407721,13.934189]}},{"type":"Feature","id":1460658150,"properties":{"amenity":"fuel","brand":"เชลล์","brand:en":"Shell","brand:th":"เชลล์","brand:wikidata":"Q110716465","name":"เชลล์","name:en":"Shell","name:th":"เชลล์","self_service":"no","@type":"way","@id":1460658150},"geometry":{"type":"Point","coordinates":[100.7449713,13.9342723]}},{"type":"Feature","id":1460662016,"properties":{"amenity":"fuel","brand":"ป.ต.ท.","brand:en":"PTT","brand:th":"ป.ต.ท.","brand:wikidata":"Q1810389","name":"ป.ต.ท.","name:en":"PTT","name:th":"ป.ต.ท.","@type":"way","@id":1460662016},"geometry":{"type":"Point","coordinates":[100.7123507,13.9277752]}},{"type":"Feature","id":1461909693,"properties":{"amenity":"fuel","brand":"Caltex","brand:wikidata":"Q277470","name":"Caltex","opening_hours":"24/7","self_service":"no","@type":"way","@id":1461909693},"geometry":{"type":"Point","coordinates":[100.7671469,13.7541898]}},{"type":"Feature","id":1461911587,"properties":{"amenity":"fuel","brand":"บางจาก","brand:en":"Bangchak","brand:th":"บางจาก","brand:wikidata":"Q6579719","name":"บางจาก","name:en":"Bangchak","name:th":"บางจาก","@type":"way","@id":1461911587},"geometry":{"type":"Point","coordinates":[100.7799778,13.7528302]}},{"type":"Feature","id":1461931989,"properties":{"amenity":"fuel","brand":"ป.ต.ท.","brand:en":"PTT","brand:th":"ป.ต.ท.","brand:wikidata":"Q1810389","name":"ป.ต.ท.","name:en":"PTT","name:th":"ป.ต.ท.","@type":"way","@id":1461931989},"geometry":{"type":"Point","coordinates":[100.8069029,13.8091753]}},{"type":"Feature","id":1461931990,"properties":{"amenity":"fuel","brand":"บางจาก","brand:en":"Bangchak","brand:th":"บางจาก","brand:wikidata":"Q6579719","name":"บางจาก","name:en":"Bangchak","name:th":"บางจาก","@type":"way","@id":1461931990},"geometry":{"type":"Point","coordinates":[100.805396,13.8104954]}},{"type":"Feature","id":1472549576,"properties":{"amenity":"fuel","brand":"ป.ต.ท.","brand:en":"PTT","brand:th":"ป.ต.ท.","brand:wikidata":"Q1810389","building":"roof","name":"ป.ต.ท.","name:en":"PTT","name:th":"ป.ต.ท.","@type":"way","@id":1472549576},"geometry":{"type":"Point","coordinates":[100.5132392,13.9662083]}},{"type":"Feature","id":1472611334,"properties":{"amenity":"fuel","brand":"ป.ต.ท.","brand:en":"PTT","brand:th":"ป.ต.ท.","brand:wikidata":"Q1810389","building":"roof","name":"ป.ต.ท.","name:en":"PTT","name:th":"ป.ต.ท.","@type":"way","@id":1472611334},"geometry":{"type":"Point","coordinates":[100.4725792,13.9878649]}},{"type":"Feature","id":1472635827,"properties":{"amenity":"fuel","brand":"บางจาก","brand:en":"Bangchak","brand:th":"บางจาก","brand:wikidata":"Q6579719","building":"roof","name":"บางจาก","name:en":"Bangchak","name:th":"บางจาก","self_service":"no","@type":"way","@id":1472635827},"geometry":{"type":"Point","coordinates":[100.5511898,13.9917297]}},{"type":"Feature","id":1472877798,"properties":{"amenity":"fuel","brand":"ป.ต.ท.","brand:en":"PTT","brand:th":"ป.ต.ท.","brand:wikidata":"Q1810389","building":"roof","name":"ป.ต.ท.","name:en":"PTT","name:th":"ป.ต.ท.","@type":"way","@id":1472877798},"geometry":{"type":"Point","coordinates":[100.5539406,14.0067985]}},{"type":"Feature","id":1472885663,"properties":{"amenity":"fuel","brand":"Caltex","brand:wikidata":"Q277470","building":"roof","name":"Caltex","@type":"way","@id":1472885663},"geometry":{"type":"Point","coordinates":[100.5255062,14.0453858]}},{"type":"Feature","id":1472885664,"properties":{"amenity":"fuel","brand":"ป.ต.ท.","brand:en":"PTT","brand:th":"ป.ต.ท.","brand:wikidata":"Q1810389","building":"roof","name":"ป.ต.ท.","name:en":"PTT","name:th":"ป.ต.ท.","@type":"way","@id":1472885664},"geometry":{"type":"Point","coordinates":[100.5256253,14.0464851]}},{"type":"Feature","id":1472885670,"properties":{"amenity":"fuel","brand":"Shell","brand:wikidata":"Q2289188","building":"roof","name":"Shell","@type":"way","@id":1472885670},"geometry":{"type":"Point","coordinates":[100.5248515,14.039741]}},{"type":"Feature","id":1472885671,"properties":{"amenity":"fuel","brand":"บางจาก","brand:en":"Bangchak","brand:th":"บางจาก","brand:wikidata":"Q6579719","building":"roof","name":"บางจาก","name:en":"Bangchak","name:th":"บางจาก","@type":"way","@id":1472885671},"geometry":{"type":"Point","coordinates":[100.5255404,14.0395366]}},{"type":"Feature","id":1472908065,"properties":{"amenity":"fuel","brand":"บางจาก","brand:en":"Bangchak","brand:th":"บางจาก","brand:wikidata":"Q6579719","building":"roof","name":"บางจาก","name:en":"Bangchak","name:th":"บางจาก","@type":"way","@id":1472908065},"geometry":{"type":"Point","coordinates":[100.3293115,13.7581116]}},{"type":"Feature","id":1472949989,"properties":{"amenity":"fuel","brand":"บางจาก","brand:en":"Bangchak","brand:th":"บางจาก","brand:wikidata":"Q6579719","name":"บางจาก","name:en":"bangchak","name:th":"บางจาก","@type":"way","@id":1472949989},"geometry":{"type":"Point","coordinates":[100.2588201,13.8266669]}},{"type":"Feature","id":1473252640,"properties":{"amenity":"fuel","brand":"บางจาก","brand:en":"Bangchak","brand:th":"บางจาก","brand:wikidata":"Q6579719","building":"roof","name":"บางจาก","name:en":"Bangchak","name:th":"บางจาก","@type":"way","@id":1473252640},"geometry":{"type":"Point","coordinates":[100.3829683,13.8429462]}},{"type":"Feature","id":1473254405,"properties":{"amenity":"fuel","brand":"Caltex","brand:wikidata":"Q277470","building":"roof","name":"Caltex","@type":"way","@id":1473254405},"geometry":{"type":"Point","coordinates":[100.3262255,13.8134848]}},{"type":"Feature","id":1473258163,"properties":{"amenity":"fuel","brand":"ป.ต.ท.","brand:en":"PTT","brand:th":"ป.ต.ท.","brand:wikidata":"Q1810389","building":"roof","name":"ป.ต.ท.","name:en":"PTT","name:th":"ป.ต.ท.","@type":"way","@id":1473258163},"geometry":{"type":"Point","coordinates":[100.25617,13.7845179]}},{"type":"Feature","id":1483518130,"properties":{"amenity":"fuel","brand":"บางจาก","brand:en":"Bangchak","brand:th":"บางจาก","brand:wikidata":"Q6579719","highway":"rest_area","name":"บางจาก","name:en":"Bangchak","name:th":"บางจาก","@type":"way","@id":1483518130},"geometry":{"type":"Point","coordinates":[100.407854,13.7656753]}},{"type":"Feature","id":1483518131,"properties":{"amenity":"fuel","brand":"เชลล์","brand:en":"Shell","brand:th":"เชลล์","brand:wikidata":"Q110716465","highway":"rest_area","name":"เชลล์","name:en":"Shell","name:th":"เชลล์","@type":"way","@id":1483518131},"geometry":{"type":"Point","coordinates":[100.4080323,13.766679]}},{"type":"Feature","id":1483518132,"properties":{"amenity":"fuel","brand":"ป.ต.ท.","brand:en":"PTT","brand:th":"ป.ต.ท.","brand:wikidata":"Q1810389","highway":"rest_area","name":"ป.ต.ท.","name:en":"PTT","name:th":"ป.ต.ท.","@type":"way","@id":1483518132},"geometry":{"type":"Point","coordinates":[100.4080941,13.7676976]}},{"type":"Feature","id":1484502235,"properties":{"amenity":"fuel","brand":"ป.ต.ท.","brand:en":"PTT","brand:th":"ป.ต.ท.","brand:wikidata":"Q1810389","highway":"rest_area","name":"ปตท","name:en":"PTT","name:th":"ป.ต.ท.","@type":"way","@id":1484502235},"geometry":{"type":"Point","coordinates":[100.4108779,13.7952328]}},{"type":"Feature","id":1484678305,"properties":{"amenity":"fuel","brand":"ป.ต.ท.","brand:en":"PTT","brand:th":"ป.ต.ท.","brand:wikidata":"Q1810389","brand:wikipedia":"th:ปตท.","landuse":"retail","name":"ป.ต.ท.","name:en":"PTT","name:th":"ป.ต.ท.","note":"From survey. Apparently not present in imagery yet.","self_service":"no","@type":"way","@id":1484678305},"geometry":{"type":"Point","coordinates":[100.4109,13.7926017]}},{"type":"Feature","id":1485520079,"properties":{"amenity":"fuel","brand":"ป.ต.ท.","brand:en":"PTT","brand:th":"ป.ต.ท.","brand:wikidata":"Q1810389","brand:wikipedia":"en:PTT Public Company Limited","highway":"rest_area","name":"PTT","name:en":"PTT","name:th":"ป.ต.ท.","operator":"PTT","@type":"way","@id":1485520079},"geometry":{"type":"Point","coordinates":[100.4071472,13.7741005]}},{"type":"Feature","id":1485648979,"properties":{"amenity":"fuel","brand":"PT","brand:wikidata":"Q62298612","highway":"rest_area","name":"PT","@type":"way","@id":1485648979},"geometry":{"type":"Point","coordinates":[100.3646729,13.7419766]}},{"type":"Feature","id":1486142755,"properties":{"amenity":"fuel","brand":"บางจาก","brand:en":"Bangchak","brand:th":"บางจาก","brand:wikidata":"Q6579719","highway":"rest_area","name":"บางจาก","name:en":"Bangchak","name:th":"บางจาก","@type":"way","@id":1486142755},"geometry":{"type":"Point","coordinates":[100.4984955,13.7832038]}},{"type":"Feature","id":1486142757,"properties":{"amenity":"fuel","highway":"rest_area","name":"Best LPG","@type":"way","@id":1486142757},"geometry":{"type":"Point","coordinates":[100.4975095,13.7836257]}},{"type":"Feature","id":1486526328,"properties":{"amenity":"fuel","landuse":"retail","@type":"way","@id":1486526328},"geometry":{"type":"Point","coordinates":[100.3769376,13.7856508]}},{"type":"Feature","id":1487535837,"properties":{"amenity":"fuel","brand":"PT","brand:wikidata":"Q62298612","building":"roof","name":"PT","@type":"way","@id":1487535837},"geometry":{"type":"Point","coordinates":[100.6588664,13.8291669]}},{"type":"Feature","id":1487538166,"properties":{"amenity":"fuel","brand":"บางจาก","brand:en":"Bangchak","brand:th":"บางจาก","brand:wikidata":"Q6579719","building":"roof","name":"บางจาก","name:en":"Bangchak","name:th":"บางจาก","@type":"way","@id":1487538166},"geometry":{"type":"Point","coordinates":[100.6589374,13.8295046]}},{"type":"Feature","id":1487538317,"properties":{"amenity":"fuel","brand":"บางจาก","brand:en":"Bangchak","brand:th":"บางจาก","brand:wikidata":"Q6579719","building":"roof","name":"บางจาก","name:en":"Bangchak","name:th":"บางจาก","@type":"way","@id":1487538317},"geometry":{"type":"Point","coordinates":[100.6602056,13.8344707]}},{"type":"Feature","id":1487540154,"properties":{"amenity":"fuel","brand":"ป.ต.ท.","brand:en":"PTT","brand:th":"ป.ต.ท.","brand:wikidata":"Q1810389","building":"roof","layer":"1","name":"ป.ต.ท.","name:en":"PTT","name:th":"ป.ต.ท.","@type":"way","@id":1487540154},"geometry":{"type":"Point","coordinates":[100.6607043,13.8356009]}},{"type":"Feature","id":1487540817,"properties":{"amenity":"fuel","building":"roof","layer":"1","name":"ซัสโก้","name:en":"Susco","name:th":"ซัสโก้","@type":"way","@id":1487540817},"geometry":{"type":"Point","coordinates":[100.6593587,13.8302938]}},{"type":"Feature","id":1489670832,"properties":{"amenity":"fuel","brand":"ป.ต.ท.","brand:en":"PTT","brand:th":"ป.ต.ท.","brand:wikidata":"Q1810389","building":"roof","name":"ป.ต.ท.","name:en":"PTT","name:th":"ป.ต.ท.","@type":"way","@id":1489670832},"geometry":{"type":"Point","coordinates":[100.6462121,13.8182411]}},{"type":"Feature","id":1489671131,"properties":{"amenity":"fuel","brand":"ป.ต.ท.","brand:en":"PTT","brand:th":"ป.ต.ท.","brand:wikidata":"Q1810389","building":"roof","name":"ป.ต.ท.","name:en":"PTT","name:th":"ป.ต.ท.","@type":"way","@id":1489671131},"geometry":{"type":"Point","coordinates":[100.6432703,13.8206147]}},{"type":"Feature","id":1489671210,"properties":{"amenity":"fuel","brand":"บางจาก","brand:en":"Bangchak","brand:th":"บางจาก","brand:wikidata":"Q6579719","building":"roof","name":"บางจาก","name:en":"Bangchak","name:th":"บางจาก","@type":"way","@id":1489671210},"geometry":{"type":"Point","coordinates":[100.6423537,13.8223882]}},{"type":"Feature","id":1489671904,"properties":{"amenity":"fuel","brand":"PT","brand:wikidata":"Q62298612","building":"roof","name":"PT","@type":"way","@id":1489671904},"geometry":{"type":"Point","coordinates":[100.6391348,13.8292302]}},{"type":"Feature","id":1489671905,"properties":{"amenity":"fuel","brand":"PT","brand:wikidata":"Q62298612","building":"roof","name":"PT","@type":"way","@id":1489671905},"geometry":{"type":"Point","coordinates":[100.639272,13.8291227]}},{"type":"Feature","id":1489674595,"properties":{"amenity":"fuel","brand":"เชลล์","brand:en":"Shell","brand:th":"เชลล์","brand:wikidata":"Q110716465","building":"roof","name":"เชลล์","name:en":"Shell","name:th":"เชลล์","@type":"way","@id":1489674595},"geometry":{"type":"Point","coordinates":[100.6348216,13.8389821]}},{"type":"Feature","id":1489680985,"properties":{"amenity":"fuel","brand":"Caltex","brand:wikidata":"Q277470","building":"roof","name":"Caltex","@type":"way","@id":1489680985},"geometry":{"type":"Point","coordinates":[100.6386713,13.8392029]}},{"type":"Feature","id":1489681519,"properties":{"amenity":"fuel","brand":"PT","brand:wikidata":"Q62298612","building":"roof","layer":"1","name":"PT","@type":"way","@id":1489681519},"geometry":{"type":"Point","coordinates":[100.6389658,13.8400876]}},{"type":"Feature","id":1489684631,"properties":{"amenity":"fuel","brand":"Caltex","brand:wikidata":"Q277470","building":"roof","name":"Caltex","@type":"way","@id":1489684631},"geometry":{"type":"Point","coordinates":[100.6328029,13.8356887]}},{"type":"Feature","id":1499412575,"properties":{"amenity":"fuel","brand":"บางจาก","brand:en":"Bangchak","brand:th":"บางจาก","brand:wikidata":"Q6579719","name":"บางจาก","name:en":"Bangchak","name:th":"บางจาก","@type":"way","@id":1499412575},"geometry":{"type":"Point","coordinates":[100.582993,13.7126462]}},{"type":"Feature","id":1506766773,"properties":{"addr:city":"แขวงวัดโสมนัส","addr:housenumber":"8","addr:postcode":"10100","addr:street":"ถนนหลานหลวง","amenity":"fuel","brand":"Susco","name":"Susco Gasoline","name:th":"ปั๊มน้ำมันซัสโก้หลานหลวง","self_service":"no","@type":"way","@id":1506766773},"geometry":{"type":"Point","coordinates":[100.5078241,13.7561118]}},{"type":"Feature","id":1512881652,"properties":{"amenity":"fuel","building":"yes","@type":"way","@id":1512881652},"geometry":{"type":"Point","coordinates":[100.4592782,13.6060549]}},{"type":"Feature","id":1518765238,"properties":{"amenity":"fuel","brand":"ป.ต.ท.","brand:en":"PTT","brand:th":"ป.ต.ท.","brand:wikidata":"Q1810389","name":"ปตท. สถานีบริการน้ำมัน และ อีวี บจ.เพชรธน กรุ๊ป","name:en":"PTT","name:th":"ป.ต.ท.","@type":"way","@id":1518765238},"geometry":{"type":"Point","coordinates":[100.2824753,13.5660757]}},{"type":"Feature","id":1529864157,"properties":{"amenity":"fuel","brand":"บางจาก","brand:en":"Bangchak","brand:th":"บางจาก","brand:wikidata":"Q6579719","fuel:diesel":"yes","name":"Bangchak","name:en":"Bangchak","name:th":"บางจาก","@type":"way","@id":1529864157},"geometry":{"type":"Point","coordinates":[100.7978981,13.7545189]}},{"type":"Feature","id":1533424280,"properties":{"amenity":"fuel","brand":"ป.ต.ท.","brand:en":"PTT","brand:th":"ป.ต.ท.","brand:wikidata":"Q1810389","building":"roof","name":"ป.ต.ท.","name:en":"PTT","name:th":"ป.ต.ท.","@type":"way","@id":1533424280},"geometry":{"type":"Point","coordinates":[100.5444865,13.7498351]}},{"type":"Feature","id":1561505315,"properties":{"amenity":"fuel","self_service":"no","@type":"way","@id":1561505315},"geometry":{"type":"Point","coordinates":[100.3675918,13.6007898]}},{"type":"Feature","id":1564107228,"properties":{"amenity":"charging_station","@type":"way","@id":1564107228},"geometry":{"type":"Point","coordinates":[100.7782255,13.7287744]}},{"type":"Feature","id":303458095,"properties":{"amenity":"fuel","fuel:diesel":"yes","fuel:lpg":"yes","fuel:octane_91":"yes","fuel:octane_95":"yes","name":"คาลเท็กซ์","name:en":"Caltex","website":"https://www.caltex.com/","@type":"node","@id":303458095},"geometry":{"type":"Point","coordinates":[101.2002173,12.694849]}},{"type":"Feature","id":370478612,"properties":{"amenity":"fuel","brand":"PT","brand:wikidata":"Q62298612","brand:wikipedia":"en:PTT Public Company Limited","name":"PT","self_service":"no","toilets":"yes","website":"https://www.pttplc.com","@type":"node","@id":370478612},"geometry":{"type":"Point","coordinates":[101.4858755,13.740859]}},{"type":"Feature","id":972796730,"properties":{"amenity":"fuel","@type":"node","@id":972796730},"geometry":{"type":"Point","coordinates":[101.3595977,13.7489947]}},{"type":"Feature","id":976303858,"properties":{"amenity":"fuel","fuel:diesel":"yes","fuel:octane_91":"yes","fuel:octane_95":"yes","name":"พีที","name:en":"PT","@type":"node","@id":976303858},"geometry":{"type":"Point","coordinates":[100.9189709,12.9822303]}},{"type":"Feature","id":976303889,"properties":{"amenity":"fuel","brand":"ป.ต.ท.","brand:en":"PTT","brand:th":"ป.ต.ท.","brand:wikidata":"Q1810389","fuel:diesel":"yes","fuel:e20":"yes","fuel:e85":"yes","fuel:gasohol_91":"yes","fuel:gasohol_95":"yes","name":"PTT","name:en":"PTT","name:th":"ปตท","@type":"node","@id":976303889},"geometry":{"type":"Point","coordinates":[100.919364,12.9828195]}},{"type":"Feature","id":976303926,"properties":{"amenity":"fuel","fuel:diesel":"yes","fuel:e20":"yes","fuel:octane_91":"yes","fuel:octane_95":"yes","name":"เชลล์","name:en":"Shell","operator":"Shell","operator:en":"Shell","operator:th":"เซลล์","website":"https://www.shell.co.th/","@type":"node","@id":976303926},"geometry":{"type":"Point","coordinates":[100.9362327,12.9963816]}},{"type":"Feature","id":976303988,"properties":{"amenity":"fuel","brand":"บางจาก","brand:en":"Bangchak","brand:th":"บางจาก","brand:wikidata":"Q6579719","fuel:diesel":"yes","fuel:e20":"yes","fuel:e85":"yes","fuel:octane_91":"yes","fuel:octane_95":"yes","name":"บางจาก","name:en":"Bangchak","name:th":"บางจาก","operator":"บางจาก","operator:en":"Bangchak","website":"https://www.bangchak.co.th/","@type":"node","@id":976303988},"geometry":{"type":"Point","coordinates":[100.9305173,13.0123424]}},{"type":"Feature","id":976304018,"properties":{"amenity":"fuel","brand":"ป.ต.ท.","brand:en":"PTT","brand:th":"ป.ต.ท.","brand:wikidata":"Q1810389","name":"ป.ต.ท.","name:en":"PTT","name:th":"ป.ต.ท.","operator":"ปตท","operator:en":"PTT","operator:th":"ปตท","website":"www.pttplc.com","@type":"node","@id":976304018},"geometry":{"type":"Point","coordinates":[100.9943196,13.3424669]}},{"type":"Feature","id":976304101,"properties":{"amenity":"fuel","brand":"Esso","name":"เอสโซ่","name:en":"Esso","operator":"Esso","operator:en":"Esso","operator:th":"เอสโซ่","website":"https://www.esso.co.th/","@type":"node","@id":976304101},"geometry":{"type":"Point","coordinates":[101.0085242,13.356555]}},{"type":"Feature","id":995551245,"properties":{"amenity":"fuel","brand":"ป.ต.ท.","brand:en":"PTT","brand:th":"ป.ต.ท.","brand:wikidata":"Q1810389","fuel:diesel":"yes","fuel:e20":"yes","fuel:octane_91":"yes","fuel:octane_95":"yes","name":"ป.ต.ท.","name:en":"PTT","name:th":"ป.ต.ท.","operator":"ปตท","operator:en":"PTT","operator:th":"ปตท","website":"www.pttplc.com","@type":"node","@id":995551245},"geometry":{"type":"Point","coordinates":[100.9150779,12.82574]}},{"type":"Feature","id":1000402689,"properties":{"amenity":"fuel","brand":"ป.ต.ท.","brand:en":"PTT","brand:th":"ป.ต.ท.","brand:wikidata":"Q1810389","name":"PTT","name:en":"PTT","name:th":"ปตท","@type":"node","@id":1000402689},"geometry":{"type":"Point","coordinates":[100.991539,12.6944845]}},{"type":"Feature","id":1001527950,"properties":{"amenity":"fuel","brand":"PTT","fuel:diesel":"yes","fuel:e20":"yes","fuel:octane_91":"yes","fuel:octane_95":"yes","name":"ป.ต.ท.","name:en":"PTT","operator":"ปตท","operator:en":"PTT","operator:th":"ปตท","website":"www.pttplc.com","@type":"node","@id":1001527950},"geometry":{"type":"Point","coordinates":[101.239799,12.6836471]}},{"type":"Feature","id":1178930485,"properties":{"amenity":"fuel","name":"ป.ต.ท.","name:en":"PTT","website":"www.pttplc.com","@type":"node","@id":1178930485},"geometry":{"type":"Point","coordinates":[100.9966672,13.1324873]}},{"type":"Feature","id":1201368058,"properties":{"addr:country":"ไทย","addr:district":"นิคมพัฒนา","addr:postcode":"21180","addr:province":"ระยอง","addr:subdistrict":"นิคมพัฒนา","amenity":"fuel","brand":"บางจาก","brand:en":"Bangchak","brand:th":"บางจาก","brand:wikidata":"Q6579719","country":"Thailand","name":"บางจาก","name:en":"Bangchak","name:th":"บางจาก","website":"https://www.bangchak.co.th/","@type":"node","@id":1201368058},"geometry":{"type":"Point","coordinates":[101.2017582,12.8264839]}},{"type":"Feature","id":1241591062,"properties":{"amenity":"fuel","name":"NGV","operator":"NGV","@type":"node","@id":1241591062},"geometry":{"type":"Point","coordinates":[101.1451733,13.6586849]}},{"type":"Feature","id":1307937596,"properties":{"amenity":"fuel","brand":"Pure","fuel:octane_91":"no","@type":"node","@id":1307937596},"geometry":{"type":"Point","coordinates":[101.1702145,13.4477014]}},{"type":"Feature","id":1504649385,"properties":{"amenity":"fuel","brand":"PAP","name":"คาลเท็กซ์","name:en":"Caltex","website":"https://www.caltex.com/","@type":"node","@id":1504649385},"geometry":{"type":"Point","coordinates":[100.9838101,12.9607707]}},{"type":"Feature","id":1563351872,"properties":{"amenity":"fuel","@type":"node","@id":1563351872},"geometry":{"type":"Point","coordinates":[101.2117817,12.9783293]}},{"type":"Feature","id":1592217828,"properties":{"amenity":"fuel","brand":"PTT","brand:en":"PTT","brand:th":"ปตท","fuel:diesel":"yes","fuel:e20":"yes","fuel:e85":"yes","fuel:gasohol_91":"yes","fuel:gasohol_95":"yes","name":"PTT","name:en":"PTT","name:th":"ปตท","@type":"node","@id":1592217828},"geometry":{"type":"Point","coordinates":[100.9458527,12.9432624]}},{"type":"Feature","id":1596032998,"properties":{"amenity":"fuel","fuel:lpg":"yes","name":"LPG","@type":"node","@id":1596032998},"geometry":{"type":"Point","coordinates":[101.1259748,12.832332]}},{"type":"Feature","id":1596032999,"properties":{"amenity":"fuel","brand":"เอสโซ่","name":"เอสโซ่","name:en":"Esso","@type":"node","@id":1596032999},"geometry":{"type":"Point","coordinates":[101.1279665,12.8318402]}},{"type":"Feature","id":1596055760,"properties":{"amenity":"fuel","fuel:lpg":"yes","@type":"node","@id":1596055760},"geometry":{"type":"Point","coordinates":[101.2418574,12.8974823]}},{"type":"Feature","id":1604713443,"properties":{"amenity":"fuel","brand":"ป.ต.ท.","brand:en":"PTT","brand:th":"ป.ต.ท.","brand:wikidata":"Q1810389","fuel:diesel":"yes","fuel:octane_95":"yes","name":"ป.ต.ท.","name:en":"PTT","name:th":"ป.ต.ท.","website":"www.pttplc.com","@type":"node","@id":1604713443},"geometry":{"type":"Point","coordinates":[100.8990777,12.9672307]}},{"type":"Feature","id":1605150059,"properties":{"amenity":"fuel","brand":"PT","brand:wikidata":"Q62298612","fuel:diesel":"yes","fuel:octane_91":"yes","fuel:octane_95":"yes","name":"PT","name:en":"PT","@type":"node","@id":1605150059},"geometry":{"type":"Point","coordinates":[100.9101692,12.9308113]}},{"type":"Feature","id":1609815251,"properties":{"amenity":"fuel","name":"เชลล์","name:en":"Shell","website":"https://www.shell.co.th/","@type":"node","@id":1609815251},"geometry":{"type":"Point","coordinates":[101.4123885,13.6836272]}},{"type":"Feature","id":1620097236,"properties":{"amenity":"fuel","fuel:lpg":"yes","name":"LPG","@type":"node","@id":1620097236},"geometry":{"type":"Point","coordinates":[102.0080675,12.6640505]}},{"type":"Feature","id":1620104544,"properties":{"amenity":"fuel","name":"PT","@type":"node","@id":1620104544},"geometry":{"type":"Point","coordinates":[101.8419656,12.7717985]}},{"type":"Feature","id":1620104548,"properties":{"amenity":"fuel","brand":"บางจาก","brand:en":"Bangchak","brand:th":"บางจาก","brand:wikidata":"Q6579719","fuel:diesel":"yes","name":"บางจาก","name:en":"Bangchak","name:th":"บางจาก","toilets":"yes","@type":"node","@id":1620104548},"geometry":{"type":"Point","coordinates":[101.8150758,12.7814136]}},{"type":"Feature","id":1620104550,"properties":{"amenity":"fuel","name":"เอสโซ่","name:en":"Esso","website":"https://www.esso.co.th/","@type":"node","@id":1620104550},"geometry":{"type":"Point","coordinates":[101.8095329,12.7812587]}},{"type":"Feature","id":1620104552,"properties":{"amenity":"fuel","brand":"บางจาก","brand:en":"Bangchak","brand:th":"บางจาก","brand:wikidata":"Q6579719","name":"บางจาก","name:en":"Bangchak","name:th":"บางจาก","website":"https://www.esso.co.th/","@type":"node","@id":1620104552},"geometry":{"type":"Point","coordinates":[101.7227151,12.7779838]}},{"type":"Feature","id":1620104562,"properties":{"amenity":"fuel","name":"คาลเท็กซ์","name:en":"Caltex","website":"https://www.caltex.com/","@type":"node","@id":1620104562},"geometry":{"type":"Point","coordinates":[101.7303355,12.7792892]}},{"type":"Feature","id":1620104567,"properties":{"amenity":"fuel","fuel:diesel":"yes","fuel:octane_95":"yes","name":"ป.ต.ท.","name:en":"PTT","website":"www.pttplc.com","@type":"node","@id":1620104567},"geometry":{"type":"Point","coordinates":[101.7098137,12.7767857]}},{"type":"Feature","id":1620112245,"properties":{"amenity":"fuel","fuel:lpg":"yes","name":"LPG","@type":"node","@id":1620112245},"geometry":{"type":"Point","coordinates":[101.6410245,12.7744849]}},{"type":"Feature","id":1620112279,"properties":{"amenity":"fuel","brand":"เชลล์","brand:en":"Shell","brand:th":"เชลล์","brand:wikidata":"Q110716465","name":"เชลล์","name:en":"Shell","name:th":"เชลล์","website":"https://www.shell.co.th/","@type":"node","@id":1620112279},"geometry":{"type":"Point","coordinates":[101.6647349,12.786158]}},{"type":"Feature","id":1620112284,"properties":{"amenity":"fuel","fuel:diesel":"yes","fuel:e20":"yes","fuel:octane_91":"yes","fuel:octane_95":"yes","name":"ป.ต.ท.","name:en":"PTT","website":"www.pttplc.com","@type":"node","@id":1620112284},"geometry":{"type":"Point","coordinates":[101.691609,12.7829334]}},{"type":"Feature","id":1620112286,"properties":{"amenity":"fuel","name":"เอสโซ่","name:en":"Esso","website":"https://www.esso.co.th/","@type":"node","@id":1620112286},"geometry":{"type":"Point","coordinates":[101.6392555,12.7732439]}},{"type":"Feature","id":1620112288,"properties":{"amenity":"fuel","fuel:diesel":"yes","fuel:e20":"yes","fuel:e85":"yes","fuel:octane_91":"yes","fuel:octane_95":"yes","name":"ป.ต.ท.","name:en":"PTT","website":"www.pttplc.com","@type":"node","@id":1620112288},"geometry":{"type":"Point","coordinates":[101.6311402,12.768618]}},{"type":"Feature","id":1620136341,"properties":{"amenity":"fuel","operator":"Esso","operator:en":"Esso","operator:th":"เอสโซ่","website":"https://www.esso.co.th/","@type":"node","@id":1620136341},"geometry":{"type":"Point","coordinates":[101.3981571,12.6402935]}},{"type":"Feature","id":1620136344,"properties":{"amenity":"fuel","fuel:lpg":"yes","name":"LPG","@type":"node","@id":1620136344},"geometry":{"type":"Point","coordinates":[101.2842383,12.6955941]}},{"type":"Feature","id":1620136348,"properties":{"amenity":"fuel","brand":"ป.ต.ท.","brand:en":"PTT","brand:th":"ป.ต.ท.","brand:wikidata":"Q1810389","compressed_air":"yes","fuel:cng":"yes","fuel:diesel":"yes","fuel:e20":"yes","fuel:octane_91":"yes","fuel:octane_95":"yes","name":"PTT","name:en":"PTT","name:th":"ปตท","@type":"node","@id":1620136348},"geometry":{"type":"Point","coordinates":[101.2668469,12.6973002]}},{"type":"Feature","id":1620136363,"properties":{"amenity":"fuel","brand":"PT","brand:wikidata":"Q62298612","fuel:diesel":"yes","fuel:e20":"yes","fuel:lpg":"yes","fuel:octane_91":"yes","fuel:octane_95":"yes","name":"PT Oil and LPG Station Thapma1 (Punthai)","name:th":"ปั๊มน้ำมันและแก๊สพีที ทับมา1","@type":"node","@id":1620136363},"geometry":{"type":"Point","coordinates":[101.2460946,12.7021736]}},{"type":"Feature","id":1620136372,"properties":{"amenity":"fuel","fuel:lpg":"yes","name":"LPG","@type":"node","@id":1620136372},"geometry":{"type":"Point","coordinates":[101.3417664,12.6498722]}},{"type":"Feature","id":1625017792,"properties":{"amenity":"fuel","name":"ป.ต.ท.","name:en":"PTT","website":"www.pttplc.com","@type":"node","@id":1625017792},"geometry":{"type":"Point","coordinates":[101.0265063,13.1418817]}},{"type":"Feature","id":1625029399,"properties":{"amenity":"fuel","name":"ป.ต.ท.","name:en":"PTT","website":"www.pttplc.com","@type":"node","@id":1625029399},"geometry":{"type":"Point","coordinates":[101.0003934,13.1505812]}},{"type":"Feature","id":1639000203,"properties":{"amenity":"fuel","brand":"PTT","name":"PTT","name:en":"PTT","name:th":"ป.ต.ท.","operator":"PTT","source":"Bing; sign","website":"www.pttplc.com","wheelchair":"yes","wheelchair:description":"- parking space and toilet for special need people is available","@type":"node","@id":1639000203},"geometry":{"type":"Point","coordinates":[101.0542539,13.3396444]}},{"type":"Feature","id":1639000206,"properties":{"amenity":"fuel","brand":"Shell","name":"เชลล์","name:en":"Shell","source":"Bing; sign","website":"https://www.shell.co.th/","@type":"node","@id":1639000206},"geometry":{"type":"Point","coordinates":[101.0549597,13.3394407]}},{"type":"Feature","id":1639028857,"properties":{"amenity":"fuel","brand":"PTT","name":"ป.ต.ท.","name:en":"PTT","name:th":"ป.ต.ท.สหกรณ์การเกษตรพนัสนิคม","source":"Bing; sign","website":"http://www.pttplc.com","@type":"node","@id":1639028857},"geometry":{"type":"Point","coordinates":[101.1703334,13.4711141]}},{"type":"Feature","id":1652500395,"properties":{"amenity":"fuel","fuel:diesel":"yes","fuel:e20":"yes","fuel:octane_91":"yes","fuel:octane_95":"yes","name":"ป.ต.ท.","name:en":"PTT","operator":"ปตท","operator:en":"PTT","operator:th":"ปตท","website":"www.pttplc.com","@type":"node","@id":1652500395},"geometry":{"type":"Point","coordinates":[101.3275157,12.6585749]}},{"type":"Feature","id":1655781083,"properties":{"amenity":"fuel","name":"ป.ต.ท.","name:en":"PTT","website":"www.pttplc.com","@type":"node","@id":1655781083},"geometry":{"type":"Point","coordinates":[101.6855508,12.7847563]}},{"type":"Feature","id":1661936008,"properties":{"amenity":"fuel","brand":"PTT","brand:en":"PTT","brand:th":"ป.ต.ท.","brand:wikidata":"Q1810389","brand:wikipedia":"en:PTT Public Company Limited","fuel:diesel":"yes","fuel:gasohol_91":"yes","name":"PTT","name:en":"PTT","name:th":"ป ต ท","operator":"PTT","self_service":"no","source":"GPS;survey","website":"https://www.pttplc.com","@type":"node","@id":1661936008},"geometry":{"type":"Point","coordinates":[101.0475546,12.9517424]}},{"type":"Feature","id":1665574643,"properties":{"amenity":"fuel","name":"ป.ต.ท.","name:en":"PTT","website":"www.pttplc.com","@type":"node","@id":1665574643},"geometry":{"type":"Point","coordinates":[100.9381007,13.2282441]}},{"type":"Feature","id":1665587394,"properties":{"amenity":"fuel","name":"ปั้มน้ำมันไทยออยล์","source":"Bing","@type":"node","@id":1665587394},"geometry":{"type":"Point","coordinates":[100.9359818,13.1931074]}},{"type":"Feature","id":1674240727,"properties":{"amenity":"fuel","brand":"PTT NGV","fuel:cng":"yes","source":"Bing","@type":"node","@id":1674240727},"geometry":{"type":"Point","coordinates":[100.9995919,13.4476783]}},{"type":"Feature","id":1691604909,"properties":{"amenity":"fuel","name":"ปตท.วัฒนาคาร์แคร์","name:th":"ปตท.วัฒนาคาร์แคร์","source":"Bing","@type":"node","@id":1691604909},"geometry":{"type":"Point","coordinates":[101.1004015,13.6618972]}},{"type":"Feature","id":1691651336,"properties":{"amenity":"fuel","name":"ปตท.ถาวรพีที","name:th":"ปตท.ถาวรพีที","@type":"node","@id":1691651336},"geometry":{"type":"Point","coordinates":[101.0471409,13.7164958]}},{"type":"Feature","id":1693231732,"properties":{"amenity":"fuel","name":"เอสโซ่ Fuel Station","name:en":"Esso","website":"https://www.esso.co.th/","@type":"node","@id":1693231732},"geometry":{"type":"Point","coordinates":[101.3473242,13.1356994]}},{"type":"Feature","id":1693236468,"properties":{"amenity":"fuel","name":"Fuel Station","source":"GPS","@type":"node","@id":1693236468},"geometry":{"type":"Point","coordinates":[101.4416077,13.2824667]}},{"type":"Feature","id":1693236471,"properties":{"amenity":"fuel","@type":"node","@id":1693236471},"geometry":{"type":"Point","coordinates":[101.4378295,13.2727242]}},{"type":"Feature","id":1693244289,"properties":{"amenity":"fuel","name":"Gas Station","@type":"node","@id":1693244289},"geometry":{"type":"Point","coordinates":[101.7024912,13.3822962]}},{"type":"Feature","id":1693324796,"properties":{"amenity":"fuel","name":"Gas Station","@type":"node","@id":1693324796},"geometry":{"type":"Point","coordinates":[102.0218635,13.4167514]}},{"type":"Feature","id":1693324800,"properties":{"amenity":"fuel","name":"ป.ต.ท.","name:en":"PTT","website":"www.pttplc.com","@type":"node","@id":1693324800},"geometry":{"type":"Point","coordinates":[101.9951142,13.4203607]}},{"type":"Feature","id":1713150561,"properties":{"amenity":"fuel","name":"PT","@type":"node","@id":1713150561},"geometry":{"type":"Point","coordinates":[101.4233727,13.0598358]}},{"type":"Feature","id":1713833185,"properties":{"amenity":"fuel","name":"ป.ต.ท.","name:en":"PTT","website":"www.pttplc.com","@type":"node","@id":1713833185},"geometry":{"type":"Point","coordinates":[101.0513612,13.1173056]}},{"type":"Feature","id":1718929531,"properties":{"amenity":"fuel","name":"คาลเท็กซ์","name:en":"Caltex","website":"https://www.caltex.com/","@type":"node","@id":1718929531},"geometry":{"type":"Point","coordinates":[101.1177896,13.0387632]}},{"type":"Feature","id":1731991605,"properties":{"amenity":"fuel","@type":"node","@id":1731991605},"geometry":{"type":"Point","coordinates":[101.3409767,12.8276203]}},{"type":"Feature","id":1731991611,"properties":{"amenity":"fuel","fuel:cng":"yes","operator":"ปตท","operator:en":"PTT","operator:th":"ปตท","@type":"node","@id":1731991611},"geometry":{"type":"Point","coordinates":[101.2304447,12.7971783]}},{"type":"Feature","id":1747663392,"properties":{"amenity":"fuel","brand":"บางจาก","brand:en":"Bangchak","brand:th":"บางจาก","brand:wikidata":"Q6579719","name":"บางจาก","name:en":"Bangchak","name:th":"บางจาก","operator:en":"Bangchak","operator:th":"บางจาก","@type":"node","@id":1747663392},"geometry":{"type":"Point","coordinates":[101.3172428,12.8838836]}},{"type":"Feature","id":1747726363,"properties":{"amenity":"fuel","@type":"node","@id":1747726363},"geometry":{"type":"Point","coordinates":[101.7162751,12.9072551]}},{"type":"Feature","id":1747749658,"properties":{"amenity":"fuel","name":"PTT","@type":"node","@id":1747749658},"geometry":{"type":"Point","coordinates":[101.9517714,12.7226163]}},{"type":"Feature","id":1747749677,"properties":{"amenity":"fuel","@type":"node","@id":1747749677},"geometry":{"type":"Point","coordinates":[101.7512832,12.7855811]}},{"type":"Feature","id":1747749706,"properties":{"amenity":"fuel","name":"บางจาก","name:en":"Bangchak","website":"https://www.bangchak.co.th/","@type":"node","@id":1747749706},"geometry":{"type":"Point","coordinates":[101.6727582,12.7867198]}},{"type":"Feature","id":1747782999,"properties":{"amenity":"fuel","name":"ป.ต.ท.","name:en":"PTT","website":"www.pttplc.com","@type":"node","@id":1747782999},"geometry":{"type":"Point","coordinates":[101.3992912,12.8493703]}},{"type":"Feature","id":1747783002,"properties":{"amenity":"fuel","@type":"node","@id":1747783002},"geometry":{"type":"Point","coordinates":[101.3812024,12.8405918]}},{"type":"Feature","id":1747787493,"properties":{"amenity":"fuel","fixme":"Is there still a gas station?","operator":"บางจาก","operator:en":"Bangchak","operator:th":"บางจาก","@type":"node","@id":1747787493},"geometry":{"type":"Point","coordinates":[101.2945408,12.7800003]}},{"type":"Feature","id":1747791276,"properties":{"amenity":"fuel","@type":"node","@id":1747791276},"geometry":{"type":"Point","coordinates":[101.224948,12.7617143]}},{"type":"Feature","id":1760939904,"properties":{"amenity":"fuel","name":"ป.ต.ท.","name:en":"PTT","website":"www.pttplc.com","@type":"node","@id":1760939904},"geometry":{"type":"Point","coordinates":[101.1548112,13.2536916]}},{"type":"Feature","id":1762099378,"properties":{"amenity":"fuel","name":"คาลเท็กซ์","name:en":"Caltex","website":"https://www.caltex.com/","@type":"node","@id":1762099378},"geometry":{"type":"Point","coordinates":[100.9615288,13.5420891]}},{"type":"Feature","id":1763146907,"properties":{"amenity":"fuel","name":"บางจาก","name:en":"Bangchak","website":"https://www.bangchak.co.th/","@type":"node","@id":1763146907},"geometry":{"type":"Point","coordinates":[101.8238543,12.8906969]}},{"type":"Feature","id":1763154982,"properties":{"amenity":"fuel","@type":"node","@id":1763154982},"geometry":{"type":"Point","coordinates":[101.6750979,12.9895352]}},{"type":"Feature","id":1763171073,"properties":{"amenity":"fuel","brand":"PT","brand:wikidata":"Q62298612","name":"PT","operator":"PT","operator:en":"PT","operator:th":"พีที","self_service":"no","@type":"node","@id":1763171073},"geometry":{"type":"Point","coordinates":[101.3038223,12.8159289]}},{"type":"Feature","id":1770373208,"properties":{"amenity":"fuel","brand":"PT","brand:wikidata":"Q62298612","name":"PT","@type":"node","@id":1770373208},"geometry":{"type":"Point","coordinates":[101.2031824,12.8275211]}},{"type":"Feature","id":1773435360,"properties":{"amenity":"fuel","name":"Siam Energy","@type":"node","@id":1773435360},"geometry":{"type":"Point","coordinates":[101.1290471,13.0078483]}},{"type":"Feature","id":1773435372,"properties":{"amenity":"fuel","name":"ป.ต.ท.","name:en":"PTT","website":"www.pttplc.com","@type":"node","@id":1773435372},"geometry":{"type":"Point","coordinates":[101.1286984,13.0058099]}},{"type":"Feature","id":1773448765,"properties":{"amenity":"fuel","name":"Siracha Petrolium","@type":"node","@id":1773448765},"geometry":{"type":"Point","coordinates":[101.0918663,13.0356741]}},{"type":"Feature","id":1773448773,"properties":{"amenity":"fuel","name":"ป.ต.ท.","name:en":"PTT","website":"www.pttplc.com","@type":"node","@id":1773448773},"geometry":{"type":"Point","coordinates":[101.0800861,13.0359156]}},{"type":"Feature","id":1780628501,"properties":{"amenity":"fuel","name":"Hand Pump","@type":"node","@id":1780628501},"geometry":{"type":"Point","coordinates":[101.5863484,13.3338088]}},{"type":"Feature","id":1780640283,"properties":{"amenity":"fuel","brand":"PT","name":"PT","name:en":"Bangchak","operator":"PT","website":"https://www.bangchak.co.th/","@type":"node","@id":1780640283},"geometry":{"type":"Point","coordinates":[101.4408626,13.2879408]}},{"type":"Feature","id":1792978953,"properties":{"amenity":"fuel","brand":"ป.ต.ท.","brand:en":"PTT","brand:th":"ป.ต.ท.","brand:wikidata":"Q1810389","name":"ป.ต.ท.","name:en":"PTT","name:th":"ป.ต.ท.","website":"www.pttplc.com","@type":"node","@id":1792978953},"geometry":{"type":"Point","coordinates":[100.9946777,13.3413739]}},{"type":"Feature","id":1799339051,"properties":{"amenity":"fuel","name":"ป.ต.ท.","name:en":"PTT","website":"www.pttplc.com","@type":"node","@id":1799339051},"geometry":{"type":"Point","coordinates":[101.6457964,12.7920019]}},{"type":"Feature","id":1839612985,"properties":{"amenity":"fuel","brand":"Bangchak","fuel:diesel":"yes","fuel:e20":"yes","fuel:octane_91":"yes","fuel:octane_95":"yes","name":"บางจาก","name:en":"Bangchak","website":"https://www.bangchak.co.th/","@type":"node","@id":1839612985},"geometry":{"type":"Point","coordinates":[100.9142663,12.8577249]}},{"type":"Feature","id":1841142556,"properties":{"amenity":"fuel","fuel:cng":"yes","fuel:diesel":"yes","fuel:e10":"no","fuel:octane_91":"yes","fuel:octane_95":"yes","name":"ป.ต.ท.","name:en":"PTT","website":"www.pttplc.com","@type":"node","@id":1841142556},"geometry":{"type":"Point","coordinates":[100.9248142,12.9892331]}},{"type":"Feature","id":1862775821,"properties":{"amenity":"fuel","note":"April 2016 only a small independent operater there","operator":"independent","@type":"node","@id":1862775821},"geometry":{"type":"Point","coordinates":[101.3541415,12.7823749]}},{"type":"Feature","id":1862779335,"properties":{"amenity":"fuel","brand":"เอสโซ่","brand:en":"Esso","brand:th":"เอสโซ่","brand:wikidata":"Q867662","name":"เอสโซ่","name:en":"Esso","name:th":"เอสโซ่","website":"https://www.esso.co.th/","@type":"node","@id":1862779335},"geometry":{"type":"Point","coordinates":[101.6383752,12.8038518]}},{"type":"Feature","id":1882470977,"properties":{"amenity":"fuel","name":"NGV","@type":"node","@id":1882470977},"geometry":{"type":"Point","coordinates":[101.2537053,13.2780496]}},{"type":"Feature","id":1882474674,"properties":{"amenity":"fuel","brand":"Shell","brand:wikidata":"Q110716465","name":"Shell","@type":"node","@id":1882474674},"geometry":{"type":"Point","coordinates":[101.2345115,13.2232019]}},{"type":"Feature","id":1882510873,"properties":{"amenity":"fuel","name":"PT","@type":"node","@id":1882510873},"geometry":{"type":"Point","coordinates":[101.3331953,13.308956]}},{"type":"Feature","id":1883303555,"properties":{"amenity":"fuel","name":"เชลล์","name:en":"Shell","website":"https://www.shell.co.th/","@type":"node","@id":1883303555},"geometry":{"type":"Point","coordinates":[101.1660945,13.13437]}},{"type":"Feature","id":1883304398,"properties":{"amenity":"fuel","name":"ป.ต.ท.","name:en":"PTT","website":"www.pttplc.com","@type":"node","@id":1883304398},"geometry":{"type":"Point","coordinates":[101.1244559,13.0859536]}},{"type":"Feature","id":1904772357,"properties":{"amenity":"fuel","fuel:cng":"yes","name":"ป.ต.ท.","name:en":"PTT","website":"www.pttplc.com","@type":"node","@id":1904772357},"geometry":{"type":"Point","coordinates":[101.1120595,13.0713899]}},{"type":"Feature","id":1904772365,"properties":{"amenity":"fuel","name":"ป.ต.ท.","name:en":"PTT","website":"www.pttplc.com","@type":"node","@id":1904772365},"geometry":{"type":"Point","coordinates":[101.0997476,13.0575792]}},{"type":"Feature","id":1904772369,"properties":{"amenity":"fuel","fuel:cng":"yes","name":"ป.ต.ท.","name:en":"PTT","website":"www.pttplc.com","@type":"node","@id":1904772369},"geometry":{"type":"Point","coordinates":[101.1380388,13.1009906]}},{"type":"Feature","id":1905321429,"properties":{"amenity":"fuel","fixme":"fix location, not seen here","fuel:lpg":"yes","name":"LPG","@type":"node","@id":1905321429},"geometry":{"type":"Point","coordinates":[101.3108537,13.6164929]}},{"type":"Feature","id":1912547306,"properties":{"amenity":"fuel","brand":"บางจาก","brand:en":"Bangchak","brand:th":"บางจาก","brand:wikidata":"Q6579719","fuel:diesel":"yes","fuel:e20":"yes","fuel:octane_91":"yes","name":"บางจาก","name:en":"Bangchak","name:th":"บางจาก","website":"https://www.bangchak.co.th/","wheelchair":"yes","@type":"node","@id":1912547306},"geometry":{"type":"Point","coordinates":[100.9421682,13.0203988]}},{"type":"Feature","id":1921668177,"properties":{"amenity":"fuel","name":"ป.ต.ท.","name:en":"PTT","website":"www.pttplc.com","@type":"node","@id":1921668177},"geometry":{"type":"Point","coordinates":[101.0042799,13.4027057]}},{"type":"Feature","id":1958418465,"properties":{"amenity":"fuel","fuel:lpg":"yes","name":"ThaiGas","@type":"node","@id":1958418465},"geometry":{"type":"Point","coordinates":[100.9078877,12.8606661]}},{"type":"Feature","id":1985892768,"properties":{"amenity":"fuel","fuel:lpg":"yes","name":"LPG","@type":"node","@id":1985892768},"geometry":{"type":"Point","coordinates":[100.9344194,13.2468532]}},{"type":"Feature","id":1985899524,"properties":{"amenity":"fuel","fuel:lpg":"yes","name":"LPG","@type":"node","@id":1985899524},"geometry":{"type":"Point","coordinates":[100.9412751,13.2191663]}},{"type":"Feature","id":1985899527,"properties":{"amenity":"fuel","name":"ป.ต.ท.","name:en":"PTT","website":"www.pttplc.com","@type":"node","@id":1985899527},"geometry":{"type":"Point","coordinates":[100.9368689,13.1961288]}},{"type":"Feature","id":1985899530,"properties":{"amenity":"fuel","name":"PT","@type":"node","@id":1985899530},"geometry":{"type":"Point","coordinates":[100.9395212,13.1990287]}},{"type":"Feature","id":1985910378,"properties":{"amenity":"fuel","brand":"เชลล์","brand:en":"Shell","brand:th":"เชลล์","brand:wikidata":"Q110716465","name":"เชลล์","name:en":"Shell","name:ja":"シェル","name:th":"เชลล์","website":"https://www.shell.co.th/","@type":"node","@id":1985910378},"geometry":{"type":"Point","coordinates":[100.9313992,13.1645874]}},{"type":"Feature","id":1985910393,"properties":{"addr:street":"ถนนสุขุมวิท","amenity":"fuel","brand":"บางจาก","brand:en":"Bangchak","brand:th":"บางจาก","brand:wikidata":"Q6579719","name":"บางจาก","name:en":"Bangchak","name:th":"บางจาก","@type":"node","@id":1985910393},"geometry":{"type":"Point","coordinates":[100.9233016,13.1592621]}},{"type":"Feature","id":1985925564,"properties":{"amenity":"fuel","fuel:diesel":"yes","fuel:e20":"yes","fuel:octane_91":"yes","fuel:octane_95":"yes","name":"ป.ต.ท.","name:en":"PTT","website":"www.pttplc.com","@type":"node","@id":1985925564},"geometry":{"type":"Point","coordinates":[100.9212765,13.0760342]}},{"type":"Feature","id":1985925573,"properties":{"amenity":"fuel","@type":"node","@id":1985925573},"geometry":{"type":"Point","coordinates":[100.9253428,13.0582674]}},{"type":"Feature","id":1985925594,"properties":{"amenity":"fuel","fuel:diesel":"yes","fuel:octane_91":"yes","fuel:octane_95":"yes","name":"คาลเท็กซ์","name:en":"Caltex","website":"https://www.caltex.com/","@type":"node","@id":1985925594},"geometry":{"type":"Point","coordinates":[100.930675,13.0262632]}},{"type":"Feature","id":1985925603,"properties":{"amenity":"fuel","fuel:diesel":"yes","fuel:e20":"yes","fuel:octane_91":"yes","fuel:octane_95":"yes","name":"ป.ต.ท.","name:en":"PTT","operator":"ปตท","operator:en":"PTT","operator:th":"ปตท","website":"www.pttplc.com","@type":"node","@id":1985925603},"geometry":{"type":"Point","coordinates":[100.926925,13.0390909]}},{"type":"Feature","id":1986397009,"properties":{"amenity":"fuel","fuel:lpg":"yes","name":"LPG","@type":"node","@id":1986397009},"geometry":{"type":"Point","coordinates":[100.9154894,12.9764582]}},{"type":"Feature","id":1990926570,"properties":{"amenity":"fuel","fuel:diesel":"yes","fuel:e20":"yes","fuel:octane_91":"yes","fuel:octane_95":"yes","name":"เอสโซ่","name:en":"Esso","website":"https://www.esso.co.th/","@type":"node","@id":1990926570},"geometry":{"type":"Point","coordinates":[100.8944584,12.6806701]}},{"type":"Feature","id":1990926677,"properties":{"amenity":"fuel","fuel:diesel":"yes","fuel:e20":"yes","fuel:octane_91":"yes","fuel:octane_95":"yes","name":"บางจาก","name:en":"Bangchak","website":"https://www.bangchak.co.th/","@type":"node","@id":1990926677},"geometry":{"type":"Point","coordinates":[100.8946748,12.6744513]}},{"type":"Feature","id":1998363126,"properties":{"amenity":"fuel","name":"บางจาก","name:en":"Bangchak","website":"https://www.bangchak.co.th/","@type":"node","@id":1998363126},"geometry":{"type":"Point","coordinates":[101.2318494,13.2325884]}},{"type":"Feature","id":2068274488,"properties":{"amenity":"fuel","brand":"PAP","fuel:lpg":"yes","name":"LPG","@type":"node","@id":2068274488},"geometry":{"type":"Point","coordinates":[101.0504139,12.9577405]}},{"type":"Feature","id":2101019565,"properties":{"amenity":"fuel","name":"บางจาก","name:en":"Bangchak","website":"https://www.bangchak.co.th/","@type":"node","@id":2101019565},"geometry":{"type":"Point","coordinates":[102.0111866,12.656406]}},{"type":"Feature","id":2101129199,"properties":{"amenity":"fuel","brand":"PT","brand:en":"PT","brand:th":"พีที","name":"PT","name:en":"PT","name:th":"พีที","@type":"node","@id":2101129199},"geometry":{"type":"Point","coordinates":[101.3244904,12.6595067]}},{"type":"Feature","id":2112291453,"properties":{"amenity":"fuel","name":"PT","@type":"node","@id":2112291453},"geometry":{"type":"Point","coordinates":[101.6356417,12.6999559]}},{"type":"Feature","id":2113555868,"properties":{"amenity":"fuel","brand":"Caltex","name":"Caltex","name:en":"Caltex","name:th":"คาลเท็กซ์","website":"https://www.caltex.com/","@type":"node","@id":2113555868},"geometry":{"type":"Point","coordinates":[101.2870786,12.6958193]}},{"type":"Feature","id":2113557225,"properties":{"amenity":"fuel","name":"PT","@type":"node","@id":2113557225},"geometry":{"type":"Point","coordinates":[101.5014833,12.6633745]}},{"type":"Feature","id":2146267363,"properties":{"amenity":"fuel","@type":"node","@id":2146267363},"geometry":{"type":"Point","coordinates":[101.4472931,13.4093174]}},{"type":"Feature","id":2146267364,"properties":{"amenity":"fuel","@type":"node","@id":2146267364},"geometry":{"type":"Point","coordinates":[101.6125152,13.4414415]}},{"type":"Feature","id":2165073229,"properties":{"amenity":"fuel","brand":"ป.ต.ท.","brand:en":"PTT","brand:th":"ป.ต.ท.","brand:wikidata":"Q1810389","name":"ป.ต.ท.","name:en":"PTT","name:th":"ป.ต.ท.","@type":"node","@id":2165073229},"geometry":{"type":"Point","coordinates":[101.0069811,13.5407473]}},{"type":"Feature","id":2165073264,"properties":{"amenity":"fuel","brand":"PTT","@type":"node","@id":2165073264},"geometry":{"type":"Point","coordinates":[101.0064569,13.5416552]}},{"type":"Feature","id":2171658441,"properties":{"amenity":"fuel","@type":"node","@id":2171658441},"geometry":{"type":"Point","coordinates":[102.041324,13.5054985]}},{"type":"Feature","id":2172769982,"properties":{"amenity":"fuel","name":"PetroAsia","@type":"node","@id":2172769982},"geometry":{"type":"Point","coordinates":[101.6137279,13.440514]}},{"type":"Feature","id":2199053840,"properties":{"amenity":"fuel","fuel:lpg":"yes","name":"LPG","@type":"node","@id":2199053840},"geometry":{"type":"Point","coordinates":[101.9446747,12.7226678]}},{"type":"Feature","id":2214554400,"properties":{"amenity":"fuel","fuel:lpg":"yes","name":"LPG","@type":"node","@id":2214554400},"geometry":{"type":"Point","coordinates":[100.996689,13.01101]}},{"type":"Feature","id":2579321108,"properties":{"amenity":"fuel","fuel:diesel":"yes","fuel:octane_91":"yes","fuel:octane_95":"yes","name":"เชลล์","name:en":"Shell","operator":"Shell","operator:en":"Shell","operator:th":"เซลล์","website":"https://www.shell.co.th/","@type":"node","@id":2579321108},"geometry":{"type":"Point","coordinates":[100.930788,13.022895]}},{"type":"Feature","id":2629937550,"properties":{"amenity":"fuel","name":"เอสโซ่","name:en":"Esso","website":"https://www.esso.co.th/","@type":"node","@id":2629937550},"geometry":{"type":"Point","coordinates":[101.2815039,13.4810437]}},{"type":"Feature","id":2629937551,"properties":{"amenity":"fuel","name":"ป.ต.ท.","name:en":"PTT","website":"www.pttplc.com","@type":"node","@id":2629937551},"geometry":{"type":"Point","coordinates":[101.2791343,13.4830101]}},{"type":"Feature","id":2629947426,"properties":{"amenity":"fuel","brand":"บางจาก","brand:en":"Bangchak","brand:th":"บางจาก","brand:wikidata":"Q6579719","brand:wikipedia":"th:บางจาก คอร์ปอเรชัน","name":"บางจาก","name:en":"Bangchak","name:th":"บางจาก","website":"https://www.bangchak.co.th","@type":"node","@id":2629947426},"geometry":{"type":"Point","coordinates":[101.4650183,13.7161909]}},{"type":"Feature","id":2629947427,"properties":{"amenity":"fuel","name":"PT","@type":"node","@id":2629947427},"geometry":{"type":"Point","coordinates":[101.4091162,13.6822294]}},{"type":"Feature","id":2640779921,"properties":{"amenity":"fuel","name":"บางจาก","name:en":"Bangchak","source":"GPS,Bing, survey","website":"https://www.bangchak.co.th/","@type":"node","@id":2640779921},"geometry":{"type":"Point","coordinates":[101.1258499,13.6596709]}},{"type":"Feature","id":2641802476,"properties":{"amenity":"fuel","brand":"PT","brand:wikidata":"Q62298612","fuel:lpg":"yes","name":"PT","@type":"node","@id":2641802476},"geometry":{"type":"Point","coordinates":[100.9070759,12.8608037]}},{"type":"Feature","id":2645207591,"properties":{"amenity":"fuel","brand":"แอลพีจี","fuel:lpg":"yes","name":"แอล พี จี","@type":"node","@id":2645207591},"geometry":{"type":"Point","coordinates":[101.1303882,12.8278837]}},{"type":"Feature","id":2645207593,"properties":{"amenity":"fuel","brand":"บางรัก","fuel:cng":"yes","name":"บางจาก","name:en":"Bangchak","@type":"node","@id":2645207593},"geometry":{"type":"Point","coordinates":[101.1286491,12.8309553]}},{"type":"Feature","id":2645211040,"properties":{"amenity":"fuel","brand":"PTT","brand:en":"PTT","brand:th":"ปตท","fuel:lpg":"yes","name":"PTT","name:en":"PTT","name:th":"ปตท","@type":"node","@id":2645211040},"geometry":{"type":"Point","coordinates":[101.3204006,12.6607701]}},{"type":"Feature","id":2655813324,"properties":{"amenity":"fuel","fuel:lpg":"yes","name":"LPG only","@type":"node","@id":2655813324},"geometry":{"type":"Point","coordinates":[100.9916575,12.9959278]}},{"type":"Feature","id":2676347590,"properties":{"amenity":"fuel","name":"PT","@type":"node","@id":2676347590},"geometry":{"type":"Point","coordinates":[101.2958552,13.6400952]}},{"type":"Feature","id":2676347595,"properties":{"amenity":"fuel","name":"PT","@type":"node","@id":2676347595},"geometry":{"type":"Point","coordinates":[101.2659492,13.6904747]}},{"type":"Feature","id":2676347600,"properties":{"amenity":"fuel","brand":"ป.ต.ท.","brand:en":"PTT","brand:th":"ป.ต.ท.","brand:wikidata":"Q1810389","name":"ป.ต.ท.","name:en":"PTT","name:th":"ป.ต.ท.","website":"www.pttplc.com","@type":"node","@id":2676347600},"geometry":{"type":"Point","coordinates":[101.3337499,13.7310053]}},{"type":"Feature","id":2676347691,"properties":{"amenity":"fuel","@type":"node","@id":2676347691},"geometry":{"type":"Point","coordinates":[101.3613777,13.7483689]}},{"type":"Feature","id":2692616417,"properties":{"amenity":"fuel","brand":"PT","brand:wikidata":"Q62298612","name":"PT","name:en":"Shell","website":"https://www.shell.co.th/","@type":"node","@id":2692616417},"geometry":{"type":"Point","coordinates":[101.750632,12.7294547]}},{"type":"Feature","id":2713270975,"properties":{"amenity":"fuel","brand":"Caltex","brand:wikidata":"Q277470","brand:wikipedia":"en:Caltex","name":"Caltex","@type":"node","@id":2713270975},"geometry":{"type":"Point","coordinates":[100.9210441,13.0737618]}},{"type":"Feature","id":2713693668,"properties":{"amenity":"fuel","@type":"node","@id":2713693668},"geometry":{"type":"Point","coordinates":[101.3358374,12.7156994]}},{"type":"Feature","id":2715523511,"properties":{"amenity":"fuel","building":"roof","name":"Fuel Station","source":"Bing","@type":"node","@id":2715523511},"geometry":{"type":"Point","coordinates":[101.995139,12.7272635]}},{"type":"Feature","id":2737044041,"properties":{"amenity":"fuel","@type":"node","@id":2737044041},"geometry":{"type":"Point","coordinates":[101.2603943,12.6615831]}},{"type":"Feature","id":2749459949,"properties":{"amenity":"fuel","@type":"node","@id":2749459949},"geometry":{"type":"Point","coordinates":[101.2978388,12.8366797]}},{"type":"Feature","id":2749502119,"properties":{"amenity":"fuel","@type":"node","@id":2749502119},"geometry":{"type":"Point","coordinates":[101.914849,13.0363827]}},{"type":"Feature","id":2749507430,"properties":{"amenity":"fuel","@type":"node","@id":2749507430},"geometry":{"type":"Point","coordinates":[102.0073993,13.0155845]}},{"type":"Feature","id":2749507433,"properties":{"amenity":"fuel","@type":"node","@id":2749507433},"geometry":{"type":"Point","coordinates":[101.9450528,13.0227666]}},{"type":"Feature","id":2749603610,"properties":{"amenity":"fuel","@type":"node","@id":2749603610},"geometry":{"type":"Point","coordinates":[101.5203885,13.3002867]}},{"type":"Feature","id":2749637937,"properties":{"amenity":"fuel","@type":"node","@id":2749637937},"geometry":{"type":"Point","coordinates":[101.1118009,13.0157827]}},{"type":"Feature","id":2751230694,"properties":{"amenity":"fuel","@type":"node","@id":2751230694},"geometry":{"type":"Point","coordinates":[101.94008,13.0772614]}},{"type":"Feature","id":2751232326,"properties":{"amenity":"fuel","@type":"node","@id":2751232326},"geometry":{"type":"Point","coordinates":[101.3798112,13.1543378]}},{"type":"Feature","id":2751957029,"properties":{"amenity":"fuel","fuel:lpg":"yes","operator":"Save Gas","@type":"node","@id":2751957029},"geometry":{"type":"Point","coordinates":[101.3423328,12.6502645]}},{"type":"Feature","id":2751965499,"properties":{"amenity":"fuel","name":"บางจาก","name:en":"Bangchak","operator":"บางจาก","operator:en":"Bangchak","operator:th":"บางจาก","website":"https://www.bangchak.co.th/","@type":"node","@id":2751965499},"geometry":{"type":"Point","coordinates":[101.3425833,12.6369587]}},{"type":"Feature","id":2754503320,"properties":{"addr:street":"ถนนสุขุมวิท","amenity":"fuel","brand":"PT","fuel:diesel":"yes","fuel:octane_95":"yes","name":"PT","operator":"PT","operator:en":"PT","operator:th":"พีที","@type":"node","@id":2754503320},"geometry":{"type":"Point","coordinates":[101.2947228,12.668583]}},{"type":"Feature","id":2781174791,"properties":{"amenity":"fuel","brand":"เวิลด์แก๊ส","brand:en":"World Gas","brand:th":"เวิลด์แก๊ส","fuel:lpg":"yes","name":"เวิลด์แก๊ส","name:en":"World Gas","name:th":"เวิลด์แก๊ส","@type":"node","@id":2781174791},"geometry":{"type":"Point","coordinates":[101.3159687,12.6617744]}},{"type":"Feature","id":2781178003,"properties":{"amenity":"fuel","brand":"LPG","fuel:lpg":"yes","name":"LPG","@type":"node","@id":2781178003},"geometry":{"type":"Point","coordinates":[101.2135215,12.729191]}},{"type":"Feature","id":2813244555,"properties":{"amenity":"fuel","fuel:diesel":"yes","@type":"node","@id":2813244555},"geometry":{"type":"Point","coordinates":[102.0094472,12.659814]}},{"type":"Feature","id":2813258924,"properties":{"amenity":"fuel","brand":"PTT","brand:en":"PTT","brand:th":"ปตท","fuel:lpg":"yes","name":"PT","name:en":"PTT","name:th":"ปตท","@type":"node","@id":2813258924},"geometry":{"type":"Point","coordinates":[101.3902687,12.6397744]}},{"type":"Feature","id":2844086354,"properties":{"amenity":"fuel","brand":"PTT","fuel:lpg":"yes","name":"ป.ต.ท.","name:en":"PTT","website":"www.pttplc.com","@type":"node","@id":2844086354},"geometry":{"type":"Point","coordinates":[100.9172249,12.7965156]}},{"type":"Feature","id":2844089552,"properties":{"amenity":"fuel","fuel:diesel":"yes","fuel:e85":"yes","fuel:octane_91":"yes","fuel:octane_95":"yes","name":"Esso","@type":"node","@id":2844089552},"geometry":{"type":"Point","coordinates":[101.633646,12.7704073]}},{"type":"Feature","id":2844106626,"properties":{"amenity":"fuel","brand":"LPG","fuel:lpg":"yes","name":"แอล พี จี","@type":"node","@id":2844106626},"geometry":{"type":"Point","coordinates":[100.8919805,12.6895277]}},{"type":"Feature","id":2844323097,"properties":{"addr:street":"ถนนสุขุมวิท","amenity":"fuel","brand":"PTT","brand:en":"PTT","brand:th":"ปตท","fuel:cng":"yes","fuel:diesel":"yes","fuel:e20":"yes","fuel:octane_91":"yes","fuel:octane_95":"yes","name":"PTT","name:en":"PTT","name:th":"ปตท","@type":"node","@id":2844323097},"geometry":{"type":"Point","coordinates":[101.0414439,12.7186439]}},{"type":"Feature","id":2844323099,"properties":{"amenity":"fuel","brand":"Shell","brand:en":"Shell","brand:th":"เชลล์","fuel:diesel":"yes","fuel:e20":"yes","fuel:octane_91":"yes","fuel:octane_95":"yes","name":"Shell","name:en":"Shell","name:th":"เซลล์","@type":"node","@id":2844323099},"geometry":{"type":"Point","coordinates":[101.0673219,12.7311842]}},{"type":"Feature","id":2844323100,"properties":{"amenity":"fuel","fuel:lpg":"yes","@type":"node","@id":2844323100},"geometry":{"type":"Point","coordinates":[100.9007489,12.6719567]}},{"type":"Feature","id":2844450974,"properties":{"amenity":"fuel","@type":"node","@id":2844450974},"geometry":{"type":"Point","coordinates":[101.2926926,12.6720321]}},{"type":"Feature","id":2844470529,"properties":{"amenity":"fuel","brand":"บางจาก","brand:en":"Bangchak","brand:th":"บางจาก","brand:wikidata":"Q6579719","fuel:lpg":"yes","name":"บางจาก","name:en":"Bangchak","name:th":"บางจาก","@type":"node","@id":2844470529},"geometry":{"type":"Point","coordinates":[101.4148149,12.6414497]}},{"type":"Feature","id":2844487030,"properties":{"amenity":"fuel","fuel:lpg":"yes","@type":"node","@id":2844487030},"geometry":{"type":"Point","coordinates":[101.7244797,12.7785099]}},{"type":"Feature","id":2844487031,"properties":{"amenity":"fuel","fuel:lpg":"yes","source":"GPS","@type":"node","@id":2844487031},"geometry":{"type":"Point","coordinates":[101.6990551,12.7799045]}},{"type":"Feature","id":2875778937,"properties":{"amenity":"fuel","fuel:lpg":"yes","name":"PAP Gas","@type":"node","@id":2875778937},"geometry":{"type":"Point","coordinates":[100.9311114,13.0079056]}},{"type":"Feature","id":2875797746,"properties":{"amenity":"fuel","fuel:lpg":"yes","@type":"node","@id":2875797746},"geometry":{"type":"Point","coordinates":[100.9267142,13.0409875]}},{"type":"Feature","id":2880933247,"properties":{"amenity":"fuel","name":"คาลเท็กซ์","name:en":"Caltex","website":"https://www.caltex.com/","@type":"node","@id":2880933247},"geometry":{"type":"Point","coordinates":[101.0439901,13.6428766]}},{"type":"Feature","id":2880933251,"properties":{"amenity":"fuel","name":"ปตท.สื่อพีทีที บายพาส","name:th":"ปตท.สื่อพีทีที บายพาส","@type":"node","@id":2880933251},"geometry":{"type":"Point","coordinates":[101.0571068,13.6588072]}},{"type":"Feature","id":2888701666,"properties":{"amenity":"fuel","brand":"Shell","name":"Shell","operator":"Shell","operator:en":"Shell","operator:th":"เซลล์","@type":"node","@id":2888701666},"geometry":{"type":"Point","coordinates":[101.273939,12.6890108]}},{"type":"Feature","id":2888701667,"properties":{"amenity":"fuel","brand":"Susco","name":"Susco station-service","name:th":"ปั๊ม ซัสโก้ สาขา ระยอง - ในเมือง","not:brand:wikidata":"Q221692","operator:en":"PETRONAS","operator:th":"ปิโตรนาส","@type":"node","@id":2888701667},"geometry":{"type":"Point","coordinates":[101.2733975,12.6909589]}},{"type":"Feature","id":2889087856,"properties":{"amenity":"fuel","operator":"ปตท","operator:en":"PTT","operator:th":"ปตท","@type":"node","@id":2889087856},"geometry":{"type":"Point","coordinates":[101.2821882,12.7343831]}},{"type":"Feature","id":2889109471,"properties":{"amenity":"fuel","name":"PT","operator":"PT","operator:en":"PT","operator:th":"พีที","@type":"node","@id":2889109471},"geometry":{"type":"Point","coordinates":[101.2907702,12.7661708]}},{"type":"Feature","id":2889224522,"properties":{"amenity":"fuel","operator":"บางจาก","operator:en":"Bangchak","operator:th":"บางจาก","@type":"node","@id":2889224522},"geometry":{"type":"Point","coordinates":[101.2426916,12.8984984]}},{"type":"Feature","id":2899853961,"properties":{"amenity":"fuel","@type":"node","@id":2899853961},"geometry":{"type":"Point","coordinates":[101.3115887,12.8515031]}},{"type":"Feature","id":3113227850,"properties":{"amenity":"fuel","@type":"node","@id":3113227850},"geometry":{"type":"Point","coordinates":[101.1617603,13.4993686]}},{"type":"Feature","id":3265241996,"properties":{"amenity":"fuel","@type":"node","@id":3265241996},"geometry":{"type":"Point","coordinates":[101.4920411,12.7861146]}},{"type":"Feature","id":3265337562,"properties":{"amenity":"fuel","@type":"node","@id":3265337562},"geometry":{"type":"Point","coordinates":[101.5216114,12.9399695]}},{"type":"Feature","id":3266337717,"properties":{"amenity":"fuel","@type":"node","@id":3266337717},"geometry":{"type":"Point","coordinates":[101.2147243,12.9869774]}},{"type":"Feature","id":3302082067,"properties":{"amenity":"fuel","brand":"PT","name":"PT","operator":"PT","@type":"node","@id":3302082067},"geometry":{"type":"Point","coordinates":[101.1503827,13.2292495]}},{"type":"Feature","id":3390956105,"properties":{"amenity":"fuel","name":"PTT","@type":"node","@id":3390956105},"geometry":{"type":"Point","coordinates":[101.0361172,13.4317644]}},{"type":"Feature","id":3405107723,"properties":{"amenity":"fuel","brand":"Papgas","fuel:lpg":"yes","fuel:octane_100":"no","fuel:octane_91":"no","fuel:octane_95":"no","fuel:octane_98":"no","name":"Papgas LPG Station","source":"GPS","@type":"node","@id":3405107723},"geometry":{"type":"Point","coordinates":[101.0449012,13.4058876]}},{"type":"Feature","id":3418083389,"properties":{"amenity":"fuel","brand":"NGV","fuel:cng":"yes","@type":"node","@id":3418083389},"geometry":{"type":"Point","coordinates":[101.0030162,13.2261687]}},{"type":"Feature","id":3418083392,"properties":{"amenity":"fuel","brand":"ป.ต.ท.","brand:en":"PTT","brand:th":"ป.ต.ท.","brand:wikidata":"Q1810389","name":"PTT","name:en":"PTT","name:th":"ป.ต.ท.","self_service":"no","@type":"node","@id":3418083392},"geometry":{"type":"Point","coordinates":[101.1186146,13.6612485]}},{"type":"Feature","id":3521487833,"properties":{"amenity":"fuel","name":"PT","source":"GPS","@type":"node","@id":3521487833},"geometry":{"type":"Point","coordinates":[100.9958529,13.3570937]}},{"type":"Feature","id":3521487965,"properties":{"amenity":"fuel","name":"Esso","source":"GPS","@type":"node","@id":3521487965},"geometry":{"type":"Point","coordinates":[101.0097923,13.3504312]}},{"type":"Feature","id":3521510197,"properties":{"amenity":"fuel","brand":"บางจาก","brand:en":"Bangchak","brand:th":"บางจาก","name":"บางจาก","name:en":"Bangchak","name:th":"บางจาก","source":"GPS","@type":"node","@id":3521510197},"geometry":{"type":"Point","coordinates":[100.9996778,13.4136252]}},{"type":"Feature","id":3521555969,"properties":{"amenity":"fuel","name":"Independent Fuel Station","source":"GPS","@type":"node","@id":3521555969},"geometry":{"type":"Point","coordinates":[101.0488024,13.5680879]}},{"type":"Feature","id":3521688557,"properties":{"amenity":"fuel","fuel:diesel":"yes","fuel:lpg":"yes","fuel:octane_91":"yes","fuel:octane_95":"yes","name":"BNG","source":"GPS","@type":"node","@id":3521688557},"geometry":{"type":"Point","coordinates":[101.03553,13.6298199]}},{"type":"Feature","id":3532960138,"properties":{"amenity":"fuel","brand":"Bike Fuel","fuel:octane_91":"yes","@type":"node","@id":3532960138},"geometry":{"type":"Point","coordinates":[100.8730666,12.8927973]}},{"type":"Feature","id":3696542661,"properties":{"amenity":"fuel","brand":"PTT","fuel:e85":"yes","@type":"node","@id":3696542661},"geometry":{"type":"Point","coordinates":[100.9878921,13.3877382]}},{"type":"Feature","id":3891492481,"properties":{"amenity":"fuel","fuel:diesel":"yes","fuel:octane_91":"yes","fuel:octane_95":"yes","@type":"node","@id":3891492481},"geometry":{"type":"Point","coordinates":[100.9694591,12.8661011]}},{"type":"Feature","id":3891492521,"properties":{"amenity":"fuel","brand":"Bike Gas","@type":"node","@id":3891492521},"geometry":{"type":"Point","coordinates":[100.9404238,12.8957223]}},{"type":"Feature","id":3894594757,"properties":{"amenity":"fuel","brand":"PT","name":"PT","source":"GPS","@type":"node","@id":3894594757},"geometry":{"type":"Point","coordinates":[101.7312646,12.7501419]}},{"type":"Feature","id":3894594765,"properties":{"amenity":"fuel","name":"Independent","source":"GPS","@type":"node","@id":3894594765},"geometry":{"type":"Point","coordinates":[101.73672,12.7423917]}},{"type":"Feature","id":3894629759,"properties":{"amenity":"fuel","name":"PT","source":"Survey","toilets":"yes","@type":"node","@id":3894629759},"geometry":{"type":"Point","coordinates":[101.9158379,12.573202]}},{"type":"Feature","id":3899408899,"properties":{"amenity":"fuel","@type":"node","@id":3899408899},"geometry":{"type":"Point","coordinates":[101.0386439,12.749919]}},{"type":"Feature","id":3912747543,"properties":{"amenity":"fuel","@type":"node","@id":3912747543},"geometry":{"type":"Point","coordinates":[101.0682508,13.3373822]}},{"type":"Feature","id":3939759578,"properties":{"amenity":"fuel","brand":"ป.ต.ท.","brand:en":"PTT","brand:th":"ป.ต.ท.","brand:wikidata":"Q1810389","description":"high pressure gas","name":"PTT","name:en":"PTT","name:th":"ป.ต.ท.","@type":"node","@id":3939759578},"geometry":{"type":"Point","coordinates":[101.0525928,13.6585296]}},{"type":"Feature","id":3947977424,"properties":{"amenity":"fuel","brand":"LPG","fuel:lpg":"yes","@type":"node","@id":3947977424},"geometry":{"type":"Point","coordinates":[101.2620275,12.6988243]}},{"type":"Feature","id":3963694555,"properties":{"amenity":"fuel","@type":"node","@id":3963694555},"geometry":{"type":"Point","coordinates":[100.9653421,13.2759372]}},{"type":"Feature","id":3984025193,"properties":{"amenity":"fuel","brand":"Bike Fuel","@type":"node","@id":3984025193},"geometry":{"type":"Point","coordinates":[100.9650306,12.8647391]}},{"type":"Feature","id":3984025201,"properties":{"amenity":"fuel","brand":"Bike Fuel","fuel:octane_91":"yes","@type":"node","@id":3984025201},"geometry":{"type":"Point","coordinates":[100.9842506,12.8684079]}},{"type":"Feature","id":4067989657,"properties":{"amenity":"fuel","name":"Shell","name:en":"Shell","@type":"node","@id":4067989657},"geometry":{"type":"Point","coordinates":[101.0429639,13.3429682]}},{"type":"Feature","id":4127259401,"properties":{"amenity":"fuel","name":"Fuel Station","opening_hours":"24/7","@type":"node","@id":4127259401},"geometry":{"type":"Point","coordinates":[101.157758,13.2990451]}},{"type":"Feature","id":4127280991,"properties":{"addr:city":"Nong Ri","addr:housenumber":"42","addr:postcode":"20000","addr:street":"ถนนชลบุรี-บ้านบึง","amenity":"fuel","brand":"PTT","fixme":"add proper tags for charging station, fuel:ev = yes","fuel:diesel":"yes","fuel:lpg":"yes","name":"PTT LPG Auto Station Nong Ri","opening_hours":"24/7","@type":"node","@id":4127280991},"geometry":{"type":"Point","coordinates":[101.0519248,13.3402362]}},{"type":"Feature","id":4127286290,"properties":{"amenity":"fuel","name":"Fuel Station","opening_hours":"24/7","@type":"node","@id":4127286290},"geometry":{"type":"Point","coordinates":[101.0625639,13.3374072]}},{"type":"Feature","id":4136199689,"properties":{"amenity":"fuel","opening_hours":"24/7","@type":"node","@id":4136199689},"geometry":{"type":"Point","coordinates":[101.0517666,13.3399893]}},{"type":"Feature","id":4144195299,"properties":{"amenity":"fuel","brand":"Bike Fuel","@type":"node","@id":4144195299},"geometry":{"type":"Point","coordinates":[100.9428108,12.9663858]}},{"type":"Feature","id":4144195301,"properties":{"amenity":"fuel","brand":"Fuel Drum","@type":"node","@id":4144195301},"geometry":{"type":"Point","coordinates":[100.9438696,12.9672385]}},{"type":"Feature","id":4156548300,"properties":{"addr:street":"ถนนสุขุมวิท","amenity":"fuel","brand":"PTT","name:en":"PTT","@type":"node","@id":4156548300},"geometry":{"type":"Point","coordinates":[101.2423334,13.2123676]}},{"type":"Feature","id":4207193118,"properties":{"amenity":"fuel","name":"บางจาก","name:en":"Bangchak","@type":"node","@id":4207193118},"geometry":{"type":"Point","coordinates":[101.1219628,13.0813501]}},{"type":"Feature","id":4207193124,"properties":{"amenity":"fuel","fuel:diesel":"yes","fuel:e20":"yes","fuel:e85":"yes","fuel:octane_91":"yes","fuel:octane_95":"yes","name":"PTT","@type":"node","@id":4207193124},"geometry":{"type":"Point","coordinates":[101.0560072,13.029672]}},{"type":"Feature","id":4234957973,"properties":{"amenity":"fuel","name":"PT","name:en":"PT","name:th":"ปตท.เจริญศักดิ์","@type":"node","@id":4234957973},"geometry":{"type":"Point","coordinates":[101.0879659,13.6683652]}},{"type":"Feature","id":4234962670,"properties":{"amenity":"fuel","name":"PT","name:en":"PT","@type":"node","@id":4234962670},"geometry":{"type":"Point","coordinates":[101.1081407,13.6254705]}},{"type":"Feature","id":4234962671,"properties":{"amenity":"fuel","name":"PTT","name:en":"PTT","@type":"node","@id":4234962671},"geometry":{"type":"Point","coordinates":[101.1126321,13.6142704]}},{"type":"Feature","id":4234962672,"properties":{"amenity":"fuel","name":"Shell","name:en":"Shell","@type":"node","@id":4234962672},"geometry":{"type":"Point","coordinates":[101.1168499,13.6033619]}},{"type":"Feature","id":4234962677,"properties":{"amenity":"fuel","@type":"node","@id":4234962677},"geometry":{"type":"Point","coordinates":[101.1857638,13.3246272]}},{"type":"Feature","id":4234962678,"properties":{"amenity":"fuel","@type":"node","@id":4234962678},"geometry":{"type":"Point","coordinates":[101.1558975,13.5128529]}},{"type":"Feature","id":4234962679,"properties":{"amenity":"fuel","@type":"node","@id":4234962679},"geometry":{"type":"Point","coordinates":[101.1386611,13.5536597]}},{"type":"Feature","id":4290844589,"properties":{"amenity":"fuel","fuel:diesel":"yes","fuel:e85":"yes","fuel:octane_91":"yes","fuel:octane_95":"yes","name":"PTT","name:en":"PTT","@type":"node","@id":4290844589},"geometry":{"type":"Point","coordinates":[101.4467416,13.0210276]}},{"type":"Feature","id":4291052298,"properties":{"amenity":"fuel","name":"บางจาก","name:en":"Bangchak","@type":"node","@id":4291052298},"geometry":{"type":"Point","coordinates":[101.0755408,13.0304089]}},{"type":"Feature","id":4291052299,"properties":{"amenity":"fuel","name":"Shell","name:en":"Shell","@type":"node","@id":4291052299},"geometry":{"type":"Point","coordinates":[101.0792626,13.0331703]}},{"type":"Feature","id":4355872892,"properties":{"amenity":"fuel","@type":"node","@id":4355872892},"geometry":{"type":"Point","coordinates":[101.0157519,13.5936692]}},{"type":"Feature","id":4403647239,"properties":{"amenity":"fuel","fuel:lpg":"yes","name":"PS Fuel LPG Station","source":"GPS","@type":"node","@id":4403647239},"geometry":{"type":"Point","coordinates":[101.4379422,13.3005672]}},{"type":"Feature","id":4456082590,"properties":{"amenity":"fuel","name:en":"Mini pump","@type":"node","@id":4456082590},"geometry":{"type":"Point","coordinates":[100.8092769,13.1602721]}},{"type":"Feature","id":4482993590,"properties":{"amenity":"fuel","brand":"สยามแก๊ส","brand:en":"Siam Gas","brand:th":"สยามแก๊ส","fuel:lpg":"yes","name":"สยามแก๊ส","name:en":"Siam Gas","name:th":"สยามแก๊ส","@type":"node","@id":4482993590},"geometry":{"type":"Point","coordinates":[101.012888,13.3589371]}},{"type":"Feature","id":4482993597,"properties":{"amenity":"fuel","fuel:lpg":"yes","@type":"node","@id":4482993597},"geometry":{"type":"Point","coordinates":[101.0199694,13.3815592]}},{"type":"Feature","id":4483012000,"properties":{"amenity":"fuel","brand":"Esso","brand:en":"Esso","brand:th":"เอสโซ่","name":"Esso","name:en":"Esso","name:th":"เอสโซ่","@type":"node","@id":4483012000},"geometry":{"type":"Point","coordinates":[101.0007791,13.4106752]}},{"type":"Feature","id":4483012004,"properties":{"amenity":"fuel","brand":"Shell","brand:en":"Shell","brand:th":"เซลล์","name":"Shell","name:en":"Shell","name:th":"เซลล์","@type":"node","@id":4483012004},"geometry":{"type":"Point","coordinates":[101.0002958,13.4121986]}},{"type":"Feature","id":4483991404,"properties":{"amenity":"fuel","brand":"Caltex","brand:en":"Caltex","brand:th":"คาลเท็กซ์","name":"Caltex","name:en":"Caltex","name:th":"คาลเท็กซ์","@type":"node","@id":4483991404},"geometry":{"type":"Point","coordinates":[101.0031066,13.4323504]}},{"type":"Feature","id":4483991413,"properties":{"amenity":"fuel","brand":"PT","brand:en":"PT","brand:th":"พีที","name":"PT","name:en":"PT","name:th":"พีที","@type":"node","@id":4483991413},"geometry":{"type":"Point","coordinates":[101.0016678,13.4230375]}},{"type":"Feature","id":4483991415,"properties":{"amenity":"fuel","fuel:lpg":"yes","name":"ไทยแก๊ส","name:en":"Thai Gas","name:th":"ไทยแก๊ส","@type":"node","@id":4483991415},"geometry":{"type":"Point","coordinates":[101.0010192,13.4407511]}},{"type":"Feature","id":4610145484,"properties":{"amenity":"fuel","note":"motorbike fuel","@type":"node","@id":4610145484},"geometry":{"type":"Point","coordinates":[101.4638036,12.5734688]}},{"type":"Feature","id":4610184903,"properties":{"amenity":"fuel","note":"motorbike fuel","@type":"node","@id":4610184903},"geometry":{"type":"Point","coordinates":[101.4668336,12.5700633]}},{"type":"Feature","id":4623480238,"properties":{"amenity":"fuel","operator":"independent","@type":"node","@id":4623480238},"geometry":{"type":"Point","coordinates":[101.4359798,12.6373021]}},{"type":"Feature","id":4624010014,"properties":{"amenity":"fuel","name":"Shell","note":"Hand operated pump","operator":"independent","@type":"node","@id":4624010014},"geometry":{"type":"Point","coordinates":[101.4250001,12.7828035]}},{"type":"Feature","id":4624041983,"properties":{"amenity":"fuel","fuel:octane_91":"yes","fuel:octane_95":"yes","note":"smallish shop","operator":"independent","@type":"node","@id":4624041983},"geometry":{"type":"Point","coordinates":[101.3728752,12.7738925]}},{"type":"Feature","id":4624055522,"properties":{"amenity":"fuel","operator":"independent","@type":"node","@id":4624055522},"geometry":{"type":"Point","coordinates":[101.3374675,12.7867384]}},{"type":"Feature","id":4624077145,"properties":{"amenity":"fuel","operator":"independent","@type":"node","@id":4624077145},"geometry":{"type":"Point","coordinates":[101.2744866,12.7814543]}},{"type":"Feature","id":4624090689,"properties":{"amenity":"fuel","operator":"independent","@type":"node","@id":4624090689},"geometry":{"type":"Point","coordinates":[101.2414381,12.7150552]}},{"type":"Feature","id":4624090701,"properties":{"amenity":"fuel","operator":"independent","@type":"node","@id":4624090701},"geometry":{"type":"Point","coordinates":[101.2370931,12.7244909]}},{"type":"Feature","id":4627756331,"properties":{"amenity":"fuel","name":"Caltex","@type":"node","@id":4627756331},"geometry":{"type":"Point","coordinates":[102.0121429,12.6236672]}},{"type":"Feature","id":4644674559,"properties":{"amenity":"fuel","fuel:diesel":"yes","fuel:gasohol_95":"yes","fuel:gasoline_95":"yes","name":"NV Petroleum","@type":"node","@id":4644674559},"geometry":{"type":"Point","coordinates":[101.4414284,12.6285349]}},{"type":"Feature","id":4659706056,"properties":{"amenity":"fuel","fuel":"gas","name":"NGV","@type":"node","@id":4659706056},"geometry":{"type":"Point","coordinates":[100.9191842,12.9829621]}},{"type":"Feature","id":4730097839,"properties":{"amenity":"fuel","fuel:diesel":"yes","fuel:e10":"yes","fuel:lpg":"yes","fuel:octane_91":"yes","fuel:octane_95":"yes","name":"P T T LPG","note":"New station in 2016, not on Bing.","self_service":"no","source":"GPS","@type":"node","@id":4730097839},"geometry":{"type":"Point","coordinates":[101.2358752,13.2370573]}},{"type":"Feature","id":4780480998,"properties":{"amenity":"fuel","name":"PT","source":"GPS","@type":"node","@id":4780480998},"geometry":{"type":"Point","coordinates":[101.0370104,13.6305654]}},{"type":"Feature","id":4873887051,"properties":{"amenity":"fuel","name:en":"PT Station","@type":"node","@id":4873887051},"geometry":{"type":"Point","coordinates":[101.0365559,13.6308627]}},{"type":"Feature","id":4873887052,"properties":{"amenity":"fuel","brand":"PTT","brand:wikidata":"Q1810389","name":"PTT","name:en":"PTT Station","@type":"node","@id":4873887052},"geometry":{"type":"Point","coordinates":[101.0532995,13.6587562]}},{"type":"Feature","id":4873887053,"properties":{"amenity":"fuel","name:en":"Shell Station","@type":"node","@id":4873887053},"geometry":{"type":"Point","coordinates":[101.101538,13.6631563]}},{"type":"Feature","id":4873887054,"properties":{"amenity":"fuel","name:en":"PT Station","@type":"node","@id":4873887054},"geometry":{"type":"Point","coordinates":[101.1642187,13.6616897]}},{"type":"Feature","id":4873907846,"properties":{"amenity":"fuel","name:en":"PT LPG Station","@type":"node","@id":4873907846},"geometry":{"type":"Point","coordinates":[101.1239887,13.6599647]}},{"type":"Feature","id":4873907847,"properties":{"amenity":"fuel","name:en":"PTT / Jiffy Station","@type":"node","@id":4873907847},"geometry":{"type":"Point","coordinates":[101.1847033,13.6660373]}},{"type":"Feature","id":4873907937,"properties":{"amenity":"fuel","name:en":"PTT LPG Station","@type":"node","@id":4873907937},"geometry":{"type":"Point","coordinates":[101.1917091,13.6674769]}},{"type":"Feature","id":5049872826,"properties":{"amenity":"fuel","brand":"Bangjak","fuel:diesel":"no","name":"บางจาก","@type":"node","@id":5049872826},"geometry":{"type":"Point","coordinates":[101.0154704,13.3621655]}},{"type":"Feature","id":5323879627,"properties":{"amenity":"fuel","name":"Shell Station","@type":"node","@id":5323879627},"geometry":{"type":"Point","coordinates":[101.0065832,13.580963]}},{"type":"Feature","id":5323879723,"properties":{"amenity":"fuel","name":"Siam Gas Station","@type":"node","@id":5323879723},"geometry":{"type":"Point","coordinates":[100.9736429,13.5025003]}},{"type":"Feature","id":5323879724,"properties":{"amenity":"fuel","name":"Caltex Station","@type":"node","@id":5323879724},"geometry":{"type":"Point","coordinates":[101.1222909,13.6593652]}},{"type":"Feature","id":5323881623,"properties":{"amenity":"fuel","name":"Shell Station","@type":"node","@id":5323881623},"geometry":{"type":"Point","coordinates":[101.0756576,13.6577394]}},{"type":"Feature","id":5434456621,"properties":{"amenity":"fuel","name":"Bangchak Station","@type":"node","@id":5434456621},"geometry":{"type":"Point","coordinates":[101.2130031,13.6731659]}},{"type":"Feature","id":5434456622,"properties":{"amenity":"fuel","name":"ESSO LPG Station","@type":"node","@id":5434456622},"geometry":{"type":"Point","coordinates":[101.2091936,13.6715825]}},{"type":"Feature","id":5549382240,"properties":{"amenity":"fuel","name:en":"PTT Station","@type":"node","@id":5549382240},"geometry":{"type":"Point","coordinates":[101.0144824,13.5918019]}},{"type":"Feature","id":5549382244,"properties":{"amenity":"fuel","name:en":"PT Station","@type":"node","@id":5549382244},"geometry":{"type":"Point","coordinates":[101.0498243,13.6637215]}},{"type":"Feature","id":5549382246,"properties":{"amenity":"fuel","name:en":"PT Station","@type":"node","@id":5549382246},"geometry":{"type":"Point","coordinates":[101.0805663,13.6826099]}},{"type":"Feature","id":5549382247,"properties":{"amenity":"fuel","name:en":"Caltex Station","@type":"node","@id":5549382247},"geometry":{"type":"Point","coordinates":[101.1225933,13.6594358]}},{"type":"Feature","id":5549382249,"properties":{"amenity":"fuel","name:en":"PT Station","@type":"node","@id":5549382249},"geometry":{"type":"Point","coordinates":[101.1440984,13.6586482]}},{"type":"Feature","id":5549382250,"properties":{"amenity":"fuel","name:en":"Shell Station","@type":"node","@id":5549382250},"geometry":{"type":"Point","coordinates":[101.2036682,13.6702561]}},{"type":"Feature","id":5549402929,"properties":{"amenity":"fuel","name:en":"Shell Station","@type":"node","@id":5549402929},"geometry":{"type":"Point","coordinates":[101.0200333,13.6009782]}},{"type":"Feature","id":5599569122,"properties":{"amenity":"fuel","name":"NGV บางประกง","@type":"node","@id":5599569122},"geometry":{"type":"Point","coordinates":[100.9949061,13.5068261]}},{"type":"Feature","id":5714480021,"properties":{"amenity":"fuel","name:en":"ptt","@type":"node","@id":5714480021},"geometry":{"type":"Point","coordinates":[101.1334206,13.4332051]}},{"type":"Feature","id":6007309091,"properties":{"amenity":"fuel","@type":"node","@id":6007309091},"geometry":{"type":"Point","coordinates":[101.0197172,13.3719342]}},{"type":"Feature","id":6138818685,"properties":{"amenity":"fuel","name":"ปทท","name:en":"PTT Station","@type":"node","@id":6138818685},"geometry":{"type":"Point","coordinates":[101.915914,12.5727108]}},{"type":"Feature","id":6149739686,"properties":{"amenity":"fuel","name:en":"PTT","@type":"node","@id":6149739686},"geometry":{"type":"Point","coordinates":[101.2842178,13.1628764]}},{"type":"Feature","id":6275677786,"properties":{"amenity":"fuel","@type":"node","@id":6275677786},"geometry":{"type":"Point","coordinates":[101.1441708,13.6575343]}},{"type":"Feature","id":6275677886,"properties":{"amenity":"fuel","@type":"node","@id":6275677886},"geometry":{"type":"Point","coordinates":[101.2252491,13.6746729]}},{"type":"Feature","id":6276417287,"properties":{"amenity":"fuel","@type":"node","@id":6276417287},"geometry":{"type":"Point","coordinates":[101.0452784,13.6452011]}},{"type":"Feature","id":6276433185,"properties":{"amenity":"fuel","@type":"node","@id":6276433185},"geometry":{"type":"Point","coordinates":[101.0785341,13.6593701]}},{"type":"Feature","id":6338948286,"properties":{"amenity":"fuel","check_date":"2024-10-15","name:en":"Shell","@type":"node","@id":6338948286},"geometry":{"type":"Point","coordinates":[101.6896663,12.7824773]}},{"type":"Feature","id":6658727863,"properties":{"amenity":"fuel","brand":"ป.ต.ท.","name":"pttstation","@type":"node","@id":6658727863},"geometry":{"type":"Point","coordinates":[101.1901622,12.7555495]}},{"type":"Feature","id":6695526973,"properties":{"addr:street":"ถนนสุขุมวิท","amenity":"fuel","brand":"ป.ต.ท.","brand:en":"PTT","brand:th":"ป.ต.ท.","brand:wikidata":"Q1810389","brand:wikipedia":"th:ปตท.","name":"ป.ต.ท.","name:en":"PTT","name:th":"ป.ต.ท.","@type":"node","@id":6695526973},"geometry":{"type":"Point","coordinates":[100.9254141,13.0548456]}},{"type":"Feature","id":6794161819,"properties":{"addr:street":"ถนนสุขุมวิท","amenity":"fuel","brand":"บางจาก","brand:en":"Bangchak","brand:th":"บางจาก","brand:wikidata":"Q6579719","name":"บางจาก","name:en":"Bangchak","name:th":"บางจาก","@type":"node","@id":6794161819},"geometry":{"type":"Point","coordinates":[100.9240035,13.1595078]}},{"type":"Feature","id":6831621621,"properties":{"amenity":"fuel","brand":"เอสโซ่","brand:en":"Esso","brand:th":"เอสโซ่","brand:wikidata":"Q867662","brand:wikipedia":"en:Esso","name":"Esso","name:en":"Esso","name:th":"เอสโซ่","@type":"node","@id":6831621621},"geometry":{"type":"Point","coordinates":[100.9747785,13.3423318]}},{"type":"Feature","id":6868348675,"properties":{"amenity":"fuel","name":"บางจาก","@type":"node","@id":6868348675},"geometry":{"type":"Point","coordinates":[100.9896669,13.2723135]}},{"type":"Feature","id":6879808568,"properties":{"amenity":"fuel","brand":"LPG","name":"LPG","@type":"node","@id":6879808568},"geometry":{"type":"Point","coordinates":[100.9905391,12.9496245]}},{"type":"Feature","id":6896909145,"properties":{"amenity":"fuel","brand":"PT","name":"PT","@type":"node","@id":6896909145},"geometry":{"type":"Point","coordinates":[101.2519808,12.6880153]}},{"type":"Feature","id":6916611856,"properties":{"amenity":"fuel","brand":"SRP","name":"SRP","@type":"node","@id":6916611856},"geometry":{"type":"Point","coordinates":[101.2761059,12.6710715]}},{"type":"Feature","id":6969592191,"properties":{"amenity":"fuel","@type":"node","@id":6969592191},"geometry":{"type":"Point","coordinates":[100.9707767,13.0954122]}},{"type":"Feature","id":6969592197,"properties":{"amenity":"fuel","brand":"ป.ต.ท.","brand:en":"PTT","brand:th":"ป.ต.ท.","brand:wikidata":"Q1810389","brand:wikipedia":"th:ปตท.","name":"ป.ต.ท.","name:en":"PTT","name:th":"ป.ต.ท.","@type":"node","@id":6969592197},"geometry":{"type":"Point","coordinates":[100.9742153,13.0936749]}},{"type":"Feature","id":6970275886,"properties":{"amenity":"fuel","brand":"Caltex","brand:wikidata":"Q277470","brand:wikipedia":"en:Caltex","name":"Caltex","@type":"node","@id":6970275886},"geometry":{"type":"Point","coordinates":[100.9861886,13.0881991]}},{"type":"Feature","id":6980927134,"properties":{"amenity":"fuel","brand":"Pap","name:en":"Pap","operator:en":"Pap","@type":"node","@id":6980927134},"geometry":{"type":"Point","coordinates":[101.0135525,13.3604732]}},{"type":"Feature","id":7006031585,"properties":{"amenity":"fuel","@type":"node","@id":7006031585},"geometry":{"type":"Point","coordinates":[101.0177081,13.3662495]}},{"type":"Feature","id":7149547792,"properties":{"amenity":"fuel","fuel:lpg":"yes","@type":"node","@id":7149547792},"geometry":{"type":"Point","coordinates":[101.0137679,13.5922234]}},{"type":"Feature","id":7559792510,"properties":{"addr:housenumber":"PTT","amenity":"fuel","name":"PTT","@type":"node","@id":7559792510},"geometry":{"type":"Point","coordinates":[101.3915373,13.2874706]}},{"type":"Feature","id":7683112085,"properties":{"amenity":"fuel","name":"ปตท. จิบฟี่","name:en":"Ptt jiffy","name:th":"ปตท. จิฟฟี่","@type":"node","@id":7683112085},"geometry":{"type":"Point","coordinates":[101.0396064,12.7165206]}},{"type":"Feature","id":8422812881,"properties":{"amenity":"fuel","brand":"PTT","brand:wikidata":"Q1810389","brand:wikipedia":"en:PTT Public Company Limited","name":"PTT","@type":"node","@id":8422812881},"geometry":{"type":"Point","coordinates":[100.9192264,13.2848554]}},{"type":"Feature","id":8604453833,"properties":{"amenity":"charging_station","name":"Bangchak EV Charging Station","@type":"node","@id":8604453833},"geometry":{"type":"Point","coordinates":[101.000009,13.4136301]}},{"type":"Feature","id":8604453842,"properties":{"amenity":"fuel","brand":"Bangchak","brand:wikidata":"Q6579719","brand:wikipedia":"zh:曼差石油股份","name":"Bangchak","@type":"node","@id":8604453842},"geometry":{"type":"Point","coordinates":[101.0828439,13.3319761]}},{"type":"Feature","id":8604453843,"properties":{"amenity":"charging_station","name":"Bangchak EV Charging Station","@type":"node","@id":8604453843},"geometry":{"type":"Point","coordinates":[101.0830634,13.3322555]}},{"type":"Feature","id":8604453857,"properties":{"amenity":"charging_station","name":"Bangchak EV Charging Station","@type":"node","@id":8604453857},"geometry":{"type":"Point","coordinates":[100.909852,12.9641001]}},{"type":"Feature","id":9580341018,"properties":{"access":"customers","amenity":"charging_station","capacity":"2","fee":"no","name":"Outback Charging Station","operator":"Outback Sports Bar and restaurant","@type":"node","@id":9580341018},"geometry":{"type":"Point","coordinates":[100.9529845,12.9260425]}},{"type":"Feature","id":9668458743,"properties":{"amenity":"fuel","@type":"node","@id":9668458743},"geometry":{"type":"Point","coordinates":[100.9667641,13.0892604]}},{"type":"Feature","id":9668544604,"properties":{"amenity":"fuel","@type":"node","@id":9668544604},"geometry":{"type":"Point","coordinates":[100.995082,13.0866664]}},{"type":"Feature","id":9882909726,"properties":{"amenity":"fuel","name":"PTT มาบคล้า อ.บ้านบึง จ.ชลบุรี","@type":"node","@id":9882909726},"geometry":{"type":"Point","coordinates":[101.1266818,13.2940875]}},{"type":"Feature","id":10286933576,"properties":{"amenity":"charging_station","fee":"yes","motorcar":"yes","name":"Volta","operator":"Volta","@type":"node","@id":10286933576},"geometry":{"type":"Point","coordinates":[101.4349191,13.0377559]}},{"type":"Feature","id":10598279637,"properties":{"amenity":"fuel","brand":"Bangchak","@type":"node","@id":10598279637},"geometry":{"type":"Point","coordinates":[101.4345241,13.0380216]}},{"type":"Feature","id":10859501575,"properties":{"amenity":"charging_station","authentication:app":"yes","brand":"On-ion","fee":"yes","indoor":"yes","level":"0","motorcar":"yes","opening_hours":"Mo-Th,Su 11:00-21:00; Fr-Sa 11:00-22:00","socket:type2_cable":"6","socket:type2_cable:output":"7","@type":"node","@id":10859501575},"geometry":{"type":"Point","coordinates":[100.8905822,12.9451057]}},{"type":"Feature","id":10859760665,"properties":{"amenity":"charging_station","authentication:app":"yes","brand":"EA Anywhere","fee":"yes","motorcar":"yes","opening_hours":"24/7","socket:type2":"2","socket:type2_combo":"2","@type":"node","@id":10859760665},"geometry":{"type":"Point","coordinates":[100.8899551,12.91961]}},{"type":"Feature","id":10899398805,"properties":{"amenity":"fuel","brand":"ป.ต.ท.","brand:en":"PTT","brand:th":"ป.ต.ท.","brand:wikidata":"Q1810389","name":"ป.ต.ท.","name:en":"PTT","name:th":"ป.ต.ท.","@type":"node","@id":10899398805},"geometry":{"type":"Point","coordinates":[100.9298272,13.0307069]}},{"type":"Feature","id":10902432005,"properties":{"amenity":"fuel","brand":"ป.ต.ท.","brand:en":"PTT","brand:th":"ป.ต.ท.","brand:wikidata":"Q1810389","name":"ป.ต.ท.","name:en":"PTT","name:th":"ป.ต.ท.","@type":"node","@id":10902432005},"geometry":{"type":"Point","coordinates":[101.417092,12.6425182]}},{"type":"Feature","id":10918417275,"properties":{"amenity":"fuel","brand":"ป.ต.ท.","brand:en":"PTT","brand:th":"ป.ต.ท.","brand:wikidata":"Q1810389","name":"PTT","name:en":"PTT","name:th":"ป.ต.ท.","@type":"node","@id":10918417275},"geometry":{"type":"Point","coordinates":[100.8933521,12.6807756]}},{"type":"Feature","id":11220508996,"properties":{"amenity":"fuel","name":"Independent","@type":"node","@id":11220508996},"geometry":{"type":"Point","coordinates":[101.0941413,13.4777704]}},{"type":"Feature","id":11220508999,"properties":{"amenity":"fuel","name":"Independent","@type":"node","@id":11220508999},"geometry":{"type":"Point","coordinates":[101.0573885,13.5486325]}},{"type":"Feature","id":11220509000,"properties":{"amenity":"fuel","name":"Independent","shop":"fuel","@type":"node","@id":11220509000},"geometry":{"type":"Point","coordinates":[101.0692057,13.5793781]}},{"type":"Feature","id":11220509001,"properties":{"amenity":"fuel","name":"Independent","@type":"node","@id":11220509001},"geometry":{"type":"Point","coordinates":[101.0931225,13.4805379]}},{"type":"Feature","id":11220548741,"properties":{"amenity":"fuel","@type":"node","@id":11220548741},"geometry":{"type":"Point","coordinates":[101.1204354,13.3086055]}},{"type":"Feature","id":11220548744,"properties":{"amenity":"fuel","@type":"node","@id":11220548744},"geometry":{"type":"Point","coordinates":[101.1208061,13.3574015]}},{"type":"Feature","id":11220548746,"properties":{"amenity":"fuel","@type":"node","@id":11220548746},"geometry":{"type":"Point","coordinates":[101.1213221,13.3632412]}},{"type":"Feature","id":11220548747,"properties":{"amenity":"fuel","@type":"node","@id":11220548747},"geometry":{"type":"Point","coordinates":[101.1183653,13.3236104]}},{"type":"Feature","id":11220548750,"properties":{"amenity":"fuel","@type":"node","@id":11220548750},"geometry":{"type":"Point","coordinates":[101.1200539,13.3906718]}},{"type":"Feature","id":11220583935,"properties":{"amenity":"fuel","@type":"node","@id":11220583935},"geometry":{"type":"Point","coordinates":[100.9864739,13.1084428]}},{"type":"Feature","id":11220606542,"properties":{"amenity":"fuel","@type":"node","@id":11220606542},"geometry":{"type":"Point","coordinates":[100.985949,13.1375651]}},{"type":"Feature","id":11220606547,"properties":{"amenity":"fuel","@type":"node","@id":11220606547},"geometry":{"type":"Point","coordinates":[100.9976102,13.0825445]}},{"type":"Feature","id":11220606551,"properties":{"amenity":"fuel","brand":"Shell","brand:wikidata":"Q110716465","name":"Shell","@type":"node","@id":11220606551},"geometry":{"type":"Point","coordinates":[100.9850384,13.1403051]}},{"type":"Feature","id":11220606552,"properties":{"amenity":"fuel","@type":"node","@id":11220606552},"geometry":{"type":"Point","coordinates":[100.9859938,13.1380763]}},{"type":"Feature","id":11252715605,"properties":{"amenity":"fuel","name":"Independent","@type":"node","@id":11252715605},"geometry":{"type":"Point","coordinates":[101.3037212,12.8489147]}},{"type":"Feature","id":11252717841,"properties":{"amenity":"fuel","brand":"Ptt","name":"ptt","operator":"PTT","@type":"node","@id":11252717841},"geometry":{"type":"Point","coordinates":[100.938659,12.8635307]}},{"type":"Feature","id":11252755469,"properties":{"amenity":"fuel","@type":"node","@id":11252755469},"geometry":{"type":"Point","coordinates":[101.4400802,12.9173002]}},{"type":"Feature","id":11252785147,"properties":{"amenity":"fuel","name":"Independent","@type":"node","@id":11252785147},"geometry":{"type":"Point","coordinates":[101.4214166,12.9311617]}},{"type":"Feature","id":11252869482,"properties":{"amenity":"fuel","name":"Independent","@type":"node","@id":11252869482},"geometry":{"type":"Point","coordinates":[101.5684836,12.7790908]}},{"type":"Feature","id":11252869484,"properties":{"amenity":"fuel","name":"Independent","@type":"node","@id":11252869484},"geometry":{"type":"Point","coordinates":[101.878749,12.610189]}},{"type":"Feature","id":11252869495,"properties":{"amenity":"fuel","name":"Independent","@type":"node","@id":11252869495},"geometry":{"type":"Point","coordinates":[101.8828665,12.6466818]}},{"type":"Feature","id":11252869508,"properties":{"amenity":"fuel","name":"Independent","@type":"node","@id":11252869508},"geometry":{"type":"Point","coordinates":[101.8505051,12.676482]}},{"type":"Feature","id":11252869512,"properties":{"amenity":"fuel","brand":"PT","brand:wikidata":"Q62298612","name":"PT","@type":"node","@id":11252869512},"geometry":{"type":"Point","coordinates":[101.775801,12.7094626]}},{"type":"Feature","id":11252955040,"properties":{"amenity":"fuel","name":"Independent","@type":"node","@id":11252955040},"geometry":{"type":"Point","coordinates":[102.0012265,12.534733]}},{"type":"Feature","id":11269456787,"properties":{"amenity":"fuel","@type":"node","@id":11269456787},"geometry":{"type":"Point","coordinates":[101.6845044,12.9719892]}},{"type":"Feature","id":11455210416,"properties":{"amenity":"fuel","brand":"Shell","brand:wikidata":"Q110716465","name":"Shell","@type":"node","@id":11455210416},"geometry":{"type":"Point","coordinates":[101.333427,12.6560386]}},{"type":"Feature","id":11688907241,"properties":{"amenity":"fuel","@type":"node","@id":11688907241},"geometry":{"type":"Point","coordinates":[100.9140437,12.832996]}},{"type":"Feature","id":11710499730,"properties":{"amenity":"fuel","@type":"node","@id":11710499730},"geometry":{"type":"Point","coordinates":[100.9765084,12.6957272]}},{"type":"Feature","id":11758949743,"properties":{"amenity":"fuel","compressed_air":"yes","name":"PTT","opening_hours":"24/7","@type":"node","@id":11758949743},"geometry":{"type":"Point","coordinates":[100.9094263,12.7316199]}},{"type":"Feature","id":11770044803,"properties":{"amenity":"fuel","@type":"node","@id":11770044803},"geometry":{"type":"Point","coordinates":[100.8921593,12.7347984]}},{"type":"Feature","id":11772567827,"properties":{"amenity":"fuel","@type":"node","@id":11772567827},"geometry":{"type":"Point","coordinates":[100.9684934,13.3309786]}},{"type":"Feature","id":11794147103,"properties":{"amenity":"fuel","@type":"node","@id":11794147103},"geometry":{"type":"Point","coordinates":[100.9852194,13.1483662]}},{"type":"Feature","id":11817360665,"properties":{"amenity":"fuel","@type":"node","@id":11817360665},"geometry":{"type":"Point","coordinates":[101.3038428,12.7130505]}},{"type":"Feature","id":11819903544,"properties":{"amenity":"fuel","name":"PTT","@type":"node","@id":11819903544},"geometry":{"type":"Point","coordinates":[101.2536423,12.7832421]}},{"type":"Feature","id":11835048464,"properties":{"amenity":"fuel","name":"PT","@type":"node","@id":11835048464},"geometry":{"type":"Point","coordinates":[101.6654463,12.7864903]}},{"type":"Feature","id":11838897227,"properties":{"addr:postcode":"22120","addr:street":"ถนนสุขุมวิท","amenity":"fuel","brand":"PT","brand:wikidata":"Q62298612","name":"PT","@type":"node","@id":11838897227},"geometry":{"type":"Point","coordinates":[102.0306782,12.649899]}},{"type":"Feature","id":11854340804,"properties":{"amenity":"fuel","@type":"node","@id":11854340804},"geometry":{"type":"Point","coordinates":[101.5403834,12.9013012]}},{"type":"Feature","id":11860881250,"properties":{"amenity":"fuel","brand":"Caltex","brand:wikidata":"Q277470","name":"Caltex","@type":"node","@id":11860881250},"geometry":{"type":"Point","coordinates":[101.1184545,12.8424184]}},{"type":"Feature","id":11860881257,"properties":{"amenity":"fuel","brand":"Shell","brand:wikidata":"Q110716465","name":"Shell","@type":"node","@id":11860881257},"geometry":{"type":"Point","coordinates":[101.1191017,12.8420505]}},{"type":"Feature","id":11862158815,"properties":{"amenity":"fuel","@type":"node","@id":11862158815},"geometry":{"type":"Point","coordinates":[100.9927563,12.9127722]}},{"type":"Feature","id":11875162481,"properties":{"amenity":"fuel","name":"PT","@type":"node","@id":11875162481},"geometry":{"type":"Point","coordinates":[101.0181065,13.0757373]}},{"type":"Feature","id":11879916268,"properties":{"amenity":"fuel","name":"PTT","@type":"node","@id":11879916268},"geometry":{"type":"Point","coordinates":[100.8985853,12.8827939]}},{"type":"Feature","id":11885843025,"properties":{"amenity":"fuel","@type":"node","@id":11885843025},"geometry":{"type":"Point","coordinates":[100.9363611,12.9099978]}},{"type":"Feature","id":11916202340,"properties":{"amenity":"fuel","@type":"node","@id":11916202340},"geometry":{"type":"Point","coordinates":[100.9209948,13.2969482]}},{"type":"Feature","id":11920177882,"properties":{"amenity":"fuel","brand":"PT","brand:wikidata":"Q62298612","name":"PT","@type":"node","@id":11920177882},"geometry":{"type":"Point","coordinates":[101.1401702,13.3022918]}},{"type":"Feature","id":11920324549,"properties":{"amenity":"fuel","@type":"node","@id":11920324549},"geometry":{"type":"Point","coordinates":[101.1953652,13.3531543]}},{"type":"Feature","id":11935519421,"properties":{"amenity":"fuel","brand":"Shell","brand:wikidata":"Q110716465","name":"Shell","@type":"node","@id":11935519421},"geometry":{"type":"Point","coordinates":[101.0612324,12.7272979]}},{"type":"Feature","id":11950585289,"properties":{"amenity":"fuel","@type":"node","@id":11950585289},"geometry":{"type":"Point","coordinates":[101.0529152,13.6792508]}},{"type":"Feature","id":11950625424,"properties":{"amenity":"fuel","@type":"node","@id":11950625424},"geometry":{"type":"Point","coordinates":[101.0510463,13.6702888]}},{"type":"Feature","id":11950625427,"properties":{"amenity":"fuel","@type":"node","@id":11950625427},"geometry":{"type":"Point","coordinates":[101.050083,13.6690038]}},{"type":"Feature","id":11950626029,"properties":{"amenity":"fuel","@type":"node","@id":11950626029},"geometry":{"type":"Point","coordinates":[101.0513298,13.6718157]}},{"type":"Feature","id":11951660953,"properties":{"amenity":"fuel","@type":"node","@id":11951660953},"geometry":{"type":"Point","coordinates":[101.0907191,13.7120353]}},{"type":"Feature","id":11974561944,"properties":{"amenity":"charging_station","@type":"node","@id":11974561944},"geometry":{"type":"Point","coordinates":[100.9094998,13.2917743]}},{"type":"Feature","id":11988967506,"properties":{"amenity":"fuel","name":"PTT","@type":"node","@id":11988967506},"geometry":{"type":"Point","coordinates":[101.0528092,13.1151025]}},{"type":"Feature","id":11988975389,"properties":{"amenity":"fuel","name":"PTT LPG","@type":"node","@id":11988975389},"geometry":{"type":"Point","coordinates":[101.0522675,13.1165518]}},{"type":"Feature","id":11989013363,"properties":{"amenity":"fuel","brand":"Caltex","brand:wikidata":"Q277470","name":"Caltex","@type":"node","@id":11989013363},"geometry":{"type":"Point","coordinates":[101.031416,13.1190288]}},{"type":"Feature","id":12025146061,"properties":{"amenity":"charging_station","operator":"Shell Recharge Solutions","operator:wikidata":"Q105883058","website":"https://find.shell.com/th/fuel/10042014-co-sin-poon-phol-b1-mabkha-ryg/en_TH","@type":"node","@id":12025146061},"geometry":{"type":"Point","coordinates":[101.163949,12.7801081]}},{"type":"Feature","id":12056060943,"properties":{"amenity":"fuel","name":"PTT","@type":"node","@id":12056060943},"geometry":{"type":"Point","coordinates":[101.2058398,12.8336286]}},{"type":"Feature","id":12056128523,"properties":{"amenity":"fuel","brand":"Shell","brand:wikidata":"Q110716465","name":"Shell","@type":"node","@id":12056128523},"geometry":{"type":"Point","coordinates":[101.1814758,12.7915545]}},{"type":"Feature","id":12066065954,"properties":{"amenity":"fuel","name":"PTT","@type":"node","@id":12066065954},"geometry":{"type":"Point","coordinates":[101.1886686,12.7019315]}},{"type":"Feature","id":12066092475,"properties":{"amenity":"fuel","name":"PTT","@type":"node","@id":12066092475},"geometry":{"type":"Point","coordinates":[101.1958637,12.696518]}},{"type":"Feature","id":12066092478,"properties":{"amenity":"fuel","brand":"Shell","brand:wikidata":"Q110716465","name":"Shell","@type":"node","@id":12066092478},"geometry":{"type":"Point","coordinates":[101.1913593,12.7002164]}},{"type":"Feature","id":12076869312,"properties":{"amenity":"fuel","brand":"Shell","brand:wikidata":"Q110716465","name":"Shell","@type":"node","@id":12076869312},"geometry":{"type":"Point","coordinates":[101.2494935,12.9253534]}},{"type":"Feature","id":12077519153,"properties":{"amenity":"fuel","@type":"node","@id":12077519153},"geometry":{"type":"Point","coordinates":[101.1471137,12.9850077]}},{"type":"Feature","id":12078087913,"properties":{"amenity":"fuel","brand":"Shell","brand:wikidata":"Q110716465","name":"Shell","@type":"node","@id":12078087913},"geometry":{"type":"Point","coordinates":[101.1485981,13.0223895]}},{"type":"Feature","id":12078676282,"properties":{"amenity":"fuel","@type":"node","@id":12078676282},"geometry":{"type":"Point","coordinates":[101.0980433,12.9947358]}},{"type":"Feature","id":12082384349,"properties":{"amenity":"fuel","@type":"node","@id":12082384349},"geometry":{"type":"Point","coordinates":[101.4166864,13.3593228]}},{"type":"Feature","id":12092045705,"properties":{"amenity":"fuel","name":"PTT","@type":"node","@id":12092045705},"geometry":{"type":"Point","coordinates":[101.1691422,12.7679157]}},{"type":"Feature","id":12096058443,"properties":{"amenity":"fuel","brand":"บางจาก","brand:en":"Bangchak","brand:th":"บางจาก","brand:wikidata":"Q6579719","name":"บางจาก","name:en":"Bangchak","name:th":"บางจาก","@type":"node","@id":12096058443},"geometry":{"type":"Point","coordinates":[101.852677,12.7650583]}},{"type":"Feature","id":12097809727,"properties":{"amenity":"fuel","@type":"node","@id":12097809727},"geometry":{"type":"Point","coordinates":[101.8691146,12.7523982]}},{"type":"Feature","id":12104596825,"properties":{"amenity":"fuel","@type":"node","@id":12104596825},"geometry":{"type":"Point","coordinates":[101.4998956,12.7788599]}},{"type":"Feature","id":12115455142,"properties":{"amenity":"fuel","brand":"Shell","brand:wikidata":"Q110716465","name":"Shell","@type":"node","@id":12115455142},"geometry":{"type":"Point","coordinates":[101.4648718,13.0160854]}},{"type":"Feature","id":12115779323,"properties":{"amenity":"fuel","@type":"node","@id":12115779323},"geometry":{"type":"Point","coordinates":[101.3464793,13.1372992]}},{"type":"Feature","id":12115875332,"properties":{"amenity":"fuel","brand":"PT","brand:wikidata":"Q62298612","name":"PT","@type":"node","@id":12115875332},"geometry":{"type":"Point","coordinates":[101.2370721,13.2195161]}},{"type":"Feature","id":12117003509,"properties":{"amenity":"fuel","@type":"node","@id":12117003509},"geometry":{"type":"Point","coordinates":[101.066207,12.7306309]}},{"type":"Feature","id":12117311797,"properties":{"amenity":"fuel","name":"PTT","@type":"node","@id":12117311797},"geometry":{"type":"Point","coordinates":[100.9895797,12.7365849]}},{"type":"Feature","id":12118534585,"properties":{"amenity":"fuel","brand":"PT","brand:wikidata":"Q62298612","name":"PT","@type":"node","@id":12118534585},"geometry":{"type":"Point","coordinates":[100.9958477,13.2412383]}},{"type":"Feature","id":12123167127,"properties":{"amenity":"fuel","name":"PTT","@type":"node","@id":12123167127},"geometry":{"type":"Point","coordinates":[100.9923319,13.3815858]}},{"type":"Feature","id":12277359808,"properties":{"amenity":"fuel","@type":"node","@id":12277359808},"geometry":{"type":"Point","coordinates":[101.0513787,13.6759793]}},{"type":"Feature","id":12300920537,"properties":{"amenity":"fuel","brand":"Caltex","@type":"node","@id":12300920537},"geometry":{"type":"Point","coordinates":[101.1394977,13.1034825]}},{"type":"Feature","id":12532320098,"properties":{"amenity":"fuel","brand":"PT","brand:wikidata":"Q62298612","name":"PT","@type":"node","@id":12532320098},"geometry":{"type":"Point","coordinates":[101.4199615,12.6425149]}},{"type":"Feature","id":12532835756,"properties":{"amenity":"fuel","brand":"PT","brand:wikidata":"Q62298612","name":"PT","@type":"node","@id":12532835756},"geometry":{"type":"Point","coordinates":[101.4273484,13.6770683]}},{"type":"Feature","id":12532874888,"properties":{"amenity":"fuel","name":"Ptt","@type":"node","@id":12532874888},"geometry":{"type":"Point","coordinates":[101.4355759,13.6646977]}},{"type":"Feature","id":12558331301,"properties":{"amenity":"fuel","name:en":"PTT station","opening_hours":"24/7","@type":"node","@id":12558331301},"geometry":{"type":"Point","coordinates":[101.0670426,13.6825434]}},{"type":"Feature","id":12677297160,"properties":{"amenity":"fuel","brand":"PT","brand:wikidata":"Q62298612","name":"PT","@type":"node","@id":12677297160},"geometry":{"type":"Point","coordinates":[101.2714933,13.3470819]}},{"type":"Feature","id":12677324768,"properties":{"amenity":"fuel","name":"PTT","@type":"node","@id":12677324768},"geometry":{"type":"Point","coordinates":[101.2695811,13.3201192]}},{"type":"Feature","id":12677336499,"properties":{"amenity":"fuel","name":"PTT","@type":"node","@id":12677336499},"geometry":{"type":"Point","coordinates":[101.2810691,13.3931572]}},{"type":"Feature","id":12677359185,"properties":{"amenity":"fuel","brand":"บางจาก","brand:en":"Bangchak","brand:th":"บางจาก","brand:wikidata":"Q6579719","name":"บางจาก","name:en":"Bangchak","name:th":"บางจาก","@type":"node","@id":12677359185},"geometry":{"type":"Point","coordinates":[101.2825828,13.4356409]}},{"type":"Feature","id":12677365813,"properties":{"amenity":"fuel","name":"Lpg","@type":"node","@id":12677365813},"geometry":{"type":"Point","coordinates":[101.2826838,13.4361807]}},{"type":"Feature","id":12680192176,"properties":{"amenity":"fuel","brand":"Shell","brand:wikidata":"Q110716465","name":"Shell","@type":"node","@id":12680192176},"geometry":{"type":"Point","coordinates":[101.2990518,13.5961267]}},{"type":"Feature","id":12680410513,"properties":{"amenity":"fuel","name":"NGV","@type":"node","@id":12680410513},"geometry":{"type":"Point","coordinates":[101.2659803,13.5540757]}},{"type":"Feature","id":12680417582,"properties":{"amenity":"fuel","name":"LPG","@type":"node","@id":12680417582},"geometry":{"type":"Point","coordinates":[101.3959628,13.6714149]}},{"type":"Feature","id":12680417583,"properties":{"amenity":"fuel","@type":"node","@id":12680417583},"geometry":{"type":"Point","coordinates":[101.3962329,13.671625]}},{"type":"Feature","id":12680417584,"properties":{"amenity":"fuel","brand":"บางจาก","brand:en":"Bangchak","brand:th":"บางจาก","brand:wikidata":"Q6579719","name":"บางจาก","name:en":"Bangchak","name:th":"บางจาก","@type":"node","@id":12680417584},"geometry":{"type":"Point","coordinates":[101.3799685,13.6634854]}},{"type":"Feature","id":12680461536,"properties":{"amenity":"fuel","brand":"PT","brand:wikidata":"Q62298612","name":"PT","@type":"node","@id":12680461536},"geometry":{"type":"Point","coordinates":[101.377393,13.7281626]}},{"type":"Feature","id":12697469850,"properties":{"amenity":"fuel","@type":"node","@id":12697469850},"geometry":{"type":"Point","coordinates":[101.7219982,12.77694]}},{"type":"Feature","id":12732492816,"properties":{"amenity":"fuel","name":"ปตท","@type":"node","@id":12732492816},"geometry":{"type":"Point","coordinates":[100.9715031,12.9717048]}},{"type":"Feature","id":12732495631,"properties":{"amenity":"fuel","name":"ปตท","@type":"node","@id":12732495631},"geometry":{"type":"Point","coordinates":[100.9715411,12.9716726]}},{"type":"Feature","id":12822666423,"properties":{"amenity":"fuel","brand":"PT","brand:wikidata":"Q62298612","name":"PT","@type":"node","@id":12822666423},"geometry":{"type":"Point","coordinates":[101.5648745,12.8806113]}},{"type":"Feature","id":12823733533,"properties":{"amenity":"fuel","name":"PTT","@type":"node","@id":12823733533},"geometry":{"type":"Point","coordinates":[101.1885502,13.2837166]}},{"type":"Feature","id":12823773236,"properties":{"amenity":"fuel","@type":"node","@id":12823773236},"geometry":{"type":"Point","coordinates":[101.1912026,13.2829181]}},{"type":"Feature","id":12824616489,"properties":{"amenity":"fuel","brand":"PT","brand:wikidata":"Q62298612","name":"PT","@type":"node","@id":12824616489},"geometry":{"type":"Point","coordinates":[101.2213816,13.2355559]}},{"type":"Feature","id":12824697718,"properties":{"amenity":"fuel","@type":"node","@id":12824697718},"geometry":{"type":"Point","coordinates":[101.106662,13.3125278]}},{"type":"Feature","id":12824700435,"properties":{"amenity":"fuel","@type":"node","@id":12824700435},"geometry":{"type":"Point","coordinates":[101.107202,13.3094679]}},{"type":"Feature","id":12824706755,"properties":{"amenity":"fuel","name":"PTT","@type":"node","@id":12824706755},"geometry":{"type":"Point","coordinates":[101.1074911,13.3110062]}},{"type":"Feature","id":12828733373,"properties":{"amenity":"fuel","@type":"node","@id":12828733373},"geometry":{"type":"Point","coordinates":[101.0495875,13.3415028]}},{"type":"Feature","id":12828733383,"properties":{"amenity":"fuel","name":"LPG","@type":"node","@id":12828733383},"geometry":{"type":"Point","coordinates":[101.0511665,13.3411449]}},{"type":"Feature","id":12896631585,"properties":{"amenity":"fuel","@type":"node","@id":12896631585},"geometry":{"type":"Point","coordinates":[101.0726788,13.0273849]}},{"type":"Feature","id":12961522767,"properties":{"amenity":"fuel","brand":"PT","brand:wikidata":"Q62298612","name":"PT","@type":"node","@id":12961522767},"geometry":{"type":"Point","coordinates":[101.2128333,12.9534855]}},{"type":"Feature","id":12964942783,"properties":{"amenity":"fuel","brand":"Caltex","brand:wikidata":"Q277470","name":"Caltex","@type":"node","@id":12964942783},"geometry":{"type":"Point","coordinates":[101.3011974,12.8051249]}},{"type":"Feature","id":12964944175,"properties":{"amenity":"fuel","brand":"Shell Express","brand:wikidata":"Q2289188","name":"Shell Express","@type":"node","@id":12964944175},"geometry":{"type":"Point","coordinates":[101.30084,12.801443]}},{"type":"Feature","id":12964986562,"properties":{"amenity":"fuel","name":"PTT","@type":"node","@id":12964986562},"geometry":{"type":"Point","coordinates":[101.2865438,12.7508805]}},{"type":"Feature","id":12964986563,"properties":{"amenity":"fuel","brand":"7-Eleven","brand:wikidata":"Q259340","name":"7-Eleven","@type":"node","@id":12964986563},"geometry":{"type":"Point","coordinates":[101.2867183,12.7512872]}},{"type":"Feature","id":13380712788,"properties":{"amenity":"charging_station","brand":"evolt","capacity":"2","motorcar":"yes","opening_hours":"24/7","@type":"node","@id":13380712788},"geometry":{"type":"Point","coordinates":[101.0812594,13.0404295]}},{"type":"Feature","id":13393316876,"properties":{"amenity":"fuel","@type":"node","@id":13393316876},"geometry":{"type":"Point","coordinates":[101.1194541,13.6610012]}},{"type":"Feature","id":13430925846,"properties":{"amenity":"fuel","brand":"บางจาก","brand:en":"Bangchak","brand:th":"บางจาก","brand:wikidata":"Q6579719","name":"บางจาก","name:en":"Bangchak","name:th":"บางจาก","@type":"node","@id":13430925846},"geometry":{"type":"Point","coordinates":[101.1225214,13.0932087]}},{"type":"Feature","id":13430960901,"properties":{"amenity":"fuel","brand":"บางจาก","brand:en":"Bangchak","brand:th":"บางจาก","brand:wikidata":"Q6579719","name":"บางจาก","name:en":"Bangchak","name:th":"บางจาก","@type":"node","@id":13430960901},"geometry":{"type":"Point","coordinates":[101.0960644,13.0936302]}},{"type":"Feature","id":13430967484,"properties":{"amenity":"fuel","brand":"Shell Express","brand:wikidata":"Q2289188","name":"Shell Express","@type":"node","@id":13430967484},"geometry":{"type":"Point","coordinates":[101.0308776,13.120016]}},{"type":"Feature","id":13442836383,"properties":{"access":"yes","amenity":"charging_station","brand":"Spark","capacity":"180","fee":"yes","operator":"Spark","payment:app":"yes","@type":"node","@id":13442836383},"geometry":{"type":"Point","coordinates":[101.8152827,12.781394]}},{"type":"Feature","id":13666773445,"properties":{"amenity":"charging_station","brand":"Tesla Supercharger","brand:wikidata":"Q17089620","name":"Tesla Supercharger","operator":"Tesla","operator:wikidata":"Q478214","@type":"node","@id":13666773445},"geometry":{"type":"Point","coordinates":[100.9589345,13.3162507]}},{"type":"Feature","id":13722072367,"properties":{"amenity":"charging_station","brand":"EA","capacity":"2","opening_hours":"24/7","@type":"node","@id":13722072367},"geometry":{"type":"Point","coordinates":[101.6256803,12.8372147]}},{"type":"Feature","id":13730291381,"properties":{"amenity":"charging_station","brand":"PTT","capacity":"6","opening_hours":"24/7","socket:type2_cable":"6","socket:type2_cable:output":"120","@type":"node","@id":13730291381},"geometry":{"type":"Point","coordinates":[101.4464196,13.0206952]}},{"type":"Feature","id":13770992236,"properties":{"amenity":"charging_station","brand":"Spark","capacity":"2","@type":"node","@id":13770992236},"geometry":{"type":"Point","coordinates":[101.3694492,13.5666621]}},{"type":"Feature","id":13895225045,"properties":{"amenity":"charging_station","brand":"PTT","@type":"node","@id":13895225045},"geometry":{"type":"Point","coordinates":[101.3549041,13.1315492]}},{"type":"Feature","id":13896865299,"properties":{"amenity":"fuel","brand":"PTT","name":"PTT","@type":"node","@id":13896865299},"geometry":{"type":"Point","coordinates":[101.3543961,13.131096]}},{"type":"Feature","id":13909294780,"properties":{"amenity":"charging_station","brand":"PTT","capacity":"2","@type":"node","@id":13909294780},"geometry":{"type":"Point","coordinates":[101.0566453,13.6583374]}},{"type":"Feature","id":13983840168,"properties":{"amenity":"charging_station","name":"EV Station","ref":"0265","@type":"node","@id":13983840168},"geometry":{"type":"Point","coordinates":[101.2838324,13.162998]}},{"type":"Feature","id":195004479,"properties":{"amenity":"fuel","brand":"บางจาก","brand:en":"Bangchak","brand:th":"บางจาก","brand:wikidata":"Q6579719","building":"roof","fuel:diesel":"yes","fuel:e20":"yes","fuel:gasohol_91":"yes","fuel:gasohol_95":"yes","name":"บางจาก","name:en":"Bangchak","name:th":"บางจาก","@type":"way","@id":195004479},"geometry":{"type":"Point","coordinates":[100.8994481,12.9499623]}},{"type":"Feature","id":195004480,"properties":{"amenity":"fuel","brand":"Caltex","brand:wikidata":"Q277470","building":"roof","fuel:diesel":"yes","fuel:e20":"yes","fuel:gasohol_91":"yes","fuel:gasohol_95":"yes","fuel:gasoline_95":"yes","layer":"1","name":"Caltex","@type":"way","@id":195004480},"geometry":{"type":"Point","coordinates":[100.9055742,12.950046]}},{"type":"Feature","id":200392480,"properties":{"amenity":"fuel","brand":"PTT","brand:en":"PTT","brand:th":"ปตท","fuel:diesel":"yes","fuel:e20":"yes","fuel:gasohol_91":"yes","fuel:gasohol_95":"yes","fuel:gasoline_95":"yes","name":"PTT","name:en":"PTT","name:th":"ปตท","@type":"way","@id":200392480},"geometry":{"type":"Point","coordinates":[101.3340414,12.6546076]}},{"type":"Feature","id":219935678,"properties":{"amenity":"fuel","brand":"ป.ต.ท.","brand:en":"PTT","brand:th":"ป.ต.ท.","brand:wikidata":"Q1810389","building":"roof","layer":"1","name":"PTT Station","name:en":"PTT","name:th":"ป.ต.ท.","@type":"way","@id":219935678},"geometry":{"type":"Point","coordinates":[101.0103731,13.5383845]}},{"type":"Feature","id":219935685,"properties":{"amenity":"fuel","brand":"ป.ต.ท.","brand:en":"PTT","brand:th":"ป.ต.ท.","brand:wikidata":"Q1810389","building":"roof","layer":"1","name":"PTT station","name:en":"PTT","name:th":"ป.ต.ท.","@type":"way","@id":219935685},"geometry":{"type":"Point","coordinates":[101.0109375,13.5373923]}},{"type":"Feature","id":219935718,"properties":{"amenity":"fuel","brand":"PTT","@type":"way","@id":219935718},"geometry":{"type":"Point","coordinates":[101.0103873,13.5383506]}},{"type":"Feature","id":219935719,"properties":{"amenity":"fuel","brand":"PTT","@type":"way","@id":219935719},"geometry":{"type":"Point","coordinates":[101.0109458,13.5373577]}},{"type":"Feature","id":270076228,"properties":{"addr:street":"ถนนหนองบัว-เกาะหวาย","amenity":"fuel","brand":"Susco","brand:en":"Susco","brand:th":"ซัสโก้","building":"roof","layer":"1","name":"Susco","name:en":"Susco","name:th":"ซัสโก้","@type":"way","@id":270076228},"geometry":{"type":"Point","coordinates":[101.2853736,12.6840265]}},{"type":"Feature","id":296528243,"properties":{"addr:street":"ถนนสุขุมวิท","amenity":"fuel","building":"roof","layer":"1","name":"ป.ต.ท.","name:en":"PTT","name:ja":"ポトト","operator":"PTT","website":"www.pttplc.com","@type":"way","@id":296528243},"geometry":{"type":"Point","coordinates":[100.9321504,13.1822504]}},{"type":"Feature","id":306681843,"properties":{"amenity":"fuel","brand":"เชลล์","brand:en":"Shell","brand:th":"เชลล์","brand:wikidata":"Q110716465","building":"roof","layer":"1","name":"เชลล์","name:en":"Shell","name:th":"เชลล์","toilets:wheelchair":"yes","website":"https://www.shell.co.th/","wheelchair":"yes","wheelchair:description":"Toilette rollstuhlgängi, Kaffee leider Stufen!","@type":"way","@id":306681843},"geometry":{"type":"Point","coordinates":[100.9086732,12.84907]}},{"type":"Feature","id":311224111,"properties":{"amenity":"fuel","brand":"บางจาก","brand:en":"Bangchak","brand:th":"บางจาก","brand:wikidata":"Q6579719","building":"roof","fuel:diesel":"yes","fuel:e20":"yes","fuel:octane_91":"yes","fuel:octane_95":"yes","layer":"1","name":"บางจาก","name:en":"Bangchak","name:th":"บางจาก","website":"https://www.bangchak.co.th/","@type":"way","@id":311224111},"geometry":{"type":"Point","coordinates":[100.8973255,12.8878289]}},{"type":"Feature","id":333389216,"properties":{"amenity":"fuel","building":"roof","fuel:lpg":"yes","fuel:octane_100":"no","fuel:octane_91":"no","fuel:octane_95":"no","fuel:octane_98":"no","name":"LPG Station","source":"GPS","@type":"way","@id":333389216},"geometry":{"type":"Point","coordinates":[101.0022949,13.6434747]}},{"type":"Feature","id":333389611,"properties":{"amenity":"fuel","building":"roof","fuel:lpg":"yes","fuel:octane_100":"no","fuel:octane_91":"no","fuel:octane_95":"no","fuel:octane_98":"no","name":"LPG Station","source":"GPS","@type":"way","@id":333389611},"geometry":{"type":"Point","coordinates":[101.0324947,13.622672]}},{"type":"Feature","id":333393289,"properties":{"amenity":"fuel","building":"yes","name":"Independent Fuel Station","source":"GPS","@type":"way","@id":333393289},"geometry":{"type":"Point","coordinates":[101.0604139,13.4671393]}},{"type":"Feature","id":333395669,"properties":{"amenity":"fuel","building":"roof","fuel:lpg":"yes","fuel:octane_100":"no","fuel:octane_91":"no","fuel:octane_95":"no","fuel:octane_98":"no","name":"LPG Station","source":"GPS","@type":"way","@id":333395669},"geometry":{"type":"Point","coordinates":[101.0173392,13.3880616]}},{"type":"Feature","id":333396384,"properties":{"amenity":"fuel","brand":"ป.ต.ท.","brand:en":"PTT","brand:th":"ป.ต.ท.","brand:wikidata":"Q1810389","building":"roof","layer":"1","name":"PTT","name:en":"PTT","name:th":"ป.ต.ท.","@type":"way","@id":333396384},"geometry":{"type":"Point","coordinates":[101.020695,13.3924897]}},{"type":"Feature","id":333396478,"properties":{"amenity":"fuel","brand":"ป.ต.ท.","brand:en":"PTT","brand:th":"ป.ต.ท.","brand:wikidata":"Q1810389","building":"yes","name":"PTT","name:en":"PTT","name:th":"ป.ต.ท.","source":"GPS","@type":"way","@id":333396478},"geometry":{"type":"Point","coordinates":[101.0242786,13.395855]}},{"type":"Feature","id":333396857,"properties":{"amenity":"fuel","brand":"ป.ต.ท.","brand:en":"PTT","brand:th":"ป.ต.ท.","brand:wikidata":"Q1810389","building":"roof","fuel:diesel":"yes","fuel:octane_91":"yes","fuel:octane_95":"yes","layer":"1","name":"PTT","name:en":"PTT","name:th":"ป.ต.ท.","source":"GPS","@type":"way","@id":333396857},"geometry":{"type":"Point","coordinates":[101.0087706,13.3949534]}},{"type":"Feature","id":333396858,"properties":{"amenity":"fuel","brand":"ป.ต.ท.","brand:en":"PTT","brand:th":"ป.ต.ท.","brand:wikidata":"Q1810389","building":"roof","fuel:cng":"yes","fuel:diesel":"no","fuel:octane_91":"no","fuel:octane_95":"no","layer":"1","name":"P T T CNG Station","name:en":"PTT","name:th":"ป.ต.ท.","source":"GPS","@type":"way","@id":333396858},"geometry":{"type":"Point","coordinates":[101.0084927,13.3947599]}},{"type":"Feature","id":333398546,"properties":{"amenity":"fuel","brand":"Shell","building":"roof","layer":"1","name":"Shell","source":"GPS","@type":"way","@id":333398546},"geometry":{"type":"Point","coordinates":[100.9989992,13.4127808]}},{"type":"Feature","id":343658877,"properties":{"amenity":"fuel","building":"roof","name":"ป.ต.ท.","name:en":"PTT","source":"GPS,Bing, survey","website":"www.pttplc.com","@type":"way","@id":343658877},"geometry":{"type":"Point","coordinates":[101.3390802,13.7381978]}},{"type":"Feature","id":343658884,"properties":{"amenity":"fuel","building":"roof","name":"LPG Station","@type":"way","@id":343658884},"geometry":{"type":"Point","coordinates":[101.3386435,13.7375485]}},{"type":"Feature","id":343660968,"properties":{"amenity":"fuel","building":"roof","name":"Caltex","source":"Bing, GPS","@type":"way","@id":343660968},"geometry":{"type":"Point","coordinates":[101.3587929,13.7480311]}},{"type":"Feature","id":345493375,"properties":{"amenity":"fuel","brand":"PTT","building":"roof","fuel:diesel":"yes","fuel:octane_91":"yes","fuel:octane_95":"yes","layer":"1","name":"PTT","source":"GPS","@type":"way","@id":345493375},"geometry":{"type":"Point","coordinates":[101.0026836,13.4032822]}},{"type":"Feature","id":442689246,"properties":{"amenity":"fuel","brand":"บางจาก","brand:en":"Bangchak","brand:th":"บางจาก","brand:wikidata":"Q6579719","building":"roof","name":"บางจาก","name:en":"Bangchak","name:th":"บางจาก","source":"GPS, Bing","@type":"way","@id":442689246},"geometry":{"type":"Point","coordinates":[101.6201452,12.8455152]}},{"type":"Feature","id":466041646,"properties":{"amenity":"fuel","building":"roof","name":"PTT","@type":"way","@id":466041646},"geometry":{"type":"Point","coordinates":[101.3757642,13.1546247]}},{"type":"Feature","id":468933009,"properties":{"amenity":"fuel","brand":"PTT","building":"roof","source":"http://www.mapillary.com/map/im/m5RwpkDo-jL1v3sJuBSVeQ/photo","@type":"way","@id":468933009},"geometry":{"type":"Point","coordinates":[101.1152341,13.3027781]}},{"type":"Feature","id":471436234,"properties":{"amenity":"fuel","building":"roof","name":"PTT","website":"www.pttplc.com","@type":"way","@id":471436234},"geometry":{"type":"Point","coordinates":[101.5229486,12.9355984]}},{"type":"Feature","id":472956628,"properties":{"amenity":"fuel","brand":"เชลล์","brand:en":"Shell","brand:th":"เชลล์","brand:wikidata":"Q110716465","building":"roof","fuel:diesel":"yes","fuel:octane_91":"yes","fuel:octane_95":"yes","layer":"1","name":"เชลล์","name:en":"Shell","name:th":"เชลล์","@type":"way","@id":472956628},"geometry":{"type":"Point","coordinates":[100.8892856,12.9091566]}},{"type":"Feature","id":479982940,"properties":{"amenity":"fuel","brand":"Caltex","brand:wikidata":"Q277470","brand:wikipedia":"en:Caltex","building":"roof","fuel:gasohol_91":"yes","fuel:gasohol_95":"yes","layer":"1","name":"Caltex","name:en":"Caltex","name:th":"คาลเท็กซ์","self_service":"no","@type":"way","@id":479982940},"geometry":{"type":"Point","coordinates":[101.2322748,13.2342166]}},{"type":"Feature","id":479983002,"properties":{"amenity":"fuel","brand":"PT","brand:wikidata":"Q62298612","building":"roof","layer":"1","name":"PT","self_service":"no","source":"survey;aerial imagery","@type":"way","@id":479983002},"geometry":{"type":"Point","coordinates":[101.2605362,13.2976321]}},{"type":"Feature","id":481188313,"properties":{"amenity":"fuel","building":"roof","name":"เอสโซ่","name:en":"Esso","source":"Bing","website":"https://www.esso.co.th/","@type":"way","@id":481188313},"geometry":{"type":"Point","coordinates":[100.9967712,13.5042965]}},{"type":"Feature","id":481189884,"properties":{"amenity":"fuel","building":"roof","layer":"1","name":"ป.ต.ท.","name:en":"PTT","source":"Bing","website":"www.pttplc.com","@type":"way","@id":481189884},"geometry":{"type":"Point","coordinates":[101.0052472,13.4988586]}},{"type":"Feature","id":481200343,"properties":{"amenity":"fuel","building":"yes","layer":"1","name":"PT","name:en":"PT","source":"Bing","@type":"way","@id":481200343},"geometry":{"type":"Point","coordinates":[101.1933725,13.3806203]}},{"type":"Feature","id":485484729,"properties":{"amenity":"fuel","building":"yes","name":"Poon Suk Oil","source":"Bing","@type":"way","@id":485484729},"geometry":{"type":"Point","coordinates":[101.2885815,13.5867923]}},{"type":"Feature","id":485488122,"properties":{"amenity":"fuel","brand":"PTT","brand:wikidata":"Q1810389","brand:wikipedia":"en:PTT Public Company Limited","building":"roof","fuel:diesel":"yes","fuel:e20":"yes","fuel:gasohol_91":"yes","fuel:gasohol_95":"yes","layer":"1","name":"PTT","name:en":"PTT","name:th":"ป ต ท","self_service":"no","website":"https://www.pttplc.com","@type":"way","@id":485488122},"geometry":{"type":"Point","coordinates":[101.3067166,13.60946]}},{"type":"Feature","id":485488146,"properties":{"amenity":"fuel","building":"roof","name":"Caltex","source":"GPS","@type":"way","@id":485488146},"geometry":{"type":"Point","coordinates":[101.3101848,13.615577]}},{"type":"Feature","id":485527751,"properties":{"amenity":"fuel","brand":"เอสโซ่","brand:en":"Esso","brand:th":"เอสโซ่","brand:wikidata":"Q867662","building":"roof","name":"Esso","name:en":"Esso","name:th":"เอสโซ่","source":"GPS","@type":"way","@id":485527751},"geometry":{"type":"Point","coordinates":[101.0188926,13.3902716]}},{"type":"Feature","id":485607143,"properties":{"amenity":"fuel","brand":"Susco","building":"roof","layer":"1","name":"Susco","source":"Bing","@type":"way","@id":485607143},"geometry":{"type":"Point","coordinates":[101.0195543,13.3911253]}},{"type":"Feature","id":485633897,"properties":{"amenity":"fuel","building":"yes","fuel:lpg":"yes","name":"Fuel Station","source":"Bing","@type":"way","@id":485633897},"geometry":{"type":"Point","coordinates":[101.0206926,13.3776912]}},{"type":"Feature","id":485639763,"properties":{"amenity":"fuel","brand":"Pure","building":"yes","name":"pure","source":"Bing","@type":"way","@id":485639763},"geometry":{"type":"Point","coordinates":[101.0297807,13.443523]}},{"type":"Feature","id":500369953,"properties":{"amenity":"fuel","building":"roof","layer":"1","name":"PTT","source":"Bing","@type":"way","@id":500369953},"geometry":{"type":"Point","coordinates":[101.0297443,13.0435558]}},{"type":"Feature","id":516854783,"properties":{"amenity":"fuel","building":"roof","name":"Shell","source":"Bing","@type":"way","@id":516854783},"geometry":{"type":"Point","coordinates":[101.092095,13.4666302]}},{"type":"Feature","id":545776492,"properties":{"amenity":"fuel","building":"yes","name":"LPG Gaz","opening_hours":"24/7","source":"DigitalGlobe-Standard","@type":"way","@id":545776492},"geometry":{"type":"Point","coordinates":[101.0914736,13.3251104]}},{"type":"Feature","id":545784252,"properties":{"amenity":"fuel","building":"yes","layer":"-1","name":"PTT NGV","source":"DigitalGlobe-Standard","@type":"way","@id":545784252},"geometry":{"type":"Point","coordinates":[101.1233689,13.3002777]}},{"type":"Feature","id":551208450,"properties":{"amenity":"fuel","building":"yes","name":"Fuel Station","source":"DigitalGlobe-Standard","@type":"way","@id":551208450},"geometry":{"type":"Point","coordinates":[101.3159401,12.9339077]}},{"type":"Feature","id":573795577,"properties":{"amenity":"fuel","brand":"ป.ต.ท.","building":"roof","fuel:cng":"yes","fuel:lpg":"yes","fuel:ngv":"yes","name":"ป.ต.ท.","name:en":"PTT","operator":"PTT","website":"www.pttplc.com","@type":"way","@id":573795577},"geometry":{"type":"Point","coordinates":[101.1463035,12.8024649]}},{"type":"Feature","id":636749580,"properties":{"amenity":"fuel","brand":"PT","building":"roof","layer":"1","@type":"way","@id":636749580},"geometry":{"type":"Point","coordinates":[101.0937885,12.8561578]}},{"type":"Feature","id":687655914,"properties":{"addr:street":"ถนนศรีราชา-หนองยายบู่","amenity":"fuel","brand":"PTT","building":"roof","name":"PTT LPG & auto station","@type":"way","@id":687655914},"geometry":{"type":"Point","coordinates":[100.973168,13.1495786]}},{"type":"Feature","id":688247098,"properties":{"amenity":"fuel","brand":"บางจาก","brand:en":"Bangchak","brand:th":"บางจาก","brand:wikidata":"Q6579719","building":"roof","layer":"1","name":"บางจาก","name:en":"Bangchak","name:th":"บางจาก","@type":"way","@id":688247098},"geometry":{"type":"Point","coordinates":[101.1454827,13.2485091]}},{"type":"Feature","id":707108224,"properties":{"addr:street":"ถนนสุขุมวิท","amenity":"fuel","brand":"Shell","building":"roof","capacity":"12","layer":"1","name":"เซลล์","name:en":"Shell","operator":"Shell","operator:en":"Shell","operator:th":"เซลล์","@type":"way","@id":707108224},"geometry":{"type":"Point","coordinates":[101.2607335,12.6831453]}},{"type":"Feature","id":707346566,"properties":{"addr:country":"ไทย","addr:district":"เมืองระยอง","addr:postcode":"21000","addr:province":"ระยอง","addr:street":"ถนนสุขุมวิท","addr:subdistrict":"เทศบาลนครระยอง","amenity":"fuel","brand":"ปตท.","brand:en":"PTT","brand:th":"ปตท.","brand:wikidata":"Q1810389","building":"roof","country":"ไทย","name":"ปตท.","name:en":"PTT","name:th":"ปตท.","operator":"ปตท","operator:en":"PTT","operator:th":"ปตท","website":"https://www.pttplc.com","@type":"way","@id":707346566},"geometry":{"type":"Point","coordinates":[101.2698192,12.682528]}},{"type":"Feature","id":707364175,"properties":{"amenity":"fuel","brand":"Caltex","brand:en":"Caltex","brand:th":"คาลเท็กซ์","brand:wikidata":"Q277470","building":"yes","layer":"1","name":"Caltex","name:en":"Caltex","name:th":"คาลเท็กซ์","@type":"way","@id":707364175},"geometry":{"type":"Point","coordinates":[100.9952157,13.3420519]}},{"type":"Feature","id":707451655,"properties":{"amenity":"fuel","building":"roof","fuel:diesel":"yes","fuel:octane_91":"yes","fuel:octane_95":"yes","name:en":"IRPC","website":"www.pttplc.com","@type":"way","@id":707451655},"geometry":{"type":"Point","coordinates":[101.3012832,12.6641357]}},{"type":"Feature","id":707489819,"properties":{"addr:street":"ถนนสุขุมวิท","amenity":"fuel","brand":"PTT","building":"roof","fuel:cng":"yes","layer":"1","name":"ป.ต.ท.","name:en":"PTT","operator":"PTT","website":"www.pttplc.com","@type":"way","@id":707489819},"geometry":{"type":"Point","coordinates":[101.021155,13.3480117]}},{"type":"Feature","id":707489874,"properties":{"amenity":"fuel","@type":"way","@id":707489874},"geometry":{"type":"Point","coordinates":[101.168029,12.7778091]}},{"type":"Feature","id":708625088,"properties":{"amenity":"fuel","building":"roof","layer":"1","name":"แก๊ส รถยนต์","@type":"way","@id":708625088},"geometry":{"type":"Point","coordinates":[101.1525765,12.7952873]}},{"type":"Feature","id":708674090,"properties":{"amenity":"fuel","building":"roof","layer":"1","operator":"Esso","operator:en":"Esso","operator:th":"เอสโซ่","@type":"way","@id":708674090},"geometry":{"type":"Point","coordinates":[101.1660314,12.7782523]}},{"type":"Feature","id":708674092,"properties":{"amenity":"fuel","building":"roof","fuel:lpg":"yes","name":"LPG","@type":"way","@id":708674092},"geometry":{"type":"Point","coordinates":[101.165236,12.7791557]}},{"type":"Feature","id":708986596,"properties":{"addr:street":"ถนนสุขุมวิท","amenity":"fuel","building":"roof","fuel:diesel":"yes","fuel:e20":"yes","fuel:octane_91":"yes","fuel:octane_95":"yes","layer":"1","name":"บางจาก","name:en":"Bangchak","website":"https://www.bangchak.co.th/","@type":"way","@id":708986596},"geometry":{"type":"Point","coordinates":[100.8878134,12.7172207]}},{"type":"Feature","id":709286062,"properties":{"amenity":"fuel","brand":"PT","building":"roof","fuel:lpg":"yes","layer":"1","name":"PT","name:en":"PT","name:th":"PT","opening_hours":"24/7","@type":"way","@id":709286062},"geometry":{"type":"Point","coordinates":[101.3025869,12.6762357]}},{"type":"Feature","id":709286064,"properties":{"addr:street":"ถนนสุขุมวิท","amenity":"fuel","brand":"PTT","building":"roof","fuel:cng":"yes","name":"ป.ต.ท.","name:en":"PTT","operator":"PTT","website":"www.pttplc.com","@type":"way","@id":709286064},"geometry":{"type":"Point","coordinates":[101.3001061,12.6641871]}},{"type":"Feature","id":709318772,"properties":{"amenity":"fuel","building":"roof","layer":"1","operator":"Shell","operator:en":"Shell","operator:th":"เซลล์","@type":"way","@id":709318772},"geometry":{"type":"Point","coordinates":[101.2902368,12.6931918]}},{"type":"Feature","id":709321840,"properties":{"addr:street":"ถนนสุขุมวิท","amenity":"fuel","brand":"Esso","building":"roof","layer":"1","name":"เอสโซ่","name:en":"Esso","operator":"Esso","operator:en":"Esso","operator:th":"เอสโซ่","website":"https://www.esso.co.th/","@type":"way","@id":709321840},"geometry":{"type":"Point","coordinates":[101.2848997,12.6794297]}},{"type":"Feature","id":709340145,"properties":{"addr:street":"ถนนสุขุมวิท","amenity":"fuel","brand":"PTT","building":"roof","fuel:cng":"yes","layer":"1","name":"ป.ต.ท.","name:en":"PTT","operator":"PTT","website":"www.pttplc.com","@type":"way","@id":709340145},"geometry":{"type":"Point","coordinates":[101.2886939,12.6753551]}},{"type":"Feature","id":709377103,"properties":{"amenity":"fuel","building":"roof","fuel:lpg":"yes","layer":"1","@type":"way","@id":709377103},"geometry":{"type":"Point","coordinates":[101.2769216,12.6881102]}},{"type":"Feature","id":709802714,"properties":{"addr:street":"ถนนเก้ากิโล","amenity":"fuel","building":"roof","name":"pttstation","@type":"way","@id":709802714},"geometry":{"type":"Point","coordinates":[100.946827,13.115507]}},{"type":"Feature","id":709805267,"properties":{"addr:street":"ถนนเก้ากิโล","amenity":"fuel","building":"roof","layer":"1","name":"ชรินทร์ญา","@type":"way","@id":709805267},"geometry":{"type":"Point","coordinates":[100.9479701,13.1126233]}},{"type":"Feature","id":710348817,"properties":{"amenity":"fuel","building":"roof","fuel:cng":"yes","layer":"1","@type":"way","@id":710348817},"geometry":{"type":"Point","coordinates":[100.9450624,12.9875765]}},{"type":"Feature","id":711099593,"properties":{"amenity":"fuel","brand":"Caltex","brand:wikidata":"Q277470","fuel:lpg":"yes","layer":"1","name":"CALTEX","roof":"yes","@type":"way","@id":711099593},"geometry":{"type":"Point","coordinates":[100.9856914,13.1255999]}},{"type":"Feature","id":711796373,"properties":{"amenity":"fuel","brand":"PTT","compressed_air":"yes","fuel:diesel":"yes","fuel:e20":"yes","fuel:octane_91":"yes","fuel:octane_95":"yes","name":"ป.ต.ท.","name:en":"PTT","operator":"ปตท","operator:en":"PTT","operator:th":"ปตท","website":"www.pttplc.com","@type":"way","@id":711796373},"geometry":{"type":"Point","coordinates":[100.9031665,12.7591437]}},{"type":"Feature","id":713127475,"properties":{"addr:street":"ถนนสุขุมวิท","amenity":"fuel","building":"roof","fuel:diesel":"yes","fuel:e20":"yes","fuel:octane_91":"yes","fuel:octane_95":"yes","layer":"1","name":"บางจาก","name:en":"Bangchak","operator":"บางจาก","operator:en":"Bangchak","operator:th":"บางจาก","website":"https://www.bangchak.co.th/","@type":"way","@id":713127475},"geometry":{"type":"Point","coordinates":[100.9397807,12.6658161]}},{"type":"Feature","id":713181628,"properties":{"addr:street":"ถนนสุขุมวิท","amenity":"fuel","brand":"เอสโซ่","brand:en":"Esso","building":"roof","fuel:lpg":"yes","name":"Esso","@type":"way","@id":713181628},"geometry":{"type":"Point","coordinates":[101.2119988,12.6870235]}},{"type":"Feature","id":713440559,"properties":{"amenity":"fuel","building":"roof","check_date":"2019-08-13","layer":"1","name":"PT","@type":"way","@id":713440559},"geometry":{"type":"Point","coordinates":[101.2018141,12.6931526]}},{"type":"Feature","id":713464238,"properties":{"addr:street":"ถนนสุขุมวิท","amenity":"fuel","building":"roof","fuel:diesel":"yes","fuel:octane_95":"yes","layer":"1","name":"เอสโซ่","name:en":"Esso","operator":"Esso","operator:en":"Esso","operator:th":"เอสโซ่","website":"https://www.esso.co.th/","@type":"way","@id":713464238},"geometry":{"type":"Point","coordinates":[101.2160248,12.6855111]}},{"type":"Feature","id":713516624,"properties":{"amenity":"fuel","brand":"PTT","building":"roof","layer":"1","name":"ป.ต.ท.","name:en":"PTT","website":"www.pttplc.com","@type":"way","@id":713516624},"geometry":{"type":"Point","coordinates":[100.8924276,12.6911718]}},{"type":"Feature","id":713539422,"properties":{"amenity":"fuel","building":"roof","layer":"1","@type":"way","@id":713539422},"geometry":{"type":"Point","coordinates":[100.8943546,12.6805963]}},{"type":"Feature","id":713718042,"properties":{"addr:street":"ถนนสุขุมวิท","amenity":"fuel","brand":"PTT","brand:en":"PTT","brand:th":"ปตท","building":"roof","fuel:diesel":"yes","fuel:octane_95":"yes","layer":"1","name":"PTT","name:en":"PTT","name:th":"ปตท","@type":"way","@id":713718042},"geometry":{"type":"Point","coordinates":[101.0766521,12.7358452]}},{"type":"Feature","id":713808750,"properties":{"addr:street":"ถนนสุขุมวิท","amenity":"fuel","brand":"บางจาก","brand:en":"Bangchak","brand:th":"บางจาก","brand:wikidata":"Q6579719","name":"บางจาก","name:en":"Bangchak","name:th":"บางจาก","@type":"way","@id":713808750},"geometry":{"type":"Point","coordinates":[101.1903415,12.6997829]}},{"type":"Feature","id":713810046,"properties":{"addr:street":"ถนนสุขุมวิท","amenity":"fuel","building":"roof","layer":"1","name":"เชลล์","name:en":"Shell","operator":"Shell","operator:en":"Shell","operator:th":"เซลล์","website":"https://www.shell.co.th/","@type":"way","@id":713810046},"geometry":{"type":"Point","coordinates":[101.1987134,12.6948876]}},{"type":"Feature","id":714010284,"properties":{"addr:street":"ถนนสุขุมวิท","amenity":"fuel","brand":"PTT","brand:en":"PTT","brand:th":"ปตท","building":"roof","fuel:cng":"yes","fuel:e20":"yes","layer":"1","name":"PTT","name:en":"PTT","name:th":"ปตท","@type":"way","@id":714010284},"geometry":{"type":"Point","coordinates":[101.1519619,12.722564]}},{"type":"Feature","id":714014594,"properties":{"addr:street":"ถนนสุขุมวิท","amenity":"fuel","building":"yes","fuel:diesel":"yes","fuel:octane_91":"yes","fuel:octane_95":"yes","layer":"1","name":"ป.ต.ท.","name:en":"PTT","website":"www.pttplc.com","@type":"way","@id":714014594},"geometry":{"type":"Point","coordinates":[101.1508572,12.7241775]}},{"type":"Feature","id":714020112,"properties":{"addr:street":"ถนนสุขุมวิท","amenity":"fuel","brand":"Caltex","brand:en":"Caltex","brand:th":"คาลเท็กซ์","building":"roof","layer":"1","name":"Caltex","name:en":"Caltex","name:th":"คาลเท็กซ์","@type":"way","@id":714020112},"geometry":{"type":"Point","coordinates":[101.1307683,12.7349434]}},{"type":"Feature","id":714021937,"properties":{"addr:street":"ถนนสุขุมวิท","amenity":"fuel","brand":"เอสโซ่","building":"roof","layer":"1","name":"Esso","@type":"way","@id":714021937},"geometry":{"type":"Point","coordinates":[101.1201047,12.7411207]}},{"type":"Feature","id":714021941,"properties":{"addr:street":"ถนนสุขุมวิท","amenity":"fuel","brand":"PTT","brand:en":"PTT","brand:th":"ปตท","building":"roof","fuel:cng":"yes","layer":"1","name":"PTT","name:en":"PTT","name:th":"ปตท","@type":"way","@id":714021941},"geometry":{"type":"Point","coordinates":[101.1260817,12.7375867]}},{"type":"Feature","id":714035457,"properties":{"addr:street":"ถนนสุขุมวิท","amenity":"fuel","brand":"Caltex","brand:en":"Caltex","brand:th":"คาลเท็กซ์","building":"roof","layer":"1","name":"Caltex","name:en":"Caltex","name:th":"คาลเท็กซ์","@type":"way","@id":714035457},"geometry":{"type":"Point","coordinates":[101.098743,12.7467157]}},{"type":"Feature","id":714035466,"properties":{"addr:street":"ถนนสุขุมวิท","amenity":"fuel","building":"roof","fuel:lpg":"yes","name":"LPG","@type":"way","@id":714035466},"geometry":{"type":"Point","coordinates":[101.1028207,12.7479762]}},{"type":"Feature","id":714467507,"properties":{"addr:street":"ถนนเทศบาล 13","amenity":"fuel","brand":"ป.ต.ท.","building":"roof","name":"ปตท.","@type":"way","@id":714467507},"geometry":{"type":"Point","coordinates":[100.903509,12.6706109]}},{"type":"Feature","id":714482349,"properties":{"amenity":"fuel","building":"roof","layer":"1","name":"LPG","@type":"way","@id":714482349},"geometry":{"type":"Point","coordinates":[100.9128272,12.6695459]}},{"type":"Feature","id":714492314,"properties":{"amenity":"fuel","building":"roof","fuel:lpg":"yes","layer":"1","name":"LPG","@type":"way","@id":714492314},"geometry":{"type":"Point","coordinates":[101.1995853,12.7436562]}},{"type":"Feature","id":714515534,"properties":{"amenity":"fuel","brand":"Shell","brand:en":"Shell","brand:th":"เซลล์","brand:wikidata":"Q110716465","building":"roof","name":"Shell","website":"https://find.shell.com/th/fuel/10042014-co-sin-poon-phol-b1-mabkha-ryg/en_TH","@type":"way","@id":714515534},"geometry":{"type":"Point","coordinates":[101.1641896,12.779992]}},{"type":"Feature","id":714515536,"properties":{"amenity":"fuel","brand":"ป.ต.ท.","building":"roof","name":"ป.ต.ท.","name:en":"PTT","operator":"ปตท","operator:en":"PTT","operator:th":"ปตท","website":"www.pttplc.com","@type":"way","@id":714515536},"geometry":{"type":"Point","coordinates":[101.1795355,12.7644483]}},{"type":"Feature","id":714521014,"properties":{"amenity":"fuel","brand":"ป.ต.ท.","building":"yes","layer":"1","name":"ป.ต.ท.","name:en":"PTT","operator":"ปตท","operator:en":"PTT","operator:th":"ปตท","website":"www.pttplc.com","@type":"way","@id":714521014},"geometry":{"type":"Point","coordinates":[101.1438908,12.8082359]}},{"type":"Feature","id":719003441,"properties":{"amenity":"fuel","brand":"เชลล์","brand:en":"Shell","brand:th":"เชลล์","brand:wikidata":"Q110716465","building":"roof","compressed_air":"yes","layer":"1","name":"เชลล์","name:en":"Shell","name:th":"เชลล์","operator":"Shell","operator:en":"Shell","operator:th":"เซลล์","@type":"way","@id":719003441},"geometry":{"type":"Point","coordinates":[100.9942296,12.9435497]}},{"type":"Feature","id":719015327,"properties":{"amenity":"fuel","brand":"LPG","building":"roof","fuel:lpg":"yes","layer":"1","name":"LPG","@type":"way","@id":719015327},"geometry":{"type":"Point","coordinates":[101.0009012,12.9322286]}},{"type":"Feature","id":719025323,"properties":{"amenity":"fuel","brand":"ป.ต.ท.","brand:en":"PTT","brand:th":"ป.ต.ท.","brand:wikidata":"Q1810389","building":"roof","name":"ปตท.","name:en":"PTT","name:th":"ป.ต.ท.","@type":"way","@id":719025323},"geometry":{"type":"Point","coordinates":[101.0220104,12.9150689]}},{"type":"Feature","id":719031754,"properties":{"amenity":"fuel","building":"roof","fuel:diesel":"yes","fuel:octane_91":"yes","fuel:octane_95":"yes","layer":"1","@type":"way","@id":719031754},"geometry":{"type":"Point","coordinates":[100.9917546,12.9455142]}},{"type":"Feature","id":719031756,"properties":{"amenity":"fuel","brand":"PAP","building":"roof","fuel:diesel":"yes","fuel:octane_91":"yes","fuel:octane_95":"yes","layer":"1","name":"ซัสโก้","name:en":"Susco","toilets:wheelchair":"yes","wheelchair":"yes","wheelchair:description":"coffee shop have Steps","@type":"way","@id":719031756},"geometry":{"type":"Point","coordinates":[100.9907392,12.9471167]}},{"type":"Feature","id":719031761,"properties":{"amenity":"fuel","brand":"PAP","building":"roof","fuel:lpg":"yes","layer":"1","name":"พีเอพี แก็ส","name:en":"PAP Gas","website":"https://www.pap-gas.com/","@type":"way","@id":719031761},"geometry":{"type":"Point","coordinates":[100.9955283,12.9391859]}},{"type":"Feature","id":719033110,"properties":{"amenity":"fuel","building":"roof","fuel:diesel":"yes","fuel:e20":"yes","fuel:octane_91":"yes","fuel:octane_95":"yes","layer":"1","name:en":"Shell","@type":"way","@id":719033110},"geometry":{"type":"Point","coordinates":[100.9845386,12.9575279]}},{"type":"Feature","id":719033111,"properties":{"amenity":"fuel","brand":"PAP","building":"roof","fuel:cng":"yes","fuel:diesel":"yes","fuel:octane_91":"yes","fuel:octane_95":"yes","layer":"1","name":"ป.ต.ท.","name:en":"PTT","toilets:wheelchair":"yes","website":"http://www.pttplc.com","wheelchair":"yes","wheelchair:description":"Coffee shop Amazon wheelchair Welcome","@type":"way","@id":719033111},"geometry":{"type":"Point","coordinates":[100.9896149,12.9512615]}},{"type":"Feature","id":719395123,"properties":{"amenity":"fuel","building":"roof","layer":"1","@type":"way","@id":719395123},"geometry":{"type":"Point","coordinates":[100.9730425,13.1566412]}},{"type":"Feature","id":719431559,"properties":{"addr:street":"ถนนสุขุมวิท","amenity":"fuel","building":"roof","name":"Thaioil","@type":"way","@id":719431559},"geometry":{"type":"Point","coordinates":[100.9157053,13.1094968]}},{"type":"Feature","id":719436583,"properties":{"addr:street":"ถนนสุขุมวิท","amenity":"fuel","building":"roof","fuel:diesel":"yes","fuel:e20":"yes","fuel:octane_91":"yes","fuel:octane_95":"yes","name":"เชลล์","name:en":"Shell","website":"https://www.shell.co.th/","@type":"way","@id":719436583},"geometry":{"type":"Point","coordinates":[100.9159285,13.0936372]}},{"type":"Feature","id":719447665,"properties":{"addr:street":"ถนนสุขุมวิท","amenity":"fuel","brand":"ป.ต.ท.","brand:en":"PTT","brand:th":"ป.ต.ท.","brand:wikidata":"Q1810389","fuel:diesel":"yes","fuel:e20":"yes","fuel:octane_91":"yes","layer":"1","name":"ป.ต.ท.","name:en":"PTT","name:th":"ป.ต.ท.","operator":"ปตท","operator:en":"PTT","operator:th":"ปตท","website":"https://www.pttplc.com","@type":"way","@id":719447665},"geometry":{"type":"Point","coordinates":[100.9171068,13.1271469]}},{"type":"Feature","id":719461446,"properties":{"addr:street":"ถนนสุขุมวิท","amenity":"fuel","brand":"ป.ต.ท.","brand:en":"PTT","brand:th":"ป.ต.ท.","brand:wikidata":"Q1810389","building":"roof","name":"ป.ต.ท.","name:en":"PTT","name:th":"ป.ต.ท.","operator":"ปตท","operator:en":"PTT","operator:th":"ปตท","website":"http://www.pttplc.com","@type":"way","@id":719461446},"geometry":{"type":"Point","coordinates":[100.916119,13.1456844]}},{"type":"Feature","id":719490832,"properties":{"amenity":"fuel","brand":"PTT","building":"yes","fuel:diesel":"yes","fuel:e20":"yes","fuel:e85":"yes","fuel:octane_91":"yes","fuel:octane_95":"yes","layer":"1","name":"ป.ต.ท.","name:en":"PTT","roof":"through|right","website":"www.pttplc.com","@type":"way","@id":719490832},"geometry":{"type":"Point","coordinates":[100.9860844,13.1347593]}},{"type":"Feature","id":719496585,"properties":{"amenity":"fuel","building":"roof","layer":"1","name":"Caltex","@type":"way","@id":719496585},"geometry":{"type":"Point","coordinates":[100.977059,13.3328632]}},{"type":"Feature","id":719943799,"properties":{"amenity":"fuel","brand":"PTT","building":"roof","fuel:diesel":"yes","fuel:e20":"yes","fuel:e85":"yes","fuel:octane_91":"yes","fuel:octane_95":"yes","layer":"1","name":"PTT","name:en":"PTT","name:th":"ป.ต.ท.","website":"www.pttplc.com","wheelchair":"yes","@type":"way","@id":719943799},"geometry":{"type":"Point","coordinates":[100.9848869,13.1368922]}},{"type":"Feature","id":720272709,"properties":{"addr:street":"ถนนสุขุมวิท","amenity":"fuel","brand":"เอสโซ่","brand:en":"Esso","brand:th":"เอสโซ่","brand:wikidata":"Q867662","building":"roof","fuel:diesel":"yes","fuel:octane_91":"yes","fuel:octane_95":"yes","layer":"1","name":"Esso","name:en":"Esso","name:ru":"3-я ОТСТАНОВКА ШАТЛА","name:th":"เอสโซ่","website":"https://www.esso.co.th/","@type":"way","@id":720272709},"geometry":{"type":"Point","coordinates":[100.8963202,12.9185043]}},{"type":"Feature","id":720354940,"properties":{"addr:street":"ถนนสุขุมวิท","amenity":"fuel","brand":"บางจาก","brand:en":"Bangchak","brand:th":"บางจาก","brand:wikidata":"Q6579719","brand:wikipedia":"en:Esso","building":"roof","layer":"1","name":"บางจาก","name:en":"Bangchak","name:th":"บางจาก","@type":"way","@id":720354940},"geometry":{"type":"Point","coordinates":[100.9335142,13.2470378]}},{"type":"Feature","id":720374259,"properties":{"amenity":"fuel","building":"roof","fuel:lpg":"yes","layer":"1","@type":"way","@id":720374259},"geometry":{"type":"Point","coordinates":[100.9958151,13.0121492]}},{"type":"Feature","id":720374261,"properties":{"amenity":"fuel","building":"roof","fuel:cng":"yes","name":"ป.ต.ท.","name:en":"PTT","website":"www.pttplc.com","@type":"way","@id":720374261},"geometry":{"type":"Point","coordinates":[100.9956516,13.0114893]}},{"type":"Feature","id":721746097,"properties":{"amenity":"fuel","brand":"Caltex","brand:wikidata":"Q277470","building":"roof","compressed_air":"no","fuel:diesel":"yes","fuel:octane_91":"yes","fuel:octane_95":"yes","layer":"1","name":"คาลเท็กซ์","name:en":"Caltex","website":"https://www.caltex.com/","@type":"way","@id":721746097},"geometry":{"type":"Point","coordinates":[100.9001077,12.9283216]}},{"type":"Feature","id":721746098,"properties":{"amenity":"fuel","building":"roof","fuel:lpg":"yes","layer":"1","name":"สถานีบริการสยามแก๊ส สาขา พัทยากลาง","@type":"way","@id":721746098},"geometry":{"type":"Point","coordinates":[100.9008396,12.9310571]}},{"type":"Feature","id":721767972,"properties":{"amenity":"fuel","brand":"บางจาก","brand:en":"Bangchak","brand:th":"บางจาก","brand:wikidata":"Q6579719","building":"roof","fuel:e20":"yes","fuel:e85":"yes","fuel:octane_91":"yes","fuel:octane_95":"yes","layer":"1","name":"บางจาก","name:en":"Bangchak","name:th":"บางจาก","website":"https://www.bangchak.co.th/","@type":"way","@id":721767972},"geometry":{"type":"Point","coordinates":[100.9006865,12.9335071]}},{"type":"Feature","id":721770325,"properties":{"amenity":"fuel","brand":"ป.ต.ท.","brand:en":"PTT","brand:th":"ป.ต.ท.","brand:wikidata":"Q1810389","building":"roof","fuel:diesel":"yes","fuel:e20":"yes","fuel:octane_91":"yes","fuel:octane_95":"yes","layer":"1","name":"PTT","name:en":"PTT","name:th":"ป.ต.ท.","website":"www.pttplc.com","wheelchair":"yes","@type":"way","@id":721770325},"geometry":{"type":"Point","coordinates":[100.904217,12.9456765]}},{"type":"Feature","id":721770326,"properties":{"amenity":"fuel","brand":"ป.ต.ท.","brand:en":"PTT","brand:th":"ป.ต.ท.","brand:wikidata":"Q1810389","building":"roof","fuel:diesel":"yes","fuel:e20":"yes","layer":"1","name":"PTT","name:en":"PTT","name:th":"ป.ต.ท.","operator":"ปตท","operator:en":"PTT","operator:th":"ปตท","self_service":"no","website":"www.pttplc.com","@type":"way","@id":721770326},"geometry":{"type":"Point","coordinates":[100.9036508,12.9436]}},{"type":"Feature","id":721770559,"properties":{"amenity":"fuel","building":"roof","layer":"1","name":"ปตท.","@type":"way","@id":721770559},"geometry":{"type":"Point","coordinates":[100.9826,13.2859518]}},{"type":"Feature","id":722067088,"properties":{"amenity":"fuel","brand":"เชลล์","brand:en":"Shell","brand:th":"เชลล์","brand:wikidata":"Q110716465","building":"roof","fuel:diesel":"yes","fuel:e20":"yes","fuel:octane_91":"yes","fuel:octane_95":"yes","layer":"1","name":"เชลล์","name:en":"Shell","name:th":"เชลล์","website":"https://www.shell.co.th/","@type":"way","@id":722067088},"geometry":{"type":"Point","coordinates":[100.9059745,12.9514138]}},{"type":"Feature","id":722625079,"properties":{"amenity":"fuel","brand":"บางจาก","building":"roof","fuel:lpg":"yes","layer":"1","name":"บางจาก","@type":"way","@id":722625079},"geometry":{"type":"Point","coordinates":[100.9912835,13.2787355]}},{"type":"Feature","id":723578640,"properties":{"amenity":"fuel","brand":"บางจาก","brand:en":"Bangchak","brand:th":"บางจาก","brand:wikidata":"Q6579719","brand:wikipedia":"th:บางจาก คอร์ปอเรชัน","building":"roof","layer":"1","name":"บางจาก","name:en":"Bangchak","name:th":"บางจาก","@type":"way","@id":723578640},"geometry":{"type":"Point","coordinates":[100.9354348,13.2720194]}},{"type":"Feature","id":724137457,"properties":{"amenity":"fuel","building":"roof","layer":"1","name":"ป.ต.ท.","name:en":"PTT","operator":"ปตท","operator:en":"PTT","operator:th":"ปตท","website":"www.pttplc.com","@type":"way","@id":724137457},"geometry":{"type":"Point","coordinates":[100.9355763,13.2757886]}},{"type":"Feature","id":724433903,"properties":{"amenity":"fuel","building":"roof","layer":"1","@type":"way","@id":724433903},"geometry":{"type":"Point","coordinates":[100.9840095,12.9607707]}},{"type":"Feature","id":725180989,"properties":{"amenity":"fuel","brand":"Shell","brand:en":"Shell","brand:th":"เซลล์","building":"roof","layer":"1","name":"Shell","name:en":"Shell","name:th":"เซลล์","@type":"way","@id":725180989},"geometry":{"type":"Point","coordinates":[101.2264272,12.7180747]}},{"type":"Feature","id":725185867,"properties":{"amenity":"fuel","brand":"เชลล์","brand:en":"Shell","brand:th":"เชลล์","brand:wikidata":"Q110716465","building":"roof","layer":"1","name":"เชลล์","name:en":"Shell","name:th":"เชลล์","@type":"way","@id":725185867},"geometry":{"type":"Point","coordinates":[101.2454611,12.7023422]}},{"type":"Feature","id":728181766,"properties":{"amenity":"fuel","brand":"เชลล์","brand:en":"Shell","brand:th":"เชลล์","brand:wikidata":"Q110716465","building":"roof","fuel:diesel":"yes","fuel:octane_91":"yes","fuel:octane_95":"yes","layer":"1","name":"เชลล์","name:en":"Shell","name:th":"เชลล์","website":"https://www.shell.co.th/","@type":"way","@id":728181766},"geometry":{"type":"Point","coordinates":[100.8843227,12.9230562]}},{"type":"Feature","id":728203570,"properties":{"amenity":"fuel","brand":"ป.ต.ท.","brand:en":"PTT","brand:th":"ป.ต.ท.","brand:wikidata":"Q1810389","building":"roof","layer":"1","name":"ป.ต.ท.","name:en":"PTT","name:th":"ป.ต.ท.","@type":"way","@id":728203570},"geometry":{"type":"Point","coordinates":[100.8885027,12.9090841]}},{"type":"Feature","id":732780885,"properties":{"addr:street":"ถนนสุขุมวิท","amenity":"fuel","building":"roof","layer":"1","name":"บางจาก","name:en":"Bangchak","@type":"way","@id":732780885},"geometry":{"type":"Point","coordinates":[100.9528276,13.3082982]}},{"type":"Feature","id":733016813,"properties":{"addr:street":"ถนนสุขุมวิท","amenity":"fuel","compressed_air":"yes","fuel:diesel":"yes","fuel:e85":"yes","fuel:octane_91":"yes","fuel:octane_95":"yes","fuel:octane_98":"no","name":"เพียว","name:en":"Pure","@type":"way","@id":733016813},"geometry":{"type":"Point","coordinates":[100.892205,12.732934]}},{"type":"Feature","id":733016814,"properties":{"addr:street":"ถนนสุขุมวิท","amenity":"fuel","building":"roof","compressed_air":"yes","layer":"1","name":"บางจาก","name:en":"Bangchak","operator":"บางจาก","operator:en":"Bangchak","operator:th":"บางจาก","website":"https://www.bangchak.co.th/","@type":"way","@id":733016814},"geometry":{"type":"Point","coordinates":[100.8927846,12.7362357]}},{"type":"Feature","id":733403475,"properties":{"addr:street":"ถนนสุขุมวิท","amenity":"fuel","brand":"ป.ต.ท.","brand:en":"PTT","brand:th":"ป.ต.ท.","brand:wikidata":"Q1810389","brand:wikipedia":"th:ปตท.","building":"yes","name":"ป.ต.ท.","name:en":"PTT","name:th":"ป.ต.ท.","@type":"way","@id":733403475},"geometry":{"type":"Point","coordinates":[100.9549356,13.3096835]}},{"type":"Feature","id":733420360,"properties":{"addr:street":"ถนนสุขุมวิท","amenity":"fuel","brand":"shell","building":"roof","layer":"1","name":"เชลล์","name:en":"Shell","website":"https://www.shell.co.th/","@type":"way","@id":733420360},"geometry":{"type":"Point","coordinates":[100.9407819,13.2897154]}},{"type":"Feature","id":735009568,"properties":{"addr:street":"ถนนสุขุมวิท","amenity":"fuel","brand":"PTT","building":"roof","fuel:cng":"yes","layer":"1","name":"ป.ต.ท.","name:en":"PTT","operator":"PTT","website":"www.pttplc.com","@type":"way","@id":735009568},"geometry":{"type":"Point","coordinates":[100.9783367,13.3327133]}},{"type":"Feature","id":736349311,"properties":{"addr:street":"ถนนสุขุมวิท","amenity":"fuel","brand":"บางจาก","brand:en":"Bangchak","brand:th":"บางจาก","brand:wikidata":"Q6579719","brand:wikipedia":"th:บางจาก คอร์ปอเรชัน","building":"roof","layer":"1","name":"บางจาก","name:en":"Bangchak","name:th":"บางจาก","@type":"way","@id":736349311},"geometry":{"type":"Point","coordinates":[101.2544846,12.6826236]}},{"type":"Feature","id":737585711,"properties":{"addr:street":"ถนนสุขุมวิท","amenity":"fuel","brand":"Susco","building":"roof","layer":"1","@type":"way","@id":737585711},"geometry":{"type":"Point","coordinates":[101.252701,12.682636]}},{"type":"Feature","id":740498316,"properties":{"amenity":"fuel","building":"roof","fuel:lpg":"yes","layer":"1","@type":"way","@id":740498316},"geometry":{"type":"Point","coordinates":[101.2194946,12.7224852]}},{"type":"Feature","id":743096369,"properties":{"amenity":"fuel","building":"yes","fuel:diesel":"yes","fuel:octane_95":"yes","@type":"way","@id":743096369},"geometry":{"type":"Point","coordinates":[100.9316945,12.9290992]}},{"type":"Feature","id":744674894,"properties":{"addr:street":"ถนนสุขุมวิท","amenity":"fuel","brand":"PTT","building":"roof","fuel:cng":"yes","layer":"1","name":"ป.ต.ท.","name:en":"PTT","operator":"PTT","website":"www.pttplc.com","@type":"way","@id":744674894},"geometry":{"type":"Point","coordinates":[100.9367825,13.1961559]}},{"type":"Feature","id":744764755,"properties":{"amenity":"fuel","brand":"Esso","building":"roof","layer":"1","@type":"way","@id":744764755},"geometry":{"type":"Point","coordinates":[100.9598974,13.3175183]}},{"type":"Feature","id":744764756,"properties":{"amenity":"fuel","building":"yes","@type":"way","@id":744764756},"geometry":{"type":"Point","coordinates":[100.9606735,13.3187874]}},{"type":"Feature","id":744975983,"properties":{"addr:street":"ถนนเสม็ด-อ่างศิลา","amenity":"fuel","brand":"PTT","building":"roof","fuel:cng":"yes","layer":"1","name":"ป.ต.ท.","name:en":"PTT","operator":"PTT","website":"www.pttplc.com","@type":"way","@id":744975983},"geometry":{"type":"Point","coordinates":[100.9524979,13.3175979]}},{"type":"Feature","id":745033845,"properties":{"addr:street":"ถนนอ่างศิลา-บางแสน","amenity":"fuel","brand":"PTT","building":"roof","check_date:opening_hours":"2023-01-07","compressed_air":"yes","fuel:cng":"yes","layer":"1","name":"ป.ต.ท.","name:en":"PTT","opening_hours:signed":"no","operator":"PTT","website":"www.pttplc.com","@type":"way","@id":745033845},"geometry":{"type":"Point","coordinates":[100.9392825,13.3274789]}},{"type":"Feature","id":745993742,"properties":{"amenity":"fuel","brand":"PTT","building":"roof","fuel:cng":"yes","layer":"1","name":"ป.ต.ท.","name:en":"PTT","operator":"PTT","website":"www.pttplc.com","@type":"way","@id":745993742},"geometry":{"type":"Point","coordinates":[100.9080911,13.1026956]}},{"type":"Feature","id":745993747,"properties":{"amenity":"fuel","building":"roof","layer":"1","@type":"way","@id":745993747},"geometry":{"type":"Point","coordinates":[100.9041292,13.1005917]}},{"type":"Feature","id":766416990,"properties":{"amenity":"fuel","building":"roof","name":"Pure","source":"Bing","@type":"way","@id":766416990},"geometry":{"type":"Point","coordinates":[101.2671089,13.3167279]}},{"type":"Feature","id":776400524,"properties":{"amenity":"fuel","brand":"PTT","brand:wikidata":"Q1810389","brand:wikipedia":"en:PTT Public Company Limited","building":"roof","layer":"1","name":"PTT Fill and Go","name:en":"PTT Fill and Go","website":"https://www.pttplc.com","@type":"way","@id":776400524},"geometry":{"type":"Point","coordinates":[101.3070791,13.6092491]}},{"type":"Feature","id":776403538,"properties":{"amenity":"fuel","brand":"PTT","brand:wikidata":"Q1810389","brand:wikipedia":"en:PTT Public Company Limited","name":"PTT LPG","@type":"way","@id":776403538},"geometry":{"type":"Point","coordinates":[101.232171,13.2343432]}},{"type":"Feature","id":789259553,"properties":{"amenity":"fuel","building":"roof","name":"Bangchak","source":"DigitalGlobe-Standard","@type":"way","@id":789259553},"geometry":{"type":"Point","coordinates":[101.0909804,13.7083351]}},{"type":"Feature","id":799841313,"properties":{"amenity":"fuel","brand":"PTT","brand:wikidata":"Q1810389","brand:wikipedia":"en:PTT Public Company Limited","fuel:diesel":"yes","fuel:e10":"yes","fuel:octane_91":"yes","fuel:octane_95":"yes","name":"PTT","self_service":"no","@type":"way","@id":799841313},"geometry":{"type":"Point","coordinates":[101.2357706,13.2372088]}},{"type":"Feature","id":807580450,"properties":{"amenity":"fuel","building":"roof","name":"PT","source":"Bing","@type":"way","@id":807580450},"geometry":{"type":"Point","coordinates":[101.424722,12.6254955]}},{"type":"Feature","id":807580472,"properties":{"amenity":"fuel","building":"roof","fuel:diesel":"yes","fuel:e20":"yes","fuel:octane_91":"yes","fuel:octane_95":"yes","operator":"ปตท","operator:en":"PTT","operator:th":"ปตท","website":"www.pttplc.com","@type":"way","@id":807580472},"geometry":{"type":"Point","coordinates":[101.3526519,12.644048]}},{"type":"Feature","id":807590282,"properties":{"amenity":"fuel","building":"roof","name":"PTT","operator":"ปตท","operator:en":"PTT","operator:th":"ปตท","website":"www.pttplc.com","@type":"way","@id":807590282},"geometry":{"type":"Point","coordinates":[101.5173918,12.6380884]}},{"type":"Feature","id":807590286,"properties":{"amenity":"fuel","building":"roof","name":"PTT","name:en":"PTT","name:th":"ปตท","operator:en":"PTT","operator:th":"ปตท","website":"www.pttplc.com","@type":"way","@id":807590286},"geometry":{"type":"Point","coordinates":[101.6385746,12.6565906]}},{"type":"Feature","id":812513302,"properties":{"amenity":"fuel","building":"roof","name:en":"PT","source":"Bing","@type":"way","@id":812513302},"geometry":{"type":"Point","coordinates":[101.920384,12.5551745]}},{"type":"Feature","id":812542939,"properties":{"amenity":"fuel","building":"roof","name":"เชลล์","name:en":"Shell","source":"Bing","website":"https://www.shell.co.th/","@type":"way","@id":812542939},"geometry":{"type":"Point","coordinates":[101.9083459,12.7327258]}},{"type":"Feature","id":812544036,"properties":{"amenity":"fuel","building":"roof","fuel:lpg":"yes","layer":"1","name":"Fuel Station","source":"Bing","@type":"way","@id":812544036},"geometry":{"type":"Point","coordinates":[101.9297987,12.7261885]}},{"type":"Feature","id":812545789,"properties":{"amenity":"fuel","building":"roof","name":"ป.ต.ท.","name:en":"PTT","source":"Bing","website":"www.pttplc.com","@type":"way","@id":812545789},"geometry":{"type":"Point","coordinates":[101.9615892,12.7225455]}},{"type":"Feature","id":812548858,"properties":{"amenity":"fuel","building":"roof","fuel:diesel":"yes","fuel:e20":"yes","fuel:octane_91":"yes","fuel:octane_95":"yes","name":"Lemon Green","source":"Bing","@type":"way","@id":812548858},"geometry":{"type":"Point","coordinates":[101.9771482,12.7171127]}},{"type":"Feature","id":812548859,"properties":{"amenity":"fuel","building":"roof","name":"บางจาก","name:en":"Bangchak","source":"Bing","website":"https://www.bangchak.co.th/","@type":"way","@id":812548859},"geometry":{"type":"Point","coordinates":[101.9819341,12.7117366]}},{"type":"Feature","id":818045016,"properties":{"amenity":"fuel","brand":"ป.ต.ท.","brand:en":"PTT","brand:th":"ป.ต.ท.","brand:wikidata":"Q1810389","brand:wikipedia":"th:ปตท.","building":"roof","fuel:diesel":"yes","fuel:e20":"yes","fuel:e85":"yes","fuel:octane_91":"yes","fuel:octane_95":"yes","image":"https://images.mapillary.com/epOgFS7nM3OooUUsxqj4Jg/thumb-2048.jpg","mapillary":"312511756939395","name":"ป.ต.ท.","name:en":"PTT","name:th":"ป.ต.ท.","website":"www.pttplc.com","@type":"way","@id":818045016},"geometry":{"type":"Point","coordinates":[102.0279293,12.6484569]}},{"type":"Feature","id":907009154,"properties":{"amenity":"fuel","brand":"Bangchak","brand:wikidata":"Q6579719","brand:wikipedia":"zh:曼差石油股份","fuel:Hi_Diesel":"yes","fuel:diesel":"yes","fuel:e10":"yes","fuel:e20":"yes","fuel:e85":"yes","name":"Bangchak","@type":"way","@id":907009154},"geometry":{"type":"Point","coordinates":[101.2771283,13.5770519]}},{"type":"Feature","id":907061172,"properties":{"amenity":"fuel","brand":"บางจาก","brand:en":"Bangchak","brand:th":"บางจาก","brand:wikidata":"Q6579719","brand:wikipedia":"zh:曼差石油股份","name":"Bangchak","name:en":"Bangchak","name:th":"บางจาก","self_service":"no","@type":"way","@id":907061172},"geometry":{"type":"Point","coordinates":[100.9210455,13.2969472]}},{"type":"Feature","id":907061390,"properties":{"amenity":"fuel","brand":"PTT","brand:wikidata":"Q1810389","brand:wikipedia":"en:PTT Public Company Limited","compressed_air":"yes","name":"PTT","opening_hours":"Mo-Su 00:00-24:00","@type":"way","@id":907061390},"geometry":{"type":"Point","coordinates":[100.9193638,13.2844972]}},{"type":"Feature","id":914951276,"properties":{"amenity":"fuel","name":"Shell","@type":"way","@id":914951276},"geometry":{"type":"Point","coordinates":[101.0924884,13.0933763]}},{"type":"Feature","id":915349209,"properties":{"amenity":"fuel","brand":"PT","brand:wikidata":"Q62298612","name":"PT","@type":"way","@id":915349209},"geometry":{"type":"Point","coordinates":[101.1018888,13.093708]}},{"type":"Feature","id":916577831,"properties":{"amenity":"fuel","name":"Shell","@type":"way","@id":916577831},"geometry":{"type":"Point","coordinates":[100.9850818,13.2869565]}},{"type":"Feature","id":916577833,"properties":{"amenity":"fuel","brand":"PTT","brand:wikidata":"Q1810389","brand:wikipedia":"en:PTT Public Company Limited","name":"PTT","@type":"way","@id":916577833},"geometry":{"type":"Point","coordinates":[100.9887645,13.2870363]}},{"type":"Feature","id":927405668,"properties":{"amenity":"fuel","brand":"บางจาก","brand:en":"Bangchak","brand:th":"บางจาก","brand:wikidata":"Q6579719","brand:wikipedia":"zh:曼差石油股份","building":"roof","layer":"1","name":"Bangchak","name:en":"Bangchak","name:th":"บางจาก","@type":"way","@id":927405668},"geometry":{"type":"Point","coordinates":[100.9101465,12.9643721]}},{"type":"Feature","id":968201485,"properties":{"amenity":"fuel","brand":"ป.ต.ท.","brand:en":"PTT","brand:th":"ป.ต.ท.","brand:wikidata":"Q1810389","brand:wikipedia":"th:ปตท.","name":"PTT","name:en":"PTT","name:th":"ป.ต.ท.","@type":"way","@id":968201485},"geometry":{"type":"Point","coordinates":[100.9003466,13.0987009]}},{"type":"Feature","id":968201486,"properties":{"amenity":"fuel","building":"roof","@type":"way","@id":968201486},"geometry":{"type":"Point","coordinates":[100.9001076,13.0985314]}},{"type":"Feature","id":968201487,"properties":{"amenity":"fuel","building":"roof","@type":"way","@id":968201487},"geometry":{"type":"Point","coordinates":[100.9004115,13.0986422]}},{"type":"Feature","id":968203221,"properties":{"amenity":"fuel","brand":"ป.ต.ท.","brand:en":"PTT","brand:th":"ป.ต.ท.","brand:wikidata":"Q1810389","brand:wikipedia":"th:ปตท.","name":"ptt NGV","name:en":"PTT","name:th":"ป.ต.ท.","@type":"way","@id":968203221},"geometry":{"type":"Point","coordinates":[100.9081846,13.1028838]}},{"type":"Feature","id":968203222,"properties":{"amenity":"fuel","brand":"ป.ต.ท.","brand:en":"PTT","brand:th":"ป.ต.ท.","brand:wikidata":"Q1810389","brand:wikipedia":"th:ปตท.","building":"roof","fuel:cng":"yes","layer":"1","name":"ป.ต.ท.","name:en":"PTT","name:th":"ป.ต.ท.","operator":"PTT","website":"www.pttplc.com","@type":"way","@id":968203222},"geometry":{"type":"Point","coordinates":[100.9077316,13.1030234]}},{"type":"Feature","id":968203224,"properties":{"amenity":"fuel","building":"roof","@type":"way","@id":968203224},"geometry":{"type":"Point","coordinates":[100.9083474,13.1033715]}},{"type":"Feature","id":1180409767,"properties":{"amenity":"fuel","brand":"เชลล์","brand:en":"Shell","brand:th":"เชลล์","brand:wikidata":"Q110716465","building":"roof","layer":"1","name":"Shell","name:en":"Shell","name:th":"เชลล์","@type":"way","@id":1180409767},"geometry":{"type":"Point","coordinates":[100.9141549,12.9387947]}},{"type":"Feature","id":1206089003,"properties":{"amenity":"fuel","brand":"Caltex","brand:wikidata":"Q277470","building":"roof","fuel:e10":"yes","fuel:lpg":"yes","layer":"1","name":"คาลเท็กซ์","name:en":"Caltex","website":"https://www.caltex.com/","@type":"way","@id":1206089003},"geometry":{"type":"Point","coordinates":[100.8960342,12.9042923]}},{"type":"Feature","id":1206620181,"properties":{"amenity":"fuel","brand":"Caltex","brand:wikidata":"Q277470","building":"roof","fuel:lpg":"yes","name":"Caltex","@type":"way","@id":1206620181},"geometry":{"type":"Point","coordinates":[100.9004417,12.9281772]}},{"type":"Feature","id":1206772206,"properties":{"addr:street":"สุขุมวิท","amenity":"fuel","brand":"ป.ต.ท.","brand:en":"PTT","brand:th":"ป.ต.ท.","brand:wikidata":"Q1810389","building":"roof","fuel:diesel":"yes","fuel:e20":"yes","fuel:octane_91":"yes","fuel:octane_95":"yes","layer":"1","name":"ป.ต.ท.","name:en":"PTT","name:th":"ป.ต.ท.","website":"www.pttplc.com","@type":"way","@id":1206772206},"geometry":{"type":"Point","coordinates":[100.8968183,12.906644]}},{"type":"Feature","id":1206775365,"properties":{"amenity":"fuel","brand":"ป.ต.ท.","brand:en":"PTT","brand:th":"ป.ต.ท.","brand:wikidata":"Q1810389","building":"roof","fuel:lpg":"yes","layer":"1","name":"PTT","name:en":"PTT","name:th":"ป.ต.ท.","operator":"ปตท","operator:en":"PTT","operator:th":"ปตท","self_service":"no","website":"www.pttplc.com","@type":"way","@id":1206775365},"geometry":{"type":"Point","coordinates":[100.9033132,12.9434746]}},{"type":"Feature","id":1218677152,"properties":{"amenity":"fuel","brand":"PT","brand:wikidata":"Q62298612","building":"roof","fuel:diesel":"yes","fuel:octane_91":"yes","fuel:octane_95":"yes","layer":"1","name":"PT","name:en":"PT","website":"www.pt.co.th","@type":"way","@id":1218677152},"geometry":{"type":"Point","coordinates":[100.9002696,12.9265528]}},{"type":"Feature","id":1219257639,"properties":{"amenity":"fuel","brand":"PT","brand:wikidata":"Q62298612","building":"roof","fuel:diesel":"yes","fuel:e20":"yes","fuel:octane_91":"yes","fuel:octane_95":"yes","layer":"1","name":"PT","website":"www.pttplc.com","@type":"way","@id":1219257639},"geometry":{"type":"Point","coordinates":[100.9036325,12.870479]}},{"type":"Feature","id":1219257640,"properties":{"amenity":"fuel","brand":"Shell","brand:wikidata":"Q110716465","name":"Shell","@type":"way","@id":1219257640},"geometry":{"type":"Point","coordinates":[100.9023514,12.8737637]}},{"type":"Feature","id":1219461596,"properties":{"amenity":"fuel","brand":"PT","brand:wikidata":"Q62298612","building":"roof","fuel:diesel":"yes","fuel:octane_91":"yes","fuel:octane_95":"yes","layer":"1","name":"PT","@type":"way","@id":1219461596},"geometry":{"type":"Point","coordinates":[100.9374043,12.9330354]}},{"type":"Feature","id":1265071045,"properties":{"amenity":"fuel","brand":"บางจาก","brand:en":"Bangchak","brand:th":"บางจาก","brand:wikidata":"Q6579719","building":"roof","layer":"1","name":"บางจาก","name:en":"Bangchak","name:th":"บางจาก","@type":"way","@id":1265071045},"geometry":{"type":"Point","coordinates":[100.897372,12.8991584]}},{"type":"Feature","id":1265071050,"properties":{"amenity":"fuel","brand":"Caltex","brand:wikidata":"Q277470","building":"roof","fuel:diesel":"yes","fuel:e20":"yes","fuel:octane_91":"yes","fuel:octane_95":"yes","layer":"1","name":"Caltex","name:en":"Caltex","self_service":"no","website":"https://www.caltex.com/","@type":"way","@id":1265071050},"geometry":{"type":"Point","coordinates":[100.8977552,12.8921807]}},{"type":"Feature","id":1265071051,"properties":{"amenity":"fuel","brand":"Caltex","brand:wikidata":"Q277470","building":"roof","fuel:lpg":"yes","name":"Caltex","@type":"way","@id":1265071051},"geometry":{"type":"Point","coordinates":[100.8982393,12.8921877]}},{"type":"Feature","id":1292557882,"properties":{"addr:street":"ถนนสุขุมวิท","amenity":"fuel","brand":"ป.ต.ท.","brand:en":"PTT","brand:th":"ป.ต.ท.","brand:wikidata":"Q1810389","building":"roof","name":"ป.ต.ท.","name:en":"PTT","name:th":"ป.ต.ท.","operator":"ปตท","operator:en":"PTT","operator:th":"ปตท","website":"http://www.pttplc.com","@type":"way","@id":1292557882},"geometry":{"type":"Point","coordinates":[100.9222917,13.1584832]}},{"type":"Feature","id":1298703392,"properties":{"amenity":"fuel","@type":"way","@id":1298703392},"geometry":{"type":"Point","coordinates":[101.2234955,12.71924]}},{"type":"Feature","id":1365652237,"properties":{"amenity":"charging_station","capacity":"4","operator":"Charge+","@type":"way","@id":1365652237},"geometry":{"type":"Point","coordinates":[100.8951827,12.9278208]}},{"type":"Feature","id":1365854878,"properties":{"amenity":"charging_station","capacity":"2","operator":"Charge+","@type":"way","@id":1365854878},"geometry":{"type":"Point","coordinates":[100.9079833,12.9555911]}},{"type":"Feature","id":1365855766,"properties":{"amenity":"charging_station","capacity":"1","operator":"Charge+","@type":"way","@id":1365855766},"geometry":{"type":"Point","coordinates":[100.878988,12.9284884]}},{"type":"Feature","id":1368452409,"properties":{"amenity":"fuel","brand":"บางจาก","brand:en":"Bangchak","brand:th":"บางจาก","brand:wikidata":"Q6579719","fuel:e20":"yes","fuel:octane_91":"yes","fuel:octane_95":"yes","name":"บางจาก","name:th":"บางจาก","self_service":"no","@type":"way","@id":1368452409},"geometry":{"type":"Point","coordinates":[100.9207238,13.074342]}},{"type":"Feature","id":1446722444,"properties":{"amenity":"fuel","brand":"PT","brand:wikidata":"Q62298612","name":"PT","@type":"way","@id":1446722444},"geometry":{"type":"Point","coordinates":[100.9319556,12.9821931]}},{"type":"Feature","id":1458243975,"properties":{"amenity":"fuel","brand":"ป.ต.ท.","brand:en":"PTT","brand:th":"ป.ต.ท.","brand:wikidata":"Q1810389","building":"roof","name":"PTT","name:en":"PTT","name:th":"ป.ต.ท.","@type":"way","@id":1458243975},"geometry":{"type":"Point","coordinates":[101.2397921,12.932617]}},{"type":"Feature","id":1462082706,"properties":{"amenity":"fuel","brand":"ป.ต.ท.","brand:en":"PTT","brand:th":"ป.ต.ท.","brand:wikidata":"Q1810389","building":"roof","layer":"1","name":"ป.ต.ท.","name:en":"PTT","name:th":"ป.ต.ท.","source":"Bing","source:date":"2011","@type":"way","@id":1462082706},"geometry":{"type":"Point","coordinates":[100.9832616,12.729112]}},{"type":"Feature","id":1481300572,"properties":{"amenity":"fuel","name":"จุดจ่ายน้ำมัน HSD","@type":"way","@id":1481300572},"geometry":{"type":"Point","coordinates":[101.0020282,12.6842294]}},{"type":"Feature","id":1503867284,"properties":{"amenity":"fuel","brand":"ป.ต.ท.","brand:en":"PTT","brand:th":"ป.ต.ท.","brand:wikidata":"Q1810389","building":"roof","name":"PTT","name:en":"PTT","name:th":"ป.ต.ท.","@type":"way","@id":1503867284},"geometry":{"type":"Point","coordinates":[100.9927535,13.1741205]}},{"type":"Feature","id":1503867288,"properties":{"amenity":"fuel","brand":"ป.ต.ท.","brand:en":"PTT","brand:th":"ป.ต.ท.","brand:wikidata":"Q1810389","building":"roof","name":"PTT","name:en":"PTT","name:th":"ป.ต.ท.","@type":"way","@id":1503867288},"geometry":{"type":"Point","coordinates":[100.9919893,13.1689777]}},{"type":"Feature","id":1521210962,"properties":{"addr:street":"ถนนสุขุมวิท","amenity":"fuel","compressed_air":"no","fuel:lpg":"yes","name":"ThaiGas","@type":"way","@id":1521210962},"geometry":{"type":"Point","coordinates":[100.9169146,13.1230875]}},{"type":"Feature","id":1536431824,"properties":{"amenity":"fuel","brand":"เชลล์","brand:en":"Shell","brand:th":"เชลล์","brand:wikidata":"Q110716465","building":"roof","name":"เชลล์","name:en":"Shell","name:th":"เชลล์","@type":"way","@id":1536431824},"geometry":{"type":"Point","coordinates":[100.9094185,12.9603896]}},{"type":"Feature","id":1536431828,"properties":{"amenity":"fuel","brand":"ป.ต.ท.","brand:en":"PTT","brand:th":"ป.ต.ท.","brand:wikidata":"Q1810389","building":"roof","fuel:diesel":"yes","fuel:e20":"yes","fuel:gasohol_91":"yes","fuel:gasohol_95":"yes","fuel:gasoline_95":"yes","layer":"1","name":"PTT","name:en":"PTT","name:th":"ป.ต.ท.","website":"https://www.pttplc.com","@type":"way","@id":1536431828},"geometry":{"type":"Point","coordinates":[100.9087357,12.9580698]}},{"type":"Feature","id":1536431834,"properties":{"amenity":"fuel","building":"roof","fuel:diesel":"yes","fuel:lpg":"yes","fuel:octane_91":"yes","fuel:octane_95":"yes","layer":"1","name":"Thianchai Petrol LPG","@type":"way","@id":1536431834},"geometry":{"type":"Point","coordinates":[100.9085138,12.9575525]}},{"type":"Feature","id":1537669300,"properties":{"amenity":"fuel","brand":"บางจาก","brand:en":"Bangchak","brand:th":"บางจาก","brand:wikidata":"Q6579719","building":"roof","fuel:diesel":"yes","fuel:e20":"yes","fuel:gasohol_91":"yes","fuel:gasohol_95":"yes","layer":"1","name":"บางจาก","name:en":"Bangchak","name:th":"บางจาก","toilets:wheelchair":"yes","wheelchair":"yes","@type":"way","@id":1537669300},"geometry":{"type":"Point","coordinates":[100.9090537,12.9633535]}},{"type":"Feature","id":1554250746,"properties":{"access":"yes","amenity":"charging_station","capacity":"4","covered":"yes","fee":"yes","operator":"CHARGE+","website":"https://www.chargeplus.com/","@type":"way","@id":1554250746},"geometry":{"type":"Point","coordinates":[100.8888935,12.9444418]}},{"type":"Feature","id":1563792819,"properties":{"amenity":"fuel","brand":"ปตท.","brand:en":"PTT","brand:th":"ปตท.","brand:wikidata":"Q1810389","building":"roof","name":"ปตท.","name:en":"PTT","name:th":"ปตท.","@type":"way","@id":1563792819},"geometry":{"type":"Point","coordinates":[101.1956724,12.8342224]}},{"type":"Feature","id":1563792827,"properties":{"amenity":"fuel","brand":"บางจาก","brand:en":"Bangchak","brand:th":"บางจาก","brand:wikidata":"Q6579719","building":"roof","name":"บางจาก","name:en":"Bangchak","name:th":"บางจาก","@type":"way","@id":1563792827},"geometry":{"type":"Point","coordinates":[101.1973924,12.8341238]}},{"type":"Feature","id":928970820,"properties":{"amenity":"fuel","brand":"PTT","brand:en":"PTT","brand:th":"ปตท","brand:wikidata":"Q1810389","fuel:diesel":"yes","fuel:octane_91":"yes","fuel:octane_95":"yes","name":"PTT","name:en":"PTT","name:th":"ปตท","@type":"node","@id":928970820},"geometry":{"type":"Point","coordinates":[99.829386,13.3274168]}},{"type":"Feature","id":928986415,"properties":{"amenity":"fuel","brand":"Shell","brand:en":"Shell","brand:th":"เซลล์","name":"Shell","name:en":"Shell","name:th":"เซลล์","@type":"node","@id":928986415},"geometry":{"type":"Point","coordinates":[100.0156302,13.4064723]}},{"type":"Feature","id":975715195,"properties":{"amenity":"fuel","brand":"บางจาก","brand:en":"Bangchak","brand:th":"บางจาก","brand:wikidata":"Q6579719","fuel:diesel":"yes","fuel:e20":"yes","fuel:octane_91":"yes","fuel:octane_95":"yes","name":"Bangchak","name:en":"Bangchak","name:th":"บางจาก","self_service":"no","@type":"node","@id":975715195},"geometry":{"type":"Point","coordinates":[99.74356,12.58946]}},{"type":"Feature","id":1153812312,"properties":{"amenity":"fuel","brand":"PTT","fuel:diesel":"yes","fuel:e10":"yes","fuel:octane_91":"yes","fuel:octane_95":"yes","name":"ปตท","name:en":"PTT","name:th":"ปตท","website":"www.pttplc.com","@type":"node","@id":1153812312},"geometry":{"type":"Point","coordinates":[99.8887913,12.6819055]}},{"type":"Feature","id":1215081255,"properties":{"amenity":"fuel","brand":"PTT","name":"PTT","operator":"PTT","@type":"node","@id":1215081255},"geometry":{"type":"Point","coordinates":[100.0509634,13.4332344]}},{"type":"Feature","id":1215081265,"properties":{"amenity":"fuel","brand":"Shell","@type":"node","@id":1215081265},"geometry":{"type":"Point","coordinates":[99.8821644,13.1240217]}},{"type":"Feature","id":1215081275,"properties":{"amenity":"fuel","brand":"Caltex","@type":"node","@id":1215081275},"geometry":{"type":"Point","coordinates":[99.9290733,12.8430247]}},{"type":"Feature","id":1215081335,"properties":{"amenity":"fuel","brand":"PTT","brand:en":"PTT","brand:th":"ปตท","name":"PTT","name:en":"PTT","name:th":"ปตท","@type":"node","@id":1215081335},"geometry":{"type":"Point","coordinates":[99.9520393,13.367056]}},{"type":"Feature","id":1215081340,"properties":{"amenity":"fuel","brand":"PT","brand:en":"PT","brand:th":"พีที","name":"PT","name:en":"PT","name:th":"พีที","@type":"node","@id":1215081340},"geometry":{"type":"Point","coordinates":[99.9040837,12.9923252]}},{"type":"Feature","id":1215081354,"properties":{"amenity":"fuel","brand":"PT","@type":"node","@id":1215081354},"geometry":{"type":"Point","coordinates":[99.8273281,13.3212993]}},{"type":"Feature","id":1215081375,"properties":{"amenity":"fuel","brand":"PTT","brand:en":"PTT","brand:th":"ปตท","name":"PTT","name:en":"PTT","name:th":"ปตท","@type":"node","@id":1215081375},"geometry":{"type":"Point","coordinates":[100.089004,13.4566452]}},{"type":"Feature","id":1343725234,"properties":{"amenity":"fuel","brand":"เชลล์","brand:en":"Shell","brand:th":"เชลล์","brand:wikidata":"Q154950","brand:wikipedia":"en:Royal Dutch Shell","name":"Shell","name:en":"Shell","name:th":"เชลล์","@type":"node","@id":1343725234},"geometry":{"type":"Point","coordinates":[99.8756042,12.5724332]}},{"type":"Feature","id":1349686255,"properties":{"amenity":"fuel","compressed_air":"no","name":"ป.ต.ท.","name:en":"PTT","opening_hours":"PH,Mo-Su 07:00-22:00","operator":"PTT","source":"GPS","website":"www.pttplc.com","@type":"node","@id":1349686255},"geometry":{"type":"Point","coordinates":[100.0623536,13.0953126]}},{"type":"Feature","id":1517129553,"properties":{"amenity":"fuel","@type":"node","@id":1517129553},"geometry":{"type":"Point","coordinates":[100.0597252,13.4369287]}},{"type":"Feature","id":1572087149,"properties":{"amenity":"fuel","@type":"node","@id":1572087149},"geometry":{"type":"Point","coordinates":[99.946529,13.4552169]}},{"type":"Feature","id":1572174523,"properties":{"amenity":"fuel","@type":"node","@id":1572174523},"geometry":{"type":"Point","coordinates":[99.9451655,13.4608153]}},{"type":"Feature","id":2089425264,"properties":{"amenity":"fuel","brand":"ป.ต.ท.","brand:en":"PTT","brand:th":"ป.ต.ท.","brand:wikidata":"Q1810389","compressed_air":"yes","name":"PTT","name:en":"PTT","name:th":"ป.ต.ท.","website":"www.pttplc.com","wheelchair":"yes","@type":"node","@id":2089425264},"geometry":{"type":"Point","coordinates":[99.8253879,13.3054964]}},{"type":"Feature","id":2089684263,"properties":{"amenity":"fuel","name":"Fuel Station","@type":"node","@id":2089684263},"geometry":{"type":"Point","coordinates":[100.0842637,13.4520285]}},{"type":"Feature","id":2089830513,"properties":{"amenity":"fuel","brand":"ป.ต.ท.","brand:en":"PTT","brand:th":"ป.ต.ท.","brand:wikidata":"Q1810389","name":"ป.ต.ท.","name:en":"PTT","name:th":"ป.ต.ท.","@type":"node","@id":2089830513},"geometry":{"type":"Point","coordinates":[99.9454945,12.5960425]}},{"type":"Feature","id":2089842182,"properties":{"amenity":"fuel","brand":"ป.ต.ท.","brand:en":"PTT","brand:th":"ป.ต.ท.","brand:wikidata":"Q1810389","name":"ป.ต.ท.","name:en":"PTT","name:th":"ป.ต.ท.","@type":"node","@id":2089842182},"geometry":{"type":"Point","coordinates":[99.9499692,12.6164995]}},{"type":"Feature","id":2168265665,"properties":{"amenity":"fuel","brand":"Shell","brand:en":"Shell","brand:th":"เชลล์","name":"Shell","name:en":"Shell","name:th":"เชลล์","@type":"node","@id":2168265665},"geometry":{"type":"Point","coordinates":[99.9093503,12.9991654]}},{"type":"Feature","id":2192174115,"properties":{"amenity":"fuel","brand":"บางจาก","brand:en":"Bangchak","brand:th":"บางจาก","brand:wikidata":"Q6579719","name":"บางจาก","name:en":"Bangchak","name:th":"บางจาก","@type":"node","@id":2192174115},"geometry":{"type":"Point","coordinates":[99.9239034,12.4041734]}},{"type":"Feature","id":2398693383,"properties":{"amenity":"fuel","fuel:lpg":"yes","@type":"node","@id":2398693383},"geometry":{"type":"Point","coordinates":[99.9876324,13.3829676]}},{"type":"Feature","id":2406179155,"properties":{"amenity":"fuel","@type":"node","@id":2406179155},"geometry":{"type":"Point","coordinates":[99.9287079,13.489512]}},{"type":"Feature","id":2409136641,"properties":{"amenity":"fuel","@type":"node","@id":2409136641},"geometry":{"type":"Point","coordinates":[99.9672249,12.9511033]}},{"type":"Feature","id":2510354379,"properties":{"amenity":"fuel","@type":"node","@id":2510354379},"geometry":{"type":"Point","coordinates":[99.9407518,13.1038358]}},{"type":"Feature","id":2510354597,"properties":{"amenity":"fuel","@type":"node","@id":2510354597},"geometry":{"type":"Point","coordinates":[99.9412046,13.1114123]}},{"type":"Feature","id":2558353344,"properties":{"amenity":"fuel","brand":"บางจาก","brand:en":"Bangchak","brand:th":"บางจาก","name":"บางจาก","name:en":"Bangchak","name:th":"บางจาก","@type":"node","@id":2558353344},"geometry":{"type":"Point","coordinates":[99.9151955,12.8761662]}},{"type":"Feature","id":2558353347,"properties":{"amenity":"fuel","@type":"node","@id":2558353347},"geometry":{"type":"Point","coordinates":[99.9099606,12.8974772]}},{"type":"Feature","id":2558353348,"properties":{"amenity":"fuel","@type":"node","@id":2558353348},"geometry":{"type":"Point","coordinates":[99.9105747,12.8978062]}},{"type":"Feature","id":2558353349,"properties":{"amenity":"fuel","name":"Bangchak","@type":"node","@id":2558353349},"geometry":{"type":"Point","coordinates":[99.9047093,12.9368023]}},{"type":"Feature","id":2558353351,"properties":{"amenity":"fuel","name":"Ptt","@type":"node","@id":2558353351},"geometry":{"type":"Point","coordinates":[99.9380853,13.0460589]}},{"type":"Feature","id":2558353354,"properties":{"amenity":"fuel","brand":"PT","brand:en":"PT","brand:th":"พีที","brand:wikidata":"Q62298612","name":"PT","name:en":"PT","name:th":"พีที","@type":"node","@id":2558353354},"geometry":{"type":"Point","coordinates":[99.9104965,13.1166394]}},{"type":"Feature","id":2558353356,"properties":{"amenity":"fuel","@type":"node","@id":2558353356},"geometry":{"type":"Point","coordinates":[99.8578425,13.1399157]}},{"type":"Feature","id":2723664616,"properties":{"amenity":"fuel","brand":"Shell","brand:wikidata":"Q154950","brand:wikipedia":"en:Royal Dutch Shell","compressed_air":"yes","name":"Shell","name:th":"ปั๊มเชลล์","@type":"node","@id":2723664616},"geometry":{"type":"Point","coordinates":[99.8238949,13.2396684]}},{"type":"Feature","id":3136410176,"properties":{"amenity":"fuel","brand":"Caltex","brand:en":"Caltex","brand:th":"คาลเท็กซ์","name":"Caltex","name:en":"Caltex","name:th":"คาลเท็กซ์","@type":"node","@id":3136410176},"geometry":{"type":"Point","coordinates":[99.9468999,13.0682314]}},{"type":"Feature","id":3138823255,"properties":{"amenity":"fuel","brand":"PTT","brand:en":"PTT","brand:th":"ปตท","name":"PTT","name:en":"PTT","name:th":"ปตท","@type":"node","@id":3138823255},"geometry":{"type":"Point","coordinates":[99.9414152,13.0516473]}},{"type":"Feature","id":3144260573,"properties":{"amenity":"fuel","brand":"PTT","brand:en":"PTT","brand:th":"ปตท","name":"PTT","name:en":"PTT","name:th":"ปตท NGV","@type":"node","@id":3144260573},"geometry":{"type":"Point","coordinates":[100.0546283,13.4339386]}},{"type":"Feature","id":3145155100,"properties":{"amenity":"fuel","name":"Bangchak","@type":"node","@id":3145155100},"geometry":{"type":"Point","coordinates":[100.1046189,13.4669985]}},{"type":"Feature","id":3145185994,"properties":{"amenity":"fuel","@type":"node","@id":3145185994},"geometry":{"type":"Point","coordinates":[100.1165414,13.4739985]}},{"type":"Feature","id":3168242565,"properties":{"amenity":"fuel","brand":"PTT","name":"ป.ต.ท","@type":"node","@id":3168242565},"geometry":{"type":"Point","coordinates":[99.7569811,12.9816693]}},{"type":"Feature","id":3168271979,"properties":{"amenity":"fuel","brand":"PTT","brand:en":"PTT","brand:th":"ปตท","name":"PTT","name:en":"PTT","name:th":"ปตท","@type":"node","@id":3168271979},"geometry":{"type":"Point","coordinates":[99.8870435,13.1226104]}},{"type":"Feature","id":3879386305,"properties":{"amenity":"fuel","name":"PT","@type":"node","@id":3879386305},"geometry":{"type":"Point","coordinates":[99.8279786,13.2040966]}},{"type":"Feature","id":3916054486,"properties":{"amenity":"fuel","brand":"บางจาก","brand:en":"Bangchak","brand:th":"บางจาก","brand:wikidata":"Q6579719","compressed_air":"yes","name":"บางจาก","name:en":"Bangchak","name:th":"บางจาก","@type":"node","@id":3916054486},"geometry":{"type":"Point","coordinates":[99.8225583,13.294801]}},{"type":"Feature","id":4103932590,"properties":{"addr:street":"ถนนเพชรเกษม","amenity":"fuel","name":"ปตท. LPG เพชรยิ่งเจริญ","opening_hours":"24/7","@type":"node","@id":4103932590},"geometry":{"type":"Point","coordinates":[99.9221564,13.0192821]}},{"type":"Feature","id":4286949693,"properties":{"amenity":"fuel","operator":"independent","@type":"node","@id":4286949693},"geometry":{"type":"Point","coordinates":[99.5610787,12.5479754]}},{"type":"Feature","id":4295670779,"properties":{"amenity":"fuel","name":"ปตท","name:en":"PTT","name:th":"ปตท","@type":"node","@id":4295670779},"geometry":{"type":"Point","coordinates":[99.8933621,12.6839167]}},{"type":"Feature","id":4307400272,"properties":{"amenity":"fuel","name":"ป.ต.ท.","name:en":"PTT","name:th":"ป.ต.ท.","@type":"node","@id":4307400272},"geometry":{"type":"Point","coordinates":[99.8990361,12.413259]}},{"type":"Feature","id":4403994404,"properties":{"amenity":"fuel","name":"Minipump","source":"GPS","@type":"node","@id":4403994404},"geometry":{"type":"Point","coordinates":[99.8004928,12.6695132]}},{"type":"Feature","id":4426017856,"properties":{"amenity":"fuel","name":"LPG","@type":"node","@id":4426017856},"geometry":{"type":"Point","coordinates":[99.9499913,12.6008445]}},{"type":"Feature","id":4428533652,"properties":{"amenity":"fuel","brand:en":"Esso","brand:th":"เอสโซ่","brand:wikidata":"Q867662","name:en":"Bangchak (+EV station)","name:th":"ปั๊มบางจาก (น้ำมัน+EV) วัฒนา-วังมะนาว","@type":"node","@id":4428533652},"geometry":{"type":"Point","coordinates":[99.8248067,13.3027633]}},{"type":"Feature","id":4428533659,"properties":{"amenity":"fuel","fuel:lpg":"yes","opening_hours":"24/7","@type":"node","@id":4428533659},"geometry":{"type":"Point","coordinates":[99.821304,13.269018]}},{"type":"Feature","id":4428556147,"properties":{"amenity":"fuel","brand":"บางจาก","compressed_air":"yes","name":"ปั๊มบางจาก - สหกรณ์การเกษตร","name:en":"Bangchak","@type":"node","@id":4428556147},"geometry":{"type":"Point","coordinates":[99.8252192,13.2454576]}},{"type":"Feature","id":4428574583,"properties":{"amenity":"fuel","brand":"PT","brand:en":"PT","brand:th":"พีที","name":"PT","name:en":"PT","name:th":"พีที","@type":"node","@id":4428574583},"geometry":{"type":"Point","coordinates":[99.8685345,13.1302189]}},{"type":"Feature","id":4429378120,"properties":{"amenity":"fuel","brand":"เอสโซ่","brand:en":"Esso","brand:th":"เอสโซ่","brand:wikidata":"Q867662","name":"bangchak","name:en":"Esso","name:th":"เอสโซ่","@type":"node","@id":4429378120},"geometry":{"type":"Point","coordinates":[99.9144404,13.1159118]}},{"type":"Feature","id":4429378126,"properties":{"amenity":"fuel","brand":"PT","brand:en":"PT","brand:th":"พีที","name":"PT","name:en":"PT","name:th":"พีที","@type":"node","@id":4429378126},"geometry":{"type":"Point","coordinates":[99.9271793,13.1144878]}},{"type":"Feature","id":4429471986,"properties":{"amenity":"fuel","brand":"PT","brand:en":"PT","brand:th":"พีที","name":"PT","name:en":"PT","name:th":"พีที","@type":"node","@id":4429471986},"geometry":{"type":"Point","coordinates":[99.9580365,12.8051629]}},{"type":"Feature","id":4429471987,"properties":{"amenity":"fuel","brand":"PT","brand:en":"PT","brand:th":"พีที","name":"PT","name:en":"PT","name:th":"พีที","@type":"node","@id":4429471987},"geometry":{"type":"Point","coordinates":[99.9667408,12.7769151]}},{"type":"Feature","id":4721481322,"properties":{"amenity":"fuel","brand":"ป.ต.ท.","brand:en":"PTT","brand:th":"ป.ต.ท.","brand:wikidata":"Q1810389","brand:wikipedia":"th:ปตท.","name":"PTT","name:en":"PTT","name:th":"ปตท","@type":"node","@id":4721481322},"geometry":{"type":"Point","coordinates":[99.8912799,12.5659088]}},{"type":"Feature","id":4733435846,"properties":{"amenity":"fuel","brand":"PT","brand:en":"PT","brand:th":"พีที","name":"PT","name:en":"PT","name:th":"พีที","@type":"node","@id":4733435846},"geometry":{"type":"Point","coordinates":[99.9905316,12.3986605]}},{"type":"Feature","id":4733530497,"properties":{"amenity":"fuel","brand":"ป.ต.ท.","brand:en":"PTT","brand:th":"ป.ต.ท.","brand:wikidata":"Q1810389","brand:wikipedia":"th:ปตท.","name":"PTT","name:en":"PTT","name:th":"ปตท","@type":"node","@id":4733530497},"geometry":{"type":"Point","coordinates":[99.9373031,12.3686014]}},{"type":"Feature","id":4741096573,"properties":{"amenity":"fuel","brand":"ป.ต.ท.","brand:en":"PTT","brand:th":"ป.ต.ท.","brand:wikidata":"Q1810389","brand:wikipedia":"th:ปตท.","name":"PTT","name:en":"PTT","name:th":"ปตท","toilets:wheelchair":"yes","wheelchair":"yes","@type":"node","@id":4741096573},"geometry":{"type":"Point","coordinates":[99.9650991,12.4544758]}},{"type":"Feature","id":4782247421,"properties":{"amenity":"fuel","name":"Independent gas station","@type":"node","@id":4782247421},"geometry":{"type":"Point","coordinates":[99.6752705,12.7849877]}},{"type":"Feature","id":4982353215,"properties":{"amenity":"fuel","name":"PT","@type":"node","@id":4982353215},"geometry":{"type":"Point","coordinates":[99.913623,12.3746429]}},{"type":"Feature","id":5170612175,"properties":{"amenity":"fuel","name":"LPG station","@type":"node","@id":5170612175},"geometry":{"type":"Point","coordinates":[99.8999938,12.9672338]}},{"type":"Feature","id":5182883040,"properties":{"amenity":"fuel","name":"LPG","@type":"node","@id":5182883040},"geometry":{"type":"Point","coordinates":[99.8624836,12.5982936]}},{"type":"Feature","id":5325354614,"properties":{"amenity":"fuel","brand":"Independant","name":"Fuel Station","@type":"node","@id":5325354614},"geometry":{"type":"Point","coordinates":[99.7198964,12.6350593]}},{"type":"Feature","id":5434456628,"properties":{"amenity":"fuel","name":"Banchak Station","@type":"node","@id":5434456628},"geometry":{"type":"Point","coordinates":[100.0332332,13.4201416]}},{"type":"Feature","id":5434456823,"properties":{"amenity":"fuel","name":"Caltex Station","@type":"node","@id":5434456823},"geometry":{"type":"Point","coordinates":[100.0709215,13.4432779]}},{"type":"Feature","id":5434457121,"properties":{"amenity":"fuel","name":"PT Station","@type":"node","@id":5434457121},"geometry":{"type":"Point","coordinates":[100.0651407,13.4393298]}},{"type":"Feature","id":5504245024,"properties":{"amenity":"fuel","@type":"node","@id":5504245024},"geometry":{"type":"Point","coordinates":[99.9534337,12.5546469]}},{"type":"Feature","id":5504245026,"properties":{"amenity":"fuel","@type":"node","@id":5504245026},"geometry":{"type":"Point","coordinates":[99.9543924,12.5508334]}},{"type":"Feature","id":5800749204,"properties":{"amenity":"fuel","brand":"บางจาก","brand:en":"Bangchak","brand:th":"บางจาก","brand:wikidata":"Q6579719","brand:wikipedia":"th:บางจาก คอร์ปอเรชั่น","fuel:lpg":"yes","name":"บางจาก","name:en":"Bangchak","name:th":"บางจาก","@type":"node","@id":5800749204},"geometry":{"type":"Point","coordinates":[99.9644243,12.4528212]}},{"type":"Feature","id":5857621220,"properties":{"amenity":"fuel","brand":"เชลล์","brand:en":"Shell","brand:th":"เชลล์","brand:wikidata":"Q110716465","name":"เชลล์","name:en":"Shell","name:th":"เชลล์","@type":"node","@id":5857621220},"geometry":{"type":"Point","coordinates":[99.9828459,13.3871676]}},{"type":"Feature","id":6125993485,"properties":{"amenity":"fuel","name:en":"PTT","@type":"node","@id":6125993485},"geometry":{"type":"Point","coordinates":[99.9723099,13.4169874]}},{"type":"Feature","id":6126461687,"properties":{"amenity":"fuel","name:en":"PTT","@type":"node","@id":6126461687},"geometry":{"type":"Point","coordinates":[99.9416896,13.4682495]}},{"type":"Feature","id":6172175537,"properties":{"amenity":"fuel","brand":"PTT","brand:wikidata":"Q1810389","brand:wikipedia":"en:PTT Public Company Limited","name":"PTT","@type":"node","@id":6172175537},"geometry":{"type":"Point","coordinates":[100.0036799,13.427055]}},{"type":"Feature","id":6975496285,"properties":{"amenity":"fuel","@type":"node","@id":6975496285},"geometry":{"type":"Point","coordinates":[99.6226631,12.8641433]}},{"type":"Feature","id":8142342919,"properties":{"amenity":"fuel","fuel:diesel":"yes","fuel:octane_95":"yes","self_service":"no","@type":"node","@id":8142342919},"geometry":{"type":"Point","coordinates":[99.9387571,13.0777554]}},{"type":"Feature","id":8591894189,"properties":{"amenity":"charging_station","fee":"yes","name":"PEA Khao Yoi","operator":"PEA","socket:chademo":"1","socket:type2":"1","socket:type2_combo":"1","@type":"node","@id":8591894189},"geometry":{"type":"Point","coordinates":[99.8224787,13.2655051]}},{"type":"Feature","id":9072646924,"properties":{"amenity":"fuel","brand":"Caltex","brand:wikidata":"Q277470","brand:wikipedia":"en:Caltex","name":"Caltex","@type":"node","@id":9072646924},"geometry":{"type":"Point","coordinates":[99.9171195,12.575711]}},{"type":"Feature","id":9681555989,"properties":{"amenity":"fuel","brand":"บางจาก","brand:en":"Bangchak","brand:th":"บางจาก","brand:wikidata":"Q6579719","name":"บางจาก","name:en":"Bangchak","name:th":"บางจาก","@type":"node","@id":9681555989},"geometry":{"type":"Point","coordinates":[99.9806809,12.3903474]}},{"type":"Feature","id":10567026396,"properties":{"amenity":"fuel","@type":"node","@id":10567026396},"geometry":{"type":"Point","coordinates":[99.8519529,12.5817083]}},{"type":"Feature","id":10728895679,"properties":{"amenity":"fuel","description":"only LPG","fuel:lpg":"yes","@type":"node","@id":10728895679},"geometry":{"type":"Point","coordinates":[99.8780467,12.6656185]}},{"type":"Feature","id":11369806612,"properties":{"amenity":"fuel","brand":"บางจาก","brand:en":"Bangchak","brand:th":"บางจาก","brand:wikidata":"Q6579719","name":"บางจาก","name:en":"Bangchak","name:th":"บางจาก","@type":"node","@id":11369806612},"geometry":{"type":"Point","coordinates":[99.9554889,12.5740281]}},{"type":"Feature","id":11407007472,"properties":{"amenity":"charging_station","brand":"Evolt","fee":"yes","indoor":"yes","level":"-1","@type":"node","@id":11407007472},"geometry":{"type":"Point","coordinates":[99.9604836,12.5709176]}},{"type":"Feature","id":11507872769,"properties":{"amenity":"fuel","name:en":"PTT","@type":"node","@id":11507872769},"geometry":{"type":"Point","coordinates":[99.8398089,13.3418961]}},{"type":"Feature","id":12284556201,"properties":{"amenity":"charging_station","name":"SPARK EV charging","@type":"node","@id":12284556201},"geometry":{"type":"Point","coordinates":[99.9531723,12.5819082]}},{"type":"Feature","id":12498048771,"properties":{"amenity":"fuel","brand":"ป.ต.ท.","brand:en":"PTT","brand:th":"ป.ต.ท.","brand:wikidata":"Q1810389","name":"PTT","name:en":"PTT","name:th":"ป.ต.ท.","@type":"node","@id":12498048771},"geometry":{"type":"Point","coordinates":[99.9929616,13.4183032]}},{"type":"Feature","id":12592949701,"properties":{"amenity":"fuel","brand":"PT","brand:wikidata":"Q62298612","name":"PT","@type":"node","@id":12592949701},"geometry":{"type":"Point","coordinates":[99.8959221,12.4668943]}},{"type":"Feature","id":12592949802,"properties":{"amenity":"fuel","brand":"บางจาก","brand:en":"Bangchak","brand:th":"บางจาก","brand:wikidata":"Q6579719","name":"บางจาก","name:en":"Bangchak","name:th":"บางจาก","@type":"node","@id":12592949802},"geometry":{"type":"Point","coordinates":[99.9273372,12.7334854]}},{"type":"Feature","id":12848761402,"properties":{"amenity":"fuel","@type":"node","@id":12848761402},"geometry":{"type":"Point","coordinates":[99.5748964,12.804466]}},{"type":"Feature","id":13093878177,"properties":{"access":"yes","amenity":"charging_station","brand":"Tesla Supercharger","brand:wikidata":"Q17089620","capacity":"250","fee":"yes","name":"Tesla Supercharger","operator":"Tesla","operator:wikidata":"Q478214","payment:credit_cards":"yes","@type":"node","@id":13093878177},"geometry":{"type":"Point","coordinates":[99.9625998,12.5475197]}},{"type":"Feature","id":13155194071,"properties":{"amenity":"charging_station","brand":"Elexa","@type":"node","@id":13155194071},"geometry":{"type":"Point","coordinates":[99.8834173,13.3460866]}},{"type":"Feature","id":13255364510,"properties":{"amenity":"fuel","brand":"PTT","brand:wikidata":"Q1810389","name":"PTT","@type":"node","@id":13255364510},"geometry":{"type":"Point","coordinates":[99.9075389,13.1181864]}},{"type":"Feature","id":13264618930,"properties":{"amenity":"fuel","brand":"Shell Express","brand:wikidata":"Q2289188","name":"Shell Express","@type":"node","@id":13264618930},"geometry":{"type":"Point","coordinates":[99.8413155,13.3416901]}},{"type":"Feature","id":13264618932,"properties":{"amenity":"fuel","brand":"Caltex","brand:wikidata":"Q277470","name":"Caltex","@type":"node","@id":13264618932},"geometry":{"type":"Point","coordinates":[99.8202897,13.2826683]}},{"type":"Feature","id":13264664063,"properties":{"amenity":"fuel","brand":"Bangchak","@type":"node","@id":13264664063},"geometry":{"type":"Point","coordinates":[99.8935764,13.3486956]}},{"type":"Feature","id":13609055001,"properties":{"amenity":"fuel","check_date":"2026-03-01","name":"Caltex","@type":"node","@id":13609055001},"geometry":{"type":"Point","coordinates":[99.8226873,13.2916391]}},{"type":"Feature","id":13647108147,"properties":{"amenity":"fuel","name":"ปั๊ม PT สาขา เขาย้อย5 (น้ำมัน+LPG)","@type":"node","@id":13647108147},"geometry":{"type":"Point","coordinates":[99.8216233,13.2848323]}},{"type":"Feature","id":13792757054,"properties":{"amenity":"charging_station","brand":"EA anywhere","capacity":"2","socket:type2_combo":"2","socket:type2_combo:output":"120","@type":"node","@id":13792757054},"geometry":{"type":"Point","coordinates":[99.9624725,12.5480596]}},{"type":"Feature","id":13792757055,"properties":{"amenity":"charging_station","brand":"Eosvolt","capacity":"2","socket:type2_cable":"2","socket:type2_cable:output":"21","@type":"node","@id":13792757055},"geometry":{"type":"Point","coordinates":[99.9637655,12.5469204]}},{"type":"Feature","id":256409798,"properties":{"amenity":"fuel","brand":"ป.ต.ท.","brand:en":"PTT","brand:th":"ป.ต.ท.","brand:wikidata":"Q1810389","building":"yes","name":"ป.ต.ท.","name:en":"PTT","name:th":"ป.ต.ท.","source":"GPS","@type":"way","@id":256409798},"geometry":{"type":"Point","coordinates":[99.8226135,13.2963574]}},{"type":"Feature","id":266552728,"properties":{"amenity":"fuel","brand":"ป.ต.ท.","brand:en":"PTT","brand:th":"ป.ต.ท.","brand:wikidata":"Q1810389","brand:wikipedia":"th:ปตท.","building":"yes","name":"PTT","name:en":"PTT","name:th":"ป.ต.ท.","source":"Bing, GPS","@type":"way","@id":266552728},"geometry":{"type":"Point","coordinates":[99.9696809,12.497673]}},{"type":"Feature","id":305135388,"properties":{"amenity":"fuel","building":"yes","name":"Caltex","@type":"way","@id":305135388},"geometry":{"type":"Point","coordinates":[99.9605821,12.5345219]}},{"type":"Feature","id":308703090,"properties":{"amenity":"fuel","brand":"PTT","brand:en":"PTT","brand:th":"ปตท","building":"roof","fuel:diesel":"yes","fuel:lpg":"no","fuel:octane_91":"yes","fuel:octane_95":"yes","name":"PTT","name:en":"PTT","name:th":"ปตท","@type":"way","@id":308703090},"geometry":{"type":"Point","coordinates":[99.9127156,12.8844458]}},{"type":"Feature","id":309110755,"properties":{"amenity":"fuel","brand":"Esso","brand:en":"Esso","brand:th":"เอสโซ่","building":"yes","name":"Esso","name:en":"Esso","name:th":"เอสโซ่","@type":"way","@id":309110755},"geometry":{"type":"Point","coordinates":[100.0561837,13.4348568]}},{"type":"Feature","id":309267359,"properties":{"amenity":"fuel","building":"yes","description":"Lpg","fuel:lpg":"yes","name":"PT","@type":"way","@id":309267359},"geometry":{"type":"Point","coordinates":[99.962312,13.373559]}},{"type":"Feature","id":309888034,"properties":{"amenity":"fuel","brand":"PTT","brand:en":"PTT","brand:th":"ปตท","building":"roof","name":"PTT","name:en":"PTT","name:th":"ปตท","@type":"way","@id":309888034},"geometry":{"type":"Point","coordinates":[99.9383307,13.3571117]}},{"type":"Feature","id":313293139,"properties":{"amenity":"fuel","building":"roof","operator":"independent","@type":"way","@id":313293139},"geometry":{"type":"Point","coordinates":[99.9137215,12.4349104]}},{"type":"Feature","id":313293179,"properties":{"amenity":"fuel","brand":"PTT","brand:en":"PTT","brand:th":"ปตท","building":"roof","name":"PTT","name:en":"PTT","name:th":"ปตท","@type":"way","@id":313293179},"geometry":{"type":"Point","coordinates":[99.9240063,12.4164433]}},{"type":"Feature","id":313293210,"properties":{"amenity":"fuel","brand":"PT","brand:en":"PT","brand:th":"พีที","building":"roof","name":"PT","name:en":"PT","name:th":"พีที","@type":"way","@id":313293210},"geometry":{"type":"Point","coordinates":[99.9127783,12.4343382]}},{"type":"Feature","id":314587436,"properties":{"amenity":"fuel","building":"roof","name":"ปตท","name:en":"PTT NGV","name:th":"ปตท","@type":"way","@id":314587436},"geometry":{"type":"Point","coordinates":[99.8933959,12.4817496]}},{"type":"Feature","id":314587482,"properties":{"amenity":"fuel","building":"roof","name":"ปตท","name:en":"PTT","name:th":"ปตท","@type":"way","@id":314587482},"geometry":{"type":"Point","coordinates":[99.8929955,12.4816542]}},{"type":"Feature","id":314590564,"properties":{"amenity":"fuel","building":"roof","name":"Bangchak","@type":"way","@id":314590564},"geometry":{"type":"Point","coordinates":[99.9119946,12.4355461]}},{"type":"Feature","id":339859856,"properties":{"amenity":"fuel","brand":"เชลล์","brand:en":"Shell","brand:th":"เชลล์","brand:wikidata":"Q110716465","building":"roof","name":"Shell","name:en":"Shell","name:th":"เชลล์","operator":"Shell","@type":"way","@id":339859856},"geometry":{"type":"Point","coordinates":[99.9522573,12.5811451]}},{"type":"Feature","id":339859857,"properties":{"amenity":"fuel","brand":"บางจาก","brand:en":"Bangchak","brand:th":"บางจาก","brand:wikidata":"Q6579719","building":"roof","name":"บางจาก","name:en":"Bangchak","name:th":"บางจาก","@type":"way","@id":339859857},"geometry":{"type":"Point","coordinates":[99.9526007,12.58224]}},{"type":"Feature","id":340046814,"properties":{"amenity":"fuel","brand":"ป.ต.ท.","brand:en":"PTT","brand:th":"ป.ต.ท.","brand:wikidata":"Q1810389","brand:wikipedia":"th:ปตท.","building":"roof","layer":"1","name":"ปตท","name:en":"PTT","name:th":"ปตท","operator":"PTT","source":"GPS","website":"www.pttplc.com","@type":"way","@id":340046814},"geometry":{"type":"Point","coordinates":[99.9718021,12.7988939]}},{"type":"Feature","id":340244112,"properties":{"amenity":"fuel","building":"roof","name":"Independent fuel station","noname":"yes","source":"bing","@type":"way","@id":340244112},"geometry":{"type":"Point","coordinates":[99.6753405,12.7830394]}},{"type":"Feature","id":340245548,"properties":{"amenity":"fuel","brand":"PT","brand:en":"PT","brand:th":"พีที","brand:wikidata":"Q62298612","building":"yes","layer":"1","name":"PT","name:en":"PT","name:th":"พีที","source":"Bing","@type":"way","@id":340245548},"geometry":{"type":"Point","coordinates":[99.7471301,12.9292407]}},{"type":"Feature","id":340247379,"properties":{"amenity":"fuel","building":"roof","fuel:cng":"yes","name":"P T T NGV","source":"Bing, GPS","@type":"way","@id":340247379},"geometry":{"type":"Point","coordinates":[99.7119239,13.1141648]}},{"type":"Feature","id":340247380,"properties":{"amenity":"fuel","building":"roof","name":"PTT","name:th":"PTT มีE20","roof":"yes","source":"Bing, GPS","@type":"way","@id":340247380},"geometry":{"type":"Point","coordinates":[99.712286,13.1144356]}},{"type":"Feature","id":340928323,"properties":{"amenity":"fuel","brand":"ป.ต.ท.","brand:en":"PTT","brand:th":"ป.ต.ท.","brand:wikidata":"Q1810389","building":"roof","name":"ป.ต.ท.","name:en":"PTT","name:th":"ป.ต.ท.","@type":"way","@id":340928323},"geometry":{"type":"Point","coordinates":[99.9521088,12.6714771]}},{"type":"Feature","id":340938246,"properties":{"amenity":"fuel","building":"roof","name":"PTT","source":"GPS","@type":"way","@id":340938246},"geometry":{"type":"Point","coordinates":[99.9606989,12.7466916]}},{"type":"Feature","id":341123711,"properties":{"amenity":"fuel","building":"roof","name":"Independent Fuel Station","source":"GPS","@type":"way","@id":341123711},"geometry":{"type":"Point","coordinates":[100.0012914,12.8698997]}},{"type":"Feature","id":341124558,"properties":{"amenity":"fuel","brand":"PTT","brand:en":"PTT","brand:th":"ปตท","building":"roof","name":"PTT","name:en":"PTT","name:th":"ปตท","@type":"way","@id":341124558},"geometry":{"type":"Point","coordinates":[99.9012248,12.9600144]}},{"type":"Feature","id":388402633,"properties":{"amenity":"fuel","name":"Bangchak","@type":"way","@id":388402633},"geometry":{"type":"Point","coordinates":[100.0324332,13.420436]}},{"type":"Feature","id":388402634,"properties":{"amenity":"fuel","fuel:lpg":"yes","name":"Bangchak","@type":"way","@id":388402634},"geometry":{"type":"Point","coordinates":[100.0322525,13.4206997]}},{"type":"Feature","id":820532868,"properties":{"amenity":"fuel","building":"roof","fuel:lpg":"yes","name":"LPG Station","source":"Bing","@type":"way","@id":820532868},"geometry":{"type":"Point","coordinates":[99.8658343,13.3454183]}},{"type":"Feature","id":820533449,"properties":{"amenity":"fuel","building":"roof","fuel:octane_91":"yes","name":"Fuel Station","source":"Bing","@type":"way","@id":820533449},"geometry":{"type":"Point","coordinates":[99.8659988,13.3454431]}},{"type":"Feature","id":820533450,"properties":{"amenity":"fuel","brand":"เอสโซ่","brand:en":"Esso","brand:th":"เอสโซ่","brand:wikidata":"Q867662","building":"roof","name":"Esso","name:en":"Esso","name:th":"เอสโซ่","note":"New, not on aerials.","source":"Bing","@type":"way","@id":820533450},"geometry":{"type":"Point","coordinates":[99.8712411,13.3447208]}},{"type":"Feature","id":820534930,"properties":{"amenity":"fuel","building":"roof","layer":"1","name":"PT","source":"Bing","@type":"way","@id":820534930},"geometry":{"type":"Point","coordinates":[99.883256,13.3462254]}},{"type":"Feature","id":820534933,"properties":{"amenity":"fuel","brand":"บางจาก","brand:en":"Bangchak","brand:th":"บางจาก","brand:wikidata":"Q6579719","building":"roof","name":"Bangchak","name:en":"Bangchak","name:th":"บางจาก","source":"Bing","@type":"way","@id":820534933},"geometry":{"type":"Point","coordinates":[99.8842076,13.3451264]}},{"type":"Feature","id":903650862,"properties":{"amenity":"fuel","brand":"เชลล์","brand:en":"Shell","brand:th":"เชลล์","brand:wikidata":"Q154950","brand:wikipedia":"en:Royal Dutch Shell","building":"roof","layer":"1","name":"Shell","name:en":"Shell","name:th":"เชลล์","@type":"way","@id":903650862},"geometry":{"type":"Point","coordinates":[99.972535,12.7982162]}},{"type":"Feature","id":1024178808,"properties":{"amenity":"fuel","brand":"บางจาก","brand:en":"Bangchak","brand:th":"บางจาก","building":"roof","name":"บางจาก","name:en":"Bangchak","name:th":"บางจาก","@type":"way","@id":1024178808},"geometry":{"type":"Point","coordinates":[99.7469638,12.9386086]}},{"type":"Feature","id":1026260736,"properties":{"amenity":"fuel","building":"yes","layer":"1","operator":"independent","source":"Bing","@type":"way","@id":1026260736},"geometry":{"type":"Point","coordinates":[99.8076689,12.5834012]}},{"type":"Feature","id":1026260739,"properties":{"amenity":"fuel","brand":"ป.ต.ท.","brand:en":"PTT","brand:th":"ป.ต.ท.","brand:wikidata":"Q1810389","brand:wikipedia":"th:ปตท.","building":"yes","layer":"1","name":"ป.ต.ท.","name:en":"PTT","name:th":"ป.ต.ท.","source":"Bing","@type":"way","@id":1026260739},"geometry":{"type":"Point","coordinates":[99.7792732,12.5947809]}},{"type":"Feature","id":1026261639,"properties":{"amenity":"fuel","brand":"บางจาก","brand:en":"Bangchak","brand:th":"บางจาก","brand:wikidata":"Q6579719","brand:wikipedia":"th:บางจาก คอร์ปอเรชั่น","building":"roof","fuel:biodiesel":"yes","fuel:e20":"yes","fuel:gasohol_91":"yes","fuel:octane_91":"yes","layer":"1","name":"บางจาก","name:en":"Bangchak","name:th":"บางจาก","source":"Bing","@type":"way","@id":1026261639},"geometry":{"type":"Point","coordinates":[99.7323998,12.5886088]}},{"type":"Feature","id":1028324342,"properties":{"amenity":"fuel","building":"roof","name":"PTT","source":"Bing","@type":"way","@id":1028324342},"geometry":{"type":"Point","coordinates":[99.7453235,12.9335527]}},{"type":"Feature","id":1028324351,"properties":{"amenity":"fuel","brand":"P Fuel","building":"roof","fuel:diesel":"yes","fuel:gasohol_91":"yes","name":"P Fuel","source":"Bing","@type":"way","@id":1028324351},"geometry":{"type":"Point","coordinates":[99.7434478,12.9254732]}},{"type":"Feature","id":1028931563,"properties":{"amenity":"fuel","building":"roof","name":"Shell","source":"Bing","@type":"way","@id":1028931563},"geometry":{"type":"Point","coordinates":[99.8865026,12.3730491]}},{"type":"Feature","id":1028931565,"properties":{"amenity":"fuel","building":"roof","name":"Bangchak","source":"Bing, GPS","@type":"way","@id":1028931565},"geometry":{"type":"Point","coordinates":[99.8913601,12.3782657]}},{"type":"Feature","id":1028931575,"properties":{"amenity":"fuel","building":"roof","name":"PT","source":"Bing","@type":"way","@id":1028931575},"geometry":{"type":"Point","coordinates":[99.8871426,12.3700125]}},{"type":"Feature","id":1135436948,"properties":{"amenity":"fuel","building":"roof","name":"Caltex","@type":"way","@id":1135436948},"geometry":{"type":"Point","coordinates":[99.8206293,13.3760515]}},{"type":"Feature","id":1136358252,"properties":{"amenity":"fuel","building":"roof","fuel:diesel":"yes","fuel:lpg":"no","fuel:octane_91":"yes","fuel:octane_95":"yes","name":"PTT","source":"Maxar Premium","@type":"way","@id":1136358252},"geometry":{"type":"Point","coordinates":[99.9011759,12.9876998]}},{"type":"Feature","id":1136723139,"properties":{"amenity":"fuel","building":"roof","name":"Bangchak","source":"Maxar Premium","@type":"way","@id":1136723139},"geometry":{"type":"Point","coordinates":[99.9106425,12.8920484]}},{"type":"Feature","id":1136723609,"properties":{"amenity":"fuel","building":"roof","fuel:lpg":"yes","fuel:octane_91":"no","fuel:octane_95":"no","name":"PT LPG","source":"Maxar Premium","@type":"way","@id":1136723609},"geometry":{"type":"Point","coordinates":[99.8255516,13.2185081]}},{"type":"Feature","id":1136726916,"properties":{"amenity":"fuel","building":"roof","fuel:lpg":"yes","fuel:octane_91":"no","fuel:octane_95":"no","name":"PTT LPG","source":"Maxar Premium","@type":"way","@id":1136726916},"geometry":{"type":"Point","coordinates":[99.795237,13.4848373]}},{"type":"Feature","id":1136729654,"properties":{"amenity":"fuel","building":"roof","name":"PT","source":"Maxar Premium","@type":"way","@id":1136729654},"geometry":{"type":"Point","coordinates":[99.9502017,12.8054142]}},{"type":"Feature","id":1136732557,"properties":{"amenity":"fuel","brand":"PTT","brand:en":"PTT","brand:th":"ปตท","building":"roof","fuel:lpg":"yes","name":"PTT LPG","name:en":"PTT","name:th":"ปตท","@type":"way","@id":1136732557},"geometry":{"type":"Point","coordinates":[99.9131986,12.8844417]}},{"type":"Feature","id":1136732559,"properties":{"amenity":"fuel","brand":"PT","building":"roof","fuel:diesel":"no","fuel:lpg":"yes","fuel:octane_91":"no","fuel:octane_95":"no","name":"PT LPG","source":"Bing","@type":"way","@id":1136732559},"geometry":{"type":"Point","coordinates":[99.9113167,12.8852655]}},{"type":"Feature","id":1136732560,"properties":{"amenity":"fuel","brand":"PT","building":"roof","fuel:diesel":"yes","fuel:lpg":"no","fuel:octane_91":"yes","fuel:octane_95":"yes","name":"PT","source":"Bing","@type":"way","@id":1136732560},"geometry":{"type":"Point","coordinates":[99.9116475,12.8853065]}},{"type":"Feature","id":1136739404,"properties":{"amenity":"fuel","building":"roof","layer":"1","name":"PT","source":"Maxar Premium","@type":"way","@id":1136739404},"geometry":{"type":"Point","coordinates":[99.8268058,13.3538476]}},{"type":"Feature","id":1136739412,"properties":{"amenity":"fuel","brand":"PT","building":"roof","fuel:lpg":"yes","layer":"1","name":"PT LPG","source":"Maxar Premium","@type":"way","@id":1136739412},"geometry":{"type":"Point","coordinates":[99.8280471,13.3521967]}},{"type":"Feature","id":1148168920,"properties":{"amenity":"fuel","building":"roof","@type":"way","@id":1148168920},"geometry":{"type":"Point","coordinates":[99.680622,12.7283983]}},{"type":"Feature","id":1231880439,"properties":{"amenity":"fuel","brand":"เอสโซ่","brand:en":"Esso","brand:th":"เอสโซ่","brand:wikidata":"Q867662","building":"roof","level":"1","name":"เอสโซ่","name:en":"Esso","name:th":"เอสโซ่","@type":"way","@id":1231880439},"geometry":{"type":"Point","coordinates":[99.7975171,12.8037094]}},{"type":"Feature","id":1237461800,"properties":{"amenity":"fuel","brand":"บางจาก","brand:en":"Bangchak","brand:th":"บางจาก","brand:wikidata":"Q6579719","building":"roof","name":"บางจาก","name:en":"Bangchak","name:th":"บางจาก","@type":"way","@id":1237461800},"geometry":{"type":"Point","coordinates":[99.9421693,12.8123967]}},{"type":"Feature","id":1237461803,"properties":{"amenity":"fuel","brand":"บางจาก","brand:en":"Bangchak","brand:th":"บางจาก","brand:wikidata":"Q6579719","building":"roof","layer":"1","name":"บางจาก","name:en":"Bangchak","name:th":"บางจาก","@type":"way","@id":1237461803},"geometry":{"type":"Point","coordinates":[99.9409627,12.8180073]}},{"type":"Feature","id":1237461806,"properties":{"amenity":"fuel","brand":"ป.ต.ท.","brand:en":"PTT","brand:th":"ป.ต.ท.","brand:wikidata":"Q1810389","building":"roof","layer":"1","name":"ป.ต.ท. ลุงเท่ง","name:en":"PTT","name:th":"ป.ต.ท. ลุงเท่ง","operator":"ห้างหุ้นส่วนจำกัดอุไรรัตน์ชะอำปิโตรเลียม","@type":"way","@id":1237461806},"geometry":{"type":"Point","coordinates":[99.942019,12.8154466]}},{"type":"Feature","id":1237461807,"properties":{"amenity":"fuel","brand":"ป.ต.ท.","brand:en":"PTT","brand:th":"ป.ต.ท.","brand:wikidata":"Q1810389","building":"roof","layer":"1","name":"ป.ต.ท. ลุงเท่ง","name:en":"PTT","name:th":"ป.ต.ท. ลุงเท่ง","@type":"way","@id":1237461807},"geometry":{"type":"Point","coordinates":[99.9413086,12.8146699]}},{"type":"Feature","id":1237472587,"properties":{"amenity":"fuel","brand":"PT","brand:wikidata":"Q62298612","building":"roof","name":"PT","@type":"way","@id":1237472587},"geometry":{"type":"Point","coordinates":[99.9387503,12.7825326]}},{"type":"Feature","id":1240434674,"properties":{"amenity":"fuel","building":"roof","layer":"1","@type":"way","@id":1240434674},"geometry":{"type":"Point","coordinates":[99.8054327,12.7397519]}},{"type":"Feature","id":1259689447,"properties":{"amenity":"fuel","brand":"เชลล์","brand:en":"Shell","brand:th":"เชลล์","brand:wikidata":"Q110716465","building":"roof","layer":"1","name":"Shell","name:en":"Shell","name:th":"เชลล์","@type":"way","@id":1259689447},"geometry":{"type":"Point","coordinates":[99.9198703,12.8635087]}},{"type":"Feature","id":1313701603,"properties":{"amenity":"fuel","brand":"ป.ต.ท.","brand:en":"PTT","brand:th":"ป.ต.ท.","brand:wikidata":"Q1810389","name":"PTT","name:en":"PTT","name:th":"ป.ต.ท.","@type":"way","@id":1313701603},"geometry":{"type":"Point","coordinates":[99.9140087,12.3902941]}},{"type":"Feature","id":1313717079,"properties":{"amenity":"fuel","brand":"เชลล์","brand:en":"Shell","brand:th":"เชลล์","brand:wikidata":"Q110716465","fuel:diesel":"yes","fuel:octane_91":"yes","fuel:octane_95":"yes","name":"Shell","name:en":"Shell","name:th":"เชลล์","shop":"convenience","@type":"way","@id":1313717079},"geometry":{"type":"Point","coordinates":[99.9218404,12.3975553]}},{"type":"Feature","id":1378366373,"properties":{"amenity":"fuel","brand":"ป.ต.ท.","brand:en":"PTT","brand:th":"ป.ต.ท.","brand:wikidata":"Q1810389","name":"ป.ต.ท.","name:en":"PTT","name:th":"ป.ต.ท.","@type":"way","@id":1378366373},"geometry":{"type":"Point","coordinates":[99.972153,13.4172659]}},{"type":"Feature","id":1445718149,"properties":{"amenity":"fuel","building":"roof","@type":"way","@id":1445718149},"geometry":{"type":"Point","coordinates":[99.8272901,13.3210332]}},{"type":"Feature","id":1484204175,"properties":{"amenity":"fuel","brand":"บางจาก","brand:en":"Bangchak","brand:th":"บางจาก","brand:wikidata":"Q6579719","check_date":"2026-03-01","name":"บางจาก","name:en":"Bangchak","name:th":"บางจาก","@type":"way","@id":1484204175},"geometry":{"type":"Point","coordinates":[99.8247748,13.3083421]}},{"type":"Feature","id":1498837330,"properties":{"amenity":"fuel","name":"Caltex","@type":"way","@id":1498837330},"geometry":{"type":"Point","coordinates":[99.8204362,13.3759935]}},{"type":"Feature","id":1498837332,"properties":{"amenity":"fuel","name":"Bangchak","@type":"way","@id":1498837332},"geometry":{"type":"Point","coordinates":[99.9216253,12.42279]}},{"type":"Feature","id":1498852488,"properties":{"amenity":"fuel","brand":"PT","name:en":"PT","name:th":"ปั้มบางจาก","@type":"way","@id":1498852488},"geometry":{"type":"Point","coordinates":[99.795145,13.4936488]}},{"type":"Feature","id":311080681,"properties":{"amenity":"fuel","brand":"Caltex","name":"Caltex","name:en":"Caltex","name:th":"คาลเท็กซ์","website":"https://www.caltex.com/","@type":"node","@id":311080681},"geometry":{"type":"Point","coordinates":[100.6189359,14.1013869]}},{"type":"Feature","id":418689612,"properties":{"amenity":"fuel","check_date":"2026-01-28","name":"ป.ต.ท.","name:en":"PTT","website":"www.pttplc.com","@type":"node","@id":418689612},"geometry":{"type":"Point","coordinates":[102.1170283,14.9895101]}},{"type":"Feature","id":493543980,"properties":{"amenity":"fuel","name":"ป.ต.ท.","name:en":"PTT","operator":"PTT","website":"www.pttplc.com","@type":"node","@id":493543980},"geometry":{"type":"Point","coordinates":[100.610346,14.7915188]}},{"type":"Feature","id":501834723,"properties":{"amenity":"fuel","brand":"เชลล์","brand:en":"Shell","brand:th":"เชลล์","brand:wikidata":"Q110716465","name":"Shell","name:en":"Shell","name:th":"เชลล์","@type":"node","@id":501834723},"geometry":{"type":"Point","coordinates":[102.1179359,14.9597702]}},{"type":"Feature","id":598440819,"properties":{"amenity":"fuel","operator":"Sunny","source":"survey","@type":"node","@id":598440819},"geometry":{"type":"Point","coordinates":[100.6178697,14.1362066]}},{"type":"Feature","id":667238062,"properties":{"amenity":"fuel","name":"บางจาก","name:en":"Bangchak","operator":"Bangchak","operator:en":"Bangchak","operator:th":"บางจาก","source":"GPS; sign","website":"https://www.bangchak.co.th/","@type":"node","@id":667238062},"geometry":{"type":"Point","coordinates":[100.7477518,14.1628454]}},{"type":"Feature","id":667751157,"properties":{"amenity":"fuel","name":"บางจาก","name:en":"Bangchak","operator":"Bangchak","operator:en":"Bangchak","operator:th":"บางจาก","source":"GPS; sign","website":"https://www.bangchak.co.th/","@type":"node","@id":667751157},"geometry":{"type":"Point","coordinates":[100.8239079,14.2008423]}},{"type":"Feature","id":935482650,"properties":{"amenity":"fuel","brand":"PTT","fuel:cng":"yes","name":"ป.ต.ท.","name:en":"PTT","operator":"PTT","website":"www.pttplc.com","@type":"node","@id":935482650},"geometry":{"type":"Point","coordinates":[100.6189434,14.123246]}},{"type":"Feature","id":942248383,"properties":{"amenity":"fuel","brand":"ป.ต.ท.","brand:en":"PTT","brand:th":"ป.ต.ท.","brand:wikidata":"Q1810389","name":"ป.ต.ท.","name:en":"PTT","name:th":"ป.ต.ท.","source":"GPS; sign","website":"https://www.pttplc.com","@type":"node","@id":942248383},"geometry":{"type":"Point","coordinates":[101.9635735,14.9263932]}},{"type":"Feature","id":946247380,"properties":{"amenity":"fuel","brand":"Bangchak","@type":"node","@id":946247380},"geometry":{"type":"Point","coordinates":[101.7980558,15.2028604]}},{"type":"Feature","id":957703736,"properties":{"amenity":"fuel","brand":"ป.ต.ท.","brand:en":"PTT","brand:th":"ป.ต.ท.","brand:wikidata":"Q1810389","name":"ป.ต.ท.","name:en":"PTT","name:th":"ป.ต.ท.","@type":"node","@id":957703736},"geometry":{"type":"Point","coordinates":[100.6176489,14.1515609]}},{"type":"Feature","id":957703739,"properties":{"amenity":"fuel","name":"ป.ต.ท.","name:en":"PTT","source":"GPS; sign","website":"www.pttplc.com","@type":"node","@id":957703739},"geometry":{"type":"Point","coordinates":[100.8178413,14.2890265]}},{"type":"Feature","id":958304576,"properties":{"amenity":"fuel","brand":"ป.ต.ท.","brand:en":"PTT","brand:th":"ป.ต.ท.","brand:wikidata":"Q1810389","check_date":"2025-09-13","compressed_air":"yes","name":"ป.ต.ท.","name:en":"PTT","name:th":"ป.ต.ท.","opening_hours":"24/7","source":"GPS; sign","website":"www.pttplc.com","@type":"node","@id":958304576},"geometry":{"type":"Point","coordinates":[101.3323131,14.6588656]}},{"type":"Feature","id":958304959,"properties":{"amenity":"fuel","name":"ป.ต.ท.","name:en":"PTT","source":"GPS; sign","website":"www.pttplc.com","@type":"node","@id":958304959},"geometry":{"type":"Point","coordinates":[101.4113487,14.663962]}},{"type":"Feature","id":958305175,"properties":{"amenity":"fuel","brand":"ป.ต.ท.","brand:en":"PTT","brand:th":"ป.ต.ท.","brand:wikidata":"Q1810389","check_date":"2025-09-13","compressed_air":"yes","name":"ป.ต.ท.","name:en":"PTT","name:th":"ป.ต.ท.","opening_hours":"24/7","source":"GPS; sign","website":"www.pttplc.com","@type":"node","@id":958305175},"geometry":{"type":"Point","coordinates":[101.3173175,14.6549941]}},{"type":"Feature","id":959230722,"properties":{"amenity":"fuel","brand":"Bangchak","@type":"node","@id":959230722},"geometry":{"type":"Point","coordinates":[100.7192135,15.0627336]}},{"type":"Feature","id":960330093,"properties":{"amenity":"fuel","brand":"ป.ต.ท.","brand:en":"PTT","brand:th":"ป.ต.ท.","brand:wikidata":"Q1810389","name":"ป.ต.ท.","name:en":"PTT","name:th":"ป.ต.ท.","source":"GPS; sign","website":"https://www.pttplc.com","@type":"node","@id":960330093},"geometry":{"type":"Point","coordinates":[102.1497413,15.0433656]}},{"type":"Feature","id":961227833,"properties":{"amenity":"fuel","@type":"node","@id":961227833},"geometry":{"type":"Point","coordinates":[100.607918,14.44535]}},{"type":"Feature","id":965412662,"properties":{"amenity":"fuel","fuel:diesel":"yes","fuel:gasohol_91":"yes","fuel:gasohol_95":"yes","fuel:gasoline_91":"yes","name":"ป.ต.ท.","name:en":"PTT","source":"Bing; sign","website":"www.pttplc.com","@type":"node","@id":965412662},"geometry":{"type":"Point","coordinates":[100.6077709,14.2028963]}},{"type":"Feature","id":1027858980,"properties":{"amenity":"fuel","brand":"ป.ต.ท.","brand:en":"PTT","brand:th":"ป.ต.ท.","brand:wikidata":"Q1810389","name":"PTT","name:en":"PTT","name:th":"ปตท","source":"Bing; sign","website":"www.pttplc.com","@type":"node","@id":1027858980},"geometry":{"type":"Point","coordinates":[102.0538114,14.9901384]}},{"type":"Feature","id":1027914201,"properties":{"amenity":"fuel","brand":"ป.ต.ท.","brand:en":"PTT","brand:th":"ป.ต.ท.","brand:wikidata":"Q1810389","name":"ป.ต.ท.","name:en":"PTT","name:th":"ป.ต.ท.","source":"GPS; sign","website":"https://www.pttplc.com","@type":"node","@id":1027914201},"geometry":{"type":"Point","coordinates":[101.931447,14.9115317]}},{"type":"Feature","id":1029266218,"properties":{"amenity":"fuel","brand":"ป.ต.ท.","brand:en":"PTT","brand:th":"ป.ต.ท.","brand:wikidata":"Q1810389","check_date":"2025-09-13","name":"PTT","name:en":"PTT","name:th":"ปตท","@type":"node","@id":1029266218},"geometry":{"type":"Point","coordinates":[101.6899368,14.8599124]}},{"type":"Feature","id":1029352713,"properties":{"amenity":"fuel","name":"ป.ต.ท.","name:en":"PTT","source":"GPS; sign","website":"www.pttplc.com","@type":"node","@id":1029352713},"geometry":{"type":"Point","coordinates":[101.4336012,14.6663481]}},{"type":"Feature","id":1035009178,"properties":{"amenity":"fuel","fuel:cng":"yes","name":"ป.ต.ท.","name:en":"PTT","source":"GPS; sign","website":"www.pttplc.com","@type":"node","@id":1035009178},"geometry":{"type":"Point","coordinates":[100.8206685,14.2909877]}},{"type":"Feature","id":1035179971,"properties":{"amenity":"fuel","name":"ป.ต.ท.","name:en":"PTT","source":"GPS; sign","website":"www.pttplc.com","@type":"node","@id":1035179971},"geometry":{"type":"Point","coordinates":[100.6642441,14.2039948]}},{"type":"Feature","id":1342672598,"properties":{"amenity":"fuel","@type":"node","@id":1342672598},"geometry":{"type":"Point","coordinates":[100.839052,14.7081407]}},{"type":"Feature","id":1551420943,"properties":{"amenity":"fuel","name":"Gas Station","@type":"node","@id":1551420943},"geometry":{"type":"Point","coordinates":[101.0756136,14.459927]}},{"type":"Feature","id":1609809877,"properties":{"amenity":"fuel","fuel:diesel":"yes","fuel:e20":"yes","fuel:gasohol_91":"yes","fuel:gasohol_95":"yes","fuel:gasoline_91":"yes","name":"ป.ต.ท.","name:en":"PTT","name:th":"ป.ต.ท.ทับลาน","source":"GPS","toilets:wheelchair":"yes","website":"www.pttplc.com","wheelchair":"yes","@type":"node","@id":1609809877},"geometry":{"type":"Point","coordinates":[101.9003287,14.2164167]}},{"type":"Feature","id":1653910064,"properties":{"amenity":"fuel","fuel:diesel":"yes","fuel:gasohol_95":"yes","fuel:gasoline_91":"yes","name":"ป.ต.ท.","name:en":"PTT","source":"Bing; sign","website":"www.pttplc.com","@type":"node","@id":1653910064},"geometry":{"type":"Point","coordinates":[101.4455896,14.1312237]}},{"type":"Feature","id":1653910065,"properties":{"amenity":"fuel","fuel:cng":"yes","name":"ป.ต.ท.","name:en":"PTT","source":"Bing; sign","website":"www.pttplc.com","@type":"node","@id":1653910065},"geometry":{"type":"Point","coordinates":[101.2949775,14.1496232]}},{"type":"Feature","id":1654279664,"properties":{"amenity":"fuel","fuel:cng":"yes","name":"ป.ต.ท.","name:en":"PTT","source":"Bing; sign","website":"www.pttplc.com","@type":"node","@id":1654279664},"geometry":{"type":"Point","coordinates":[101.8995281,14.216732]}},{"type":"Feature","id":1721834829,"properties":{"amenity":"fuel","brand":"ป.ต.ท.","brand:en":"PTT","brand:th":"ป.ต.ท.","brand:wikidata":"Q1810389","fuel:diesel":"yes","fuel:gasohol_91":"yes","fuel:gasohol_95":"yes","fuel:gasoline_91":"yes","name":"ป.ต.ท.","name:en":"PTT","name:th":"ป.ต.ท.","source":"GPS","website":"https://www.pttplc.com","@type":"node","@id":1721834829},"geometry":{"type":"Point","coordinates":[102.0252013,14.7617683]}},{"type":"Feature","id":1721835086,"properties":{"amenity":"fuel","brand":"ป.ต.ท.","brand:en":"PTT","brand:th":"ป.ต.ท.","brand:wikidata":"Q1810389","fuel:diesel":"yes","fuel:e20":"yes","fuel:gasohol_91":"yes","fuel:gasohol_95":"yes","fuel:gasoline_91":"yes","name":"ป.ต.ท.","name:en":"PTT","name:th":"ป.ต.ท.","source":"survey","website":"https://www.pttplc.com","@type":"node","@id":1721835086},"geometry":{"type":"Point","coordinates":[102.3461003,14.7471613]}},{"type":"Feature","id":1837478926,"properties":{"amenity":"fuel","fuel:diesel":"yes","fuel:gasohol_91":"yes","fuel:gasohol_95":"yes","fuel:gasoline_91":"yes","name":"ป.ต.ท.","name:en":"PTT","source":"Bing; sign","website":"www.pttplc.com","@type":"node","@id":1837478926},"geometry":{"type":"Point","coordinates":[100.668394,14.7937375]}},{"type":"Feature","id":2128753411,"properties":{"amenity":"fuel","check_date":"2025-08-28","name:en":"PT","website":"https://www.caltex.com/","@type":"node","@id":2128753411},"geometry":{"type":"Point","coordinates":[102.1231775,14.9515458]}},{"type":"Feature","id":2128753414,"properties":{"amenity":"fuel","check_date":"2025-08-06","name":"ป.ต.ท.","name:en":"PTT","website":"www.pttplc.com","@type":"node","@id":2128753414},"geometry":{"type":"Point","coordinates":[102.1328811,14.9389417]}},{"type":"Feature","id":2130322044,"properties":{"amenity":"fuel","name":"คาลเท็กซ์","name:en":"Caltex","website":"https://www.caltex.com/","@type":"node","@id":2130322044},"geometry":{"type":"Point","coordinates":[102.1640497,14.7461511]}},{"type":"Feature","id":2130322046,"properties":{"amenity":"fuel","name":"ป.ต.ท.","name:en":"PTT","website":"www.pttplc.com","@type":"node","@id":2130322046},"geometry":{"type":"Point","coordinates":[102.1920103,14.6651915]}},{"type":"Feature","id":2130322047,"properties":{"amenity":"fuel","name":"เชลล์","name:en":"Shell","website":"https://www.shell.co.th/","@type":"node","@id":2130322047},"geometry":{"type":"Point","coordinates":[102.2203959,14.547503]}},{"type":"Feature","id":2130326637,"properties":{"amenity":"fuel","name":"ป.ต.ท.","name:en":"PTT","website":"www.pttplc.com","@type":"node","@id":2130326637},"geometry":{"type":"Point","coordinates":[102.1906344,14.8507568]}},{"type":"Feature","id":2274178291,"properties":{"amenity":"fuel","brand":"Susco","name:en":"Susco","@type":"node","@id":2274178291},"geometry":{"type":"Point","coordinates":[100.60973,14.1917275]}},{"type":"Feature","id":2283746500,"properties":{"amenity":"fuel","name":"ปั้มน้ำมัน P.T.","@type":"node","@id":2283746500},"geometry":{"type":"Point","coordinates":[102.0928796,14.9223693]}},{"type":"Feature","id":2283929922,"properties":{"amenity":"fuel","name":"ปั้มนํ้ามัน","@type":"node","@id":2283929922},"geometry":{"type":"Point","coordinates":[102.0979417,14.9287437]}},{"type":"Feature","id":2333069296,"properties":{"amenity":"fuel","fixme":"Operator?","@type":"node","@id":2333069296},"geometry":{"type":"Point","coordinates":[101.7169199,14.9014893]}},{"type":"Feature","id":2647332726,"properties":{"amenity":"fuel","brand":"เชลล์","brand:en":"Shell","brand:th":"เชลล์","brand:wikidata":"Q110716465","name":"เชลล์","name:en":"Shell","name:th":"เชลล์","@type":"node","@id":2647332726},"geometry":{"type":"Point","coordinates":[102.1928569,14.7432357]}},{"type":"Feature","id":2647409334,"properties":{"amenity":"fuel","brand":"ป.ต.ท.","brand:en":"PTT","brand:th":"ป.ต.ท.","brand:wikidata":"Q1810389","name":"PTT","name:en":"PTT","name:th":"ป.ต.ท.","@type":"node","@id":2647409334},"geometry":{"type":"Point","coordinates":[102.1548508,14.7399994]}},{"type":"Feature","id":2676351774,"properties":{"amenity":"fuel","name":"ป.ต.ท.","name:en":"PTT","opening_hours":"24/7","website":"www.pttplc.com","@type":"node","@id":2676351774},"geometry":{"type":"Point","coordinates":[101.3778319,14.1347232]}},{"type":"Feature","id":2676354064,"properties":{"amenity":"fuel","@type":"node","@id":2676354064},"geometry":{"type":"Point","coordinates":[101.1188539,14.9636476]}},{"type":"Feature","id":2676354066,"properties":{"amenity":"fuel","@type":"node","@id":2676354066},"geometry":{"type":"Point","coordinates":[101.1213064,15.0739825]}},{"type":"Feature","id":2676354069,"properties":{"amenity":"fuel","@type":"node","@id":2676354069},"geometry":{"type":"Point","coordinates":[101.1216608,15.1175686]}},{"type":"Feature","id":2676354108,"properties":{"amenity":"fuel","@type":"node","@id":2676354108},"geometry":{"type":"Point","coordinates":[101.127582,15.2251876]}},{"type":"Feature","id":2710290207,"properties":{"amenity":"fuel","brand":"ป.ต.ท.","brand:en":"PTT","brand:th":"ป.ต.ท.","brand:wikidata":"Q1810389","compressed_air":"yes","name":"ปตท.ผู้ใหญ่เกษม พญาเย็น","name:en":"PTT Station","name:th":"ปตท.ผู้ใหญ่เกษม พญาเย็น","note":"Diesel B5; Gasohol 91","opening_hours":"24/7","operator":"ปตท","operator:en":"PTT","operator:th":"ปตท","website":"www.pttplc.com","@type":"node","@id":2710290207},"geometry":{"type":"Point","coordinates":[101.2351013,14.6330462]}},{"type":"Feature","id":3280808133,"properties":{"amenity":"fuel","name":"Fuel Station","source":"GPS","@type":"node","@id":3280808133},"geometry":{"type":"Point","coordinates":[101.2223618,15.2938003]}},{"type":"Feature","id":3280899839,"properties":{"amenity":"fuel","name":"Fuel Station","source":"GPS","@type":"node","@id":3280899839},"geometry":{"type":"Point","coordinates":[101.1961609,14.8552262]}},{"type":"Feature","id":3280899840,"properties":{"amenity":"fuel","name":"Fuel Station","source":"GPS","@type":"node","@id":3280899840},"geometry":{"type":"Point","coordinates":[101.1400309,14.8447758]}},{"type":"Feature","id":3281061542,"properties":{"amenity":"fuel","name":"Fuel Station","source":"GPS","@type":"node","@id":3281061542},"geometry":{"type":"Point","coordinates":[101.1219084,14.8237753]}},{"type":"Feature","id":3281091234,"properties":{"amenity":"fuel","compressed_air":"yes","name":"Bangchak","opening_hours":"24/7","source":"GPS","@type":"node","@id":3281091234},"geometry":{"type":"Point","coordinates":[101.0134493,14.6061914]}},{"type":"Feature","id":3281640118,"properties":{"amenity":"fuel","name":"LPG Station","note":"New station, not shown on aerial.","source":"GPS","@type":"node","@id":3281640118},"geometry":{"type":"Point","coordinates":[100.880054,14.3689375]}},{"type":"Feature","id":3281641164,"properties":{"amenity":"fuel","fuel:lpg":"yes","name":"PTT LPG Station","source":"GPS","@type":"node","@id":3281641164},"geometry":{"type":"Point","coordinates":[100.8881492,14.3899409]}},{"type":"Feature","id":3283466114,"properties":{"amenity":"fuel","name":"Fuel Station","source":"GPS","@type":"node","@id":3283466114},"geometry":{"type":"Point","coordinates":[100.8169392,14.1321955]}},{"type":"Feature","id":3320437072,"properties":{"amenity":"fuel","brand":"บางจาก","brand:en":"Bangchak","brand:th":"บางจาก","brand:wikidata":"Q6579719","name":"bangchak","name:en":"Bangchak","name:th":"บางจาก","source":"survey","@type":"node","@id":3320437072},"geometry":{"type":"Point","coordinates":[100.6280862,14.1858022]}},{"type":"Feature","id":3320437098,"properties":{"amenity":"fuel","brand":"เชลล์","brand:en":"Shell","brand:th":"เชลล์","brand:wikidata":"Q110716465","name":"เชลล์","name:en":"Shell","name:th":"เชลล์","@type":"node","@id":3320437098},"geometry":{"type":"Point","coordinates":[101.0935374,14.6222607]}},{"type":"Feature","id":3320437099,"properties":{"amenity":"fuel","brand":"Caltex","compressed_air":"yes","name:en":"LPG","opening_hours":"24/7","@type":"node","@id":3320437099},"geometry":{"type":"Point","coordinates":[101.23365,14.6327283]}},{"type":"Feature","id":3418085940,"properties":{"amenity":"fuel","brand":"ป.ต.ท.","brand:en":"PTT","brand:th":"ป.ต.ท.","brand:wikidata":"Q1810389","name":"ปตท.โนนไทย หจก.โค้วเทียนหยู ปิโตรดลียม","name:en":"PTT Station","name:th":"ปตท.โนนไทย หจก.โค้วเทียนหยู ปิโตรดลียม","@type":"node","@id":3418085940},"geometry":{"type":"Point","coordinates":[102.0777637,15.1833595]}},{"type":"Feature","id":3418085945,"properties":{"amenity":"fuel","@type":"node","@id":3418085945},"geometry":{"type":"Point","coordinates":[102.1742509,15.3455932]}},{"type":"Feature","id":3457272701,"properties":{"amenity":"fuel","brand":"PTT","name":"PTT","@type":"node","@id":3457272701},"geometry":{"type":"Point","coordinates":[100.6002462,14.8089812]}},{"type":"Feature","id":3457272704,"properties":{"amenity":"fuel","fuel:diesel":"yes","fuel:e20":"yes","fuel:lpg":"yes","fuel:octane_91":"yes","fuel:octane_95":"yes","name":"PTT","@type":"node","@id":3457272704},"geometry":{"type":"Point","coordinates":[100.633742,14.8011751]}},{"type":"Feature","id":3457272769,"properties":{"amenity":"fuel","@type":"node","@id":3457272769},"geometry":{"type":"Point","coordinates":[100.6489225,14.8171503]}},{"type":"Feature","id":3519139700,"properties":{"amenity":"fuel","name":"Independent Fuel Station","source":"GPS","@type":"node","@id":3519139700},"geometry":{"type":"Point","coordinates":[101.6594225,14.8827181]}},{"type":"Feature","id":3519139703,"properties":{"amenity":"fuel","name":"Independent Fuel Station","source":"GPS","@type":"node","@id":3519139703},"geometry":{"type":"Point","coordinates":[101.6812803,14.9433352]}},{"type":"Feature","id":3519163683,"properties":{"amenity":"fuel","name":"Independent Fuel Station","source":"GPS","@type":"node","@id":3519163683},"geometry":{"type":"Point","coordinates":[101.6904969,15.0194042]}},{"type":"Feature","id":3637518084,"properties":{"amenity":"fuel","@type":"node","@id":3637518084},"geometry":{"type":"Point","coordinates":[101.4401312,14.54741]}},{"type":"Feature","id":3760544540,"properties":{"amenity":"fuel","compressed_air":"yes","name":"ป.ต.ท.","name:en":"PTT","note":"Diesel B5; Gasohol 91","opening_hours":"24/7","operator":"ปตท","operator:en":"PTT","operator:th":"ปตท","website":"www.pttplc.com","@type":"node","@id":3760544540},"geometry":{"type":"Point","coordinates":[101.238126,14.6327134]}},{"type":"Feature","id":3900492463,"properties":{"amenity":"fuel","brand":"PTT","@type":"node","@id":3900492463},"geometry":{"type":"Point","coordinates":[102.0345387,14.7481282]}},{"type":"Feature","id":3933239903,"properties":{"amenity":"fuel","@type":"node","@id":3933239903},"geometry":{"type":"Point","coordinates":[101.1941463,14.2185558]}},{"type":"Feature","id":3995888699,"properties":{"amenity":"fuel","compressed_air":"yes","@type":"node","@id":3995888699},"geometry":{"type":"Point","coordinates":[101.1287364,14.6383561]}},{"type":"Feature","id":4234957975,"properties":{"amenity":"fuel","name":"PT","@type":"node","@id":4234957975},"geometry":{"type":"Point","coordinates":[101.0057743,14.1175256]}},{"type":"Feature","id":4234957977,"properties":{"amenity":"fuel","brand":"PT","@type":"node","@id":4234957977},"geometry":{"type":"Point","coordinates":[100.8458208,14.3465599]}},{"type":"Feature","id":4234957978,"properties":{"amenity":"fuel","@type":"node","@id":4234957978},"geometry":{"type":"Point","coordinates":[100.7436071,14.4769255]}},{"type":"Feature","id":4235378471,"properties":{"amenity":"fuel","compressed_air":"yes","name":"Shell","name:en":"Shell","@type":"node","@id":4235378471},"geometry":{"type":"Point","coordinates":[100.6878528,14.781318]}},{"type":"Feature","id":4235381844,"properties":{"amenity":"fuel","name":"PTT","name:en":"PTT","@type":"node","@id":4235381844},"geometry":{"type":"Point","coordinates":[100.7090664,14.7680185]}},{"type":"Feature","id":4235381845,"properties":{"amenity":"fuel","fuel:lpg":"yes","name":"Tokico","@type":"node","@id":4235381845},"geometry":{"type":"Point","coordinates":[100.7191354,14.7626276]}},{"type":"Feature","id":4235381846,"properties":{"amenity":"fuel","compressed_air":"no","fuel:lpg":"yes","name":"Tokico","@type":"node","@id":4235381846},"geometry":{"type":"Point","coordinates":[100.7003278,14.772788]}},{"type":"Feature","id":4237437199,"properties":{"amenity":"fuel","@type":"node","@id":4237437199},"geometry":{"type":"Point","coordinates":[100.8922209,14.2123703]}},{"type":"Feature","id":4609487258,"properties":{"amenity":"fuel","brand":"บางจาก","brand:en":"Bangchak","brand:th":"บางจาก","brand:wikidata":"Q6579719","building":"roof","name":"Bangchak","name:en":"Bangchak","name:th":"บางจาก","source":"GPS","@type":"node","@id":4609487258},"geometry":{"type":"Point","coordinates":[102.3571539,15.2104835]}},{"type":"Feature","id":4609880291,"properties":{"amenity":"fuel","name":"ปั้มปิโตรนิล","name:en":"Petronil","@type":"node","@id":4609880291},"geometry":{"type":"Point","coordinates":[100.9168001,14.7755806]}},{"type":"Feature","id":4663069591,"properties":{"amenity":"fuel","name":"Bangchak","@type":"node","@id":4663069591},"geometry":{"type":"Point","coordinates":[100.8675182,14.6946967]}},{"type":"Feature","id":4685921389,"properties":{"amenity":"fuel","brand":"ป.ต.ท.","brand:en":"PTT","brand:th":"ป.ต.ท.","brand:wikidata":"Q1810389","name":"ป.ต.ท.","name:en":"PTT","name:th":"ป.ต.ท.","@type":"node","@id":4685921389},"geometry":{"type":"Point","coordinates":[101.9343501,14.7877351]}},{"type":"Feature","id":4730196111,"properties":{"amenity":"fuel","name":"Bangchak","source":"GPS","@type":"node","@id":4730196111},"geometry":{"type":"Point","coordinates":[100.6099969,14.2120679]}},{"type":"Feature","id":4730205350,"properties":{"amenity":"fuel","name":"Esso","source":"GPS","@type":"node","@id":4730205350},"geometry":{"type":"Point","coordinates":[100.6123211,14.2530959]}},{"type":"Feature","id":4730212195,"properties":{"amenity":"fuel","brand":"บางจาก","brand:en":"Bangchak","brand:th":"บางจาก","brand:wikidata":"Q6579719","name":"Bangchak","name:en":"Bangchak","name:th":"บางจาก","source":"GPS","@type":"node","@id":4730212195},"geometry":{"type":"Point","coordinates":[100.6122749,14.2654205]}},{"type":"Feature","id":4809638522,"properties":{"amenity":"fuel","@type":"node","@id":4809638522},"geometry":{"type":"Point","coordinates":[101.7534046,14.3849586]}},{"type":"Feature","id":4809639221,"properties":{"amenity":"fuel","@type":"node","@id":4809639221},"geometry":{"type":"Point","coordinates":[101.674077,14.4436792]}},{"type":"Feature","id":4832547024,"properties":{"amenity":"fuel","name:en":"PTT","@type":"node","@id":4832547024},"geometry":{"type":"Point","coordinates":[100.8472625,14.5899865]}},{"type":"Feature","id":4837771223,"properties":{"amenity":"fuel","check_date":"2025-08-29","fuel:lpg":"yes","name:en":"PT + LPG","@type":"node","@id":4837771223},"geometry":{"type":"Point","coordinates":[102.052467,14.976355]}},{"type":"Feature","id":4868973821,"properties":{"amenity":"fuel","compressed_air":"yes","name":"PTT","name:th":"PTT","opening_hours":"24/7","@type":"node","@id":4868973821},"geometry":{"type":"Point","coordinates":[100.927432,14.5378622]}},{"type":"Feature","id":4873887023,"properties":{"amenity":"fuel","name:en":"LPG Station","@type":"node","@id":4873887023},"geometry":{"type":"Point","coordinates":[102.0712101,14.8632019]}},{"type":"Feature","id":4873887026,"properties":{"amenity":"fuel","fuel:lpg":"yes","name:en":"PTT LPG Station","@type":"node","@id":4873887026},"geometry":{"type":"Point","coordinates":[102.2217322,15.0780799]}},{"type":"Feature","id":4873907921,"properties":{"amenity":"fuel","name:en":"LPG Station","@type":"node","@id":4873907921},"geometry":{"type":"Point","coordinates":[102.07059,14.8603034]}},{"type":"Feature","id":4873907922,"properties":{"amenity":"fuel","name:en":"PTT LPG Station","@type":"node","@id":4873907922},"geometry":{"type":"Point","coordinates":[102.1714672,15.0585346]}},{"type":"Feature","id":4873907923,"properties":{"amenity":"fuel","name:en":"Banchak Station","@type":"node","@id":4873907923},"geometry":{"type":"Point","coordinates":[102.1737534,15.0621448]}},{"type":"Feature","id":5027456922,"properties":{"amenity":"fuel","@type":"node","@id":5027456922},"geometry":{"type":"Point","coordinates":[100.6341662,14.5890667]}},{"type":"Feature","id":5042244921,"properties":{"addr:city":"วังน้อย","addr:postcode":"13170","addr:street":"ถนนโรจนะ","amenity":"fuel","brand":"ป.ต.ท.","brand:en":"PTT","brand:th":"ป.ต.ท.","brand:wikidata":"Q1810389","brand:wikipedia":"th:ปตท.","fuel:diesel":"yes","fuel:diesel_B":"yes","fuel:e85":"yes","fuel:gasoline":"yes","fuel:octane_95":"yes","name":"PTT Gasoline Station","name:en":"PTT","name:th":"ป.ต.ท.","operator":"person","self_service":"no","@type":"node","@id":5042244921},"geometry":{"type":"Point","coordinates":[100.706466,14.2455074]}},{"type":"Feature","id":5089038821,"properties":{"amenity":"fuel","compressed_air":"yes","@type":"node","@id":5089038821},"geometry":{"type":"Point","coordinates":[100.9100218,14.5389801]}},{"type":"Feature","id":5207430121,"properties":{"amenity":"fuel","@type":"node","@id":5207430121},"geometry":{"type":"Point","coordinates":[101.3715259,14.5343606]}},{"type":"Feature","id":5263495223,"properties":{"amenity":"fuel","name":"LPG","@type":"node","@id":5263495223},"geometry":{"type":"Point","coordinates":[102.1636898,14.7800398]}},{"type":"Feature","id":5290950083,"properties":{"amenity":"fuel","@type":"node","@id":5290950083},"geometry":{"type":"Point","coordinates":[100.7187984,14.4446703]}},{"type":"Feature","id":5350954032,"properties":{"amenity":"fuel","brand":"ปตท","brand:en":"PTT","@type":"node","@id":5350954032},"geometry":{"type":"Point","coordinates":[102.1389767,14.9659676]}},{"type":"Feature","id":5431385021,"properties":{"amenity":"fuel","brand":"บางจาก","brand:en":"Bangchak","brand:th":"บางจาก","brand:wikidata":"Q6579719","compressed_air":"yes","name":"บางจาก ปาช่อง วชิรา","name:en":"Bang Chak","name:th":"บางจาก ปาช่อง วชิรา","opening_hours":"24/7","@type":"node","@id":5431385021},"geometry":{"type":"Point","coordinates":[101.3578348,14.6517395]}},{"type":"Feature","id":5448425801,"properties":{"amenity":"fuel","name":"PT","@type":"node","@id":5448425801},"geometry":{"type":"Point","coordinates":[101.0304855,14.1784824]}},{"type":"Feature","id":5448425805,"properties":{"amenity":"fuel","@type":"node","@id":5448425805},"geometry":{"type":"Point","coordinates":[102.2497569,15.1756109]}},{"type":"Feature","id":5475170457,"properties":{"amenity":"fuel","@type":"node","@id":5475170457},"geometry":{"type":"Point","coordinates":[102.1259866,14.9568525]}},{"type":"Feature","id":6053538220,"properties":{"amenity":"fuel","@type":"node","@id":6053538220},"geometry":{"type":"Point","coordinates":[100.6211807,14.801656]}},{"type":"Feature","id":6053545190,"properties":{"amenity":"fuel","@type":"node","@id":6053545190},"geometry":{"type":"Point","coordinates":[100.6416466,14.8527971]}},{"type":"Feature","id":6053545195,"properties":{"amenity":"fuel","@type":"node","@id":6053545195},"geometry":{"type":"Point","coordinates":[100.6324769,14.9611325]}},{"type":"Feature","id":6053545196,"properties":{"amenity":"fuel","@type":"node","@id":6053545196},"geometry":{"type":"Point","coordinates":[100.6416344,14.9701105]}},{"type":"Feature","id":6053545200,"properties":{"amenity":"fuel","@type":"node","@id":6053545200},"geometry":{"type":"Point","coordinates":[100.6855054,15.0219884]}},{"type":"Feature","id":6053557686,"properties":{"amenity":"fuel","brand":"PT","brand:wikidata":"Q62298612","name":"PT","@type":"node","@id":6053557686},"geometry":{"type":"Point","coordinates":[100.7057192,15.0464818]}},{"type":"Feature","id":6053557707,"properties":{"amenity":"fuel","@type":"node","@id":6053557707},"geometry":{"type":"Point","coordinates":[101.9667005,15.3105829]}},{"type":"Feature","id":6053557708,"properties":{"amenity":"fuel","@type":"node","@id":6053557708},"geometry":{"type":"Point","coordinates":[101.9824806,15.2984113]}},{"type":"Feature","id":6053557717,"properties":{"amenity":"fuel","@type":"node","@id":6053557717},"geometry":{"type":"Point","coordinates":[102.0693952,15.1958453]}},{"type":"Feature","id":6053557722,"properties":{"amenity":"fuel","brand":"PT","brand:wikidata":"Q62298612","check_date":"2026-06-18","name":"PT","@type":"node","@id":6053557722},"geometry":{"type":"Point","coordinates":[102.120567,15.0690281]}},{"type":"Feature","id":6053580890,"properties":{"amenity":"fuel","brand":"ป.ต.ท.","brand:en":"PTT","brand:th":"ป.ต.ท.","brand:wikidata":"Q1810389","check_date":"2026-01-20","fuel:lpg":"yes","name":"PTT","name:en":"PTT","name:th":"ป.ต.ท.","@type":"node","@id":6053580890},"geometry":{"type":"Point","coordinates":[102.1299398,15.0166914]}},{"type":"Feature","id":6053580892,"properties":{"amenity":"fuel","@type":"node","@id":6053580892},"geometry":{"type":"Point","coordinates":[102.2557348,15.097651]}},{"type":"Feature","id":6053601086,"properties":{"amenity":"fuel","@type":"node","@id":6053601086},"geometry":{"type":"Point","coordinates":[101.1365243,15.2113153]}},{"type":"Feature","id":6053605390,"properties":{"amenity":"fuel","@type":"node","@id":6053605390},"geometry":{"type":"Point","coordinates":[102.0050687,15.2821876]}},{"type":"Feature","id":6053605396,"properties":{"amenity":"fuel","@type":"node","@id":6053605396},"geometry":{"type":"Point","coordinates":[102.0765939,15.1853761]}},{"type":"Feature","id":6053605493,"properties":{"amenity":"fuel","brand":"บางจาก","brand:en":"Bangchak","brand:th":"บางจาก","brand:wikidata":"Q6579719","name":"บางจาก","name:en":"Bangchak","name:th":"บางจาก","@type":"node","@id":6053605493},"geometry":{"type":"Point","coordinates":[102.1341032,15.020882]}},{"type":"Feature","id":6053605497,"properties":{"amenity":"fuel","brand":"PT","brand:wikidata":"Q62298612","check_date":"2026-01-12","name":"PT","@type":"node","@id":6053605497},"geometry":{"type":"Point","coordinates":[102.1053315,14.9963508]}},{"type":"Feature","id":6053605498,"properties":{"amenity":"fuel","brand":"ป.ต.ท.","brand:en":"PTT","brand:th":"ป.ต.ท.","brand:wikidata":"Q1810389","check_date":"2026-01-08","fuel:diesel":"yes","fuel:e20":"yes","fuel:octane_91":"yes","fuel:octane_95":"yes","name":"PTT","name:en":"PTT","name:th":"ป.ต.ท.","@type":"node","@id":6053605498},"geometry":{"type":"Point","coordinates":[102.0964102,14.9897924]}},{"type":"Feature","id":6053605499,"properties":{"amenity":"fuel","brand":"บางจาก","brand:en":"Bangchak","brand:th":"บางจาก","brand:wikidata":"Q6579719","name":"บางจาก","name:en":"Bangchak","name:th":"บางจาก","@type":"node","@id":6053605499},"geometry":{"type":"Point","coordinates":[102.1729325,15.0607724]}},{"type":"Feature","id":6053605501,"properties":{"amenity":"fuel","@type":"node","@id":6053605501},"geometry":{"type":"Point","coordinates":[102.1983509,15.0682165]}},{"type":"Feature","id":6053605504,"properties":{"amenity":"fuel","@type":"node","@id":6053605504},"geometry":{"type":"Point","coordinates":[102.3181764,15.1432424]}},{"type":"Feature","id":6053605505,"properties":{"amenity":"fuel","@type":"node","@id":6053605505},"geometry":{"type":"Point","coordinates":[102.3237464,15.1468063]}},{"type":"Feature","id":6053606387,"properties":{"amenity":"fuel","@type":"node","@id":6053606387},"geometry":{"type":"Point","coordinates":[102.2188788,15.076444]}},{"type":"Feature","id":6053606392,"properties":{"amenity":"fuel","@type":"node","@id":6053606392},"geometry":{"type":"Point","coordinates":[102.3356657,15.1740567]}},{"type":"Feature","id":6053752487,"properties":{"amenity":"fuel","@type":"node","@id":6053752487},"geometry":{"type":"Point","coordinates":[102.1136511,15.0831595]}},{"type":"Feature","id":6246052033,"properties":{"amenity":"fuel","name":"Inactive ?","@type":"node","@id":6246052033},"geometry":{"type":"Point","coordinates":[102.3945504,14.7380745]}},{"type":"Feature","id":6342984986,"properties":{"amenity":"fuel","@type":"node","@id":6342984986},"geometry":{"type":"Point","coordinates":[100.6100831,14.189952]}},{"type":"Feature","id":6342985185,"properties":{"amenity":"fuel","@type":"node","@id":6342985185},"geometry":{"type":"Point","coordinates":[100.6122123,14.184741]}},{"type":"Feature","id":6342985191,"properties":{"amenity":"fuel","@type":"node","@id":6342985191},"geometry":{"type":"Point","coordinates":[100.600196,14.6658714]}},{"type":"Feature","id":6342990247,"properties":{"amenity":"fuel","@type":"node","@id":6342990247},"geometry":{"type":"Point","coordinates":[100.6188627,14.1385468]}},{"type":"Feature","id":6369552993,"properties":{"amenity":"fuel","@type":"node","@id":6369552993},"geometry":{"type":"Point","coordinates":[101.3108018,14.1510121]}},{"type":"Feature","id":6377748887,"properties":{"amenity":"fuel","brand":"ป.ต.ท.","brand:en":"PTT","brand:th":"ป.ต.ท.","brand:wikidata":"Q1810389","name":"PTT","name:en":"PTT","name:th":"ป.ต.ท.","@type":"node","@id":6377748887},"geometry":{"type":"Point","coordinates":[102.0100391,14.9449235]}},{"type":"Feature","id":6377754385,"properties":{"amenity":"fuel","brand":"บางจาก","brand:en":"Bangchak","brand:th":"บางจาก","brand:wikidata":"Q6579719","name":"Bangchak","name:en":"Bangchak","name:th":"บางจาก","@type":"node","@id":6377754385},"geometry":{"type":"Point","coordinates":[102.0156875,14.9474006]}},{"type":"Feature","id":6377754585,"properties":{"amenity":"fuel","brand":"Caltex","brand:wikidata":"Q277470","check_date":"2026-01-16","name":"Caltex","operator":"Caltex","@type":"node","@id":6377754585},"geometry":{"type":"Point","coordinates":[101.9916109,14.9371264]}},{"type":"Feature","id":6384985285,"properties":{"amenity":"fuel","@type":"node","@id":6384985285},"geometry":{"type":"Point","coordinates":[101.8841383,14.8917261]}},{"type":"Feature","id":6385000286,"properties":{"amenity":"fuel","brand":"PT","brand:wikidata":"Q62298612","fuel:diesel":"yes","fuel:e20":"yes","fuel:octane_91":"yes","fuel:octane_95":"yes","name":"PT","name:th":"พีที","@type":"node","@id":6385000286},"geometry":{"type":"Point","coordinates":[101.8445105,14.8748566]}},{"type":"Feature","id":6385000485,"properties":{"amenity":"fuel","@type":"node","@id":6385000485},"geometry":{"type":"Point","coordinates":[101.8389782,14.8726125]}},{"type":"Feature","id":6385000486,"properties":{"amenity":"fuel","brand":"PT","brand:wikidata":"Q62298612","name":"PT","@type":"node","@id":6385000486},"geometry":{"type":"Point","coordinates":[101.8053147,14.8687735]}},{"type":"Feature","id":6385000487,"properties":{"amenity":"fuel","@type":"node","@id":6385000487},"geometry":{"type":"Point","coordinates":[101.7636508,14.8695043]}},{"type":"Feature","id":6385000586,"properties":{"amenity":"fuel","brand":"Shell Express","brand:wikidata":"Q2289188","name":"Shell Express","@type":"node","@id":6385000586},"geometry":{"type":"Point","coordinates":[101.6520184,14.8507055]}},{"type":"Feature","id":6385000587,"properties":{"amenity":"fuel","brand":"บางจาก","brand:en":"Bangchak","brand:th":"บางจาก","brand:wikidata":"Q6579719","name":"บางจาก","name:en":"Bangchak","name:th":"บางจาก","@type":"node","@id":6385000587},"geometry":{"type":"Point","coordinates":[101.649147,14.8498513]}},{"type":"Feature","id":6385000588,"properties":{"amenity":"fuel","brand":"PT","brand:wikidata":"Q62298612","check_date":"2025-09-13","name":"PT","@type":"node","@id":6385000588},"geometry":{"type":"Point","coordinates":[101.6322293,14.8469567]}},{"type":"Feature","id":6391211585,"properties":{"amenity":"fuel","@type":"node","@id":6391211585},"geometry":{"type":"Point","coordinates":[101.5942848,14.8419569]}},{"type":"Feature","id":6391211886,"properties":{"amenity":"fuel","brand":"PT","brand:wikidata":"Q62298612","check_date":"2026-04-29","compressed_air":"yes","name":"พีที","name:en":"PT","name:th":"พีที","@type":"node","@id":6391211886},"geometry":{"type":"Point","coordinates":[101.385733,14.6587923]}},{"type":"Feature","id":6391211887,"properties":{"addr:district":"Pak Chong","addr:postcode":"30320","addr:province":"Nakhon Ratchasima","amenity":"fuel","brand":"PT","brand:wikidata":"Q62298612","compressed_air":"yes","fuel:diesel":"yes","fuel:e20":"yes","fuel:octane_91":"yes","fuel:octane_95":"yes","name":"ปั๊มน้ำมันพีที ปากช่อง","self_service":"no","@type":"node","@id":6391211887},"geometry":{"type":"Point","coordinates":[101.3490157,14.6555121]}},{"type":"Feature","id":6391889287,"properties":{"amenity":"fuel","compressed_air":"yes","@type":"node","@id":6391889287},"geometry":{"type":"Point","coordinates":[101.0543372,14.6019279]}},{"type":"Feature","id":6391889293,"properties":{"amenity":"fuel","@type":"node","@id":6391889293},"geometry":{"type":"Point","coordinates":[100.9018971,14.4532665]}},{"type":"Feature","id":6391889294,"properties":{"amenity":"fuel","@type":"node","@id":6391889294},"geometry":{"type":"Point","coordinates":[100.8963276,14.4383191]}},{"type":"Feature","id":6391889295,"properties":{"amenity":"fuel","@type":"node","@id":6391889295},"geometry":{"type":"Point","coordinates":[100.8890377,14.3955285]}},{"type":"Feature","id":6391889300,"properties":{"amenity":"fuel","@type":"node","@id":6391889300},"geometry":{"type":"Point","coordinates":[100.7745689,14.2602828]}},{"type":"Feature","id":6391901291,"properties":{"amenity":"fuel","@type":"node","@id":6391901291},"geometry":{"type":"Point","coordinates":[100.9145998,14.5182567]}},{"type":"Feature","id":6391901297,"properties":{"amenity":"fuel","@type":"node","@id":6391901297},"geometry":{"type":"Point","coordinates":[100.8373801,14.3155778]}},{"type":"Feature","id":6391901298,"properties":{"amenity":"fuel","@type":"node","@id":6391901298},"geometry":{"type":"Point","coordinates":[100.759538,14.2508886]}},{"type":"Feature","id":6391901302,"properties":{"amenity":"fuel","name:en":"Shell","@type":"node","@id":6391901302},"geometry":{"type":"Point","coordinates":[100.6867899,14.215955]}},{"type":"Feature","id":6391901304,"properties":{"amenity":"fuel","brand":"บางจาก","brand:en":"Bangchak","brand:th":"บางจาก","brand:wikidata":"Q6579719","name":"บางจาก","name:en":"Bangchak","name:th":"บางจาก","@type":"node","@id":6391901304},"geometry":{"type":"Point","coordinates":[100.6461145,14.1953112]}},{"type":"Feature","id":6391901306,"properties":{"amenity":"fuel","@type":"node","@id":6391901306},"geometry":{"type":"Point","coordinates":[100.6186236,14.1645368]}},{"type":"Feature","id":6391901387,"properties":{"amenity":"fuel","@type":"node","@id":6391901387},"geometry":{"type":"Point","coordinates":[101.0915614,14.6208532]}},{"type":"Feature","id":6391901388,"properties":{"amenity":"fuel","compressed_air":"yes","@type":"node","@id":6391901388},"geometry":{"type":"Point","coordinates":[101.0553629,14.6024158]}},{"type":"Feature","id":6391901390,"properties":{"amenity":"fuel","compressed_air":"yes","@type":"node","@id":6391901390},"geometry":{"type":"Point","coordinates":[100.9654232,14.5529929]}},{"type":"Feature","id":6391901392,"properties":{"amenity":"fuel","brand":"ป.ต.ท.","brand:en":"PTT","brand:th":"ป.ต.ท.","brand:wikidata":"Q1810389","name":"ptt","name:en":"PTT","name:th":"ป.ต.ท.","@type":"node","@id":6391901392},"geometry":{"type":"Point","coordinates":[100.7239897,14.2355566]}},{"type":"Feature","id":6391901395,"properties":{"amenity":"fuel","@type":"node","@id":6391901395},"geometry":{"type":"Point","coordinates":[100.6719071,14.2080608]}},{"type":"Feature","id":6391901488,"properties":{"amenity":"fuel","brand":"ป.ต.ท.","brand:en":"PTT","brand:th":"ป.ต.ท.","brand:wikidata":"Q1810389","name":"ปตท.สามชาย กม.100 (หจก.สามชายปิโตรเลียม)","name:en":"PTT Station","name:th":"ปตท.สามชาย กม.100 (หจก.สามชายปิโตรเลียม)","@type":"node","@id":6391901488},"geometry":{"type":"Point","coordinates":[100.9069428,14.4640052]}},{"type":"Feature","id":6391901489,"properties":{"amenity":"fuel","@type":"node","@id":6391901489},"geometry":{"type":"Point","coordinates":[100.8916716,14.4159504]}},{"type":"Feature","id":6391901490,"properties":{"amenity":"fuel","@type":"node","@id":6391901490},"geometry":{"type":"Point","coordinates":[100.8182975,14.2880236]}},{"type":"Feature","id":6391901491,"properties":{"amenity":"fuel","@type":"node","@id":6391901491},"geometry":{"type":"Point","coordinates":[100.70869,14.2275941]}},{"type":"Feature","id":6391901492,"properties":{"amenity":"fuel","@type":"node","@id":6391901492},"geometry":{"type":"Point","coordinates":[100.6767908,14.211811]}},{"type":"Feature","id":6391901686,"properties":{"amenity":"fuel","compressed_air":"no","@type":"node","@id":6391901686},"geometry":{"type":"Point","coordinates":[100.9820891,14.5708674]}},{"type":"Feature","id":6391901687,"properties":{"amenity":"fuel","@type":"node","@id":6391901687},"geometry":{"type":"Point","coordinates":[100.7485359,14.2448309]}},{"type":"Feature","id":6391901688,"properties":{"amenity":"fuel","@type":"node","@id":6391901688},"geometry":{"type":"Point","coordinates":[100.6545334,14.2001211]}},{"type":"Feature","id":6759619735,"properties":{"amenity":"fuel","@type":"node","@id":6759619735},"geometry":{"type":"Point","coordinates":[102.0076168,15.2802588]}},{"type":"Feature","id":6766695392,"properties":{"amenity":"fuel","@type":"node","@id":6766695392},"geometry":{"type":"Point","coordinates":[101.7818949,15.2058529]}},{"type":"Feature","id":6979477553,"properties":{"amenity":"fuel","brand":"PT","brand:wikidata":"Q62298612","name":"PT","@type":"node","@id":6979477553},"geometry":{"type":"Point","coordinates":[102.1747229,14.7417047]}},{"type":"Feature","id":7162052300,"properties":{"amenity":"fuel","name":"ptt","@type":"node","@id":7162052300},"geometry":{"type":"Point","coordinates":[101.731659,15.1651428]}},{"type":"Feature","id":8011894886,"properties":{"amenity":"fuel","brand":"PTT","fuel:diesel":"yes","fuel:e10":"yes","fuel:octane_87":"yes","fuel:octane_92":"yes","fuel:octane_95":"yes","internet_access":"wlan","name:en":"PTT","opening_hours":"24/7","self_service":"no","@type":"node","@id":8011894886},"geometry":{"type":"Point","coordinates":[102.2395919,14.5294571]}},{"type":"Feature","id":8134208517,"properties":{"amenity":"fuel","brand":"ป.ต.ท.","brand:en":"PTT","brand:th":"ป.ต.ท.","brand:wikidata":"Q1810389","name":"ป.ต.ท.","name:en":"PTT","name:th":"ป.ต.ท.","@type":"node","@id":8134208517},"geometry":{"type":"Point","coordinates":[101.71991,14.8694286]}},{"type":"Feature","id":8148824700,"properties":{"amenity":"fuel","@type":"node","@id":8148824700},"geometry":{"type":"Point","coordinates":[100.7851708,14.6108096]}},{"type":"Feature","id":8661077797,"properties":{"amenity":"charging_station","name":"Bangchak EV Charging Station","@type":"node","@id":8661077797},"geometry":{"type":"Point","coordinates":[102.0412364,14.956761]}},{"type":"Feature","id":8878071342,"properties":{"amenity":"fuel","@type":"node","@id":8878071342},"geometry":{"type":"Point","coordinates":[100.9767419,14.5227349]}},{"type":"Feature","id":9434074444,"properties":{"amenity":"fuel","@type":"node","@id":9434074444},"geometry":{"type":"Point","coordinates":[101.4965373,14.5512912]}},{"type":"Feature","id":9434074446,"properties":{"amenity":"fuel","@type":"node","@id":9434074446},"geometry":{"type":"Point","coordinates":[101.5057875,14.5490892]}},{"type":"Feature","id":9434074449,"properties":{"amenity":"fuel","@type":"node","@id":9434074449},"geometry":{"type":"Point","coordinates":[101.4222245,14.5500205]}},{"type":"Feature","id":9628648376,"properties":{"addr:city":"ตำบลลำตาเสา","addr:postcode":"13170","addr:street":"ถนนโรจนะ","amenity":"fuel","brand":"ป.ต.ท.","brand:en":"PTT","brand:th":"ป.ต.ท.","brand:wikidata":"Q1810389","brand:wikipedia":"th:ปตท.","fuel:lpg":"yes","name":"สถานีบริาร NGV ปตท","name:en":"PTT NGV","name:th":"NGV ป.ต.ท.","operator":"person","self_service":"no","@type":"node","@id":9628648376},"geometry":{"type":"Point","coordinates":[100.6950839,14.2599724]}},{"type":"Feature","id":9688315696,"properties":{"amenity":"fuel","@type":"node","@id":9688315696},"geometry":{"type":"Point","coordinates":[101.4395554,14.5173055]}},{"type":"Feature","id":9689730918,"properties":{"amenity":"fuel","@type":"node","@id":9689730918},"geometry":{"type":"Point","coordinates":[101.5445235,14.6319391]}},{"type":"Feature","id":9690051352,"properties":{"amenity":"fuel","@type":"node","@id":9690051352},"geometry":{"type":"Point","coordinates":[101.4946222,14.6444979]}},{"type":"Feature","id":10242117732,"properties":{"access":"yes","amenity":"charging_station","capacity":"1","charge":"50 THB/hour","fee":"yes","socket:type2":"1","@type":"node","@id":10242117732},"geometry":{"type":"Point","coordinates":[101.3830515,14.5354062]}},{"type":"Feature","id":10281887358,"properties":{"amenity":"fuel","brand":"บางจาก","brand:en":"Bangchak","brand:th":"บางจาก","brand:wikidata":"Q6579719","name":"บางจาก ฝั่งขาเข้านครราชสีมา","name:en":"Bangchak","name:th":"บางจาก ฝั่งขาเข้านครราชสีมา","@type":"node","@id":10281887358},"geometry":{"type":"Point","coordinates":[101.9828598,14.9345668]}},{"type":"Feature","id":10592625101,"properties":{"amenity":"fuel","atm":"yes","brand":"บางจาก","brand:en":"Bangchak","brand:th":"บางจาก","brand:wikidata":"Q6579719","drink:coffee":"yes","name":"ปั๊มบางจาก องครักษ์ นครนายก","name:en":"Bangchak","name:th":"บางจาก","operator":"bangchak","payment:cash":"yes","payment:credit_cards":"yes","self_service":"no","toilets":"yes","website":"https://www.facebook.com/profile.php?id=100050009814918","@type":"node","@id":10592625101},"geometry":{"type":"Point","coordinates":[101.0107023,14.1636376]}},{"type":"Feature","id":10680306694,"properties":{"amenity":"fuel","fuel:b7":"yes","fuel:gasohol_95":"yes","operator":"independent","source":"GPS;geolocated photo;aerial imagery","@type":"node","@id":10680306694},"geometry":{"type":"Point","coordinates":[101.2707992,14.9484764]}},{"type":"Feature","id":10680372908,"properties":{"amenity":"fuel","fuel:b7":"yes","fuel:gasoline_95":"yes","operator":"independent","source":"GPS;geolocated photo;aerial imagery","@type":"node","@id":10680372908},"geometry":{"type":"Point","coordinates":[101.2713852,14.9638703]}},{"type":"Feature","id":10680372910,"properties":{"amenity":"fuel","operator":"independent","source":"GPS;geolocated photo;aerial imagery","@type":"node","@id":10680372910},"geometry":{"type":"Point","coordinates":[101.2829939,15.0552261]}},{"type":"Feature","id":10680621615,"properties":{"amenity":"fuel","operator":"independent","source":"GPS;geolocated photo;aerial imagery","@type":"node","@id":10680621615},"geometry":{"type":"Point","coordinates":[101.3073644,14.8180811]}},{"type":"Feature","id":10680621664,"properties":{"amenity":"fuel","operator":"independent","source":"GPS;geolocated photo;aerial imagery","@type":"node","@id":10680621664},"geometry":{"type":"Point","coordinates":[101.2773411,14.8820372]}},{"type":"Feature","id":10680621669,"properties":{"amenity":"fuel","fuel:diesel":"yes","operator":"independent","source":"GPS;geolocated photo;aerial imagery","@type":"node","@id":10680621669},"geometry":{"type":"Point","coordinates":[101.2767953,14.8819193]}},{"type":"Feature","id":11365745928,"properties":{"addr:city":"ธงชัยเหนือ","addr:postcode":"30150","addr:street":"ถนนสีคิ้ว-เดชอุดม","amenity":"fuel","brand":"บางจาก","brand:en":"Bangchak","brand:th":"บางจาก","brand:wikidata":"Q6579719","name":"บางจาก","name:en":"Bangchak","name:th":"บางจาก","@type":"node","@id":11365745928},"geometry":{"type":"Point","coordinates":[102.0522498,14.7562567]}},{"type":"Feature","id":11365792836,"properties":{"addr:city":"พลับพลา","addr:postcode":"30190","addr:street":"ถนนสีคิ้ว-เดชอุดม","amenity":"fuel","brand":"PT","brand:wikidata":"Q62298612","fuel:diesel":"yes","fuel:e20":"yes","fuel:octane_91":"yes","fuel:octane_95":"yes","name":"P T","@type":"node","@id":11365792836},"geometry":{"type":"Point","coordinates":[102.1445638,14.7400808]}},{"type":"Feature","id":11365801749,"properties":{"addr:city":"ธงชัยเหนือ","addr:postcode":"30150","addr:street":"304","amenity":"fuel","brand":"บางจาก","brand:en":"Bangchak","brand:th":"บางจาก","brand:wikidata":"Q6579719","name":"บางจาก","name:en":"Bangchak","name:th":"บางจาก","@type":"node","@id":11365801749},"geometry":{"type":"Point","coordinates":[102.0369047,14.755581]}},{"type":"Feature","id":11365818732,"properties":{"addr:city":"โชคชัย","addr:postcode":"30190","addr:street":"นครราชสีมา - โชคชัย","amenity":"fuel","brand":"PT","brand:wikidata":"Q62298612","name":"P T","@type":"node","@id":11365818732},"geometry":{"type":"Point","coordinates":[102.163835,14.7573149]}},{"type":"Feature","id":11365821992,"properties":{"addr:city":"โชคชัย","addr:postcode":"30190","addr:street":"ถนนสีคิ้ว-เดชอุดม","amenity":"fuel","brand":"PT","brand:wikidata":"Q62298612","fuel:diesel":"yes","fuel:e20":"yes","fuel:octane_91":"yes","fuel:octane_95":"yes","name":"PT","@type":"node","@id":11365821992},"geometry":{"type":"Point","coordinates":[102.1577976,14.7402441]}},{"type":"Feature","id":11365834511,"properties":{"addr:city":"โชคชัย","addr:postcode":"30190","addr:street":"ถนนสีคิ้ว-เดชอุดม","amenity":"fuel","brand":"บางจาก","brand:en":"Bangchak","brand:th":"บางจาก","brand:wikidata":"Q6579719","fuel:diesel":"yes","fuel:e20":"yes","fuel:octane_91":"yes","fuel:octane_95":"yes","name":"บางจาก","name:en":"Bangchak","name:th":"บางจาก","@type":"node","@id":11365834511},"geometry":{"type":"Point","coordinates":[102.1711475,14.742409]}},{"type":"Feature","id":11365835147,"properties":{"addr:city":"โชคชัย","addr:postcode":"30190","amenity":"fuel","brand":"PT","brand:wikidata":"Q62298612","name":"P T","@type":"node","@id":11365835147},"geometry":{"type":"Point","coordinates":[102.1679465,14.733311]}},{"type":"Feature","id":11365838872,"properties":{"addr:city":"โชคชัย","addr:postcode":"30190","addr:street":"นครราชสีมา - โชคชัย","amenity":"fuel","brand":"บางจาก","brand:en":"Bangchak","brand:th":"บางจาก","brand:wikidata":"Q6579719","name":"บางจาก","name:en":"Bangchak","name:th":"บางจาก","@type":"node","@id":11365838872},"geometry":{"type":"Point","coordinates":[102.1643089,14.7552616]}},{"type":"Feature","id":11379131233,"properties":{"addr:city":"ท่าอ่าง","addr:postcode":"30190","amenity":"fuel","brand":"Caltex","brand:wikidata":"Q277470","name":"Caltex","@type":"node","@id":11379131233},"geometry":{"type":"Point","coordinates":[102.1720113,14.8009353]}},{"type":"Feature","id":11391508067,"properties":{"amenity":"fuel","name":"ปั๊มน้ำมัน Shell","@type":"node","@id":11391508067},"geometry":{"type":"Point","coordinates":[101.3308356,14.100824]}},{"type":"Feature","id":11432716340,"properties":{"amenity":"fuel","@type":"node","@id":11432716340},"geometry":{"type":"Point","coordinates":[100.8904204,14.6275749]}},{"type":"Feature","id":11437810305,"properties":{"amenity":"fuel","@type":"node","@id":11437810305},"geometry":{"type":"Point","coordinates":[100.9179535,14.5612182]}},{"type":"Feature","id":11442631214,"properties":{"amenity":"fuel","name":"PTT","@type":"node","@id":11442631214},"geometry":{"type":"Point","coordinates":[101.9585197,14.5148295]}},{"type":"Feature","id":11449380343,"properties":{"amenity":"fuel","@type":"node","@id":11449380343},"geometry":{"type":"Point","coordinates":[100.7768655,14.6896787]}},{"type":"Feature","id":11449380344,"properties":{"amenity":"fuel","@type":"node","@id":11449380344},"geometry":{"type":"Point","coordinates":[100.7749154,14.6837431]}},{"type":"Feature","id":11449711180,"properties":{"amenity":"fuel","@type":"node","@id":11449711180},"geometry":{"type":"Point","coordinates":[100.8269078,14.7118038]}},{"type":"Feature","id":11449711182,"properties":{"amenity":"fuel","@type":"node","@id":11449711182},"geometry":{"type":"Point","coordinates":[100.8343245,14.7089945]}},{"type":"Feature","id":11449797400,"properties":{"amenity":"fuel","@type":"node","@id":11449797400},"geometry":{"type":"Point","coordinates":[100.8262253,14.712955]}},{"type":"Feature","id":11449811830,"properties":{"amenity":"fuel","brand":"เอสโซ่","brand:en":"Esso","brand:th":"เอสโซ่","brand:wikidata":"Q867662","name":"เอสโซ่","name:en":"Esso","name:th":"เอสโซ่","@type":"node","@id":11449811830},"geometry":{"type":"Point","coordinates":[100.8566982,14.7014712]}},{"type":"Feature","id":11449811834,"properties":{"amenity":"fuel","brand":"เอสโซ่","brand:en":"Esso","brand:th":"เอสโซ่","brand:wikidata":"Q867662","name":"เอสโซ่","name:en":"Esso","name:th":"เอสโซ่","@type":"node","@id":11449811834},"geometry":{"type":"Point","coordinates":[100.856717,14.7004982]}},{"type":"Feature","id":11450129829,"properties":{"amenity":"fuel","@type":"node","@id":11450129829},"geometry":{"type":"Point","coordinates":[100.9003272,14.9291752]}},{"type":"Feature","id":11450209944,"properties":{"amenity":"fuel","brand":"Shell","brand:wikidata":"Q110716465","name":"Shell","@type":"node","@id":11450209944},"geometry":{"type":"Point","coordinates":[100.907066,14.8935577]}},{"type":"Feature","id":11450304128,"properties":{"amenity":"fuel","@type":"node","@id":11450304128},"geometry":{"type":"Point","coordinates":[100.9004839,14.9248834]}},{"type":"Feature","id":11450304676,"properties":{"amenity":"fuel","brand":"เอสโซ่","brand:en":"Esso","brand:th":"เอสโซ่","brand:wikidata":"Q867662","name":"เอสโซ่","name:en":"Esso","name:th":"เอสโซ่","@type":"node","@id":11450304676},"geometry":{"type":"Point","coordinates":[100.9129562,14.7911515]}},{"type":"Feature","id":11450309884,"properties":{"amenity":"fuel","@type":"node","@id":11450309884},"geometry":{"type":"Point","coordinates":[100.9112767,14.8062745]}},{"type":"Feature","id":11450309887,"properties":{"amenity":"fuel","@type":"node","@id":11450309887},"geometry":{"type":"Point","coordinates":[100.9121836,14.809417]}},{"type":"Feature","id":11450309890,"properties":{"amenity":"fuel","@type":"node","@id":11450309890},"geometry":{"type":"Point","coordinates":[100.9123643,14.8036387]}},{"type":"Feature","id":11450309899,"properties":{"amenity":"fuel","@type":"node","@id":11450309899},"geometry":{"type":"Point","coordinates":[100.9121871,14.8087742]}},{"type":"Feature","id":11450453045,"properties":{"amenity":"fuel","name":"Closed ?","@type":"node","@id":11450453045},"geometry":{"type":"Point","coordinates":[100.9106093,14.8415656]}},{"type":"Feature","id":11450453048,"properties":{"amenity":"fuel","@type":"node","@id":11450453048},"geometry":{"type":"Point","coordinates":[100.9106679,14.8411454]}},{"type":"Feature","id":11450459301,"properties":{"amenity":"fuel","@type":"node","@id":11450459301},"geometry":{"type":"Point","coordinates":[100.9096167,14.8422121]}},{"type":"Feature","id":11450469629,"properties":{"amenity":"fuel","@type":"node","@id":11450469629},"geometry":{"type":"Point","coordinates":[100.9913068,15.0747925]}},{"type":"Feature","id":11450469630,"properties":{"amenity":"fuel","fuel:lpg":"yes","@type":"node","@id":11450469630},"geometry":{"type":"Point","coordinates":[100.9902148,15.0739377]}},{"type":"Feature","id":11450585514,"properties":{"amenity":"fuel","@type":"node","@id":11450585514},"geometry":{"type":"Point","coordinates":[100.9449762,15.0171248]}},{"type":"Feature","id":11450606789,"properties":{"amenity":"fuel","@type":"node","@id":11450606789},"geometry":{"type":"Point","coordinates":[100.9682914,15.0547469]}},{"type":"Feature","id":11496926020,"properties":{"access":"yes","amenity":"charging_station","brand":"Altervim","capacity":"2","mapillary":"3524659604417047","@type":"node","@id":11496926020},"geometry":{"type":"Point","coordinates":[100.9232173,14.5210905]}},{"type":"Feature","id":11497027672,"properties":{"access":"yes","amenity":"charging_station","capacity":"1","mapillary":"3390814767876225","@type":"node","@id":11497027672},"geometry":{"type":"Point","coordinates":[101.0482333,14.69165]}},{"type":"Feature","id":11497027673,"properties":{"access":"yes","amenity":"charging_station","capacity":"1","mapillary":"3390814767876225","@type":"node","@id":11497027673},"geometry":{"type":"Point","coordinates":[101.0482363,14.6916754]}},{"type":"Feature","id":11497027674,"properties":{"access":"yes","amenity":"charging_station","capacity":"1","mapillary":"3390814767876225","@type":"node","@id":11497027674},"geometry":{"type":"Point","coordinates":[101.0482396,14.6917053]}},{"type":"Feature","id":11641397216,"properties":{"amenity":"fuel","brand":"PT","brand:wikidata":"Q62298612","fuel:diesel":"yes","fuel:e20":"yes","fuel:octane_91":"yes","fuel:octane_95":"yes","name":"PT","@type":"node","@id":11641397216},"geometry":{"type":"Point","coordinates":[102.3973259,14.7311359]}},{"type":"Feature","id":11641972209,"properties":{"amenity":"fuel","brand":"ป.ต.ท.","brand:en":"PTT","brand:th":"ป.ต.ท.","brand:wikidata":"Q1810389","name":"ป.ต.ท.","name:en":"PTT","name:th":"ป.ต.ท.","@type":"node","@id":11641972209},"geometry":{"type":"Point","coordinates":[102.2518983,14.7512507]}},{"type":"Feature","id":12277421050,"properties":{"amenity":"fuel","@type":"node","@id":12277421050},"geometry":{"type":"Point","coordinates":[100.9899764,14.1494836]}},{"type":"Feature","id":12277491502,"properties":{"amenity":"fuel","@type":"node","@id":12277491502},"geometry":{"type":"Point","coordinates":[101.0483662,14.191622]}},{"type":"Feature","id":12279996989,"properties":{"amenity":"fuel","name":"ปั๊มปักธงชัย กรุ๊ป","@type":"node","@id":12279996989},"geometry":{"type":"Point","coordinates":[101.3676714,14.1742672]}},{"type":"Feature","id":12280035505,"properties":{"amenity":"fuel","fuel:lpg":"yes","@type":"node","@id":12280035505},"geometry":{"type":"Point","coordinates":[101.3676886,14.1358583]}},{"type":"Feature","id":12281368012,"properties":{"amenity":"fuel","@type":"node","@id":12281368012},"geometry":{"type":"Point","coordinates":[101.3066572,14.1502556]}},{"type":"Feature","id":12281373304,"properties":{"amenity":"fuel","@type":"node","@id":12281373304},"geometry":{"type":"Point","coordinates":[101.3251862,14.1502289]}},{"type":"Feature","id":12281381591,"properties":{"amenity":"fuel","@type":"node","@id":12281381591},"geometry":{"type":"Point","coordinates":[101.2215324,14.1966986]}},{"type":"Feature","id":12282725348,"properties":{"amenity":"fuel","@type":"node","@id":12282725348},"geometry":{"type":"Point","coordinates":[101.2539156,14.2474338]}},{"type":"Feature","id":12301962088,"properties":{"amenity":"fuel","@type":"node","@id":12301962088},"geometry":{"type":"Point","coordinates":[101.2664702,14.638689]}},{"type":"Feature","id":12302010029,"properties":{"amenity":"fuel","brand":"Cosmo oil","check_date":"2025-09-13","fuel:diesel":"yes","fuel:gasohol_91":"yes","fuel:gasohol_95":"yes","name":"Cosmo oil","name:th":"ปั๊ม คอสโม่","@type":"node","@id":12302010029},"geometry":{"type":"Point","coordinates":[101.3126673,14.653863]}},{"type":"Feature","id":12302038474,"properties":{"amenity":"fuel","@type":"node","@id":12302038474},"geometry":{"type":"Point","coordinates":[101.4233242,14.6647164]}},{"type":"Feature","id":12302309626,"properties":{"amenity":"fuel","@type":"node","@id":12302309626},"geometry":{"type":"Point","coordinates":[101.6506953,14.8512945]}},{"type":"Feature","id":12318773008,"properties":{"amenity":"fuel","@type":"node","@id":12318773008},"geometry":{"type":"Point","coordinates":[101.8040118,14.9230668]}},{"type":"Feature","id":12328391101,"properties":{"amenity":"fuel","brand":"ป.ต.ท.","brand:en":"PTT","brand:th":"ป.ต.ท.","brand:wikidata":"Q1810389","name":"PTT","name:en":"PTT","name:th":"ป.ต.ท.","@type":"node","@id":12328391101},"geometry":{"type":"Point","coordinates":[101.0926358,14.6218865]}},{"type":"Feature","id":12350369101,"properties":{"amenity":"fuel","name":"PT","opening_hours":"24/7","phone":"0922489630","@type":"node","@id":12350369101},"geometry":{"type":"Point","coordinates":[101.2090902,14.6351086]}},{"type":"Feature","id":12350369103,"properties":{"addr:street":"ถนนพหลโยธิน","amenity":"fuel","name":"PT","opening_hours":"24/7","phone":"0659652401","@type":"node","@id":12350369103},"geometry":{"type":"Point","coordinates":[100.66275,14.2041465]}},{"type":"Feature","id":12350420601,"properties":{"addr:street":"ถนนพหลโยธิน","amenity":"fuel","name":"PT","opening_hours":"24/7","phone":"0655140287","@type":"node","@id":12350420601},"geometry":{"type":"Point","coordinates":[100.6680263,14.2058292]}},{"type":"Feature","id":12350458801,"properties":{"addr:postcode":"30000","amenity":"fuel","name":"PT","phone":"0612988814","@type":"node","@id":12350458801},"geometry":{"type":"Point","coordinates":[102.0608988,15.01042]}},{"type":"Feature","id":12359587001,"properties":{"amenity":"fuel","@type":"node","@id":12359587001},"geometry":{"type":"Point","coordinates":[102.3253239,14.7548037]}},{"type":"Feature","id":12361269782,"properties":{"amenity":"fuel","brand":"เชลล์","brand:en":"Shell","brand:th":"เชลล์","brand:wikidata":"Q110716465","name":"เชลล์","name:en":"Shell","name:th":"เชลล์","@type":"node","@id":12361269782},"geometry":{"type":"Point","coordinates":[102.2010007,14.7449729]}},{"type":"Feature","id":12459274063,"properties":{"amenity":"fuel","fuel:lpg":"yes","@type":"node","@id":12459274063},"geometry":{"type":"Point","coordinates":[101.6785604,14.9625135]}},{"type":"Feature","id":12459277219,"properties":{"amenity":"fuel","@type":"node","@id":12459277219},"geometry":{"type":"Point","coordinates":[101.6785153,14.9629436]}},{"type":"Feature","id":12459309027,"properties":{"amenity":"fuel","@type":"node","@id":12459309027},"geometry":{"type":"Point","coordinates":[101.9177323,15.023716]}},{"type":"Feature","id":12459723916,"properties":{"amenity":"fuel","brand":"PTT","brand:wikidata":"Q1810389","check_date":"2026-07-03","name":"PTT","@type":"node","@id":12459723916},"geometry":{"type":"Point","coordinates":[102.2590635,15.1524745]}},{"type":"Feature","id":12537358165,"properties":{"amenity":"fuel","@type":"node","@id":12537358165},"geometry":{"type":"Point","coordinates":[102.0146735,14.6719602]}},{"type":"Feature","id":12537378684,"properties":{"amenity":"fuel","@type":"node","@id":12537378684},"geometry":{"type":"Point","coordinates":[101.9594206,14.6759686]}},{"type":"Feature","id":12539922971,"properties":{"amenity":"fuel","brand":"PT","brand:wikidata":"Q62298612","name":"PT","@type":"node","@id":12539922971},"geometry":{"type":"Point","coordinates":[102.0159068,14.6789474]}},{"type":"Feature","id":12586272402,"properties":{"addr:postcode":"30340","amenity":"fuel","name":"PT with Max Camp","name:en":"PT with Max Camp","name:th":"พีที","@type":"node","@id":12586272402},"geometry":{"type":"Point","coordinates":[101.5964736,14.8408391]}},{"type":"Feature","id":12593061028,"properties":{"amenity":"fuel","@type":"node","@id":12593061028},"geometry":{"type":"Point","coordinates":[101.2003265,14.8633264]}},{"type":"Feature","id":12593734294,"properties":{"amenity":"fuel","@type":"node","@id":12593734294},"geometry":{"type":"Point","coordinates":[100.7131332,15.0554201]}},{"type":"Feature","id":12637954201,"properties":{"amenity":"fuel","brand":"PT","brand:wikidata":"Q62298612","name":"พีที","name:en":"PT","name:th":"พีที","@type":"node","@id":12637954201},"geometry":{"type":"Point","coordinates":[102.3696961,15.2292084]}},{"type":"Feature","id":12643072901,"properties":{"amenity":"fuel","name":"bangchak","@type":"node","@id":12643072901},"geometry":{"type":"Point","coordinates":[102.058184,15.0052976]}},{"type":"Feature","id":12713002106,"properties":{"amenity":"charging_station","brand":"Tesla Supercharger","brand:wikidata":"Q17089620","capacity":"250","covered":"yes","fee":"yes","indoor":"yes","level":"0","motorcar":"yes","name":"Tesla Supercharger","operator":"Tesla","operator:wikidata":"Q478214","@type":"node","@id":12713002106},"geometry":{"type":"Point","coordinates":[100.6093162,14.3319843]}},{"type":"Feature","id":12717121990,"properties":{"amenity":"charging_station","brand":"Evolt","fee":"yes","@type":"node","@id":12717121990},"geometry":{"type":"Point","coordinates":[100.6094963,14.331521]}},{"type":"Feature","id":12720573872,"properties":{"amenity":"charging_station","brand":"Onion","@type":"node","@id":12720573872},"geometry":{"type":"Point","coordinates":[100.60952,14.3313891]}},{"type":"Feature","id":12731945552,"properties":{"amenity":"fuel","brand":"บางจาก","brand:en":"Bangchak","brand:th":"บางจาก","brand:wikidata":"Q6579719","name":"บางจาก","name:en":"Bangchak","name:th":"บางจาก","@type":"node","@id":12731945552},"geometry":{"type":"Point","coordinates":[101.3258529,14.1154104]}},{"type":"Feature","id":12732839217,"properties":{"amenity":"fuel","@type":"node","@id":12732839217},"geometry":{"type":"Point","coordinates":[101.3211372,14.13383]}},{"type":"Feature","id":12733268619,"properties":{"amenity":"fuel","brand":"PT","brand:wikidata":"Q62298612","name":"PT","@type":"node","@id":12733268619},"geometry":{"type":"Point","coordinates":[101.3452532,14.1073152]}},{"type":"Feature","id":12735422289,"properties":{"amenity":"fuel","@type":"node","@id":12735422289},"geometry":{"type":"Point","coordinates":[101.0922168,14.2542311]}},{"type":"Feature","id":12736225242,"properties":{"amenity":"fuel","@type":"node","@id":12736225242},"geometry":{"type":"Point","coordinates":[101.072515,14.2500454]}},{"type":"Feature","id":12736225661,"properties":{"amenity":"fuel","brand":"PT","brand:wikidata":"Q62298612","name":"PT","@type":"node","@id":12736225661},"geometry":{"type":"Point","coordinates":[101.0728102,14.2542689]}},{"type":"Feature","id":12737054035,"properties":{"amenity":"fuel","brand":"Caltex","brand:wikidata":"Q277470","name":"Caltex","@type":"node","@id":12737054035},"geometry":{"type":"Point","coordinates":[101.0334836,14.2980563]}},{"type":"Feature","id":12737058925,"properties":{"amenity":"fuel","brand":"PT","brand:wikidata":"Q62298612","name":"PT","@type":"node","@id":12737058925},"geometry":{"type":"Point","coordinates":[101.0387962,14.293396]}},{"type":"Feature","id":12741013448,"properties":{"amenity":"fuel","brand":"PT","brand:wikidata":"Q62298612","name":"PT","@type":"node","@id":12741013448},"geometry":{"type":"Point","coordinates":[100.7863659,14.4188159]}},{"type":"Feature","id":12741044091,"properties":{"amenity":"fuel","brand":"บางจาก","brand:en":"Bangchak","brand:th":"บางจาก","brand:wikidata":"Q6579719","name":"บางจาก","name:en":"Bangchak","name:th":"บางจาก","@type":"node","@id":12741044091},"geometry":{"type":"Point","coordinates":[100.8043869,14.4162002]}},{"type":"Feature","id":12743388817,"properties":{"amenity":"fuel","@type":"node","@id":12743388817},"geometry":{"type":"Point","coordinates":[100.65738,14.4576321]}},{"type":"Feature","id":12743399324,"properties":{"amenity":"fuel","@type":"node","@id":12743399324},"geometry":{"type":"Point","coordinates":[100.7354155,14.4448898]}},{"type":"Feature","id":12743403037,"properties":{"amenity":"fuel","brand":"PT","brand:wikidata":"Q62298612","name":"PT","@type":"node","@id":12743403037},"geometry":{"type":"Point","coordinates":[100.6250919,14.4577139]}},{"type":"Feature","id":12743407694,"properties":{"amenity":"fuel","@type":"node","@id":12743407694},"geometry":{"type":"Point","coordinates":[100.6273991,14.4577291]}},{"type":"Feature","id":12899618242,"properties":{"amenity":"charging_station","brand":"PTT","@type":"node","@id":12899618242},"geometry":{"type":"Point","coordinates":[100.612241,14.3191861]}},{"type":"Feature","id":13016799243,"properties":{"amenity":"fuel","brand":"บางจาก","brand:en":"Bangchak","brand:th":"บางจาก","brand:wikidata":"Q6579719","name":"บางจาก","name:en":"Bangchak","name:th":"บางจาก","@type":"node","@id":13016799243},"geometry":{"type":"Point","coordinates":[101.4804023,14.6478147]}},{"type":"Feature","id":13017845035,"properties":{"amenity":"fuel","brand":"บางจาก","brand:en":"Bangchak","brand:th":"บางจาก","brand:wikidata":"Q6579719","fuel:diesel":"yes","fuel:e20":"yes","fuel:e85":"yes","fuel:octane_91":"yes","fuel:octane_95":"yes","name":"บางจาก","name:en":"Bangchak","name:th":"บางจาก","@type":"node","@id":13017845035},"geometry":{"type":"Point","coordinates":[101.8595149,14.8823921]}},{"type":"Feature","id":13017845038,"properties":{"amenity":"fuel","brand":"ป.ต.ท.","brand:en":"PTT","brand:th":"ป.ต.ท.","brand:wikidata":"Q1810389","name":"PTT","name:en":"PTT","name:th":"ป.ต.ท.","@type":"node","@id":13017845038},"geometry":{"type":"Point","coordinates":[101.8579419,14.8818415]}},{"type":"Feature","id":13017908679,"properties":{"amenity":"fuel","check_date":"2026-01-16","operator":"Sinopec","@type":"node","@id":13017908679},"geometry":{"type":"Point","coordinates":[102.008381,14.9443451]}},{"type":"Feature","id":13017915143,"properties":{"amenity":"fuel","brand":"บางจาก","brand:en":"Bangchak","brand:th":"บางจาก","brand:wikidata":"Q6579719","name":"บางจาก","name:en":"Bangchak","name:th":"บางจาก","@type":"node","@id":13017915143},"geometry":{"type":"Point","coordinates":[101.9346208,14.9128454]}},{"type":"Feature","id":13017957654,"properties":{"amenity":"fuel","brand":"บางจาก","brand:en":"Bangchak","brand:th":"บางจาก","brand:wikidata":"Q6579719","name":"บางจาก","name:en":"Bangchak","name:th":"บางจาก","@type":"node","@id":13017957654},"geometry":{"type":"Point","coordinates":[102.0412078,14.9571135]}},{"type":"Feature","id":13017989819,"properties":{"amenity":"fuel","brand":"เชลล์","brand:en":"Shell","brand:th":"เชลล์","brand:wikidata":"Q110716465","name":"Shell","name:en":"Shell","name:th":"เชลล์","@type":"node","@id":13017989819},"geometry":{"type":"Point","coordinates":[102.0148868,14.9470007]}},{"type":"Feature","id":13017989820,"properties":{"amenity":"fuel","check_date":"2025-09-13","fuel:diesel":"yes","fuel:lpg":"yes","@type":"node","@id":13017989820},"geometry":{"type":"Point","coordinates":[102.0137901,14.9465804]}},{"type":"Feature","id":13017994284,"properties":{"amenity":"fuel","brand":"PT","brand:wikidata":"Q62298612","fuel:diesel":"yes","fuel:e20":"yes","fuel:octane_91":"yes","fuel:octane_95":"yes","name":"PT","@type":"node","@id":13017994284},"geometry":{"type":"Point","coordinates":[102.0291221,14.9530479]}},{"type":"Feature","id":13042437843,"properties":{"amenity":"fuel","check_date":"2025-08-30","name":"bangchak","@type":"node","@id":13042437843},"geometry":{"type":"Point","coordinates":[102.068138,14.971911]}},{"type":"Feature","id":13049481583,"properties":{"access":"permissive","amenity":"charging_station","capacity":"2","check_date":"2025-08-05","@type":"node","@id":13049481583},"geometry":{"type":"Point","coordinates":[101.4266272,14.6668188]}},{"type":"Feature","id":13056093384,"properties":{"amenity":"fuel","check_date":"2025-08-07","name":"PTT","@type":"node","@id":13056093384},"geometry":{"type":"Point","coordinates":[101.9505669,14.9404985]}},{"type":"Feature","id":13059077939,"properties":{"amenity":"fuel","brand":"ป.ต.ท.","brand:en":"PTT","brand:th":"ป.ต.ท.","brand:wikidata":"Q1810389","name":"PTT","name:en":"PTT","name:th":"ป.ต.ท.","@type":"node","@id":13059077939},"geometry":{"type":"Point","coordinates":[100.6317516,14.8843415]}},{"type":"Feature","id":13059118394,"properties":{"amenity":"fuel","brand":"ป.ต.ท.","brand:en":"PTT","brand:th":"ป.ต.ท.","brand:wikidata":"Q1810389","name":"ป.ต.ท.","name:en":"PTT","name:th":"ป.ต.ท.","@type":"node","@id":13059118394},"geometry":{"type":"Point","coordinates":[100.6472846,14.827974]}},{"type":"Feature","id":13059118395,"properties":{"amenity":"fuel","brand":"ป.ต.ท.","brand:en":"PTT","brand:th":"ป.ต.ท.","brand:wikidata":"Q1810389","name":"ป.ต.ท.","name:en":"PTT","name:th":"ป.ต.ท.","@type":"node","@id":13059118395},"geometry":{"type":"Point","coordinates":[100.6469185,14.8252473]}},{"type":"Feature","id":13064796901,"properties":{"amenity":"fuel","check_date":"2025-08-10","name":"Shell","@type":"node","@id":13064796901},"geometry":{"type":"Point","coordinates":[101.414508,14.6646296]}},{"type":"Feature","id":13076907527,"properties":{"amenity":"fuel","check_date":"2025-08-16","name":"Shell","@type":"node","@id":13076907527},"geometry":{"type":"Point","coordinates":[102.0519852,14.9829316]}},{"type":"Feature","id":13093878176,"properties":{"access":"yes","amenity":"charging_station","brand":"Tesla Supercharger","brand:wikidata":"Q17089620","capacity":"250","fee":"yes","name":"Tesla Supercharger","operator":"Tesla","operator:wikidata":"Q478214","payment:credit_cards":"yes","@type":"node","@id":13093878176},"geometry":{"type":"Point","coordinates":[100.6450871,14.1954226]}},{"type":"Feature","id":13102885145,"properties":{"amenity":"fuel","check_date":"2025-08-27","name":"Bangchak","@type":"node","@id":13102885145},"geometry":{"type":"Point","coordinates":[102.1277565,14.9953947]}},{"type":"Feature","id":13110467745,"properties":{"access":"yes","amenity":"charging_station","brand":"Tesla Supercharger","brand:wikidata":"Q17089620","capacity":"250","fee":"yes","name":"Tesla Supercharger","operator":"Tesla","operator:wikidata":"Q478214","payment:credit_cards":"yes","@type":"node","@id":13110467745},"geometry":{"type":"Point","coordinates":[101.3844337,14.6586928]}},{"type":"Feature","id":13120651996,"properties":{"amenity":"fuel","check_date":"2025-08-29","name:en":"bangchak","@type":"node","@id":13120651996},"geometry":{"type":"Point","coordinates":[102.082134,15.027032]}},{"type":"Feature","id":13120698249,"properties":{"amenity":"fuel","check_date":"2025-08-29","name:en":"bangchak","@type":"node","@id":13120698249},"geometry":{"type":"Point","coordinates":[102.1047981,15.0421762]}},{"type":"Feature","id":13120699635,"properties":{"amenity":"fuel","check_date":"2025-08-29","name:en":"bangchak","@type":"node","@id":13120699635},"geometry":{"type":"Point","coordinates":[102.0665475,14.966889]}},{"type":"Feature","id":13135543327,"properties":{"amenity":"charging_station","brand":"Elex PT","capacity":"2","check_date":"2025-09-11","@type":"node","@id":13135543327},"geometry":{"type":"Point","coordinates":[102.1228613,14.9516188]}},{"type":"Feature","id":13247389101,"properties":{"amenity":"charging_station","brand":"Elex","capacity":"2","socket:type2_combo":"2","socket:type2_combo:output":"125","@type":"node","@id":13247389101},"geometry":{"type":"Point","coordinates":[100.608074,14.2014704]}},{"type":"Feature","id":13301337615,"properties":{"amenity":"fuel","brand":"ป.ต.ท.","brand:en":"PTT","brand:th":"ป.ต.ท.","brand:wikidata":"Q1810389","name":"ptt","name:en":"PTT","name:th":"ป.ต.ท.","@type":"node","@id":13301337615},"geometry":{"type":"Point","coordinates":[100.6286891,14.1860409]}},{"type":"Feature","id":13329858201,"properties":{"amenity":"fuel","brand":"ป.ต.ท.","brand:en":"PTT","brand:th":"ป.ต.ท.","brand:wikidata":"Q1810389","check_date":"2026-01-29","name":"PTT","name:en":"PTT","name:th":"ป.ต.ท.","@type":"node","@id":13329858201},"geometry":{"type":"Point","coordinates":[102.1633371,15.3349251]}},{"type":"Feature","id":13354662501,"properties":{"amenity":"charging_station","name":"EV Station Pluz","@type":"node","@id":13354662501},"geometry":{"type":"Point","coordinates":[101.6901999,14.8596049]}},{"type":"Feature","id":13360918502,"properties":{"amenity":"fuel","brand":"บางจาก","brand:en":"Bangchak","brand:th":"บางจาก","brand:wikidata":"Q6579719","name":"Bangchak","name:en":"Bangchak","name:th":"บางจาก","@type":"node","@id":13360918502},"geometry":{"type":"Point","coordinates":[101.7206235,14.8995003]}},{"type":"Feature","id":13370056318,"properties":{"amenity":"fuel","name":"Susco","@type":"node","@id":13370056318},"geometry":{"type":"Point","coordinates":[100.6477391,14.1961559]}},{"type":"Feature","id":13370056335,"properties":{"amenity":"fuel","brand":"PT","brand:wikidata":"Q62298612","name":"PT","@type":"node","@id":13370056335},"geometry":{"type":"Point","coordinates":[100.6434395,14.1938182]}},{"type":"Feature","id":13370064704,"properties":{"amenity":"fuel","brand":"ป.ต.ท.","brand:en":"PTT","brand:th":"ป.ต.ท.","brand:wikidata":"Q1810389","fuel:lpg":"yes","name":"ป.ต.ท.","name:en":"PTT","name:th":"ป.ต.ท.","@type":"node","@id":13370064704},"geometry":{"type":"Point","coordinates":[100.6268957,14.184912]}},{"type":"Feature","id":13370064717,"properties":{"amenity":"fuel","brand":"เชลล์","brand:en":"Shell","brand:th":"เชลล์","brand:wikidata":"Q110716465","name":"shell","name:en":"Shell","name:th":"เชลล์","@type":"node","@id":13370064717},"geometry":{"type":"Point","coordinates":[100.6274466,14.1854201]}},{"type":"Feature","id":13457324633,"properties":{"access":"yes","amenity":"charging_station","brand":"Elex","capacity":"2","check_date":"2026-01-12","@type":"node","@id":13457324633},"geometry":{"type":"Point","coordinates":[102.0850897,14.9791858]}},{"type":"Feature","id":13461849743,"properties":{"amenity":"charging_station","check_date":"2026-01-16","@type":"node","@id":13461849743},"geometry":{"type":"Point","coordinates":[102.0568512,14.9595892]}},{"type":"Feature","id":13472541965,"properties":{"amenity":"charging_station","capacity":"3","check_date":"2026-01-21","operator":"EV Station Pluz","@type":"node","@id":13472541965},"geometry":{"type":"Point","coordinates":[102.1328478,15.0467505]}},{"type":"Feature","id":13476755620,"properties":{"amenity":"fuel","brand":"PTT","brand:wikidata":"Q1810389","check_date":"2026-01-22","name":"PTT","@type":"node","@id":13476755620},"geometry":{"type":"Point","coordinates":[102.0599137,14.9889899]}},{"type":"Feature","id":13686014533,"properties":{"amenity":"charging_station","brand":"EV Station","capacity":"2","check_date":"2026-03-14","@type":"node","@id":13686014533},"geometry":{"type":"Point","coordinates":[102.0813997,14.9802516]}},{"type":"Feature","id":13686082462,"properties":{"amenity":"charging_station","capacity":"2","check_date":"2026-02-09","@type":"node","@id":13686082462},"geometry":{"type":"Point","coordinates":[102.1248394,15.0096968]}},{"type":"Feature","id":13686082466,"properties":{"amenity":"charging_station","capacity":"2","check_date":"2026-02-09","@type":"node","@id":13686082466},"geometry":{"type":"Point","coordinates":[102.1232786,15.006626]}},{"type":"Feature","id":13841744972,"properties":{"amenity":"fuel","brand":"บางจาก","brand:en":"Bangchak","brand:th":"บางจาก","brand:wikidata":"Q6579719","name":"บางจาก","name:en":"Bangchak","name:th":"บางจาก","@type":"node","@id":13841744972},"geometry":{"type":"Point","coordinates":[102.3314682,14.7528423]}},{"type":"Feature","id":13841744991,"properties":{"amenity":"charging_station","@type":"node","@id":13841744991},"geometry":{"type":"Point","coordinates":[102.3255752,14.7550057]}},{"type":"Feature","id":13858938321,"properties":{"amenity":"fuel","brand":"PT","brand:wikidata":"Q62298612","fuel:lpg":"yes","name":"PT","@type":"node","@id":13858938321},"geometry":{"type":"Point","coordinates":[102.144544,14.7402517]}},{"type":"Feature","id":13863627990,"properties":{"amenity":"fuel","@type":"node","@id":13863627990},"geometry":{"type":"Point","coordinates":[102.1061608,14.7358807]}},{"type":"Feature","id":13863627991,"properties":{"amenity":"fuel","brand":"บางจาก","brand:en":"Bangchak","brand:th":"บางจาก","brand:wikidata":"Q6579719","fuel:diesel":"yes","fuel:e20":"yes","fuel:octane_95":"yes","fuel:octane_97":"yes","name":"บางจาก","name:en":"Bangchak","name:th":"บางจาก","@type":"node","@id":13863627991},"geometry":{"type":"Point","coordinates":[102.0625558,14.7509733]}},{"type":"Feature","id":13863628043,"properties":{"amenity":"charging_station","@type":"node","@id":13863628043},"geometry":{"type":"Point","coordinates":[102.0528949,14.7560206]}},{"type":"Feature","id":13869449621,"properties":{"amenity":"fuel","brand":"PT","brand:wikidata":"Q62298612","name":"PT","@type":"node","@id":13869449621},"geometry":{"type":"Point","coordinates":[101.9060553,14.7972636]}},{"type":"Feature","id":13874337274,"properties":{"amenity":"fuel","brand":"PT","brand:wikidata":"Q62298612","name":"PT","@type":"node","@id":13874337274},"geometry":{"type":"Point","coordinates":[101.9023148,14.7982765]}},{"type":"Feature","id":13874442380,"properties":{"amenity":"fuel","@type":"node","@id":13874442380},"geometry":{"type":"Point","coordinates":[101.8358288,14.8173476]}},{"type":"Feature","id":13884364753,"properties":{"amenity":"fuel","@type":"node","@id":13884364753},"geometry":{"type":"Point","coordinates":[101.736693,14.8473651]}},{"type":"Feature","id":13884364772,"properties":{"amenity":"fuel","brand":"บางจาก","brand:en":"Bangchak","brand:th":"บางจาก","brand:wikidata":"Q6579719","fuel:diesel":"yes","fuel:e20":"yes","fuel:lpg":"yes","fuel:octane_91":"yes","fuel:octane_95":"yes","name":"บางจาก","name:en":"Bangchak","name:th":"บางจาก","@type":"node","@id":13884364772},"geometry":{"type":"Point","coordinates":[101.7125913,14.8515923]}},{"type":"Feature","id":13884398729,"properties":{"amenity":"fuel","brand":"ป.ต.ท.","brand:en":"PTT","brand:th":"ป.ต.ท.","brand:wikidata":"Q1810389","name":"ป.ต.ท.","name:en":"PTT","name:th":"ป.ต.ท.","@type":"node","@id":13884398729},"geometry":{"type":"Point","coordinates":[101.7021964,14.8554037]}},{"type":"Feature","id":13885757129,"properties":{"amenity":"fuel","brand":"PT","brand:wikidata":"Q62298612","name":"PT","@type":"node","@id":13885757129},"geometry":{"type":"Point","coordinates":[101.6972696,14.8666659]}},{"type":"Feature","id":13892661562,"properties":{"amenity":"fuel","brand":"PT","brand:wikidata":"Q62298612","name":"PT","@type":"node","@id":13892661562},"geometry":{"type":"Point","coordinates":[101.723862,14.8692506]}},{"type":"Feature","id":13894762507,"properties":{"amenity":"fuel","brand":"บางจาก","brand:en":"Bangchak","brand:th":"บางจาก","brand:wikidata":"Q6579719","name":"บางจาก","name:en":"Bangchak","name:th":"บางจาก","@type":"node","@id":13894762507},"geometry":{"type":"Point","coordinates":[101.7382927,14.8697095]}},{"type":"Feature","id":13895921683,"properties":{"amenity":"fuel","brand":"PT","brand:wikidata":"Q62298612","name":"PT","@type":"node","@id":13895921683},"geometry":{"type":"Point","coordinates":[101.7996674,14.8698668]}},{"type":"Feature","id":13896944858,"properties":{"amenity":"fuel","brand":"PT","brand:wikidata":"Q62298612","fuel:lpg":"yes","name":"PT","@type":"node","@id":13896944858},"geometry":{"type":"Point","coordinates":[101.8446473,14.8746631]}},{"type":"Feature","id":13897876584,"properties":{"amenity":"fuel","@type":"node","@id":13897876584},"geometry":{"type":"Point","coordinates":[101.8606641,14.8827505]}},{"type":"Feature","id":13897876681,"properties":{"amenity":"fuel","@type":"node","@id":13897876681},"geometry":{"type":"Point","coordinates":[101.8820371,14.8918541]}},{"type":"Feature","id":13902990634,"properties":{"amenity":"fuel","brand":"บางจาก","brand:en":"Bangchak","brand:th":"บางจาก","brand:wikidata":"Q6579719","name":"บางจาก","name:en":"Bangchak","name:th":"บางจาก","@type":"node","@id":13902990634},"geometry":{"type":"Point","coordinates":[101.907612,14.9015405]}},{"type":"Feature","id":13902990639,"properties":{"amenity":"charging_station","@type":"node","@id":13902990639},"geometry":{"type":"Point","coordinates":[101.9073311,14.9016234]}},{"type":"Feature","id":13908416893,"properties":{"amenity":"fuel","brand":"PT","brand:wikidata":"Q62298612","name":"PT","@type":"node","@id":13908416893},"geometry":{"type":"Point","coordinates":[101.7148634,14.8662489]}},{"type":"Feature","id":13915513779,"properties":{"amenity":"charging_station","@type":"node","@id":13915513779},"geometry":{"type":"Point","coordinates":[101.9639469,14.926636]}},{"type":"Feature","id":13921248162,"properties":{"amenity":"fuel","brand":"Best","fuel:lpg":"yes","@type":"node","@id":13921248162},"geometry":{"type":"Point","coordinates":[102.0071335,14.9447392]}},{"type":"Feature","id":13921248200,"properties":{"amenity":"fuel","check_date":"2026-01-16","operator":"Sinopec","@type":"node","@id":13921248200},"geometry":{"type":"Point","coordinates":[102.0086283,14.9441542]}},{"type":"Feature","id":13921248308,"properties":{"amenity":"charging_station","brand":"EV Station Pluz","@type":"node","@id":13921248308},"geometry":{"type":"Point","coordinates":[102.0102288,14.9446549]}},{"type":"Feature","id":13932017658,"properties":{"amenity":"charging_station","brand":"Spark EV Charging","@type":"node","@id":13932017658},"geometry":{"type":"Point","coordinates":[102.0408528,14.9571974]}},{"type":"Feature","id":13932017659,"properties":{"amenity":"charging_station","brand":"PEA","@type":"node","@id":13932017659},"geometry":{"type":"Point","coordinates":[102.040808,14.9572582]}},{"type":"Feature","id":13932017660,"properties":{"amenity":"charging_station","brand":"PEA","@type":"node","@id":13932017660},"geometry":{"type":"Point","coordinates":[102.0408117,14.9572291]}},{"type":"Feature","id":13944070381,"properties":{"amenity":"fuel","brand":"เชลล์","brand:en":"Shell","brand:th":"เชลล์","brand:wikidata":"Q110716465","name":"เชลล์","name:en":"Shell","name:th":"เชลล์","@type":"node","@id":13944070381},"geometry":{"type":"Point","coordinates":[102.063908,14.9730225]}},{"type":"Feature","id":13948476959,"properties":{"amenity":"fuel","brand":"ป.ต.ท.","brand:en":"PTT","brand:th":"ป.ต.ท.","brand:wikidata":"Q1810389","name":"ป.ต.ท.","name:en":"PTT","name:th":"ป.ต.ท.","@type":"node","@id":13948476959},"geometry":{"type":"Point","coordinates":[102.0813542,14.9798751]}},{"type":"Feature","id":13948535027,"properties":{"amenity":"fuel","brand":"PT","brand:wikidata":"Q62298612","check_date":"2026-01-12","fuel:diesel":"yes","fuel:e20":"yes","fuel:octane_91":"yes","fuel:octane_95":"yes","name":"PT","@type":"node","@id":13948535027},"geometry":{"type":"Point","coordinates":[102.0852554,14.979196]}},{"type":"Feature","id":13950836994,"properties":{"access":"yes","amenity":"charging_station","brand":"EV Station","@type":"node","@id":13950836994},"geometry":{"type":"Point","coordinates":[102.0962422,14.9902069]}},{"type":"Feature","id":13952962322,"properties":{"amenity":"charging_station","capacity":"1","@type":"node","@id":13952962322},"geometry":{"type":"Point","coordinates":[102.1247986,15.0096451]}},{"type":"Feature","id":13952962323,"properties":{"amenity":"charging_station","capacity":"1","@type":"node","@id":13952962323},"geometry":{"type":"Point","coordinates":[102.1248158,15.0096679]}},{"type":"Feature","id":13953014082,"properties":{"amenity":"fuel","brand":"ป.ต.ท.","brand:en":"PTT","brand:th":"ป.ต.ท.","brand:wikidata":"Q1810389","fuel:diesel":"yes","fuel:e20":"yes","fuel:octane_91":"yes","fuel:octane_95":"yes","name":"ป.ต.ท.","name:en":"PTT","name:th":"ป.ต.ท.","@type":"node","@id":13953014082},"geometry":{"type":"Point","coordinates":[102.1323801,15.0184914]}},{"type":"Feature","id":13954701773,"properties":{"amenity":"fuel","brand":"เชลล์","brand:en":"Shell","brand:th":"เชลล์","brand:wikidata":"Q110716465","name":"เชลล์","name:en":"Shell","name:th":"เชลล์","@type":"node","@id":13954701773},"geometry":{"type":"Point","coordinates":[102.1738165,15.0611029]}},{"type":"Feature","id":13954701790,"properties":{"amenity":"charging_station","brand":"Shell Recharge","brand:wikidata":"Q105883058","capacity":"2","operator":"Shell Recharge","operator:wikidata":"Q105883058","@type":"node","@id":13954701790},"geometry":{"type":"Point","coordinates":[102.1740637,15.0610282]}},{"type":"Feature","id":13954701841,"properties":{"amenity":"fuel","brand":"ป.ต.ท.","brand:en":"PTT","brand:th":"ป.ต.ท.","brand:wikidata":"Q1810389","name":"ป.ต.ท.","name:en":"PTT","name:th":"ป.ต.ท.","@type":"node","@id":13954701841},"geometry":{"type":"Point","coordinates":[102.1866286,15.0648685]}},{"type":"Feature","id":13954701854,"properties":{"amenity":"fuel","brand":"ป.ต.ท.","brand:en":"PTT","brand:th":"ป.ต.ท.","brand:wikidata":"Q1810389","fuel:lpg":"yes","name":"ป.ต.ท.","name:en":"PTT","name:th":"ป.ต.ท.","@type":"node","@id":13954701854},"geometry":{"type":"Point","coordinates":[102.1865336,15.065224]}},{"type":"Feature","id":13954701897,"properties":{"amenity":"fuel","brand":"เชลล์","brand:en":"Shell","brand:th":"เชลล์","brand:wikidata":"Q110716465","name":"เชลล์","name:en":"Shell","name:th":"เชลล์","@type":"node","@id":13954701897},"geometry":{"type":"Point","coordinates":[102.1878584,15.0641482]}},{"type":"Feature","id":13955551800,"properties":{"amenity":"fuel","brand":"PT","brand:wikidata":"Q62298612","name":"PT","@type":"node","@id":13955551800},"geometry":{"type":"Point","coordinates":[102.2070668,15.0707997]}},{"type":"Feature","id":13955582426,"properties":{"amenity":"fuel","brand":"ป.ต.ท.","brand:en":"PTT","brand:th":"ป.ต.ท.","brand:wikidata":"Q1810389","fuel:biogas":"yes","fuel:diesel":"yes","fuel:e20":"yes","fuel:octane_91":"yes","fuel:octane_95":"yes","name":"ป.ต.ท.","name:en":"PTT","name:th":"ป.ต.ท.","@type":"node","@id":13955582426},"geometry":{"type":"Point","coordinates":[102.207568,15.0698883]}},{"type":"Feature","id":13955582506,"properties":{"amenity":"fuel","@type":"node","@id":13955582506},"geometry":{"type":"Point","coordinates":[102.2106091,15.0718479]}},{"type":"Feature","id":13955582543,"properties":{"amenity":"fuel","@type":"node","@id":13955582543},"geometry":{"type":"Point","coordinates":[102.2213456,15.0784873]}},{"type":"Feature","id":13955582561,"properties":{"amenity":"charging_station","brand":"EV Station","@type":"node","@id":13955582561},"geometry":{"type":"Point","coordinates":[102.2219425,15.0782116]}},{"type":"Feature","id":13955582601,"properties":{"amenity":"fuel","brand":"Caltex","brand:wikidata":"Q277470","name":"Caltex","@type":"node","@id":13955582601},"geometry":{"type":"Point","coordinates":[102.223543,15.0791821]}},{"type":"Feature","id":13955582626,"properties":{"amenity":"charging_station","brand":"Super Fast","capacity":"2","@type":"node","@id":13955582626},"geometry":{"type":"Point","coordinates":[102.2239154,15.0790979]}},{"type":"Feature","id":13955987756,"properties":{"amenity":"fuel","brand":"บางจาก","brand:en":"Bangchak","brand:th":"บางจาก","brand:wikidata":"Q6579719","fuel:lpg":"yes","name":"บางจาก","name:en":"Bangchak","name:th":"บางจาก","@type":"node","@id":13955987756},"geometry":{"type":"Point","coordinates":[102.2510494,15.0937812]}},{"type":"Feature","id":13955987757,"properties":{"amenity":"fuel","brand":"บางจาก","brand:en":"Bangchak","brand:th":"บางจาก","brand:wikidata":"Q6579719","fuel:diesel":"yes","fuel:octane_91":"yes","fuel:octane_95":"yes","name":"บางจาก","name:en":"Bangchak","name:th":"บางจาก","@type":"node","@id":13955987757},"geometry":{"type":"Point","coordinates":[102.2507165,15.0936746]}},{"type":"Feature","id":13955987826,"properties":{"amenity":"fuel","check_date":"2026-07-03","name":"สเตชั่น 69","@type":"node","@id":13955987826},"geometry":{"type":"Point","coordinates":[102.2530585,15.0951551]}},{"type":"Feature","id":13956072135,"properties":{"amenity":"fuel","brand":"บางจาก","brand:en":"Bangchak","brand:th":"บางจาก","brand:wikidata":"Q6579719","name":"บางจาก","name:en":"Bangchak","name:th":"บางจาก","@type":"node","@id":13956072135},"geometry":{"type":"Point","coordinates":[102.2722654,15.0980001]}},{"type":"Feature","id":13956072136,"properties":{"amenity":"charging_station","brand":"PEA Volta","capacity":"2","@type":"node","@id":13956072136},"geometry":{"type":"Point","coordinates":[102.272677,15.0978273]}},{"type":"Feature","id":13956072137,"properties":{"amenity":"charging_station","brand":"PEA Volta","capacity":"2","@type":"node","@id":13956072137},"geometry":{"type":"Point","coordinates":[102.2726792,15.0978646]}},{"type":"Feature","id":13956072199,"properties":{"amenity":"fuel","@type":"node","@id":13956072199},"geometry":{"type":"Point","coordinates":[102.269059,15.0972304]}},{"type":"Feature","id":13956414650,"properties":{"amenity":"fuel","brand":"ป.ต.ท.","brand:en":"PTT","brand:th":"ป.ต.ท.","brand:wikidata":"Q1810389","name":"ป.ต.ท.","name:en":"PTT","name:th":"ป.ต.ท.","@type":"node","@id":13956414650},"geometry":{"type":"Point","coordinates":[102.2908677,15.1054834]}},{"type":"Feature","id":13956414670,"properties":{"amenity":"fuel","brand":"PT","brand:wikidata":"Q62298612","name":"PT","@type":"node","@id":13956414670},"geometry":{"type":"Point","coordinates":[102.2908628,15.1067647]}},{"type":"Feature","id":13956414692,"properties":{"amenity":"fuel","brand":"PT","brand:wikidata":"Q62298612","name":"PT","@type":"node","@id":13956414692},"geometry":{"type":"Point","coordinates":[102.3008653,15.1192016]}},{"type":"Feature","id":13956414697,"properties":{"amenity":"charging_station","capacity":"2","@type":"node","@id":13956414697},"geometry":{"type":"Point","coordinates":[102.3005652,15.1190058]}},{"type":"Feature","id":13956414734,"properties":{"amenity":"fuel","@type":"node","@id":13956414734},"geometry":{"type":"Point","coordinates":[102.3037534,15.1257959]}},{"type":"Feature","id":13958509277,"properties":{"access":"yes","amenity":"charging_station","capacity":"2","@type":"node","@id":13958509277},"geometry":{"type":"Point","coordinates":[102.3357953,15.1742662]}},{"type":"Feature","id":13958509278,"properties":{"access":"yes","amenity":"charging_station","capacity":"2","@type":"node","@id":13958509278},"geometry":{"type":"Point","coordinates":[102.3357698,15.1742982]}},{"type":"Feature","id":13958509480,"properties":{"amenity":"fuel","@type":"node","@id":13958509480},"geometry":{"type":"Point","coordinates":[102.3513176,15.198437]}},{"type":"Feature","id":13958780504,"properties":{"amenity":"fuel","brand":"SP","fuel:diesel":"yes","fuel:diesel_b10":"yes","fuel:octane_91":"yes","fuel:octane_95":"yes","@type":"node","@id":13958780504},"geometry":{"type":"Point","coordinates":[102.362317,15.2228317]}},{"type":"Feature","id":13958780642,"properties":{"amenity":"fuel","brand":"PT","brand:wikidata":"Q62298612","name":"PT","@type":"node","@id":13958780642},"geometry":{"type":"Point","coordinates":[102.3780518,15.235127]}},{"type":"Feature","id":13958780652,"properties":{"access":"yes","amenity":"charging_station","brand":"Elex PT by Egat","capacity":"2","@type":"node","@id":13958780652},"geometry":{"type":"Point","coordinates":[102.3778619,15.2348598]}},{"type":"Feature","id":13958780701,"properties":{"amenity":"fuel","brand":"Caltex","brand:wikidata":"Q277470","name":"Caltex","@type":"node","@id":13958780701},"geometry":{"type":"Point","coordinates":[102.3770919,15.2356713]}},{"type":"Feature","id":13958780731,"properties":{"amenity":"fuel","brand":"ป.ต.ท.","brand:en":"PTT","brand:th":"ป.ต.ท.","brand:wikidata":"Q1810389","fuel:lpg":"yes","name":"ป.ต.ท.","name:en":"PTT","name:th":"ป.ต.ท.","@type":"node","@id":13958780731},"geometry":{"type":"Point","coordinates":[102.3801777,15.2370716]}},{"type":"Feature","id":13960536593,"properties":{"amenity":"fuel","brand":"เชลล์","brand:en":"Shell","brand:th":"เชลล์","brand:wikidata":"Q110716465","name":"เชลล์","name:en":"Shell","name:th":"เชลล์","@type":"node","@id":13960536593},"geometry":{"type":"Point","coordinates":[102.3896133,15.2464678]}},{"type":"Feature","id":14024324980,"properties":{"amenity":"fuel","brand":"บางจาก","brand:en":"Bangchak","brand:th":"บางจาก","brand:wikidata":"Q6579719","check_date":"2026-07-03","name":"บางจาก","name:en":"Bangchak","name:th":"บางจาก","@type":"node","@id":14024324980},"geometry":{"type":"Point","coordinates":[102.2571392,15.1545474]}},{"type":"Feature","id":14024326436,"properties":{"amenity":"fuel","brand":"เชลล์","brand:en":"Shell","brand:th":"เชลล์","brand:wikidata":"Q110716465","check_date":"2026-07-11","name":"เชลล์","name:en":"Shell","name:th":"เชลล์","@type":"node","@id":14024326436},"geometry":{"type":"Point","coordinates":[102.1272002,14.9951549]}},{"type":"Feature","id":14024326440,"properties":{"amenity":"fuel","brand":"PT","brand:wikidata":"Q62298612","check_date":"2026-07-09","name":"PT","@type":"node","@id":14024326440},"geometry":{"type":"Point","coordinates":[102.0533336,14.9458965]}},{"type":"Feature","id":14024334434,"properties":{"amenity":"fuel","brand":"7-Eleven","brand:wikidata":"Q259340","check_date":"2026-07-03","name":"7-Eleven","@type":"node","@id":14024334434},"geometry":{"type":"Point","coordinates":[102.1738753,15.0601357]}},{"type":"Feature","id":14024334435,"properties":{"amenity":"fuel","check_date":"2026-07-03","@type":"node","@id":14024334435},"geometry":{"type":"Point","coordinates":[102.1706672,15.0592287]}},{"type":"Feature","id":293434126,"properties":{"amenity":"fuel","brand":"ptt","building":"yes","compressed_air":"yes","name":"ป.ต.ท.","name:en":"PTT","opening_hours":"24/7","source":"GPS; sign","website":"www.pttplc.com","@type":"way","@id":293434126},"geometry":{"type":"Point","coordinates":[100.9350543,14.525589]}},{"type":"Feature","id":317486724,"properties":{"amenity":"fuel","building":"roof","layer":"1","name":"PTT","source":"Bing, GPS","@type":"way","@id":317486724},"geometry":{"type":"Point","coordinates":[100.9165409,14.4925116]}},{"type":"Feature","id":317486840,"properties":{"amenity":"fuel","building":"roof","layer":"1","name":"Caltex","source":"Bing","@type":"way","@id":317486840},"geometry":{"type":"Point","coordinates":[100.9079739,14.4671556]}},{"type":"Feature","id":317487124,"properties":{"amenity":"fuel","building":"roof","name":"ป.ต.ท.","name:en":"PTT","source":"GPS; sign","website":"www.pttplc.com","@type":"way","@id":317487124},"geometry":{"type":"Point","coordinates":[100.9062941,14.4623482]}},{"type":"Feature","id":317488157,"properties":{"amenity":"fuel","building":"roof","fuel:lpg":"yes","name":"LPG Station","source":"Bing","@type":"way","@id":317488157},"geometry":{"type":"Point","coordinates":[100.8951957,14.426913]}},{"type":"Feature","id":317488159,"properties":{"amenity":"fuel","brand":"ป.ต.ท.","brand:en":"PTT","brand:th":"ป.ต.ท.","brand:wikidata":"Q1810389","building":"roof","name":"ปตท.","name:en":"PTT","name:th":"ป.ต.ท.","source":"GPS; sign","website":"www.pttplc.com","@type":"way","@id":317488159},"geometry":{"type":"Point","coordinates":[100.8961254,14.4322095]}},{"type":"Feature","id":317488160,"properties":{"amenity":"fuel","building":"roof","fuel:lpg":"yes","name":"LPG Station","source":"Bing","@type":"way","@id":317488160},"geometry":{"type":"Point","coordinates":[100.8968598,14.4357227]}},{"type":"Feature","id":317488163,"properties":{"amenity":"fuel","building":"roof","fuel:lpg":"yes","name":"LPG Station","source":"Bing","@type":"way","@id":317488163},"geometry":{"type":"Point","coordinates":[100.8974706,14.4379718]}},{"type":"Feature","id":321364631,"properties":{"amenity":"fuel","building":"yes","name":"Fuel Station","source":"GPS","@type":"way","@id":321364631},"geometry":{"type":"Point","coordinates":[101.09689,14.6983299]}},{"type":"Feature","id":321371524,"properties":{"amenity":"fuel","brand":"ป.ต.ท.","brand:en":"PTT","brand:th":"ป.ต.ท.","brand:wikidata":"Q1810389","building":"roof","compressed_air":"yes","fuel:diesel":"yes","fuel:e20":"yes","fuel:gasohol_91":"yes","fuel:gasohol_95":"yes","fuel:gasoline_91":"yes","layer":"-1","level":"1","name":"ป.ต.ท.","name:en":"PTT","name:th":"ป.ต.ท.","opening_hours":"24/7","source":"Bing; sign","website":"www.pttplc.com","@type":"way","@id":321371524},"geometry":{"type":"Point","coordinates":[100.9598556,14.5470324]}},{"type":"Feature","id":321371526,"properties":{"amenity":"fuel","brand":"บางจาก","brand:en":"Bangchak","brand:th":"บางจาก","brand:wikidata":"Q6579719","building":"roof","compressed_air":"yes","name":"Bangchak","name:en":"Bangchak","name:th":"บางจาก","source":"GPS","@type":"way","@id":321371526},"geometry":{"type":"Point","coordinates":[100.9626914,14.55006]}},{"type":"Feature","id":321415201,"properties":{"amenity":"fuel","building":"roof","name":"PT","source":"GPS","@type":"way","@id":321415201},"geometry":{"type":"Point","coordinates":[100.877857,14.3599651]}},{"type":"Feature","id":321415211,"properties":{"amenity":"fuel","building":"roof","layer":"1","name":"ป.ต.ท.","name:en":"PTT","source":"GPS; sign","website":"www.pttplc.com","@type":"way","@id":321415211},"geometry":{"type":"Point","coordinates":[100.8817853,14.3745325]}},{"type":"Feature","id":321590990,"properties":{"amenity":"fuel","brand":"ป.ต.ท.","brand:en":"PTT","brand:th":"ป.ต.ท.","brand:wikidata":"Q1810389","building":"roof","layer":"1","name":"ปตท.หนองแค กม.81 หจก.ดุสิตาปิโตรเลียม","name:en":"PTT Station","name:th":"ปตท.หนองแค กม.81 หจก.ดุสิตาปิโตรเลียม","source":"GPS;sign","website":"www.pttplc.com","@type":"way","@id":321590990},"geometry":{"type":"Point","coordinates":[100.8387461,14.3192451]}},{"type":"Feature","id":321591734,"properties":{"amenity":"fuel","brand":"ป.ต.ท.","brand:en":"PTT","brand:th":"ป.ต.ท.","brand:wikidata":"Q1810389","building":"roof","fuel:lpg":"yes","layer":"1","name":"PTT LPG","name:en":"PTT","name:th":"ป.ต.ท.","self_service":"no","source":"GPS","@type":"way","@id":321591734},"geometry":{"type":"Point","coordinates":[100.8312376,14.3064434]}},{"type":"Feature","id":345155244,"properties":{"amenity":"fuel","brand":"เชลล์","brand:en":"Shell","brand:th":"เชลล์","brand:wikidata":"Q110716465","building":"roof","name":"Shell","name:en":"Shell","name:th":"เชลล์","source":"Bing","@type":"way","@id":345155244},"geometry":{"type":"Point","coordinates":[101.4054121,14.6541981]}},{"type":"Feature","id":345157230,"properties":{"amenity":"fuel","building":"roof","name":"Bangchak","source":"Bing","@type":"way","@id":345157230},"geometry":{"type":"Point","coordinates":[101.4205091,14.6655403]}},{"type":"Feature","id":345157244,"properties":{"amenity":"fuel","building":"roof","fuel:lpg":"yes","name":"PTT LPG Station","source":"GPS","@type":"way","@id":345157244},"geometry":{"type":"Point","coordinates":[101.4265574,14.666658]}},{"type":"Feature","id":345157248,"properties":{"amenity":"fuel","brand":"ป.ต.ท.","brand:en":"PTT","brand:th":"ป.ต.ท.","brand:wikidata":"Q1810389","building":"roof","name":"ป.ต.ท.","name:en":"PTT","name:th":"ป.ต.ท.","source":"Bing","@type":"way","@id":345157248},"geometry":{"type":"Point","coordinates":[101.4041373,14.6112925]}},{"type":"Feature","id":345157383,"properties":{"amenity":"fuel","brand":"บางจาก","brand:en":"Bangchak","brand:th":"บางจาก","brand:wikidata":"Q6579719","building":"roof","name":"Bangchak","name:en":"Bangchak","name:th":"บางจาก","source":"GPS","@type":"way","@id":345157383},"geometry":{"type":"Point","coordinates":[101.443281,14.6680107]}},{"type":"Feature","id":345164672,"properties":{"amenity":"fuel","brand":"PTT","brand:en":"PTT","brand:th":"ปตท","building":"roof","fuel:b7":"yes","fuel:diesel":"yes","fuel:e20":"yes","fuel:gasohol_91":"yes","fuel:gasohol_95":"yes","name":"PTT","name:en":"PTT","name:th":"ปตท","source":"GPS;geolocated photo;aerial imagery","@type":"way","@id":345164672},"geometry":{"type":"Point","coordinates":[101.4038139,14.6871494]}},{"type":"Feature","id":345220531,"properties":{"amenity":"fuel","brand":"PTT","brand:en":"PTT","brand:th":"ป.ต.ท.","brand:wikidata":"Q1810389","building":"roof","check_date":"2025-09-13","fuel:diesel":"yes","fuel:gasohol_e20":"yes","fuel:octane_91":"yes","fuel:octane_95":"yes","layer":"1","name":"ปตท.","name:en":"PTT Station","name:fr":"PTT Station-service","name:th":"ปตท.","source":"GPS;sign","website":"https://www.pttplc.com","@type":"way","@id":345220531},"geometry":{"type":"Point","coordinates":[101.6095191,14.8411251]}},{"type":"Feature","id":345220532,"properties":{"amenity":"fuel","brand":"ป.ต.ท.","brand:en":"PTT","brand:th":"ป.ต.ท.","brand:wikidata":"Q1810389","building":"roof","fuel:NGV":"yes","name":"ป.ต.ท. NGV","name:en":"PTT NGV","name:fr":"PTT NGV","name:th":"ป.ต.ท. NGV","source":"GPS;sign","website":"https://www.pttplc.com","@type":"way","@id":345220532},"geometry":{"type":"Point","coordinates":[101.6094524,14.8416152]}},{"type":"Feature","id":345224758,"properties":{"amenity":"fuel","brand":"บางจาก","brand:en":"Bangchak","brand:th":"บางจาก","brand:wikidata":"Q6579719","building":"roof","check_date":"2025-09-13","layer":"1","name":"Bangchak","name:en":"Bangchak","name:th":"บางจาก","source":"Bing","@type":"way","@id":345224758},"geometry":{"type":"Point","coordinates":[101.6217768,14.8442347]}},{"type":"Feature","id":387309847,"properties":{"amenity":"fuel","brand":"บางจาก","brand:en":"Bangchak","brand:th":"บางจาก","brand:wikidata":"Q6579719","building":"roof","compressed_air":"yes","name":"Bangchak","name:en":"Bangchak","name:th":"บางจาก","opening_hours":"24/7","source":"Bing","@type":"way","@id":387309847},"geometry":{"type":"Point","coordinates":[100.9867548,14.5735218]}},{"type":"Feature","id":392905300,"properties":{"amenity":"fuel","brand":"Caltex","compressed_air":"yes","opening_hours":"24/7","@type":"way","@id":392905300},"geometry":{"type":"Point","coordinates":[101.2012434,14.6467142]}},{"type":"Feature","id":407671792,"properties":{"amenity":"fuel","brand":"ป.ต.ท.","brand:en":"PTT","brand:th":"ป.ต.ท.","brand:wikidata":"Q1810389","brand:wikipedia":"th:ปตท.","building":"yes","compressed_air":"yes","fuel:diesel":"yes","fuel:e20":"yes","fuel:gasohol_91":"yes","fuel:gasohol_95":"yes","fuel:gasoline_91":"yes","name":"ป.ต.ท.","name:en":"PTT","name:th":"ป.ต.ท.","opening_hours":"24/7","source":"Bing; sign","website":"www.pttplc.com","@type":"way","@id":407671792},"geometry":{"type":"Point","coordinates":[100.966116,14.5538704]}},{"type":"Feature","id":466056669,"properties":{"amenity":"fuel","building":"commercial","fuel:diesel":"yes","fuel:octane_91":"yes","fuel:octane_95":"yes","name":"S P Fuel Station","@type":"way","@id":466056669},"geometry":{"type":"Point","coordinates":[102.3622108,15.2229485]}},{"type":"Feature","id":467904090,"properties":{"amenity":"fuel","building":"roof","name":"PTT","source":"Bing, GPS","@type":"way","@id":467904090},"geometry":{"type":"Point","coordinates":[102.0568184,14.9313544]}},{"type":"Feature","id":467906493,"properties":{"amenity":"fuel","brand":"ป.ต.ท.","brand:en":"PTT","brand:th":"ป.ต.ท.","brand:wikidata":"Q1810389","building":"roof","fuel:lpg":"yes","layer":"-1","name":"PTT LPG Station","name:en":"PTT","name:th":"ป.ต.ท.","source":"Bing, GPS","@type":"way","@id":467906493},"geometry":{"type":"Point","coordinates":[102.0633926,14.9211771]}},{"type":"Feature","id":467909057,"properties":{"amenity":"fuel","brand":"ป.ต.ท.","brand:en":"PTT","brand:th":"ป.ต.ท.","brand:wikidata":"Q1810389","building":"roof","name":"PTT","name:en":"PTT","name:th":"ป.ต.ท.","source":"Bing, GPS","@type":"way","@id":467909057},"geometry":{"type":"Point","coordinates":[102.0656811,14.9152436]}},{"type":"Feature","id":467932052,"properties":{"amenity":"fuel","building":"roof","fuel:lpg":"yes","name":"PTT NGV Station","source":"Bing, GPS","@type":"way","@id":467932052},"geometry":{"type":"Point","coordinates":[102.0368694,14.7507236]}},{"type":"Feature","id":467934351,"properties":{"amenity":"fuel","brand":"Caltex","brand:wikidata":"Q277470","building":"roof","layer":"1","name":"Caltex","source":"Bing, GPS","@type":"way","@id":467934351},"geometry":{"type":"Point","coordinates":[102.020009,14.696733]}},{"type":"Feature","id":467934354,"properties":{"amenity":"fuel","brand":"บางจาก","brand:en":"Bangchak","brand:th":"บางจาก","brand:wikidata":"Q6579719","building":"roof","name":"Bangchak","name:en":"Bangchak","name:th":"บางจาก","source":"Bing, GPS","@type":"way","@id":467934354},"geometry":{"type":"Point","coordinates":[102.0187533,14.6895079]}},{"type":"Feature","id":467934360,"properties":{"amenity":"fuel","brand":"บางจาก","brand:en":"Bangchak","brand:th":"บางจาก","brand:wikidata":"Q6579719","building":"roof","name":"Bangchak","name:en":"Bangchak","name:th":"บางจาก","source":"Bing, GPS","@type":"way","@id":467934360},"geometry":{"type":"Point","coordinates":[102.0206831,14.701408]}},{"type":"Feature","id":470500576,"properties":{"amenity":"fuel","brand":"ป.ต.ท.","brand:en":"PTT","brand:th":"ป.ต.ท.","brand:wikidata":"Q1810389","building":"roof","name":"ปตท","name:en":"PTT","name:th":"ปตท","source":"Bing","@type":"way","@id":470500576},"geometry":{"type":"Point","coordinates":[101.9820072,14.5695657]}},{"type":"Feature","id":470508933,"properties":{"amenity":"fuel","building":"roof","fuel:diesel":"yes","fuel:e20":"yes","fuel:gasohol_91":"yes","fuel:gasohol_95":"yes","fuel:gasoline_91":"yes","name":"ป.ต.ท.","name:en":"PTT","source":"Bing","website":"www.pttplc.com","@type":"way","@id":470508933},"geometry":{"type":"Point","coordinates":[102.0150632,14.6745707]}},{"type":"Feature","id":470520807,"properties":{"amenity":"fuel","building":"roof","name":"PT","source":"Bing, GPS","@type":"way","@id":470520807},"geometry":{"type":"Point","coordinates":[101.963397,14.5187355]}},{"type":"Feature","id":479987437,"properties":{"amenity":"fuel","brand":"บางจาก","brand:en":"Bangchak","brand:th":"บางจาก","brand:wikidata":"Q6579719","building":"yes","name":"บางจาก","name:en":"Bangchak","name:th":"บางจาก","source":"Bing","@type":"way","@id":479987437},"geometry":{"type":"Point","coordinates":[100.6326649,14.3200159]}},{"type":"Feature","id":479988921,"properties":{"amenity":"fuel","building":"roof","fuel:diesel":"yes","layer":"1","name":"PTT Station","name:en":"PTT Station","name:th":"ปตท.","@type":"way","@id":479988921},"geometry":{"type":"Point","coordinates":[100.6142337,14.3041809]}},{"type":"Feature","id":479989239,"properties":{"addr:postcode":"13000","amenity":"fuel","brand":"ป.ต.ท.","brand:en":"PTT","brand:th":"ป.ต.ท.","brand:wikidata":"Q1810389","building":"roof","layer":"1","name":"PTT","name:en":"PTT","name:th":"ป.ต.ท.","self_service":"no","@type":"way","@id":479989239},"geometry":{"type":"Point","coordinates":[100.6141899,14.3225149]}},{"type":"Feature","id":479991120,"properties":{"amenity":"fuel","brand":"Shell","building":"yes","name":"Shell","source":"Bing","@type":"way","@id":479991120},"geometry":{"type":"Point","coordinates":[100.6517049,14.1984335]}},{"type":"Feature","id":479991127,"properties":{"amenity":"fuel","brand":"PTT","building":"yes","name":"ป.ต.ท.","name:en":"PTT","source":"Bing","website":"www.pttplc.com","@type":"way","@id":479991127},"geometry":{"type":"Point","coordinates":[100.6511852,14.198181]}},{"type":"Feature","id":479991607,"properties":{"amenity":"fuel","building":"roof","compressed_air":"yes","name":"Shell","opening_hours":"24/7","source":"GPS","@type":"way","@id":479991607},"geometry":{"type":"Point","coordinates":[100.6109471,14.2184983]}},{"type":"Feature","id":479991924,"properties":{"amenity":"fuel","brand":"PTT","brand:wikidata":"Q1810389","building":"roof","name":"PTT","source":"GPS","@type":"way","@id":479991924},"geometry":{"type":"Point","coordinates":[100.6102392,14.2284721]}},{"type":"Feature","id":479992619,"properties":{"amenity":"fuel","building":"yes","name":"Bangchak","source":"Bing","@type":"way","@id":479992619},"geometry":{"type":"Point","coordinates":[100.6128999,14.233196]}},{"type":"Feature","id":479993658,"properties":{"amenity":"fuel","building":"roof","name":"Caltex","source":"GPS","@type":"way","@id":479993658},"geometry":{"type":"Point","coordinates":[100.6121642,14.2699118]}},{"type":"Feature","id":482159034,"properties":{"amenity":"fuel","brand":"ป.ต.ท.","brand:en":"PTT","brand:th":"ป.ต.ท.","brand:wikidata":"Q1810389","building":"roof","layer":"1","name":"PTT Station","name:en":"PTT Station","name:th":"ปตท.","@type":"way","@id":482159034},"geometry":{"type":"Point","coordinates":[100.6076259,14.3800358]}},{"type":"Feature","id":482931668,"properties":{"addr:street":"Rue Samsènethai","amenity":"fuel","brand":"Bangchak","brand:wikidata":"Q6579719","brand:wikipedia":"zh:曼差石油股份","building":"yes","name":"Bangchak","source":"Bing","@type":"way","@id":482931668},"geometry":{"type":"Point","coordinates":[101.8655771,14.1269124]}},{"type":"Feature","id":482938252,"properties":{"amenity":"fuel","building":"roof","fuel:cng":"yes","name":"P T T NGV Station","source":"GPS","@type":"way","@id":482938252},"geometry":{"type":"Point","coordinates":[101.8365214,14.1004846]}},{"type":"Feature","id":486278463,"properties":{"amenity":"fuel","building":"roof","name":"Fuel Station","source":"GPS","@type":"way","@id":486278463},"geometry":{"type":"Point","coordinates":[100.7994361,14.7239291]}},{"type":"Feature","id":487478215,"properties":{"amenity":"fuel","name":"PTT","@type":"way","@id":487478215},"geometry":{"type":"Point","coordinates":[100.9949222,14.1236185]}},{"type":"Feature","id":544239721,"properties":{"amenity":"fuel","brand":"Caltex","brand:en":"Caltex","brand:th":"คาลเท็กซ์","building":"roof","layer":"1","name":"Caltex","name:en":"Caltex","name:th":"คาลเท็กซ์","source":"DigitalGlobe-Standard","@type":"way","@id":544239721},"geometry":{"type":"Point","coordinates":[100.7276472,14.7591218]}},{"type":"Feature","id":544910582,"properties":{"amenity":"fuel","building":"roof","layer":"1","name":"ป.ต.ท.","name:en":"PTT","operator":"ปตท","operator:en":"PTT","operator:th":"ปตท","source":"DigitalGlobe-Standard","website":"www.pttplc.com","@type":"way","@id":544910582},"geometry":{"type":"Point","coordinates":[100.9063271,14.401991]}},{"type":"Feature","id":561162842,"properties":{"amenity":"fuel","check_date":"2025-08-22","name:en":"Shell","name:th":"ปั๊มน้ำมันเชลล์","@type":"way","@id":561162842},"geometry":{"type":"Point","coordinates":[102.1004603,14.97721]}},{"type":"Feature","id":568377821,"properties":{"amenity":"fuel","@type":"way","@id":568377821},"geometry":{"type":"Point","coordinates":[101.9760931,14.5609577]}},{"type":"Feature","id":568571544,"properties":{"amenity":"fuel","name":"ป.ต.ท.","name:en":"PTT","website":"http://www.pttplc.com","@type":"way","@id":568571544},"geometry":{"type":"Point","coordinates":[101.863658,14.3721295]}},{"type":"Feature","id":569354430,"properties":{"amenity":"fuel","brand":"บางจาก","brand:en":"Bangchak","brand:th":"บางจาก","brand:wikidata":"Q6579719","building":"roof","name":"บางจาก","name:en":"Bangchak","name:th":"บางจาก","@type":"way","@id":569354430},"geometry":{"type":"Point","coordinates":[102.117542,14.9601841]}},{"type":"Feature","id":579816136,"properties":{"amenity":"fuel","brand":"ป.ต.ท.","brand:en":"PTT","brand:th":"ป.ต.ท.","brand:wikidata":"Q1810389","building":"roof","fuel:GTL_diesel":"yes","fuel:diesel":"yes","fuel:gasohol_e20":"yes","fuel:octane_91":"yes","fuel:octane_95":"yes","name":"PTT","name:en":"PTT","name:th":"ป.ต.ท.","@type":"way","@id":579816136},"geometry":{"type":"Point","coordinates":[101.6314627,14.8455645]}},{"type":"Feature","id":606380685,"properties":{"amenity":"fuel","building":"yes","name":"ปตท วังน้อย","name:en":"PTT gas station","source":"DigitalGlobe-Standard","@type":"way","@id":606380685},"geometry":{"type":"Point","coordinates":[100.6618299,14.2039231]}},{"type":"Feature","id":606592844,"properties":{"amenity":"fuel","brand":"ป.ต.ท.","brand:en":"PTT","brand:th":"ป.ต.ท.","brand:wikidata":"Q1810389","building":"roof","name":"PTT","name:en":"PTT","name:th":"ป.ต.ท.","source":"DigitalGlobe-Standard","@type":"way","@id":606592844},"geometry":{"type":"Point","coordinates":[100.617646,14.158874]}},{"type":"Feature","id":606599428,"properties":{"amenity":"fuel","building":"roof","source":"DigitalGlobe-Standard","@type":"way","@id":606599428},"geometry":{"type":"Point","coordinates":[100.6188936,14.1683259]}},{"type":"Feature","id":606599457,"properties":{"amenity":"fuel","building":"yes","name":"เชลล์","name:en":"Shell","operator":"Shell","source":"survey","website":"https://www.shell.co.th/","@type":"way","@id":606599457},"geometry":{"type":"Point","coordinates":[100.617797,14.1415442]}},{"type":"Feature","id":606680099,"properties":{"amenity":"fuel","building":"roof","compressed_air":"yes","name":"PTT","source":"DigitalGlobe-Standard","@type":"way","@id":606680099},"geometry":{"type":"Point","coordinates":[100.8515225,14.5497592]}},{"type":"Feature","id":633255408,"properties":{"amenity":"fuel","brand":"ป.ต.ท.","brand:en":"PTT","brand:th":"ป.ต.ท.","brand:wikidata":"Q1810389","building":"yes","fuel:diesel":"yes","fuel:octane_91":"yes","fuel:octane_95":"yes","name":"PTT","name:en":"PTT","name:th":"ป.ต.ท.","source":"DigitalGlobe-Standard","@type":"way","@id":633255408},"geometry":{"type":"Point","coordinates":[100.6122746,14.266443]}},{"type":"Feature","id":633255411,"properties":{"amenity":"fuel","brand":"เชลล์","brand:en":"Shell","brand:th":"เชลล์","brand:wikidata":"Q110716465","building":"yes","layer":"-1","name":"Shell","name:en":"Shell","name:th":"เชลล์","source":"DigitalGlobe-Standard","@type":"way","@id":633255411},"geometry":{"type":"Point","coordinates":[100.6120599,14.2966338]}},{"type":"Feature","id":633255417,"properties":{"amenity":"fuel","building":"roof","name":"Susco","source":"GPS","@type":"way","@id":633255417},"geometry":{"type":"Point","coordinates":[100.6121571,14.2681615]}},{"type":"Feature","id":656986928,"properties":{"amenity":"fuel","brand":"ป.ต.ท.","brand:en":"PTT","brand:th":"ป.ต.ท.","brand:wikidata":"Q1810389","building":"roof","layer":"1","name":"ปตท.","name:en":"PTT","name:th":"ป.ต.ท.","@type":"way","@id":656986928},"geometry":{"type":"Point","coordinates":[100.8986575,14.4412207]}},{"type":"Feature","id":657802578,"properties":{"amenity":"fuel","building":"roof","name":"ปตท.","name:en":"PTT","@type":"way","@id":657802578},"geometry":{"type":"Point","coordinates":[100.8512239,14.4098295]}},{"type":"Feature","id":657822988,"properties":{"amenity":"fuel","building":"roof","name":"บางจาก","@type":"way","@id":657822988},"geometry":{"type":"Point","coordinates":[100.8917521,14.4155667]}},{"type":"Feature","id":658076938,"properties":{"amenity":"fuel","brand":"ป.ต.ท.","brand:en":"PTT","brand:th":"ป.ต.ท.","brand:wikidata":"Q1810389","building":"roof","name":"ปตท.","name:en":"PTT","name:th":"ป.ต.ท.","@type":"way","@id":658076938},"geometry":{"type":"Point","coordinates":[100.8948098,14.4310034]}},{"type":"Feature","id":658736640,"properties":{"amenity":"fuel","building":"roof","layer":"1","name":"ปตท.","name:en":"PTT","@type":"way","@id":658736640},"geometry":{"type":"Point","coordinates":[100.8875511,14.544882]}},{"type":"Feature","id":658738907,"properties":{"amenity":"fuel","building":"roof","compressed_air":"yes","layer":"1","name":"ปตท.","name:en":"PTT","opening_hours":"24/7","@type":"way","@id":658738907},"geometry":{"type":"Point","coordinates":[100.9067201,14.5519034]}},{"type":"Feature","id":738720813,"properties":{"amenity":"fuel","building":"roof","name":"Fuel Station","source":"Maxar-Premium","@type":"way","@id":738720813},"geometry":{"type":"Point","coordinates":[101.7755001,15.225281]}},{"type":"Feature","id":738720814,"properties":{"amenity":"fuel","building":"roof","name":"ป.ต.ท.ด่านขุนทด","name:en":"PTT","source":"Bing","website":"www.pttplc.com","@type":"way","@id":738720814},"geometry":{"type":"Point","coordinates":[101.7636711,15.1983133]}},{"type":"Feature","id":738720816,"properties":{"amenity":"fuel","building":"roof","fuel:diesel":"yes","fuel:lpg":"yes","name":"P T T LPG","source":"Bing","@type":"way","@id":738720816},"geometry":{"type":"Point","coordinates":[101.7889967,15.2658184]}},{"type":"Feature","id":738720817,"properties":{"amenity":"fuel","building":"roof","fuel:diesel":"yes","fuel:lpg":"yes","fuel:octane_91":"yes","fuel:octane_95":"yes","name":"PTT","source":"Bing","@type":"way","@id":738720817},"geometry":{"type":"Point","coordinates":[101.7894785,15.2659714]}},{"type":"Feature","id":738769526,"properties":{"amenity":"fuel","building":"roof","fixme":"Suspiciose name. Is that a description?","fuel:lpg":"yes","name":"LPG Station","source":"Bing","@type":"way","@id":738769526},"geometry":{"type":"Point","coordinates":[101.7768101,15.2264279]}},{"type":"Feature","id":738769528,"properties":{"amenity":"fuel","building":"roof","name":"Fuel Station","source":"GPS","@type":"way","@id":738769528},"geometry":{"type":"Point","coordinates":[101.7451301,15.1773527]}},{"type":"Feature","id":738813932,"properties":{"amenity":"fuel","building":"roof","fuel:diesel":"yes","fuel:e20":"yes","fuel:gasohol_91":"yes","fuel:gasohol_95":"yes","fuel:gasoline_95":"yes","source":"GPS;geolocated photo;aerial imagery","@type":"way","@id":738813932},"geometry":{"type":"Point","coordinates":[101.4070646,14.6973652]}},{"type":"Feature","id":738813948,"properties":{"amenity":"fuel","building":"roof","name":"Fuel Station","source":"GPS","@type":"way","@id":738813948},"geometry":{"type":"Point","coordinates":[101.4077909,14.6986932]}},{"type":"Feature","id":738813952,"properties":{"amenity":"fuel","building":"roof","name":"เชลล์","name:en":"Shell","source":"Bing","website":"https://www.shell.co.th/","@type":"way","@id":738813952},"geometry":{"type":"Point","coordinates":[101.4194826,14.7096276]}},{"type":"Feature","id":754577235,"properties":{"amenity":"fuel","building":"roof","name":"Shell","source":"GPS","@type":"way","@id":754577235},"geometry":{"type":"Point","coordinates":[101.1450437,15.2188185]}},{"type":"Feature","id":754577237,"properties":{"amenity":"fuel","building":"roof","source":"roof","@type":"way","@id":754577237},"geometry":{"type":"Point","coordinates":[101.148069,15.2221499]}},{"type":"Feature","id":754577241,"properties":{"amenity":"fuel","brand":"PTT","brand:wikidata":"Q1810389","building":"roof","name":"PTT","source":"Bing","@type":"way","@id":754577241},"geometry":{"type":"Point","coordinates":[101.1391872,15.202332]}},{"type":"Feature","id":754589928,"properties":{"amenity":"fuel","building":"roof","name":"PT","source":"GPS","@type":"way","@id":754589928},"geometry":{"type":"Point","coordinates":[101.1133529,15.2087507]}},{"type":"Feature","id":754589932,"properties":{"amenity":"fuel","brand":"ป.ต.ท.","brand:en":"PTT","brand:th":"ป.ต.ท.","brand:wikidata":"Q1810389","building":"roof","name":"ปตท. ชัยบาดาล (บ.วรปัญญาปิโตเลียม จก.)","name:en":"PTT","name:th":"ป.ต.ท.","source":"Bing","@type":"way","@id":754589932},"geometry":{"type":"Point","coordinates":[101.093654,15.2038045]}},{"type":"Feature","id":754589935,"properties":{"amenity":"fuel","building":"roof","name":"PTT","source":"GPS","@type":"way","@id":754589935},"geometry":{"type":"Point","coordinates":[101.1198439,15.2106077]}},{"type":"Feature","id":755603868,"properties":{"amenity":"fuel","building":"roof","layer":"1","name":"PT","source":"Bing","@type":"way","@id":755603868},"geometry":{"type":"Point","coordinates":[100.9848455,15.0787927]}},{"type":"Feature","id":755612910,"properties":{"amenity":"fuel","brand":"ป.ต.ท.","brand:en":"PTT","brand:th":"ป.ต.ท.","brand:wikidata":"Q1810389","building":"roof","layer":"-1","name":"PTT","name:en":"PTT","name:th":"ป.ต.ท.","note":"New in 2019 - not on aerials.","source":"GPS","@type":"way","@id":755612910},"geometry":{"type":"Point","coordinates":[100.7819904,15.073796]}},{"type":"Feature","id":755612913,"properties":{"amenity":"fuel","building":"roof","layer":"1","name":"PT","source":"Bing","@type":"way","@id":755612913},"geometry":{"type":"Point","coordinates":[100.830933,15.0754968]}},{"type":"Feature","id":755615563,"properties":{"amenity":"fuel","building":"roof","fuel:lpg":"yes","name":"Fuel Station","source":"Bing","@type":"way","@id":755615563},"geometry":{"type":"Point","coordinates":[100.7128552,15.0549376]}},{"type":"Feature","id":755615565,"properties":{"amenity":"fuel","building":"roof","layer":"1","name":"PT","source":"Bing","@type":"way","@id":755615565},"geometry":{"type":"Point","coordinates":[100.770797,15.0725232]}},{"type":"Feature","id":764950996,"properties":{"amenity":"fuel","building":"roof","name":"Fuel Station","source":"Bing","@type":"way","@id":764950996},"geometry":{"type":"Point","coordinates":[101.3460393,15.2811707]}},{"type":"Feature","id":785974459,"properties":{"amenity":"fuel","building":"roof","name":"ป.ต.ท.","name:en":"PTT","source":"Bing","website":"www.pttplc.com","@type":"way","@id":785974459},"geometry":{"type":"Point","coordinates":[100.9011597,14.5756381]}},{"type":"Feature","id":785974462,"properties":{"amenity":"fuel","building":"roof","name":"Fuel Station","source":"DigitalGlobe-Standard","@type":"way","@id":785974462},"geometry":{"type":"Point","coordinates":[100.9014177,14.5799223]}},{"type":"Feature","id":785974465,"properties":{"amenity":"fuel","building":"roof","compressed_air":"yes","name":"Fuel Station","opening_hours":"24/7","source":"roof","@type":"way","@id":785974465},"geometry":{"type":"Point","coordinates":[100.9001021,14.585211]}},{"type":"Feature","id":785974483,"properties":{"amenity":"fuel","building":"roof","name":"Fuel Station","source":"DigitalGlobe-Standard","@type":"way","@id":785974483},"geometry":{"type":"Point","coordinates":[100.9016053,14.5743072]}},{"type":"Feature","id":785984830,"properties":{"amenity":"fuel","building":"roof","name":"Fuel Station","source":"DigitalGlobe-Standard","@type":"way","@id":785984830},"geometry":{"type":"Point","coordinates":[100.8927514,14.6170677]}},{"type":"Feature","id":785987349,"properties":{"amenity":"fuel","building":"roof","compressed_air":"yes","name":"Fuel Station","opening_hours":"24/7","source":"DigitalGlobe-Standard","@type":"way","@id":785987349},"geometry":{"type":"Point","coordinates":[100.8874705,14.6348048]}},{"type":"Feature","id":785987352,"properties":{"amenity":"fuel","building":"roof","name":"Fuel Station","source":"DigitalGlobe-Standard","@type":"way","@id":785987352},"geometry":{"type":"Point","coordinates":[100.8847997,14.657172]}},{"type":"Feature","id":786587896,"properties":{"amenity":"fuel","building":"roof","fuel:lpg":"yes","layer":"1","name":"บางจาก","name:en":"Bangchak","@type":"way","@id":786587896},"geometry":{"type":"Point","coordinates":[100.6140439,14.3242009]}},{"type":"Feature","id":806346198,"properties":{"amenity":"fuel","building":"roof","name":"ป.ต.ท.","name:en":"PTT","source":"GPS; sign","website":"www.pttplc.com","@type":"way","@id":806346198},"geometry":{"type":"Point","coordinates":[101.0372614,14.5940914]}},{"type":"Feature","id":806346200,"properties":{"amenity":"fuel","building":"roof","name":"Susco","source":"Bing","@type":"way","@id":806346200},"geometry":{"type":"Point","coordinates":[100.9937394,14.575384]}},{"type":"Feature","id":806346202,"properties":{"amenity":"fuel","brand":"บางจาก","brand:en":"Bangchak","brand:th":"บางจาก","brand:wikidata":"Q6579719","building":"roof","layer":"1","name":"Bangchak","name:en":"Bangchak","name:th":"บางจาก","source":"Bing","@type":"way","@id":806346202},"geometry":{"type":"Point","coordinates":[100.9950348,14.5759809]}},{"type":"Feature","id":806346203,"properties":{"amenity":"fuel","building":"roof","compressed_air":"yes","name":"Fuel Station","opening_hours":"24/7","source":"Bing","@type":"way","@id":806346203},"geometry":{"type":"Point","coordinates":[101.0176642,14.5858709]}},{"type":"Feature","id":806356814,"properties":{"amenity":"fuel","brand":"PT","brand:wikidata":"Q62298612","building":"roof","fuel:lpg":"yes","layer":"1","name":"PT LPG","source":"Bing","@type":"way","@id":806356814},"geometry":{"type":"Point","coordinates":[100.9954714,14.5772842]}},{"type":"Feature","id":806356816,"properties":{"amenity":"fuel","building":"roof","compressed_air":"yes","name":"ป.ต.ท.","name:en":"PTT","opening_hours":"24/7","operator":"ปตท","operator:en":"PTT","operator:th":"ปตท","source":"GPS; sign","website":"www.pttplc.com","@type":"way","@id":806356816},"geometry":{"type":"Point","coordinates":[101.0231907,14.5893375]}},{"type":"Feature","id":806356817,"properties":{"amenity":"fuel","brand":"บางจาก","brand:en":"Bangchak","brand:th":"บางจาก","brand:wikidata":"Q6579719","building":"roof","name":"Bangchak","name:en":"Bangchak","name:th":"บางจาก","source":"Bing","@type":"way","@id":806356817},"geometry":{"type":"Point","coordinates":[101.010028,14.5836113]}},{"type":"Feature","id":806356819,"properties":{"amenity":"fuel","building":"roof","fuel:cng":"yes","name":"P T T NGV Station","source":"Bing","@type":"way","@id":806356819},"geometry":{"type":"Point","coordinates":[101.0060201,14.5807871]}},{"type":"Feature","id":806356820,"properties":{"amenity":"fuel","building":"roof","fuel:lpg":"yes","name":"JPN NGV Station","source":"Bing","@type":"way","@id":806356820},"geometry":{"type":"Point","coordinates":[101.0268783,14.5895898]}},{"type":"Feature","id":806364390,"properties":{"amenity":"fuel","brand":"PTT","building":"roof","fuel:cng":"yes","fuel:ngv":"yes","name":"P T T NGV Station","source":"Bing","@type":"way","@id":806364390},"geometry":{"type":"Point","coordinates":[101.0418019,14.5974285]}},{"type":"Feature","id":806367081,"properties":{"amenity":"fuel","building":"roof","compressed_air":"yes","name":"Fuel Station","opening_hours":"24/7","source":"Bing","@type":"way","@id":806367081},"geometry":{"type":"Point","coordinates":[100.9658395,14.5777236]}},{"type":"Feature","id":806372752,"properties":{"amenity":"fuel","brand":"เชลล์","brand:en":"Shell","brand:th":"เชลล์","brand:wikidata":"Q110716465","building":"roof","compressed_air":"yes","layer":"-1","name":"Shell","name:en":"Shell","name:th":"เชลล์","opening_hours":"24/7","source":"Bing","@type":"way","@id":806372752},"geometry":{"type":"Point","coordinates":[100.9591957,14.5463555]}},{"type":"Feature","id":806373768,"properties":{"amenity":"fuel","building":"roof","compressed_air":"yes","fuel:lpg":"yes","name":"PTT LPG Station","opening_hours":"24/7","source":"GPS","@type":"way","@id":806373768},"geometry":{"type":"Point","coordinates":[100.9787465,14.5661507]}},{"type":"Feature","id":812795981,"properties":{"amenity":"fuel","building":"roof","layer":"1","name":"PAP Gas LPG","@type":"way","@id":812795981},"geometry":{"type":"Point","coordinates":[100.612106,14.3543821]}},{"type":"Feature","id":817136556,"properties":{"amenity":"fuel","building":"roof","name":"ป.ต.ท.","name:en":"PTT","source":"Bing","website":"www.pttplc.com","@type":"way","@id":817136556},"geometry":{"type":"Point","coordinates":[100.9717955,14.5047778]}},{"type":"Feature","id":817170607,"properties":{"amenity":"fuel","building":"roof","name":"Petro Asia","source":"Bing","@type":"way","@id":817170607},"geometry":{"type":"Point","coordinates":[101.0078596,14.5524005]}},{"type":"Feature","id":817186048,"properties":{"amenity":"fuel","brand":"PTT NGV Station","building":"roof","fuel:cng":"yes","source":"Bing","@type":"way","@id":817186048},"geometry":{"type":"Point","coordinates":[101.0462955,14.4867171]}},{"type":"Feature","id":822468406,"properties":{"amenity":"fuel","building":"roof","name":"Fuel Station","source":"Bing","@type":"way","@id":822468406},"geometry":{"type":"Point","coordinates":[101.9970584,15.1424039]}},{"type":"Feature","id":847593545,"properties":{"amenity":"fuel","building":"roof","layer":"1","name":"Susco","name:en":"Susco","name:th":"ซัสโก้","@type":"way","@id":847593545},"geometry":{"type":"Point","coordinates":[100.603079,14.3508695]}},{"type":"Feature","id":1053215379,"properties":{"amenity":"fuel","brand":"ป.ต.ท.","brand:en":"PTT","brand:th":"ป.ต.ท.","brand:wikidata":"Q1810389","brand:wikipedia":"th:ปตท.","name":"ปตท.หนองเคี่ยม","name:en":"PTT","name:th":"PTT หนองเคี่ยม","@type":"way","@id":1053215379},"geometry":{"type":"Point","coordinates":[101.0732036,14.3300788]}},{"type":"Feature","id":1102409861,"properties":{"amenity":"fuel","brand":"ป.ต.ท.","brand:en":"PTT","brand:th":"ป.ต.ท.","brand:wikidata":"Q1810389","name":"ป.ต.ท.","name:en":"PTT","name:th":"ป.ต.ท.","@type":"way","@id":1102409861},"geometry":{"type":"Point","coordinates":[100.6119699,14.3129814]}},{"type":"Feature","id":1124369900,"properties":{"amenity":"fuel","brand":"ป.ต.ท.","brand:en":"PTT","brand:th":"ป.ต.ท.","brand:wikidata":"Q1810389","building":"roof","layer":"1","name":"ปตท.หนองแค กม.81 สถานีบริการ NGV ธนชัยดล","name:en":"PTT Station NGV","name:th":"ปตท.หนองแค กม.81 สถานีบริการ NGV ธนชัยดล","source":"GPS;sign","website":"www.pttplc.com","@type":"way","@id":1124369900},"geometry":{"type":"Point","coordinates":[100.8393409,14.3205964]}},{"type":"Feature","id":1124375644,"properties":{"amenity":"fuel","brand":"ป.ต.ท.","brand:en":"PTT","brand:th":"ป.ต.ท.","brand:wikidata":"Q1810389","name":"ปตท.โคกสูง หจก.พิศลัดดาบริการ","name:en":"PTT Station","name:th":"ปตท.โคกสูง หจก.พิศลัดดาบริการ","source":"microsoft/BuildingFootprints","@type":"way","@id":1124375644},"geometry":{"type":"Point","coordinates":[102.1245402,15.0591654]}},{"type":"Feature","id":1145136804,"properties":{"amenity":"fuel","brand":"บางจาก","brand:en":"Bangchak","brand:th":"บางจาก","building":"yes","fuel:b7":"yes","fuel:e20":"yes","fuel:gasohol_91":"yes","fuel:gasohol_95":"yes","name":"บางจาก","name:en":"Bangchak","name:th":"บางจาก","source":"GPS;geolocated photo;aerial imagery","@type":"way","@id":1145136804},"geometry":{"type":"Point","coordinates":[101.1277127,15.2261323]}},{"type":"Feature","id":1147873961,"properties":{"amenity":"fuel","brand":"บางจาก","brand:en":"Bangchak","brand:th":"บางจาก","building":"roof","name":"บางจาก","name:en":"Bangchak","name:th":"บางจาก","source":"GPS;geolocated photo;aerial imagery","@type":"way","@id":1147873961},"geometry":{"type":"Point","coordinates":[101.1468913,15.1980431]}},{"type":"Feature","id":1147915034,"properties":{"amenity":"fuel","brand":"Shell","brand:en":"Shell","brand:th":"เซลล์","building":"roof","fuel:b7":"yes","fuel:diesel":"yes","fuel:e20":"yes","fuel:gasohol_91":"yes","fuel:gasohol_95":"yes","name":"Shell","name:en":"Shell","name:th":"เซลล์","source":"GPS;geolocated photo;aerial imagery","@type":"way","@id":1147915034},"geometry":{"type":"Point","coordinates":[101.3923829,14.7223738]}},{"type":"Feature","id":1157147932,"properties":{"amenity":"fuel","brand":"OIL!","brand:wikidata":"Q2007561","name":"OIL!","@type":"way","@id":1157147932},"geometry":{"type":"Point","coordinates":[102.0291084,14.8780987]}},{"type":"Feature","id":1228799579,"properties":{"amenity":"fuel","brand":"บางจาก","brand:en":"Bangchak","brand:th":"บางจาก","brand:wikidata":"Q6579719","check_date":"2025-08-28","name":"บางจาก","name:en":"Bangchak","name:th":"บางจาก","@type":"way","@id":1228799579},"geometry":{"type":"Point","coordinates":[102.0902605,14.9732286]}},{"type":"Feature","id":1229231919,"properties":{"amenity":"fuel","brand":"บางจาก","brand:en":"Bangchak","brand:th":"บางจาก","brand:wikidata":"Q6579719","check_date":"2025-08-29","name":"บางจาก","name:en":"bangchak","name:th":"บางจาก","@type":"way","@id":1229231919},"geometry":{"type":"Point","coordinates":[102.0852315,14.9716528]}},{"type":"Feature","id":1258033777,"properties":{"amenity":"fuel","brand":"บางจาก","brand:en":"Bangchak","brand:th":"บางจาก","brand:wikidata":"Q6579719","building":"roof","name":"บางจาก","name:en":"Bangchak","name:th":"บางจาก","@type":"way","@id":1258033777},"geometry":{"type":"Point","coordinates":[102.2442286,15.0030449]}},{"type":"Feature","id":1349876830,"properties":{"amenity":"fuel","brand":"บางจาก","brand:en":"Bangchak","brand:th":"บางจาก","brand:wikidata":"Q6579719","building":"roof","name":"บางจาก","name:en":"Bangchak","name:th":"บางจาก","@type":"way","@id":1349876830},"geometry":{"type":"Point","coordinates":[100.9554238,14.5432571]}},{"type":"Feature","id":1358620293,"properties":{"amenity":"fuel","brand":"PT","brand:wikidata":"Q62298612","building":"roof","name":"PT","@type":"way","@id":1358620293},"geometry":{"type":"Point","coordinates":[100.754542,14.8030944]}},{"type":"Feature","id":1358626959,"properties":{"amenity":"fuel","brand":"ป.ต.ท.","brand:en":"PTT","brand:th":"ป.ต.ท.","brand:wikidata":"Q1810389","building":"roof","name":"ป.ต.ท.","name:en":"PTT","name:th":"ป.ต.ท.","@type":"way","@id":1358626959},"geometry":{"type":"Point","coordinates":[100.792368,14.4187155]}},{"type":"Feature","id":1362847011,"properties":{"amenity":"fuel","brand":"ป.ต.ท.","brand:en":"PTT","brand:th":"ป.ต.ท.","brand:wikidata":"Q1810389","building":"roof","compressed_air":"yes","name":"ป.ต.ท.","name:en":"PTT","name:th":"ป.ต.ท.","@type":"way","@id":1362847011},"geometry":{"type":"Point","coordinates":[100.9147461,14.4015668]}},{"type":"Feature","id":1363551352,"properties":{"amenity":"fuel","brand":"Caltex","brand:wikidata":"Q277470","building":"roof","name":"Caltex","@type":"way","@id":1363551352},"geometry":{"type":"Point","coordinates":[100.751388,14.5848331]}},{"type":"Feature","id":1369872389,"properties":{"amenity":"fuel","name":"PT Rojana","@type":"way","@id":1369872389},"geometry":{"type":"Point","coordinates":[100.632385,14.3228135]}},{"type":"Feature","id":1369872671,"properties":{"amenity":"fuel","brand":"ป.ต.ท.","brand:en":"PTT","brand:th":"ป.ต.ท.","brand:wikidata":"Q1810389","landuse":"retail","name":"ป.ต.ท.","name:en":"PTT","name:th":"ป.ต.ท.","@type":"way","@id":1369872671},"geometry":{"type":"Point","coordinates":[100.6336522,14.321363]}},{"type":"Feature","id":1369872917,"properties":{"amenity":"fuel","brand":"ป.ต.ท.","brand:en":"PTT","brand:th":"ป.ต.ท.","brand:wikidata":"Q1810389","name":"PTT Station","name:en":"PTT","name:th":"ป.ต.ท.","@type":"way","@id":1369872917},"geometry":{"type":"Point","coordinates":[100.6243713,14.3281298]}},{"type":"Feature","id":1369873184,"properties":{"amenity":"fuel","brand":"บางจาก","brand:en":"Bangchak","brand:th":"บางจาก","brand:wikidata":"Q6579719","landuse":"retail","name":"บางจาก","name:en":"Bangchak","name:th":"บางจาก","@type":"way","@id":1369873184},"geometry":{"type":"Point","coordinates":[100.632987,14.3219174]}},{"type":"Feature","id":1420771647,"properties":{"amenity":"fuel","brand":"ป.ต.ท.","brand:en":"PTT","brand:th":"ป.ต.ท.","brand:wikidata":"Q1810389","check_date":"2025-08-29","name":"ป.ต.ท.","name:en":"PTT","name:th":"ป.ต.ท.","@type":"way","@id":1420771647},"geometry":{"type":"Point","coordinates":[102.052189,14.9861291]}},{"type":"Feature","id":1420771648,"properties":{"amenity":"fuel","brand":"ป.ต.ท.","brand:en":"PTT","brand:th":"ป.ต.ท.","brand:wikidata":"Q1810389","check_date":"2025-08-29","fuel:NGV":"yes","name":"ป.ต.ท. - NGV","name:en":"PTT - NGV","name:th":"ป.ต.ท.","@type":"way","@id":1420771648},"geometry":{"type":"Point","coordinates":[102.0522582,14.9869104]}},{"type":"Feature","id":1531555933,"properties":{"amenity":"fuel","brand":"บางจาก","brand:en":"Bangchak","brand:th":"บางจาก","brand:wikidata":"Q6579719","name":"บางจาก","name:en":"Bangchak","name:th":"บางจาก","@type":"way","@id":1531555933},"geometry":{"type":"Point","coordinates":[101.2605468,14.6385778]}},{"type":"Feature","id":1533258126,"properties":{"amenity":"fuel","brand":"เชลล์","brand:en":"Shell","brand:th":"เชลล์","brand:wikidata":"Q110716465","building":"roof","fuel:GTL_diesel":"yes","fuel:diesel":"yes","fuel:gasohol_e20":"yes","fuel:octane_91":"yes","fuel:octane_95":"yes","name":"เชลล์","name:en":"Shell","name:fr":"Shell","name:th":"เชลล์","@type":"way","@id":1533258126},"geometry":{"type":"Point","coordinates":[101.6085,14.8409352]}},{"type":"Feature","id":1533561663,"properties":{"amenity":"fuel","brand":"บางจาก","brand:en":"Bangchak","brand:th":"บางจาก","brand:wikidata":"Q6579719","building":"roof","fuel:GTL_diesel":"yes","fuel:diesel":"yes","fuel:gasohol_e20":"yes","fuel:octane_91":"yes","fuel:octane_95":"yes","fuel:octane_97":"yes","name":"บางจาก","name:en":"Bangchak","name:fr":"Bangchak","name:th":"บางจาก","@type":"way","@id":1533561663},"geometry":{"type":"Point","coordinates":[101.6074315,14.8406755]}},{"type":"Feature","id":1533561675,"properties":{"amenity":"fuel","building":"roof","fuel:lpg":"yes","name":"ปั๊มแก๊สแอลพีจี LPG","name:en":"LPG gas station","name:fr":"Station-service GPL","@type":"way","@id":1533561675},"geometry":{"type":"Point","coordinates":[101.6068231,14.8403712]}},{"type":"Feature","id":1533573552,"properties":{"amenity":"fuel","brand":"ป.ต.ท.","brand:en":"PTT","brand:th":"ป.ต.ท.","brand:wikidata":"Q1810389","name":"PTT NGV","name:en":"PTT","name:th":"ป.ต.ท. NGV","@type":"way","@id":1533573552},"geometry":{"type":"Point","coordinates":[101.6318297,14.8445167]}}]}