{"type":"FeatureCollection","features":[{"type":"Feature","id":340033055,"properties":{"addr:city":"บางกอกน้อย","addr:postcode":"10700","addr:street":"อิสรภาพ 44","amenity":"hospital","healthcare":"hospital","name":"โรงพยาบาลธนบุรี","name:en":"Thonburi Hospital","name:th":"โรงพยาบาลธนบุรี","operator":"Thonburi Hospital Group","operator:type":"private","wikidata":"Q59206965","wikimedia_commons":"Category:Thonburi Hospital","wikipedia":"th:โรงพยาบาลธนบุรี","@type":"node","@id":340033055},"geometry":{"type":"Point","coordinates":[100.480116,13.7529428]}},{"type":"Feature","id":340033080,"properties":{"amenity":"hospital","fixme":"resurvey","healthcare":"hospital","@type":"node","@id":340033080},"geometry":{"type":"Point","coordinates":[100.4789514,13.7554064]}},{"type":"Feature","id":1096327937,"properties":{"addr:street":"สุขสวัสดิ์","amenity":"hospital","name":"โรงพยาบาลพระสมุทรเจดีย์วาทยานนท์","@type":"node","@id":1096327937},"geometry":{"type":"Point","coordinates":[100.5781403,13.5927735]}},{"type":"Feature","id":1402895609,"properties":{"amenity":"hospital","emergency":"yes","healthcare":"hospital","name":"โรงพยาบาลมงกุฎวัฒนะ","name:en":"Mongkutwattana General Hospital","operator:type":"private","source":"Bing;sign","website":"http://www.mongkutwattana.co.th/","@type":"node","@id":1402895609},"geometry":{"type":"Point","coordinates":[100.5616676,13.8939018]}},{"type":"Feature","id":1645930798,"properties":{"alt_name":"โรงพยาบาลชลประทาน","alt_name:en":"Royal Irrigation Department Hospital","alt_name:th":"โรงพยาบาลชลประทาน","amenity":"hospital","emergency":"yes","healthcare:speciality":"teach","name":"ศูนย์การแพทย์ปัญญานันทภิกขุ ชลประทาน มหาวิทยาลัยศรีนครินทรวิโรฒ","name:en":"Panyananthaphikkhu Chonprathan Medical Center","name:th":"ศูนย์การแพทย์ปัญญานันทภิกขุ ชลประทาน มหาวิทยาลัยศรีนครินทรวิโรฒ","phone":"025022345","website":"https://pcmc.swu.ac.th/","wikidata":"Q13021490","wikimedia_commons":"Category:Panyananthaphikkhu Chonprathan Medical Center","wikipedia":"th:ศูนย์การแพทย์ปัญญานันทภิกขุ ชลประทาน มหาวิทยาลัยศรีนครินทรวิโรฒ","@type":"node","@id":1645930798},"geometry":{"type":"Point","coordinates":[100.5020172,13.8999118]}},{"type":"Feature","id":1703931118,"properties":{"amenity":"clinic","emergency":"no","healthcare":"clinic","level":"1","name":"ศูนย์บริการสุขภาพแห่งจุฬาลงกรณ์มหาวิทยาลัย","name:en":"Chulalongkorn University Health Service Center","name:th":"ศูนย์บริการสุขภาพแห่งจุฬาลงกรณ์มหาวิทยาลัย","@type":"node","@id":1703931118},"geometry":{"type":"Point","coordinates":[100.5256941,13.7358897]}},{"type":"Feature","id":1707499106,"properties":{"addr:city":"ตำบลบางพูด","addr:housenumber":"16/7","addr:postcode":"11120","addr:street":"ซอย เมืองทองธานี Bang Phut Sub-district, Pak Kret District, Nonthaburi 11120","amenity":"clinic","healthcare":"clinic surgery","healthcare:speciality":"general;plastic_surgery;mastectomy","name":"Siamese Clinic สยามเมสคลินิก","@type":"node","@id":1707499106},"geometry":{"type":"Point","coordinates":[100.5398822,13.9152386]}},{"type":"Feature","id":1797189361,"properties":{"amenity":"hospital","emergency":"no","healthcare":"hospital","name:en":"Public Health Center 11","source":"local knowledge","@type":"node","@id":1797189361},"geometry":{"type":"Point","coordinates":[100.5396756,13.792343]}},{"type":"Feature","id":1857000728,"properties":{"alt_name":"สถานีอนามัยบ้านสาลวัน","amenity":"clinic","emergency":"no","healthcare":"clinic","name":"โรงพยาบาลส่งเสริมสุขภาพตำบล บ้านสาลวัน","name:en":"Ban Salawan Subdistrict Health Promoting Hospital","name:th":"โรงพยาบาลส่งเสริมสุขภาพตำบล","operator":"โรงพยาบาลส่งเสริมสุขภาพตำบล","operator:th":"โรงพยาบาลส่งเสริมสุขภาพตำบล","operator:type":"private","operator:wikidata":"Q16306413","short_name":"รพ.สต.บ้านสาลวัน","@type":"node","@id":1857000728},"geometry":{"type":"Point","coordinates":[100.3222298,13.8015444]}},{"type":"Feature","id":1858336698,"properties":{"amenity":"clinic","healthcare":"clinic","name":"ศาลายาคลินิกเวชกรรม","@type":"node","@id":1858336698},"geometry":{"type":"Point","coordinates":[100.3249661,13.8013156]}},{"type":"Feature","id":1872414783,"properties":{"amenity":"hospital","name":"สถานีกาชาดที่ 11 วิเศษนิยม","@type":"node","@id":1872414783},"geometry":{"type":"Point","coordinates":[100.4356835,13.7125212]}},{"type":"Feature","id":2068143964,"properties":{"amenity":"hospital","emergency":"no","healthcare":"hospital","level":"1","name":"Prodenta Dental Clinic","number zone":"C208","@type":"node","@id":2068143964},"geometry":{"type":"Point","coordinates":[100.6110973,13.8343627]}},{"type":"Feature","id":2068143965,"properties":{"amenity":"hospital","healthcare":"hospital","level":"1","name":"Kudos By Tarakorn","number zone":"C207","@type":"node","@id":2068143965},"geometry":{"type":"Point","coordinates":[100.6110893,13.8343093]}},{"type":"Feature","id":2068143969,"properties":{"amenity":"hospital","emergency":"no","healthcare":"hospital","image":"http://farm9.staticflickr.com/8370/8385572217_bd5bf44914_m.jpg","level":"1","name":"Pruksa Clinic","number zone":"C209","@type":"node","@id":2068143969},"geometry":{"type":"Point","coordinates":[100.6110584,13.834407]}},{"type":"Feature","id":2068143976,"properties":{"amenity":"hospital","emergency":"no","healthcare":"hospital","level":"1","name":"S-Smart Clinic","number zone":"C210","@type":"node","@id":2068143976},"geometry":{"type":"Point","coordinates":[100.6110973,13.8345164]}},{"type":"Feature","id":2094285187,"properties":{"amenity":"clinic","healthcare":"alternative","name":"คลิินิคแพทย์แผนไทยและการแพทย์ทางเลือก สาขา 1","@type":"node","@id":2094285187},"geometry":{"type":"Point","coordinates":[100.4367486,13.7798054]}},{"type":"Feature","id":2104274145,"properties":{"amenity":"clinic","level":"1","name":"เบญจบริรักษ์เวช คลินิก","type":"clinic","website":"https://www.b-wellclinic.com/","@type":"node","@id":2104274145},"geometry":{"type":"Point","coordinates":[100.5449662,13.7797968]}},{"type":"Feature","id":2104296009,"properties":{"amenity":"clinic","healthcare":"clinic","level":"2","name":"La Cherie Clinic","type":"clinic","@type":"node","@id":2104296009},"geometry":{"type":"Point","coordinates":[100.5450413,13.7801225]}},{"type":"Feature","id":2112412385,"properties":{"amenity":"hospital","healthcare":"hospital","level":"3","name":"charisma","@type":"node","@id":2112412385},"geometry":{"type":"Point","coordinates":[100.5742113,13.7280179]}},{"type":"Feature","id":2181409529,"properties":{"amenity":"clinic","name":"ศูนย์สุขภาพโรงพยาบาลชลประทาน","@type":"node","@id":2181409529},"geometry":{"type":"Point","coordinates":[100.4971878,13.9015685]}},{"type":"Feature","id":2338878109,"properties":{"addr:housenumber":"1038/1","addr:postcode":"10120","addr:province":"กรุงเทพมหานคร","addr:street":"ถนนพระรามที่ 4","amenity":"clinic","emergency":"no","name":"ไชยแพทย์ 25 คลินิก","name:en":"Chaibhaet 25 Clinic","name:th":"ไชยแพทย์ 25 คลินิก","source":"Bing;sign","@type":"node","@id":2338878109},"geometry":{"type":"Point","coordinates":[100.5490163,13.7232677]}},{"type":"Feature","id":2391364878,"properties":{"amenity":"hospital","healthcare":"hospital","name":"โรงพยาบาลเดชา","name:en":"Deja Hospital","name:th":"โรงพยาบาลเดชา","@type":"node","@id":2391364878},"geometry":{"type":"Point","coordinates":[100.5355632,13.7568871]}},{"type":"Feature","id":2430406398,"properties":{"amenity":"clinic","name":"Makalin Clinic","@type":"node","@id":2430406398},"geometry":{"type":"Point","coordinates":[100.4961456,13.763451]}},{"type":"Feature","id":2440347102,"properties":{"amenity":"hospital","name":"โรงพยาบาลเมโย","name:en":"Mayo Hospital","wikidata":"Q6797522","wikipedia":"en:Paolo Hospital Kaset","@type":"node","@id":2440347102},"geometry":{"type":"Point","coordinates":[100.5738973,13.8354411]}},{"type":"Feature","id":2562547850,"properties":{"addr:district":"หนองจอก","addr:province":"กรุงเทพมหานคร","addr:subdistrict":"กระทุ่มราย","amenity":"hospital","emergency":"yes","name":"โรงพยาบาลเวชการุณย์รัศมิ์","website":"http://www.wkrhosp.go.th/","@type":"node","@id":2562547850},"geometry":{"type":"Point","coordinates":[100.8590001,13.8565652]}},{"type":"Feature","id":2562622348,"properties":{"amenity":"hospital","emergency":"yes","name":"โรงพยาบาล นวมินทร์ 9","@type":"node","@id":2562622348},"geometry":{"type":"Point","coordinates":[100.7239005,13.8112938]}},{"type":"Feature","id":2757815025,"properties":{"addr:housenumber":"89/1","addr:street":"หมู่ 1","alt_name":"สถานีอนามัยบ้านวัดแดง","amenity":"clinic","emergency":"no","healthcare":"clinic","name":"โรงพยาบาลส่งเสริมสุขภาพตำบล บ้านวัดแดง","name:en":"Ban Wat Daeng Subdistrict Health Promoting Hospital","short_name":"รพ.สต.บ้านวัดแดง","@type":"node","@id":2757815025},"geometry":{"type":"Point","coordinates":[100.4807163,13.8875764]}},{"type":"Feature","id":3040931236,"properties":{"addr:city":"บางขุนเทียน","addr:housenumber":"1","addr:postcode":"10150","addr:street":"พระรามที่ 2 ซอย 56","amenity":"hospital","emergency":"yes","name":"โรงพยาบาลนครธน","name:en":"Nakornthon Hospital","name:th":"โรงพยาบาลนครธน","phone":"02-450-9999","website":"https://www.nakornthon.com/","wikidata":"Q6960693","wikimedia_commons":"Category:Nakornthon Hospital","wikipedia":"en:Nakornthon Hospital","@type":"node","@id":3040931236},"geometry":{"type":"Point","coordinates":[100.4343189,13.6606056]}},{"type":"Feature","id":3056854086,"properties":{"amenity":"clinic","name":"ชลลดา คลินิก","@type":"node","@id":3056854086},"geometry":{"type":"Point","coordinates":[100.4242509,13.655617]}},{"type":"Feature","id":3090738848,"properties":{"amenity":"hospital","emergency":"yes","emergency:phone":"025245555","name":"AIT Medical Clinic","opening_hours":"07:00-22:00","phone":"025245286","@type":"node","@id":3090738848},"geometry":{"type":"Point","coordinates":[100.6144737,14.07858]}},{"type":"Feature","id":3103170016,"properties":{"amenity":"clinic","name":"บางบอนคลินิกเวชกรรม","@type":"node","@id":3103170016},"geometry":{"type":"Point","coordinates":[100.4285708,13.6752689]}},{"type":"Feature","id":3112807785,"properties":{"amenity":"clinic","name":"พระรามเอกเวชการ","@type":"node","@id":3112807785},"geometry":{"type":"Point","coordinates":[100.4292606,13.6611241]}},{"type":"Feature","id":3304690912,"properties":{"amenity":"clinic","healthcare":"clinic","name":"Preecha Aesthetic Institute","@type":"node","@id":3304690912},"geometry":{"type":"Point","coordinates":[100.5839248,13.7373734]}},{"type":"Feature","id":3337890839,"properties":{"amenity":"clinic","name":"คลีนิคอบอุ่น","@type":"node","@id":3337890839},"geometry":{"type":"Point","coordinates":[100.5289763,13.7057316]}},{"type":"Feature","id":3356531970,"properties":{"amenity":"clinic","healthcare":"clinic","name":"Dentalista Dental Clinic","@type":"node","@id":3356531970},"geometry":{"type":"Point","coordinates":[100.5933219,13.714376]}},{"type":"Feature","id":3356531971,"properties":{"amenity":"clinic","healthcare":"clinic","name":"The Diva Clinic","@type":"node","@id":3356531971},"geometry":{"type":"Point","coordinates":[100.5933358,13.7144496]}},{"type":"Feature","id":3364528415,"properties":{"amenity":"hospital","healthcare":"hospital","name":"โรงพยาบาลบางพลี","name:en":"Bangplee Hospital","name:th":"โรงพยาบาลบางพลี","@type":"node","@id":3364528415},"geometry":{"type":"Point","coordinates":[100.7062821,13.6040462]}},{"type":"Feature","id":3393178149,"properties":{"amenity":"clinic","healthcare":"clinic","name":"Bangkok Smile Dental Clinic","@type":"node","@id":3393178149},"geometry":{"type":"Point","coordinates":[100.5620531,13.7406956]}},{"type":"Feature","id":3478539499,"properties":{"amenity":"clinic","name":"พี. เอ็ม คลินิก","@type":"node","@id":3478539499},"geometry":{"type":"Point","coordinates":[100.3950475,13.7094173]}},{"type":"Feature","id":3480522133,"properties":{"amenity":"clinic","name":"ศูนย์แพมย์อรุณอัมรินทร์","@type":"node","@id":3480522133},"geometry":{"type":"Point","coordinates":[100.39348,13.7092964]}},{"type":"Feature","id":3836987259,"properties":{"amenity":"clinic","brand":"W Ploenchit Wellness Center","healthcare":"clinic","healthcare:speciality":"ฮอร์โมน;ขับสารพิษในร่างกาย;วิตามินส่วนบุคคล;เวชศาสตร์ครอบครัว;ดูแลสุขภาพเชิงป้องกัน;ตรวจสุขภาพเชิงลึก;wellness","name":"W Ploenchit Wellness Center","name:en":"W Ploenchit Wellness Center","name:th":"ดับเบิ้ลยู เพลินจิต เวลเนส เซ็นเตอร์","opening_hours":"Mo-Su 10:00-19:00","operator":"W Ploenchit Wellness Center","operator:type":"business","@type":"node","@id":3836987259},"geometry":{"type":"Point","coordinates":[100.5515863,13.7414184]}},{"type":"Feature","id":3918020919,"properties":{"amenity":"clinic","name":"Golden Years Hospital","phone":"+66 2 6930733","website":"https://www.goldenyears.co.th/","@type":"node","@id":3918020919},"geometry":{"type":"Point","coordinates":[100.5773912,13.7896146]}},{"type":"Feature","id":3963956075,"properties":{"amenity":"clinic","healthcare":"clinic","name":"Romrawin","@type":"node","@id":3963956075},"geometry":{"type":"Point","coordinates":[100.5697083,13.730256]}},{"type":"Feature","id":4061129357,"properties":{"addr:city":"ปทุมธานี","addr:housenumber":"94","addr:postcode":"12130","addr:street":"ถนนพหลโยธิน","amenity":"clinic","description":"เมโกะ คลินิกเป็นที่รู้จักและอยู่ในระดับแถวหน้าของแวดวงความงามเมืองไทย โดยเฉพาะเรื่องผิวพรรณและศัลยกรรมความงาม โดยยึดถือมาตรฐานการดูแลรักษาและการบริการเทียบเท่าระดับสากลมาโดยตลอด","healthcare":"clinic","level":"2","name":"เมโกะ คลินิก สาขา ฟิวเจอร์ปาร์ครังสิต","name:en":"Meko Clinic Future Park Rangsit","name:th":"เมโกะ คลินิก สาขา ฟิวเจอร์ปาร์ครังสิต","note":"ฟิวเจอร์ปาร์ครังสิต ชั้น 2 ฝั่งเซ็นทรัล โซนธนาคาร","@type":"node","@id":4061129357},"geometry":{"type":"Point","coordinates":[100.6185499,13.9878989]}},{"type":"Feature","id":4061147433,"properties":{"addr:city":"กทม.","addr:housenumber":"999/9","addr:postcode":"10330","addr:street":"ถนนราชดำริ","amenity":"clinic","healthcare":"clinic","level":"5","name":"เมโกะ คลินิก สาขาเซ็นทรัลเวิลด์","name:en":"Meko Clinic, CentralWorld Branch","name:th":"เมโกะ คลินิก สาขาเซ็นทรัลเวิลด์","note":"ชั้น 5 ติด Isetan","phone":"+66 2 658 6511","website":"https://mekoclinic.com/","@type":"node","@id":4061147433},"geometry":{"type":"Point","coordinates":[100.5397425,13.7475601]}},{"type":"Feature","id":4223117676,"properties":{"amenity":"hospital","@type":"node","@id":4223117676},"geometry":{"type":"Point","coordinates":[100.4791146,13.9148063]}},{"type":"Feature","id":4270497798,"properties":{"addr:street":"ถนนบางกรวย-จงถนอม","amenity":"hospital","healthcare":"hospital","name":"โรงพยาบาลบางกรวย","name:en":"Bang Kruai Hospital","name:th":"โรงพยาบาลบางกรวย","opening_hours":"24/7","phone":"02-4475582-3","website":"https://www.bangkruaihospital.go.th/","@type":"node","@id":4270497798},"geometry":{"type":"Point","coordinates":[100.4722226,13.8050132]}},{"type":"Feature","id":4401156589,"properties":{"amenity":"clinic","healthcare":"clinic","name":"travel clinic","@type":"node","@id":4401156589},"geometry":{"type":"Point","coordinates":[100.5335416,13.7661784]}},{"type":"Feature","id":4413247389,"properties":{"addr:street":"ถนนท่าข้าม","amenity":"hospital","healthcare":"hospital","internet_access":"wlan","@type":"node","@id":4413247389},"geometry":{"type":"Point","coordinates":[100.4425584,13.6620372]}},{"type":"Feature","id":4414919389,"properties":{"amenity":"hospital","@type":"node","@id":4414919389},"geometry":{"type":"Point","coordinates":[100.3988259,13.7108224]}},{"type":"Feature","id":4459588968,"properties":{"amenity":"clinic","healthcare":"clinic","name":"Bangkok Health Center","@type":"node","@id":4459588968},"geometry":{"type":"Point","coordinates":[100.5056972,13.7397082]}},{"type":"Feature","id":4466123792,"properties":{"amenity":"clinic","healthcare":"clinic","name":"Napassaree Clinic","source":"GPS","@type":"node","@id":4466123792},"geometry":{"type":"Point","coordinates":[100.6022497,13.7040215]}},{"type":"Feature","id":4466271590,"properties":{"amenity":"clinic","healthcare":"clinic","name:en":"At Ease Massage","@type":"node","@id":4466271590},"geometry":{"type":"Point","coordinates":[100.571133,13.7324666]}},{"type":"Feature","id":4472600791,"properties":{"amenity":"clinic","healthcare":"clinic","name:en":"Bear Hug","@type":"node","@id":4472600791},"geometry":{"type":"Point","coordinates":[100.5685916,13.7327548]}},{"type":"Feature","id":4472607490,"properties":{"amenity":"clinic","healthcare":"clinic","name:en":"Ease","@type":"node","@id":4472607490},"geometry":{"type":"Point","coordinates":[100.5682763,13.7322032]}},{"type":"Feature","id":4472642289,"properties":{"amenity":"clinic","healthcare":"clinic","name:en":"Urban Retreat","@type":"node","@id":4472642289},"geometry":{"type":"Point","coordinates":[100.568482,13.7315088]}},{"type":"Feature","id":4488774693,"properties":{"addr:postcode":"10110","addr:province":"กรุงเทพมหานคร","addr:street":"ซอย อ่อนนุช 1/1","amenity":"clinic","healthcare":"clinic","name:en":"Spa","@type":"node","@id":4488774693},"geometry":{"type":"Point","coordinates":[100.600816,13.7126772]}},{"type":"Feature","id":4504340590,"properties":{"amenity":"clinic","healthcare":"clinic","name:en":"Hot Stone Spa","@type":"node","@id":4504340590},"geometry":{"type":"Point","coordinates":[100.5568279,13.7444005]}},{"type":"Feature","id":4509779090,"properties":{"amenity":"clinic","healthcare":"clinic","name:en":"Crystal spa","@type":"node","@id":4509779090},"geometry":{"type":"Point","coordinates":[100.5916294,13.7150488]}},{"type":"Feature","id":4522805997,"properties":{"amenity":"clinic","healthcare":"clinic","name":"ใบแก้วคลินิก","@type":"node","@id":4522805997},"geometry":{"type":"Point","coordinates":[100.3506528,13.7057755]}},{"type":"Feature","id":4525724413,"properties":{"amenity":"clinic","healthcare":"clinic","name":"คลินิคเด็ก","@type":"node","@id":4525724413},"geometry":{"type":"Point","coordinates":[100.3797369,13.6927476]}},{"type":"Feature","id":4525766967,"properties":{"amenity":"clinic","healthcare":"clinic","name":"วันวิเชียรสหคลินิก","@type":"node","@id":4525766967},"geometry":{"type":"Point","coordinates":[100.3780735,13.6921533]}},{"type":"Feature","id":4527737982,"properties":{"amenity":"clinic","healthcare":"clinic","name":"แพทย์สวนหลวงคลินิกเวชกรรม","@type":"node","@id":4527737982},"geometry":{"type":"Point","coordinates":[100.3259059,13.6761815]}},{"type":"Feature","id":4529938260,"properties":{"amenity":"clinic","name":"เพชรเกษม 81 คลินิกเวชกรรม","@type":"node","@id":4529938260},"geometry":{"type":"Point","coordinates":[100.3405595,13.6997526]}},{"type":"Feature","id":4570207363,"properties":{"alt_name":"สถานีอนามัยคลองสาม","amenity":"clinic","emergency":"no","healthcare":"clinic","name":"โรงพยาบาลส่งเสริมสุขภาพตำบล คลองสาม","name:en":"Khlong Sam Subdistrict Health Promoting Hospital","short_name":"รพ.สต.คลองสาม","@type":"node","@id":4570207363},"geometry":{"type":"Point","coordinates":[100.6629932,14.0807797]}},{"type":"Feature","id":4578579896,"properties":{"amenity":"clinic","name":"Idolme","@type":"node","@id":4578579896},"geometry":{"type":"Point","coordinates":[100.5733034,13.7792629]}},{"type":"Feature","id":4578584845,"properties":{"amenity":"clinic","name":"Laser Center","@type":"node","@id":4578584845},"geometry":{"type":"Point","coordinates":[100.5733249,13.7796003]}},{"type":"Feature","id":4597287989,"properties":{"addr:housenumber":"45","addr:postcode":"10220","addr:street":"ถนนลาดปลาเค้า","amenity":"clinic","email":"pongsakorn6200@gmail.com","healthcare":"clinic","internet_access":"wlan","name":"ปั้นทอง3","name:en":"Panthong3","name:th":"ปั้นทอง3","operator":"pongsakorn","phone":"0816556200","@type":"node","@id":4597287989},"geometry":{"type":"Point","coordinates":[100.6128823,13.8571312]}},{"type":"Feature","id":4607482391,"properties":{"amenity":"hospital","name":"โรงพยาบาล เสรีรักษ์","name:th":"โรงพยาบาล เสรีรักษ์","@type":"node","@id":4607482391},"geometry":{"type":"Point","coordinates":[100.7173999,13.8111264]}},{"type":"Feature","id":4618307289,"properties":{"amenity":"clinic","healthcare":"clinic","name:en":"Let's Relax","@type":"node","@id":4618307289},"geometry":{"type":"Point","coordinates":[100.5603777,13.7381501]}},{"type":"Feature","id":4618422808,"properties":{"amenity":"clinic","@type":"node","@id":4618422808},"geometry":{"type":"Point","coordinates":[100.5287953,13.9036165]}},{"type":"Feature","id":4618467394,"properties":{"amenity":"clinic","name:en":"Nitipon","@type":"node","@id":4618467394},"geometry":{"type":"Point","coordinates":[100.5285737,13.903175]}},{"type":"Feature","id":4620815499,"properties":{"amenity":"clinic","name:en":"The Art","@type":"node","@id":4620815499},"geometry":{"type":"Point","coordinates":[100.5683434,13.8286696]}},{"type":"Feature","id":4620840297,"properties":{"amenity":"clinic","name:en":"V Square","@type":"node","@id":4620840297},"geometry":{"type":"Point","coordinates":[100.5684177,13.8286701]}},{"type":"Feature","id":4620840596,"properties":{"amenity":"clinic","healthcare":"clinic","name:en":"Nitipon","@type":"node","@id":4620840596},"geometry":{"type":"Point","coordinates":[100.5682031,13.828607]}},{"type":"Feature","id":4620842290,"properties":{"amenity":"clinic","name:en":"Revolution","@type":"node","@id":4620842290},"geometry":{"type":"Point","coordinates":[100.5674191,13.8279292]}},{"type":"Feature","id":4620842292,"properties":{"amenity":"clinic","name:en":"Nutta","@type":"node","@id":4620842292},"geometry":{"type":"Point","coordinates":[100.5679565,13.8282827]}},{"type":"Feature","id":4620843389,"properties":{"amenity":"clinic","name:en":"Celine","@type":"node","@id":4620843389},"geometry":{"type":"Point","coordinates":[100.5613401,13.8306858]}},{"type":"Feature","id":4620843397,"properties":{"amenity":"clinic","healthcare":"clinic","name:en":"Pio","@type":"node","@id":4620843397},"geometry":{"type":"Point","coordinates":[100.5683034,13.8285131]}},{"type":"Feature","id":4623869992,"properties":{"amenity":"clinic","@type":"node","@id":4623869992},"geometry":{"type":"Point","coordinates":[100.5358248,13.9244702]}},{"type":"Feature","id":4646198990,"properties":{"addr:street":"ซอยอารีย์ 1","amenity":"clinic","healthcare":"clinic","name:en":"Bangkok cancer specialist center","@type":"node","@id":4646198990},"geometry":{"type":"Point","coordinates":[100.5426541,13.7789339]}},{"type":"Feature","id":4665598389,"properties":{"amenity":"clinic","healthcare":"clinic","name:en":"Thania","@type":"node","@id":4665598389},"geometry":{"type":"Point","coordinates":[100.5161725,13.7207047]}},{"type":"Feature","id":4684596389,"properties":{"amenity":"clinic","healthcare":"clinic","name:en":"Yoga Center Ashtanga","@type":"node","@id":4684596389},"geometry":{"type":"Point","coordinates":[100.5660089,13.7335206]}},{"type":"Feature","id":4740859121,"properties":{"amenity":"hospital","healthcare":"hospital","name":"รพ.ตา หู คอ จมูก","name:th":"รพ.ตา หู คอ จมูก","@type":"node","@id":4740859121},"geometry":{"type":"Point","coordinates":[100.4704126,13.7878138]}},{"type":"Feature","id":4767914621,"properties":{"addr:postcode":"10310","addr:street":"ถนนลาดพร้าว","amenity":"clinic","healthcare":"clinic","name:en":"Life Sciences Lab by Bria","opening_hours":"Mo-Su 07:30-16:30","website":"https://www.brianet.com/","@type":"node","@id":4767914621},"geometry":{"type":"Point","coordinates":[100.6162128,13.7804445]}},{"type":"Feature","id":4770554888,"properties":{"addr:housenumber":"221/4","addr:postcode":"10110","addr:street":"ถนนอ่อนนุช","amenity":"clinic","healthcare":"clinic","internet_access":"wlan","name:en":"Sukhumvit 77 Polyclinic","opening_hours":"Mo-Su 08:30-20:00","phone":"023116541","@type":"node","@id":4770554888},"geometry":{"type":"Point","coordinates":[100.6009858,13.7098423]}},{"type":"Feature","id":4789249121,"properties":{"amenity":"clinic","healthcare":"alternative","name":"แพทย์ทางเลือก","name:th":"แพทย์ทางเลือก","@type":"node","@id":4789249121},"geometry":{"type":"Point","coordinates":[100.2711148,13.7793162]}},{"type":"Feature","id":4866262621,"properties":{"amenity":"hospital","healthcare":"hospital","name:en":"Petcharavej Hospital","@type":"node","@id":4866262621},"geometry":{"type":"Point","coordinates":[100.5947191,13.7428473]}},{"type":"Feature","id":4890988622,"properties":{"addr:district":"เมืองสมุทรสาคร","addr:housenumber":"1500","addr:postcode":"74000","addr:province":"สมุทรสาคร","addr:street":"ถนนเอกชัย","addr:subdistrict":"มหาชัย","amenity":"hospital","contact:facebook":"https://www.facebook.com/p/%E0%B9%82%E0%B8%A3%E0%B8%87%E0%B8%9E%E0%B8%A2%E0%B8%B2%E0%B8%9A%E0%B8%B2%E0%B8%A5%E0%B8%AA%E0%B8%A1%E0%B8%B8%E0%B8%97%E0%B8%A3%E0%B8%AA%E0%B8%B2%E0%B8%84%E0%B8%A3-Samutsakhon-Hospital-61560955149948","emergency":"yes","internet_access":"wlan","name":"โรงพยาบาลสมุทรสาคร","name:en":"Samutsakhon Hospital","official_name":"โรงพยาบาลสมุทรสาคร","opening_hours":"24/7","website":"https://smkh.moph.go.th","wikidata":"Q108704116","wikipedia":"th:โรงพยาบาลสมุทรสาคร","@type":"node","@id":4890988622},"geometry":{"type":"Point","coordinates":[100.2792635,13.5510326]}},{"type":"Feature","id":4969552121,"properties":{"addr:housenumber":"39/1","addr:postcode":"10900","addr:street":"ถนนรัชดาภิเษก","amenity":"hospital","check_date":"2026-08-06","name":"สถานพยาบาลแพทย์แผนจีน มหาวิทยาลัยราชภัฏจันทรเกษม","@type":"node","@id":4969552121},"geometry":{"type":"Point","coordinates":[100.5756447,13.8189754]}},{"type":"Feature","id":4999107124,"properties":{"amenity":"hospital","healthcare":"hospital","name":"โรงพยาบาล เปาโล เมโมเรี่ยล","name:en":"Paolo Memorial Hospital Samutprakan","@type":"node","@id":4999107124},"geometry":{"type":"Point","coordinates":[100.6146528,13.5983927]}},{"type":"Feature","id":5016343821,"properties":{"amenity":"clinic","name":"โรงพยาบาลเปาโล เมโมเรี่ยล สมุทรปราการ","name:en":"Paolo Memorial Hospital","name:th":"โรงพยาบาลเปาโล เมโมเรี่ยล สมุทรปราการ","@type":"node","@id":5016343821},"geometry":{"type":"Point","coordinates":[100.6147911,13.5983502]}},{"type":"Feature","id":5033820584,"properties":{"amenity":"clinic","healthcare":"clinic","name:en":"Let's Relax","@type":"node","@id":5033820584},"geometry":{"type":"Point","coordinates":[100.5840581,13.7235006]}},{"type":"Feature","id":5047727520,"properties":{"amenity":"hospital","healthcare":"hospital","name":"โรงพยาบาลรวมชัยประชาราษ","@type":"node","@id":5047727520},"geometry":{"type":"Point","coordinates":[100.8536517,13.583727]}},{"type":"Feature","id":5240778121,"properties":{"addr:housenumber":"290","addr:postcode":"10220","addr:street":"ถนนพหลโยธิน","amenity":"hospital","email":"com@cgh.co.th","healthcare":"hospital","internet_access":"wlan","name:en":"Hospital central GENERAL","phone":"02 552 8777","website":"https://cgh.co.th/","@type":"node","@id":5240778121},"geometry":{"type":"Point","coordinates":[100.6060256,13.8889032]}},{"type":"Feature","id":5261686348,"properties":{"amenity":"hospital","healthcare":"hospital","name":"โรงพยาบาลส้ตว์ M. A. H.","@type":"node","@id":5261686348},"geometry":{"type":"Point","coordinates":[100.517669,13.6632862]}},{"type":"Feature","id":5262092726,"properties":{"addr:city":"Pathumthani","addr:housenumber":"49/30","addr:street":"Samkhok","amenity":"clinic","healthcare":"clinic","healthcare:speciality":"general","name":"Chatloung clinic","@type":"node","@id":5262092726},"geometry":{"type":"Point","coordinates":[100.5254143,14.0434208]}},{"type":"Feature","id":5273141021,"properties":{"addr:street":"ซอยสุขุมวิท 93","amenity":"clinic","healthcare":"clinic","name:en":"Kluaynamthai Clinic","@type":"node","@id":5273141021},"geometry":{"type":"Point","coordinates":[100.6053922,13.6993174]}},{"type":"Feature","id":5285297244,"properties":{"alt_name":"สถานีอนามัยคลองสี่","amenity":"clinic","emergency":"no","healthcare":"clinic","name":"โรงพยาบาลส่งเสริมสุขภาพตำบล คลองสี่","name:en":"Khlong Si Subdistrict Health Promoting Hospital","short_name":"รพ.สต.คลองสี่","@type":"node","@id":5285297244},"geometry":{"type":"Point","coordinates":[100.6863698,14.0671784]}},{"type":"Feature","id":5371707030,"properties":{"addr:district":"เมืองสมุทรสาคร","addr:postcode":"74000","addr:province":"สมุทรสาคร","addr:subdistrict":"พันท้ายนรสิงห์","alt_name":"สถานีอนามัยบ้านไร่","amenity":"clinic","emergency":"no","healthcare":"clinic","name":"โรงพยาบาลส่งเสริมสุขภาพตำบล บ้านไร่","name:en":"Ban Rai Subdistrict Health Promoting Hospital","name:th":"โรงพยาบาลส่งเสริมสุขภาพตำบล บ้านไร่","operator":"โรงพยาบาลส่งเสริมสุขภาพตำบล","operator:th":"โรงพยาบาลส่งเสริมสุขภาพตำบล","operator:type":"private","operator:wikidata":"Q16306413","short_name":"รพ.สต.บ้านไร่","@type":"node","@id":5371707030},"geometry":{"type":"Point","coordinates":[100.3624909,13.5798363]}},{"type":"Feature","id":5565954921,"properties":{"amenity":"clinic","healthcare":"clinic","name":"HE Clinic for me","@type":"node","@id":5565954921},"geometry":{"type":"Point","coordinates":[100.5796024,13.7249344]}},{"type":"Feature","id":5565954922,"properties":{"addr:housenumber":"2nd floor","addr:postcode":"10110","addr:province":"กรุงเทพมหานคร","addr:street":"55 building, Sukhumvit 55","amenity":"hospital","healthcare":"hospital","healthcare:speciality":"clinic","name":"HE Clinic for men","@type":"node","@id":5565954922},"geometry":{"type":"Point","coordinates":[100.5802013,13.7261339]}},{"type":"Feature","id":5601978421,"properties":{"amenity":"clinic","healthcare":"clinic","name:en":"Kluaynamthai Clinic","opening_hours":"Mo-Su 08:00-20:00","@type":"node","@id":5601978421},"geometry":{"type":"Point","coordinates":[100.6011622,13.7099409]}},{"type":"Feature","id":5611498325,"properties":{"addr:street":"ลาดพร้าว 69","amenity":"hospital","healthcare":"hospital","name":"คลินิกตจแพทย์","name:en":"Thachapat Clinic","@type":"node","@id":5611498325},"geometry":{"type":"Point","coordinates":[100.6074091,13.7896637]}},{"type":"Feature","id":5668510721,"properties":{"amenity":"clinic","healthcare":"clinic","name":"บริษัท ทรีท เมด จำกัด","name:en":"TREAT med Thailand","@type":"node","@id":5668510721},"geometry":{"type":"Point","coordinates":[100.4998844,13.8653881]}},{"type":"Feature","id":5679154233,"properties":{"amenity":"hospital","healthcare":"hospital","name":"Serene Hospital","operator":"Serene","@type":"node","@id":5679154233},"geometry":{"type":"Point","coordinates":[100.6536188,13.7404216]}},{"type":"Feature","id":5694710921,"properties":{"addr:postcode":"10400","amenity":"clinic","name":"Silom Community Clinic @ TropMed","name:th":"Silom Community Clinic","opening_hours":"Tu-Sa 16:00-21:00","phone":"+66 81 837 3463","website":"https://www.silomclinic.in.th/","@type":"node","@id":5694710921},"geometry":{"type":"Point","coordinates":[100.5333142,13.7657555]}},{"type":"Feature","id":5909296986,"properties":{"addr:street":"ซอย นนทรี 14","amenity":"clinic","healthcare":"clinic","internet_access":"wlan","name":"คลินิกกายภาพบำบัดพีเฮชพี","name:en":"PHP Physical Therapy Clinic","website":"http://phpptclinic.blogspot.com/?m=1","@type":"node","@id":5909296986},"geometry":{"type":"Point","coordinates":[100.5383872,13.6925402]}},{"type":"Feature","id":6144636858,"properties":{"alt_name":"BSL Clinic","amenity":"clinic","healthcare":"clinic","name":"Bangkok skin & laser clinic","website":"https://www.bslclinic.com/","@type":"node","@id":6144636858},"geometry":{"type":"Point","coordinates":[100.5359816,13.7280326]}},{"type":"Feature","id":6265020286,"properties":{"addr:housenumber":"104","addr:postcode":"10330","addr:street":"ถนนราชดำริ","amenity":"clinic","description":"Anonymous clinic for HIV and syphilis","email":"aids@trcarc.org","name":"คลีนิคนิรนาม","name:en":"The Thai Red Cross Society","name:th":"คลีนิคนิรนาม สภากาชาดไทย","opening_hours":"Mo-Sa 07:30-12:00,13:00-16:30","phone":"022516711","website":"https://th.trcarc.org","@type":"node","@id":6265020286},"geometry":{"type":"Point","coordinates":[100.5381377,13.7348132]}},{"type":"Feature","id":6270591296,"properties":{"amenity":"clinic","@type":"node","@id":6270591296},"geometry":{"type":"Point","coordinates":[100.4790401,13.776055]}},{"type":"Feature","id":6315289036,"properties":{"amenity":"clinic","@type":"node","@id":6315289036},"geometry":{"type":"Point","coordinates":[100.5497294,13.7237399]}},{"type":"Feature","id":6339282738,"properties":{"amenity":"clinic","healthcare":"clinic","healthcare:speciality":"dermatology","name":"Dermatology Clinic (Piel Clinic)","@type":"node","@id":6339282738},"geometry":{"type":"Point","coordinates":[100.5395522,13.7645363]}},{"type":"Feature","id":6339282739,"properties":{"amenity":"clinic","healthcare":"clinic","healthcare:speciality":"dermatology","name":"Aem.D. Clinic","@type":"node","@id":6339282739},"geometry":{"type":"Point","coordinates":[100.539516,13.7645598]}},{"type":"Feature","id":6339282752,"properties":{"amenity":"clinic","healthcare":"clinic","healthcare:speciality":"dermatology","name":"Mor Muanchol","@type":"node","@id":6339282752},"geometry":{"type":"Point","coordinates":[100.5399546,13.7643412]}},{"type":"Feature","id":6339282774,"properties":{"amenity":"clinic","healthcare":"clinic","healthcare:speciality":"dermatology;cosmetic","name":"Monument Clinic","@type":"node","@id":6339282774},"geometry":{"type":"Point","coordinates":[100.5406582,13.7639952]}},{"type":"Feature","id":6391901347,"properties":{"amenity":"clinic","@type":"node","@id":6391901347},"geometry":{"type":"Point","coordinates":[100.4983326,13.7530112]}},{"type":"Feature","id":6557588675,"properties":{"addr:housenumber":"6","addr:postcode":"10110","addr:province":"กรุงเทพมหานคร","addr:street":"สุขุมวิท 49/9","amenity":"hospital","description":"MedConsult is an English and Thai-speaking General Practice clinic; our anonymous clinic offers sexual health testing and treatment. The clinic based on the ground floor (if closed, proceed to main office in Building 2, Floor 3)","email":"info@medconsultasia.com","healthcare":"hospital","healthcare:speciality":"general;sexual_health;men's_health;women's_health;internal","internet_access":"wlan","name":"Anonymous MedConsult Clinic","phone":"+662 018 7855","website":"https://www.medconsultasia.com/","@type":"node","@id":6557588675},"geometry":{"type":"Point","coordinates":[100.5759328,13.7366322]}},{"type":"Feature","id":6766018886,"properties":{"amenity":"hospital","healthcare":"hospital","name":"โรงพยาบาลรามาธิบดีจักรีนฤบดินทร์","name:en":"Ramathibodi Chakri Naruebodindra Hospital","name:th":"โรงพยาบาลรามาธิบดีจักรีนฤบดินทร์","@type":"node","@id":6766018886},"geometry":{"type":"Point","coordinates":[100.7609482,13.5260425]}},{"type":"Feature","id":6770984091,"properties":{"addr:city":"แขวงลุมพินี","addr:district":"ปทุมวัน","addr:postcode":"10330","addr:province":"กรุงเทพมหานคร","addr:street":"ถนนวิทยุ","addr:subdistrict":"ลุมพินี","amenity":"clinic","healthcare":"clinic","healthcare:speciality":"fertility","name":"Ibaby Fertility & Genetic Center","operator":"Ibaby Fertility & Genetic Center","operator:type":"private","website":"http://th.ibabyfertility.com/","@type":"node","@id":6770984091},"geometry":{"type":"Point","coordinates":[100.5487403,13.7412183]}},{"type":"Feature","id":6794853004,"properties":{"amenity":"hospital","name":"Ratchakru Medical Center","@type":"node","@id":6794853004},"geometry":{"type":"Point","coordinates":[100.542245,13.7775546]}},{"type":"Feature","id":6811552186,"properties":{"amenity":"clinic","@type":"node","@id":6811552186},"geometry":{"type":"Point","coordinates":[100.596256,13.7297142]}},{"type":"Feature","id":6964258385,"properties":{"amenity":"hospital","healthcare":"hospital","name":"โรงพยาบาลเกษมราษฏร์ รัตนาธิเบศร์","@type":"node","@id":6964258385},"geometry":{"type":"Point","coordinates":[100.423557,13.8755191]}},{"type":"Feature","id":7051270195,"properties":{"addr:housenumber":"3243","addr:postcode":"10110","addr:province":"กรุงเทพมหานคร","addr:street":"ถนนพระรามที่ 4","amenity":"hospital","healthcare":"clinic","name":"Mandarin Clinic Rama 4","@type":"node","@id":7051270195},"geometry":{"type":"Point","coordinates":[100.5746292,13.7159788]}},{"type":"Feature","id":7051270196,"properties":{"addr:housenumber":"743/1-2","addr:postcode":"10150","addr:province":"กรุงเทพมหานคร","addr:street":"ถนนสุขสวัสดิ์","amenity":"hospital","healthcare":"hospital","name":"mandarin clinic rama 2","@type":"node","@id":7051270196},"geometry":{"type":"Point","coordinates":[100.4836161,13.6880969]}},{"type":"Feature","id":7117508129,"properties":{"amenity":"hospital","healthcare":"hospital","name":"โรงพยาบาลพุทธมณฑล","name:en":"Phutthamonthon Hospital","@type":"node","@id":7117508129},"geometry":{"type":"Point","coordinates":[100.2887262,13.79833]}},{"type":"Feature","id":7118670496,"properties":{"amenity":"clinic","ele":"4","healthcare":"clinic","healthcare:speciality":"fertility","name":"EKI-IVF Centre","operator":"EKI","operator:type":"private","@type":"node","@id":7118670496},"geometry":{"type":"Point","coordinates":[100.5725314,13.7548567]}},{"type":"Feature","id":7165705587,"properties":{"addr:city":"สามเสนใน","addr:housenumber":"78/16","addr:postcode":"10400","addr:street":"ถนนพระรามหก","amenity":"hospital","email":"info@intimexhearing.com","emergency":"yes","healthcare":"hospital","healthcare:speciality":"physiotherapy;general","internet_access":"yes","name":"ศูนย์บริการเครื่องช่วยฟังอินทิเม็กซ์","operator":"จำหน่ายอุปกรณ์การแพทย์ ด้านเครื่องช่วยฟัง","operator:type":"public","phone":"+66 022793030","website":"https://www.intimexhearing.com/hearingaid","@type":"node","@id":7165705587},"geometry":{"type":"Point","coordinates":[100.5385011,13.7946243]}},{"type":"Feature","id":7213300968,"properties":{"addr:city":"สมุทรปราการ","addr:housenumber":"998/110-111","addr:postcode":"10280","addr:street":"ถนนแพรกษา","amenity":"clinic","description":"คลินิกเสริมความงามยุคใหม่\nเสริมจมูก เสริมคาง ปรับรูปหน้า\nสวยให้สุด ในแบบที่เป็นคุณ","email":"info@emmaclinicthailand.com","healthcare":"clinic","healthcare:speciality":"plastic_surgery","name":"เอมม่าคลินิก (สาขาแพรกษา)","name:en":"Emma Clinic (Phraeksa)","name:th":"เอมม่าคลินิก (สาขาแพรกษา)","opening_hours":"Mo-Su 11:00-20:00","@type":"node","@id":7213300968},"geometry":{"type":"Point","coordinates":[100.6696262,13.5666616]}},{"type":"Feature","id":7213312787,"properties":{"addr:city":"กรุงเทพมหานคร","addr:housenumber":"129/328-329","addr:postcode":"10150","addr:street":"ถนนบางขุนเทียน","amenity":"clinic","description":"คลินิกเสริมความงามยุคใหม่เสริมจมูก เสริมคาง ปรับรูปหน้าสวยให้สุด ในแบบที่เป็นคุณ","email":"info@emmaclinicthailand.com","healthcare":"clinic","healthcare:speciality":"plastic_surgery","name":"Emma Clinic","name:en":"Emma Clinic (Rama 2)","name:th":"เอมม่าคลินิก (สาขาพระราม 2)","opening_hours":"Mo-Su 11:00-20:00","@type":"node","@id":7213312787},"geometry":{"type":"Point","coordinates":[100.4292451,13.6637212]}},{"type":"Feature","id":7214122864,"properties":{"addr:city":"Wattana, Bangkok","addr:housenumber":"299/10","addr:postcode":"10110","addr:street":"ถนนสุขุมวิท 21","amenity":"clinic","description":"คลินิกเสริมความงามยุคใหม่\nเสริมจมูก เสริมคาง ปรับรูปหน้า\nสวยให้สุด ในแบบที่เป็นคุณ","email":"info@emmaclinicthailand.com","healthcare":"clinic","healthcare:speciality":"plastic_surgery","name":"Emma Clinic","name:en":"Emma Clinic (Asoke)","name:th":"เอมม่าคลินิก (สาขาอโศก)","opening_hours":"Mo-Su 10:00-20:00","@type":"node","@id":7214122864},"geometry":{"type":"Point","coordinates":[100.5623452,13.7461399]}},{"type":"Feature","id":7254675595,"properties":{"alt_name":"สถานีอนามัยบางขนุน","amenity":"clinic","description":"หน่วยบริการระดับปฐมภูมิ Primary care","emergency":"no","fixme":"estimated location based on aerial image.","health_facility:type":"health_centre","healthcare":"clinic","name":"โรงพยาบาลส่งเสริมสุขภาพตำบล บางขนุน","name:en":"Bang Khanun Subdistrict Health Promoting Hospital","phone":"024472555","short_name":"รพ.สต.บางขนุน","website":"http://gishealth.moph.go.th/pcu/admin/pcu.php?code=01011","@type":"node","@id":7254675595},"geometry":{"type":"Point","coordinates":[100.4682276,13.8129513]}},{"type":"Feature","id":7662726070,"properties":{"addr:city":"ิBangkok","addr:housenumber":"884","addr:postcode":"10260","addr:street":"สรรพาวุธ","amenity":"hospital","emergency":"no","healthcare":"hospital","healthcare:speciality":"general","name":"โรงพยาบาลบางนากรุงเทพมหานคร","operator":"021800201","operator:type":"government","@type":"node","@id":7662726070},"geometry":{"type":"Point","coordinates":[100.5926741,13.6797164]}},{"type":"Feature","id":7688192009,"properties":{"amenity":"hospital","name":"โรงพยาบาลรัชดา-ท่าพระ","name:en":"Ratchada-Tha Phra Hospital","@type":"node","@id":7688192009},"geometry":{"type":"Point","coordinates":[100.4774705,13.7171235]}},{"type":"Feature","id":7688192227,"properties":{"amenity":"hospital","name":"โรงพยาบาลแพทย์ปัญญา","name:en":"Phaet Panya Hospital","@type":"node","@id":7688192227},"geometry":{"type":"Point","coordinates":[100.6074137,13.7438623]}},{"type":"Feature","id":7856632099,"properties":{"addr:district":"สามพราน","addr:postcode":"73210","addr:province":"นครปฐม","addr:subdistrict":"ไร่ขิง","amenity":"hospital","contact:facebook":"https://www.facebook.com/MettapracharakHospital","healthcare":"hospital","name":"โรงพยาบาลเมตตาประชารักษ์","name:en":"Metta Pracharak Hospital","website":"https://www.metta.go.th","@type":"node","@id":7856632099},"geometry":{"type":"Point","coordinates":[100.2560109,13.7390047]}},{"type":"Feature","id":7856632101,"properties":{"amenity":"hospital","name":"โรงพยาบาลลาดกระบัง","name:en":"Lat Krabang Hospital","@type":"node","@id":7856632101},"geometry":{"type":"Point","coordinates":[100.7848808,13.7222822]}},{"type":"Feature","id":7856667433,"properties":{"amenity":"hospital","name":"โรงพยาบาลมหาชัย 2","name:en":"Maha Chai 2 Hospital","@type":"node","@id":7856667433},"geometry":{"type":"Point","coordinates":[100.3009969,13.7072628]}},{"type":"Feature","id":7856667434,"properties":{"amenity":"hospital","name":"โรงพยาบาลกระทุ่มแบน 2","name:en":"Krathum Baen 2 Hospital","@type":"node","@id":7856667434},"geometry":{"type":"Point","coordinates":[100.3307721,13.7220321]}},{"type":"Feature","id":7856667473,"properties":{"amenity":"hospital","name":"โรงพยาบาลบางบ่อ","name:en":"Bang Bo Hospital","@type":"node","@id":7856667473},"geometry":{"type":"Point","coordinates":[100.8358133,13.5695885]}},{"type":"Feature","id":7856667474,"properties":{"amenity":"hospital","name":"โรงพยาบาลบางนา 2","name:en":"Bangna 2 Hospital","@type":"node","@id":7856667474},"geometry":{"type":"Point","coordinates":[100.805043,13.5940702]}},{"type":"Feature","id":7856667475,"properties":{"amenity":"hospital","healthcare":"hospital","name":"โรงพยาบาลเซ็ลทรัลปาร์ค","name:en":"Central Park Hospital","@type":"node","@id":7856667475},"geometry":{"type":"Point","coordinates":[100.7440415,13.6155645]}},{"type":"Feature","id":7856667476,"properties":{"amenity":"hospital","name":"โรงพยาบาลเมืองสมุทรปู่เจ้าสมิงพราย","name:en":"Mueang Samut Pu Chao Saming Phrai Hospital","@type":"node","@id":7856667476},"geometry":{"type":"Point","coordinates":[100.578348,13.6466072]}},{"type":"Feature","id":7856667477,"properties":{"amenity":"hospital","name":"โรงพยาบาลป้อมพระจุลจอมเกล้า","name:en":"Pom Phra Chunlachomklao Hospital","@type":"node","@id":7856667477},"geometry":{"type":"Point","coordinates":[100.5732357,13.541339]}},{"type":"Feature","id":7856667478,"properties":{"amenity":"hospital","name":"โรงพยาบาลบางจาก","name:en":"Bang Chak Hospital","@type":"node","@id":7856667478},"geometry":{"type":"Point","coordinates":[100.5400354,13.6095348]}},{"type":"Feature","id":7856667479,"properties":{"amenity":"hospital","name":"โรงพยาบาลยุวประสาทไวทโยปถัมถ์","name:en":"Yuwaprasat Waithayopatham Hospital","@type":"node","@id":7856667479},"geometry":{"type":"Point","coordinates":[100.5938405,13.6144774]}},{"type":"Feature","id":7856667480,"properties":{"amenity":"hospital","name":"โรงพยาบาลเมืองสมุทร","name:en":"Mueang Samut Hospital","@type":"node","@id":7856667480},"geometry":{"type":"Point","coordinates":[100.601128,13.5950504]}},{"type":"Feature","id":7856667482,"properties":{"addr:district":"Mueang Samut Prakan","addr:housenumber":"999","addr:postcode":"10280","addr:province":"Samut Prakan","addr:street":"ถนนสุขุมวิท","addr:subdistrict":"Bang Pu Mai","amenity":"hospital","emergency":"yes","healthcare":"hospital","healthcare:speciality":"general","name":"โรงพยาบาลศิครินทร์","name:en":"Sikarin Hospital","opening_hours":"24/7","phone":"023232995","@type":"node","@id":7856667482},"geometry":{"type":"Point","coordinates":[100.6310063,13.5316526]}},{"type":"Feature","id":7856667483,"properties":{"amenity":"hospital","healthcare":"hospital","name":"โรงพยาบาลกล้วยน้ำไท","name:en":"Kluai Nam Thai Hospital","@type":"node","@id":7856667483},"geometry":{"type":"Point","coordinates":[100.5864751,13.7150697]}},{"type":"Feature","id":7856667636,"properties":{"amenity":"hospital","name":"โรงพยาบาลฮั้วยันฮัม","name:en":"Hua Yan Ham Hospital","@type":"node","@id":7856667636},"geometry":{"type":"Point","coordinates":[100.6360182,13.8141759]}},{"type":"Feature","id":7856667637,"properties":{"amenity":"hospital","name":"โรงพยาบาลสยาม","name:en":"Siam Hospital","@type":"node","@id":7856667637},"geometry":{"type":"Point","coordinates":[100.596123,13.8022151]}},{"type":"Feature","id":7856667639,"properties":{"amenity":"hospital","healthcare":"hospital","name":"โรงพยาบาลบุรฉัตรไชยากร","name:en":"Burachat Chaiyakon Hospital","@type":"node","@id":7856667639},"geometry":{"type":"Point","coordinates":[100.5516493,13.7520786]}},{"type":"Feature","id":7856667642,"properties":{"amenity":"hospital","healthcare":"hospital","name":"โรงพยาบาลราช ประชาสมาสัย","name:en":"RachaSamaSai Hospital","@type":"node","@id":7856667642},"geometry":{"type":"Point","coordinates":[100.5375946,13.6526802]}},{"type":"Feature","id":7856667643,"properties":{"amenity":"hospital","name":"โรงพยาบาลราษฎร์บูรณะ","name:en":"Rat Burana Hospital","@type":"node","@id":7856667643},"geometry":{"type":"Point","coordinates":[100.5025864,13.678055]}},{"type":"Feature","id":7856667644,"properties":{"amenity":"hospital","name":"โรงพยาบาลกรุงธน 2","name:en":"Krung Thon 2 Hospital","@type":"node","@id":7856667644},"geometry":{"type":"Point","coordinates":[100.5010521,13.6760534]}},{"type":"Feature","id":7856667645,"properties":{"amenity":"hospital","name":"โรงพยาบาลรามาสุขสวัสดิ์","name:en":"Rama Suk Sawat Hospital","@type":"node","@id":7856667645},"geometry":{"type":"Point","coordinates":[100.4985952,13.677492]}},{"type":"Feature","id":7856667646,"properties":{"amenity":"hospital","name":"โรงพยาบาลบางปะกอก 1","name:en":"Bang Pakok 1 Hospital","@type":"node","@id":7856667646},"geometry":{"type":"Point","coordinates":[100.4989117,13.6787951]}},{"type":"Feature","id":7856667647,"properties":{"amenity":"hospital","healthcare":"hospital","name":"โรงพยาบาลมิตรภาพ","name:en":"Mittraphap Hospital","@type":"node","@id":7856667647},"geometry":{"type":"Point","coordinates":[100.4945505,13.7284992]}},{"type":"Feature","id":7856667648,"properties":{"amenity":"hospital","healthcare":"hospital","name":"PMG Hospital","name:th":"โรงพยาบาลพีเอ็มจี","@type":"node","@id":7856667648},"geometry":{"type":"Point","coordinates":[100.4220763,13.6517378]}},{"type":"Feature","id":7856667649,"properties":{"amenity":"hospital","name":"โรงพยาบาลอนันต์พัฒนา 2","name:en":"Anan Phatthana 2 Hospital","@type":"node","@id":7856667649},"geometry":{"type":"Point","coordinates":[100.4766494,13.798235]}},{"type":"Feature","id":7856667650,"properties":{"amenity":"hospital","name":"โรงพยาบาลบางใหญ่","name:en":"Bang Yai Hospital","@type":"node","@id":7856667650},"geometry":{"type":"Point","coordinates":[100.4106563,13.8456898]}},{"type":"Feature","id":7856667651,"properties":{"amenity":"hospital","name":"โรงพยาบาลบีแคร์เมดิคอลเซ็นเตอร์","name:en":"B Care Medical Center Hospital","wikidata":"Q4833791","@type":"node","@id":7856667651},"geometry":{"type":"Point","coordinates":[100.6247073,13.9436991]}},{"type":"Feature","id":7856667652,"properties":{"amenity":"hospital","name":"โรงพยาบาลลำลูกกา","name:en":"Lam Luk Ka Hospital","@type":"node","@id":7856667652},"geometry":{"type":"Point","coordinates":[100.857684,13.9569333]}},{"type":"Feature","id":7856667653,"properties":{"amenity":"hospital","name":"สถาบันผู้ป่วยโรคมะเร็งธัญบุรี","@type":"node","@id":7856667653},"geometry":{"type":"Point","coordinates":[100.8366501,14.0664528]}},{"type":"Feature","id":7856667655,"properties":{"amenity":"hospital","name":"โรงพยาบาลเอกปทุม","name:en":"Ek Pathum Hospital","@type":"node","@id":7856667655},"geometry":{"type":"Point","coordinates":[100.6529349,13.9938724]}},{"type":"Feature","id":7856667657,"properties":{"amenity":"hospital","name":"โรงพยาบาลกรุงสยามเซนต์คาร์ลอส","name:en":"Krung Siam Saint Carlos Hospital","@type":"node","@id":7856667657},"geometry":{"type":"Point","coordinates":[100.5540526,14.0049775]}},{"type":"Feature","id":7856667658,"properties":{"amenity":"hospital","name":"โรงพยาบาลคลองหลวง","name:en":"Khlong Luang Hospital","@type":"node","@id":7856667658},"geometry":{"type":"Point","coordinates":[100.7273447,14.0954556]}},{"type":"Feature","id":7856667668,"properties":{"amenity":"hospital","name":"โรงพยาบาลลาดหลุมแก้ว","name:en":"Lat Lum Kaeo Hospital","@type":"node","@id":7856667668},"geometry":{"type":"Point","coordinates":[100.4162407,14.0372277]}},{"type":"Feature","id":7856667670,"properties":{"amenity":"hospital","name":"โรงพยาบาลตุลาการเฉลิมพระเกียรติ","name:en":"Tulakan Chaloem Phra Kiat Hospital","@type":"node","@id":7856667670},"geometry":{"type":"Point","coordinates":[100.2738583,13.8529556]}},{"type":"Feature","id":7856667677,"properties":{"amenity":"hospital","name":"โรงพยาบาลมหาชัย","name:en":"Maha Chai Hospital","@type":"node","@id":7856667677},"geometry":{"type":"Point","coordinates":[100.2719754,13.5568018]}},{"type":"Feature","id":7856667679,"properties":{"addr:district":"เมืองสมุทรสาคร","addr:postcode":"74000","addr:province":"สมุทรสาคร","addr:street":"ถนนเศรษฐกิจ 1","addr:subdistrict":"ท่าทราย","amenity":"hospital","name":"โรงพยาบาลวิชัยเวช อินเตอร์เนชั่นแนล สมุทรสาคร","name:en":"Vichaivej International Hospital","website":"https://www.vichaivej.com/samutsakhon","@type":"node","@id":7856667679},"geometry":{"type":"Point","coordinates":[100.2715355,13.5760859]}},{"type":"Feature","id":7907440564,"properties":{"addr:city":"สมุทรสาคร","addr:housenumber":"24/305","addr:postcode":"74000","addr:street":"กิจมณี","amenity":"hospital","emergency":"no","healthcare":"hospital","name":"Kasetmahachai animal hospital","@type":"node","@id":7907440564},"geometry":{"type":"Point","coordinates":[100.2957559,13.523729]}},{"type":"Feature","id":8061280277,"properties":{"amenity":"hospital","healthcare":"hospital","name":"Muang Samut Hospital Bangpoo Mai","@type":"node","@id":8061280277},"geometry":{"type":"Point","coordinates":[100.6394893,13.5255396]}},{"type":"Feature","id":8260877615,"properties":{"addr:city":"บางกระสอ","addr:housenumber":"48","addr:postcode":"11000","addr:street":"ถนนติวานนท์ 24","amenity":"hospital","healthcare":"hospital","name":"จิรเวชชาญไชย คลินิกการแพทย์แผนไทย","@type":"node","@id":8260877615},"geometry":{"type":"Point","coordinates":[100.5227527,13.8659085]}},{"type":"Feature","id":8293950980,"properties":{"amenity":"clinic","name":"Supakunn Clinic","@type":"node","@id":8293950980},"geometry":{"type":"Point","coordinates":[100.6240234,13.6568817]}},{"type":"Feature","id":8436828117,"properties":{"addr:postcode":"10510","addr:street":"ถนนรามคำแหง","amenity":"clinic","healthcare":"clinic","name":"ซินจง แพทย์แผนจีน คลีนิก","name:en":"Sinjong Clinic","opening_hours":"Th-Tu 10:00-15:00","phone":"0861072520","@type":"node","@id":8436828117},"geometry":{"type":"Point","coordinates":[100.7234694,13.8030853]}},{"type":"Feature","id":8441986661,"properties":{"addr:housenumber":"804","addr:postcode":"10160","addr:province":"กรุงเทพมหานคร","addr:street":"ถนนเพชรเกษม","amenity":"hospital","email":"sasirakclinic@gmail.com","healthcare":"clinic","healthcare:speciality":"general;vaccination","name":"ศศิรักษ์คลินิกเวชกรรม","phone":"02-100-4980","website":"facebook/sasirakclinic","@type":"node","@id":8441986661},"geometry":{"type":"Point","coordinates":[100.3880494,13.7093097]}},{"type":"Feature","id":8811102698,"properties":{"addr:country":"Thailand","addr:district":"Bang Na","addr:postcode":"10260","addr:province":"Bangkok","addr:subdistrict":"Bang Na Tai","amenity":"hospital","healthcare":"hospital","name":"โรงพยาบาลดับเบิลยูไอเอชอินเตอร์เนชั่นแนล","name:en":"WIH International Hospital","name:th":"โรงพยาบาลดับเบิลยูไอเอชอินเตอร์เนชั่นแนล","website":"https://www.wihhospital.com","@type":"node","@id":8811102698},"geometry":{"type":"Point","coordinates":[100.6505749,13.6638559]}},{"type":"Feature","id":9026269087,"properties":{"amenity":"clinic","healthcare":"clinic","name":"Cinic","@type":"node","@id":9026269087},"geometry":{"type":"Point","coordinates":[100.4919096,13.8425593]}},{"type":"Feature","id":9583012584,"properties":{"amenity":"hospital","healthcare":"hospital","@type":"node","@id":9583012584},"geometry":{"type":"Point","coordinates":[100.6361759,13.7610564]}},{"type":"Feature","id":9604740414,"properties":{"amenity":"clinic","healthcare":"clinic","name":"บิลเลี่ยนแคร์ คลินิก","name:en":"Billion Care Clinic","@type":"node","@id":9604740414},"geometry":{"type":"Point","coordinates":[100.5878,13.8901352]}},{"type":"Feature","id":9669030417,"properties":{"amenity":"hospital","healthcare":"hospital","name:en":"WellMed clinic","@type":"node","@id":9669030417},"geometry":{"type":"Point","coordinates":[100.5632733,13.7354404]}},{"type":"Feature","id":9729267417,"properties":{"amenity":"hospital","healthcare":"hospital","name":"Huachiew TCM","opening_hours":"Mo-Su 08:00-16:00","phone":"02-223-1111","website":"http://huachiewtcm.com","@type":"node","@id":9729267417},"geometry":{"type":"Point","coordinates":[100.5165921,13.7501618]}},{"type":"Feature","id":9751175395,"properties":{"amenity":"hospital","healthcare":"hospital","name":"Bangna Hospital","@type":"node","@id":9751175395},"geometry":{"type":"Point","coordinates":[100.635481,13.6669429]}},{"type":"Feature","id":9779231223,"properties":{"addr:housenumber":"188/399","addr:postcode":"10260","addr:province":"กรุงเทพมหานคร","addr:street":"ซอยสุขุมวิท 101/1","air_conditioning":"yes","amenity":"clinic","healthcare":"clinic","healthcare:speciality":"dermatology;aesthetics","mobile":"+66952296597","name":"Skinity Clinic","name:th":"สกินิตี้คลินิก","opening_hours":"Tu-Su 11:00-20:00","website":"https://skinity.clinic","@type":"node","@id":9779231223},"geometry":{"type":"Point","coordinates":[100.6151199,13.6841449]}},{"type":"Feature","id":9826886300,"properties":{"amenity":"hospital","healthcare":"hospital","name":"โรงพยาบาลส่งเสริมสุขภาพตำบลวัดบางปิ้ง","name:en":"Wat Bang Ping Subdistrict Municipality Health Center","@type":"node","@id":9826886300},"geometry":{"type":"Point","coordinates":[100.623227,13.609071]}},{"type":"Feature","id":9921659987,"properties":{"addr:city":"แขวงคลองกุ่ม","addr:housenumber":"700/37-38","addr:postcode":"10230","addr:street":"ถนนนวมินทร์","amenity":"hospital","clinic":"aesthetic","emergency":"yes","healthcare":"hospital","healthcare:speciality":"dental;implantology;periodontics;prosthodontics;endodontics;general","name":"Smile Together Clinic","name:en":"Smile Together Clinic","name:th":"ทำฟัน จัดฟัน รากเทียม รามอินทรา นวมินทร์","website":"https://www.smiletogetherclinic.com/","@type":"node","@id":9921659987},"geometry":{"type":"Point","coordinates":[100.6548199,13.8180636]}},{"type":"Feature","id":10110680291,"properties":{"addr:city":"ตำบลแพรกษาใหม่","addr:housenumber":"407/1 ซอยขจรวิทย์","addr:postcode":"10280","addr:street":"ขจรวิทย์นาคดี","amenity":"clinic","healthcare":"clinic","healthcare:speciality":"physiotherapy","name":"ดินสอคลินิกกายภาพบำบัด","@type":"node","@id":10110680291},"geometry":{"type":"Point","coordinates":[100.6691606,13.5988914]}},{"type":"Feature","id":10216759749,"properties":{"amenity":"hospital","healthcare":"hospital","name":"Synphaet Hospital Lamlukka","source":"survey","source:date":"2022-11-25","website":"https://www.synphaet.co.th/lamlukka/","@type":"node","@id":10216759749},"geometry":{"type":"Point","coordinates":[100.6606459,13.931241]}},{"type":"Feature","id":10284263909,"properties":{"amenity":"clinic","name:en":"Safe Clinic","opening_hours":"24/7","phone":"020068887","website":"https://www.bangkoksafeclinic.com/","@type":"node","@id":10284263909},"geometry":{"type":"Point","coordinates":[100.5589291,13.7376737]}},{"type":"Feature","id":10285659609,"properties":{"addr:housenumber":"2F","amenity":"clinic","name:en":"Renewme Clinic","phone":"924038345","@type":"node","@id":10285659609},"geometry":{"type":"Point","coordinates":[100.5571195,13.7400529]}},{"type":"Feature","id":10772758805,"properties":{"amenity":"clinic","healthcare":"clinic","name":"ปฐมกาล คลีนิกแพทย์แผนจีน","name:en":"Yue Mu Yuan Chinese Medicine Clinic","opening_hours":"Mo-Su 09:00-12:00, 14:30-19:30","phone":"+66 95 989 4792","website":"https://www.yuemuyuanclinic.com/","@type":"node","@id":10772758805},"geometry":{"type":"Point","coordinates":[100.7040915,13.7215398]}},{"type":"Feature","id":10775637305,"properties":{"amenity":"clinic","name:en":"Mersi Clinic","@type":"node","@id":10775637305},"geometry":{"type":"Point","coordinates":[100.573805,13.7427947]}},{"type":"Feature","id":11013798468,"properties":{"amenity":"clinic","healthcare":"clinic","name":"นิวยู คลินิกเวชกรรม","name:en":"New You Clinic","name:th":"นิวยู คลินิกเวชกรรม","@type":"node","@id":11013798468},"geometry":{"type":"Point","coordinates":[100.5179112,13.7298104]}},{"type":"Feature","id":11152409909,"properties":{"addr:housenumber":"100","addr:street":"ถนนสี่พระยา","amenity":"clinic","healthcare":"clinic","healthcare:speciality":"general","name":"คลินิกแพทย์พนัส-เพ็ญศรี","name:en":"Phanat-Phensri Medical Clinic","name:th":"คลินิกแพทย์พนัส-เพ็ญศรี","@type":"node","@id":11152409909},"geometry":{"type":"Point","coordinates":[100.5259924,13.7320663]}},{"type":"Feature","id":11186732582,"properties":{"addr:city":"แขวงสามเสนนอก","addr:housenumber":"444","addr:postcode":"10310","addr:street":"olympia thai plaza","amenity":"clinic","healthcare":"clinic","name":"La Purita CLINIC (ลา พูริต้า คลินิก) สาขารัชดาภิเษก","@type":"node","@id":11186732582},"geometry":{"type":"Point","coordinates":[100.6324673,13.7663075]}},{"type":"Feature","id":11187783172,"properties":{"addr:city":"เขตห้วยขวาง","addr:floor":"1","addr:housenumber":"444","addr:postcode":"10310","amenity":"clinic","branch":"รัชดาภิเษก","healthcare":"clinic","name":"ลาพูริต้า คลินิก","name:en":"La Purita CLINIC","name:th":"ลาพูริต้า คลินิก","@type":"node","@id":11187783172},"geometry":{"type":"Point","coordinates":[100.5749839,13.7999819]}},{"type":"Feature","id":11206944852,"properties":{"addr:floor":"6","amenity":"clinic","check_date":"2023-09-21","healthcare":"clinic","internet_access":"wlan","internet_access:fee":"customers","name":"Gangnam Clinic","name:th":"กังนัมคลินิกเวชกรรม","opening_hours":"11:00-20:00","payment:mastercard":"yes","payment:visa":"yes","wheelchair":"yes","@type":"node","@id":11206944852},"geometry":{"type":"Point","coordinates":[100.5340038,13.7446084]}},{"type":"Feature","id":11228718255,"properties":{"amenity":"clinic","healthcare":"clinic","name":"Doctor Hub Clinic","@type":"node","@id":11228718255},"geometry":{"type":"Point","coordinates":[100.5359732,13.7293908]}},{"type":"Feature","id":11228718256,"properties":{"amenity":"clinic","healthcare":"clinic","name":"Nevella","@type":"node","@id":11228718256},"geometry":{"type":"Point","coordinates":[100.5359766,13.7294446]}},{"type":"Feature","id":11228718258,"properties":{"amenity":"clinic","healthcare":"clinic","name":"Vyta Wellness & Aesthetic Clinic","@type":"node","@id":11228718258},"geometry":{"type":"Point","coordinates":[100.536102,13.7294757]}},{"type":"Feature","id":11228718259,"properties":{"amenity":"clinic","healthcare":"clinic","name":"KTC","@type":"node","@id":11228718259},"geometry":{"type":"Point","coordinates":[100.5357518,13.7294883]}},{"type":"Feature","id":11228718261,"properties":{"amenity":"clinic","healthcare":"clinic","name":"Morning Mind Clinic","@type":"node","@id":11228718261},"geometry":{"type":"Point","coordinates":[100.5358253,13.7293782]}},{"type":"Feature","id":11272504416,"properties":{"amenity":"clinic","healthcare":"clinic","name":"คลินิค นายแพทย์วรายุทธ์","opening_hours":"Su-Fr 16:30-20:30","@type":"node","@id":11272504416},"geometry":{"type":"Point","coordinates":[100.6527597,13.8444378]}},{"type":"Feature","id":11305158004,"properties":{"amenity":"clinic","healthcare":"clinic","name":"อาร์โบเต้คลินิค","name:en":"Arte Beaute Clinic","name:th":"อาร์โบเต้คลีนิค","@type":"node","@id":11305158004},"geometry":{"type":"Point","coordinates":[100.6457553,13.8589495]}},{"type":"Feature","id":11305158006,"properties":{"amenity":"clinic","healthcare":"clinic","name":"บางเขนการแพทย์ สหคลีนิก","name:en":"Bangkhen Medical Sahaclinic","name:th":"บางเขนการแพทย์ สหคลีนิก","@type":"node","@id":11305158006},"geometry":{"type":"Point","coordinates":[100.6455611,13.8589387]}},{"type":"Feature","id":11307357754,"properties":{"amenity":"clinic","healthcare":"clinic","name":"คลินิกผิวหนังชัยพฤกษ์","@type":"node","@id":11307357754},"geometry":{"type":"Point","coordinates":[100.6439552,13.8588488]}},{"type":"Feature","id":11323335159,"properties":{"amenity":"clinic","healthcare":"clinic","name":"Tallsters","@type":"node","@id":11323335159},"geometry":{"type":"Point","coordinates":[100.5281468,13.7342007]}},{"type":"Feature","id":11359559069,"properties":{"addr:housenumber":"3rd Floor","alt_name:en":"SWU Clinic","amenity":"clinic","name:en":"SWC Clinic and Students Health Services","@type":"node","@id":11359559069},"geometry":{"type":"Point","coordinates":[100.5636666,13.7446472]}},{"type":"Feature","id":11533114269,"properties":{"amenity":"clinic","name:en":"SWU Clinic","@type":"node","@id":11533114269},"geometry":{"type":"Point","coordinates":[100.5637008,13.7447137]}},{"type":"Feature","id":11613073783,"properties":{"addr:housenumber":"731","addr:street":"ซอยจุฬาลงกรณ์ 4","amenity":"clinic","healthcare":"clinic","healthcare:speciality":"dermatology","name":"Reva Clinic","name:en":"Reva Clinic","name:th":"รีวา คลินิกเวชกรรม","opening_hours":"Mo-Su 11:00-20:00","payment:cash":"yes","payment:mastercard":"yes","payment:visa":"yes","phone":"+66815936669","website":"https://reva.clinic/","@type":"node","@id":11613073783},"geometry":{"type":"Point","coordinates":[100.5239616,13.7463897]}},{"type":"Feature","id":11747819069,"properties":{"amenity":"clinic","name":"คลินิกเวชกรรมแพทย์สมชาย","name:en":"Somchai Medical clinic","@type":"node","@id":11747819069},"geometry":{"type":"Point","coordinates":[100.3301843,13.7232238]}},{"type":"Feature","id":12252613482,"properties":{"addr:district":"คลองเตย","addr:floor":"7","addr:postcode":"10110","addr:province":"กรุงเทพมหานคร","addr:street":"ถนนสุขุมวิท","addr:subdistrict":"คลองตัน","air_conditioning":"yes","amenity":"clinic","branch":"Emsphere","healthcare":"clinic","healthcare:speciality":"surgery","name":"KTC Clinic","name:en":"KTC Clinic","not:brand:wikidata":"Q54078","operator":"KTC Clinic","operator:type":"private","phone":"+66  99-739-7828","website":"https://ktcclinic.com/","@type":"node","@id":12252613482},"geometry":{"type":"Point","coordinates":[100.5667677,13.7313699]}},{"type":"Feature","id":12313009885,"properties":{"air_conditioning":"yes","amenity":"clinic","healthcare":"clinic","name":"ธนบุรี คลินิกเวชกรรม","name:en":"Thonburi Medical Clinic","name:th":"ธนบุรี คลินิกเวชกรรม","phone":"024688149","@type":"node","@id":12313009885},"geometry":{"type":"Point","coordinates":[100.485389,13.6868074]}},{"type":"Feature","id":12318828584,"properties":{"addr:district":"เมือง","addr:housenumber":"91/8","addr:place":"หมู่8","addr:postcode":"11000","addr:province":"นนทบุรี","addr:street":"ถนนราชพฤกษ์-นนทบุรี 1","addr:subdistrict":"บางกร่าง","amenity":"clinic","contact:facebook":"https://www.facebook.com/www.FarisClinic.co.th?mibextid=LQQJ4d","emergency":"no","healthcare":"clinic","healthcare:speciality":"chiropractic;naturopathy;allergology;ayurveda;herbalism;angiology","internet_access":"yes","mobile":"+66849102149","name":"ฟาร์อีส คลินิค (หมอวี)","name:en":"Faris Wellness Clinic","name:th":"ฟาร์อีส คลินิค (หมอวี)","operator":"สถานพยาบาล","operator:type":"private","wheelchair":"yes","@type":"node","@id":12318828584},"geometry":{"type":"Point","coordinates":[100.455915,13.8448847]}},{"type":"Feature","id":12325633840,"properties":{"addr:floor":"G","amenity":"clinic","check_date":"2024-11-09","healthcare":"clinic","level":"0","name":"Aestima","@type":"node","@id":12325633840},"geometry":{"type":"Point","coordinates":[100.5469409,13.7224627]}},{"type":"Feature","id":12357746754,"properties":{"air_conditioning":"yes","amenity":"clinic","healthcare":"clinic","name":"เลเซอร์คลินิก","opening_hours":"Th-Tu 12:00-20:00","@type":"node","@id":12357746754},"geometry":{"type":"Point","coordinates":[100.4976677,13.653797]}},{"type":"Feature","id":12435141401,"properties":{"amenity":"clinic","name:en":"Mor Ying Lardprao Animal Clinic","@type":"node","@id":12435141401},"geometry":{"type":"Point","coordinates":[100.5674435,13.8102023]}},{"type":"Feature","id":12531231230,"properties":{"amenity":"clinic","healthcare":"clinic","name":"โรงพยาบาลส่งเสริมสุขภาพตำบลแหลมฟ้าผ่า","name:th":"โรงพยาบาลส่งเสริมสุขภาพตำบลแหลมฟ้าผ่า","operator":"โรงพยาบาลส่งเสริมสุขภาพตำบล","operator:th":"โรงพยาบาลส่งเสริมสุขภาพตำบล","operator:type":"private","operator:wikidata":"Q16306413","@type":"node","@id":12531231230},"geometry":{"type":"Point","coordinates":[100.5478784,13.5677334]}},{"type":"Feature","id":12548689617,"properties":{"amenity":"clinic","healthcare":"clinic","name":"โรงพยาบาลส่งเสริมสุขภาพตำบล บางยอ","name:th":"โรงพยาบาลส่งเสริมสุขภาพตำบล บางยอ","operator":"โรงพยาบาลส่งเสริมสุขภาพตำบล","operator:th":"โรงพยาบาลส่งเสริมสุขภาพตำบล","operator:type":"private","operator:wikidata":"Q16306413","@type":"node","@id":12548689617},"geometry":{"type":"Point","coordinates":[100.5547936,13.6692476]}},{"type":"Feature","id":12548689630,"properties":{"amenity":"clinic","healthcare":"clinic","name":"คลินิกเวชกรรมมหาชนพระประแดง","@type":"node","@id":12548689630},"geometry":{"type":"Point","coordinates":[100.5308912,13.6607176]}},{"type":"Feature","id":12582058694,"properties":{"amenity":"clinic","healthcare":"clinic","name":"Phada Clinic","@type":"node","@id":12582058694},"geometry":{"type":"Point","coordinates":[100.5914169,13.8237166]}},{"type":"Feature","id":12616533303,"properties":{"amenity":"clinic","healthcare":"clinic","name":"โรงพยาบาลส่งเสริมสุขภาพตำบลวัดสลุด","name:th":"โรงพยาบาลส่งเสริมสุขภาพตำบลวัดสลุด","operator":"โรงพยาบาลส่งเสริมสุขภาพตำบล","operator:th":"โรงพยาบาลส่งเสริมสุขภาพตำบล","operator:type":"private","operator:wikidata":"Q16306413","@type":"node","@id":12616533303},"geometry":{"type":"Point","coordinates":[100.695467,13.6508699]}},{"type":"Feature","id":12645527790,"properties":{"amenity":"clinic","healthcare":"clinic","name":"โรงพยาบาลส่งเสริมสุขภาพตำบลบางเสาธง","name:th":"โรงพยาบาลส่งเสริมสุขภาพตำบลบางเสาธง","operator":"โรงพยาบาลส่งเสริมสุขภาพตำบล","operator:th":"โรงพยาบาลส่งเสริมสุขภาพตำบล","operator:type":"private","operator:wikidata":"Q16306413","@type":"node","@id":12645527790},"geometry":{"type":"Point","coordinates":[100.8290365,13.6574761]}},{"type":"Feature","id":12645527792,"properties":{"amenity":"clinic","healthcare":"clinic","name":"โรงพยาบาลส่งเสริมสุขภาพตำบลเสาธงกลาง","name:th":"โรงพยาบาลส่งเสริมสุขภาพตำบลเสาธงกลาง","operator":"โรงพยาบาลส่งเสริมสุขภาพตำบล","operator:th":"โรงพยาบาลส่งเสริมสุขภาพตำบล","operator:type":"private","operator:wikidata":"Q16306413","@type":"node","@id":12645527792},"geometry":{"type":"Point","coordinates":[100.8199039,13.6129052]}},{"type":"Feature","id":12709609284,"properties":{"amenity":"clinic","healthcare":"clinic","name":"ศูนย์การแพทย์ประกันสังคมลาดพร้าว","@type":"node","@id":12709609284},"geometry":{"type":"Point","coordinates":[100.6226394,13.7781729]}},{"type":"Feature","id":12802756579,"properties":{"amenity":"clinic","healthcare":"clinic","name":"โรงพยาบาลส่งเสริมสุขภาพตำบลอ้อมใหญ่","name:th":"โรงพยาบาลส่งเสริมสุขภาพตำบลอ้อมใหญ่","operator":"โรงพยาบาลส่งเสริมสุขภาพตำบล","operator:th":"โรงพยาบาลส่งเสริมสุขภาพตำบล","operator:type":"private","operator:wikidata":"Q16306413","@type":"node","@id":12802756579},"geometry":{"type":"Point","coordinates":[100.2586672,13.6897034]}},{"type":"Feature","id":13021933882,"properties":{"addr:district":"บึงกุ่ม","addr:housenumber":"15/228","addr:place":"อาคารซี ห้อง1","addr:postcode":"10230","addr:province":"กรุงเทพ","addr:street":"ซอยรามอินทรา 40","addr:subdistrict":"นวลจันทร์","amenity":"clinic","contact:facebook":"https://www.facebook.com/share/14K43QFWQrW/?mibextid=wwXIfr","healthcare":"clinic","healthcare:speciality":"physiatry","name":"physiary clinic คลินิกเฉพาะทางเวชศาสตร์ฟื้นฟู","opening_hours":"16:00-20:00","@type":"node","@id":13021933882},"geometry":{"type":"Point","coordinates":[100.6393551,13.8407155]}},{"type":"Feature","id":13028086982,"properties":{"addr:district":"วัฒนา","addr:housenumber":"903-905","addr:postcode":"10260","addr:province":"กรุงเทพมหานคร","addr:street":"ถนนสุขุมวิท","addr:subdistrict":"คลองตันเหนือ","amenity":"clinic","branch":"Tong Lo","healthcare":"clinic","healthcare:speciality":"plastic_surgery;orthopaedics;dermatology;physiatry","mobile":"+66 (0) 979 529 646","name":"BeautUp Clinic Thonglo","opening_hours":"Mo-Su 11:00-19:00","operator":"BeautUp Clinic","operator:type":"private","website":"https://beautupclinic.com","@type":"node","@id":13028086982},"geometry":{"type":"Point","coordinates":[100.5755684,13.7264503]}},{"type":"Feature","id":13144056691,"properties":{"addr:housenumber":"677/13","addr:postcode":"10160","addr:province":"Bangkok","addr:street":"Phetkasem Road","amenity":"clinic","check_date":"2025-09-15","check_date:currency:XBT":"2025-09-15","contact:facebook":"https://www.facebook.com/kpbclinic/","contact:instagram":"https://www.instagram.com/kpb_clinic","currency:XBT":"yes","healthcare":"clinic","name":"KPB Aesthetic Clinic","opening_hours":"Mo-Tu 12:30-20:00; Th-Su 12:30-20:00","payment:lightning":"yes","payment:lightning_contactless":"no","payment:onchain":"no","phone":"+66 94 879 9863","@type":"node","@id":13144056691},"geometry":{"type":"Point","coordinates":[100.3440929,13.7051575]}},{"type":"Feature","id":13227393523,"properties":{"addr:district":"ลาดพร้าว","addr:housenumber":"7","addr:postcode":"10230","addr:province":"กรุงเทพมหานคร","addr:street":"ซอยลาดปลาเค้า 42","addr:subdistrict":"จรเข้บัว","amenity":"clinic","healthcare":"clinic","healthcare:speciality":"physiotherapy","name":"เฮลธ์สเปซ","name:en":"Health Space","name:th":"เฮลธ์สเปซ","operator":"บริษัท เอส ซี อินเตอร์เวลเนส จํากัด","operator:type":"private","website":"https://healthspace-th.com","wheelchair":"yes","@type":"node","@id":13227393523},"geometry":{"type":"Point","coordinates":[100.6000124,13.8445981]}},{"type":"Feature","id":13363234777,"properties":{"addr:district":"วัฒนา","addr:floor":"4","addr:postcode":"10110","addr:province":"กรุงเทพมหานคร","addr:street":"ซอยสุขุมวิท 55","addr:subdistrict":"คลองตันเหนือ","addr:unit":"A408","air_conditioning":"yes","amenity":"clinic","check_date":"2025-12-09","description":"Edition Clinic provides Korean-style aesthetic treatments in Thonglor, supervised by doctors and using Thai FDA-approved products (Potenza, Rejuran, HIFU). Korean, English, Thai available.","email":"editionclinic.thonglor@gmail.com","healthcare":"clinic","healthcare:speciality":"dermatology;botox;rejuran;laser_hair_removal;filler;ultraformer","image":"https://editionbkk.com/wp-content/uploads/2024/10/%EC%A1%B0%EA%B0%90%EB%8F%841-4.png","name":"Edition Clinic Thonglor","opening_hours":"Mo-Su 11:00-20:00","operator":"Edition Clinic Thonglor","payment:cards":"yes","payment:cash":"yes","payment:credit_cards":"yes","payment:debit_cards":"yes","payment:mastercard":"yes","payment:visa":"yes","phone":"+66 092 258 8952","website":"https://editionbkk.com","@type":"node","@id":13363234777},"geometry":{"type":"Point","coordinates":[100.5813431,13.7287504]}},{"type":"Feature","id":13503081520,"properties":{"addr:district":"เมืองนนทบุรี","addr:housenumber":"99","addr:province":"นนทบุรี","addr:street":"ซอยรัตนาธิเบศร์ 7","addr:subdistrict":"บางกระสอ","air_conditioning":"yes","amenity":"clinic","branch":"รัตนาธิเบศร์","brand":"Sera Clinic","contact:facebook":"https://www.facebook.com/seraclinic","healthcare":"clinic","healthcare:speciality":"dermatology;plastic_surgery","image":"https://lh3.googleusercontent.com/p/AF1QipMTRkBBGeYkRm11QJ7MzuRbFWcM1uWV4Od0fta3=s508-k-no","name":"Sera Clinic รัตนาธิเบศร์","name:en":"Sera Clinic Rattanathibet","name:th":"Sera Clinic รัตนาธิเบศร์","name:zh-Hans":"赛拉医美诊所（拉塔纳提贝路","opening_hours":"Mo-Su 11:00-20:00","phone":"+668346464546","website":"https://seraclinics.com","@type":"node","@id":13503081520},"geometry":{"type":"Point","coordinates":[100.5116448,13.8600676]}},{"type":"Feature","id":13622047397,"properties":{"amenity":"clinic","healthcare":"clinic","name":"Meira Clinic","@type":"node","@id":13622047397},"geometry":{"type":"Point","coordinates":[100.5785094,13.777789]}},{"type":"Feature","id":13733954901,"properties":{"amenity":"clinic","name":"WellMed Bangkok Clinic","opening_hours":"Mo-Tu,Th-Sa 10:00-12:00, 13:00-20:00; Su off; We 9:00-12:00, 13:00-19:00","@type":"node","@id":13733954901},"geometry":{"type":"Point","coordinates":[100.533484,13.7284336]}},{"type":"Feature","id":13733955801,"properties":{"addr:housenumber":"64","addr:postcode":"10500","addr:street":"ถนนสีลม","amenity":"clinic","level":"3","name":"WellMed Bangkok Clinic","opening_hours":"Mo-Tu,Th-Sa 10:00-12:00, 13:00-20:00; Su off; We 9:00-12:00, 13:00-19:00","phone":"+66 6-1787-4000","website":"https://wellmedbangkok.com/","@type":"node","@id":13733955801},"geometry":{"type":"Point","coordinates":[100.533484,13.7284336]}},{"type":"Feature","id":13848383820,"properties":{"addr:district":"พระนคร","addr:housenumber":"131-133","addr:postcode":"10200","addr:province":"กรุงเทพมหานคร","addr:street":"ถนนพระสุเมรุ","addr:subdistrict":"ชนะสงคราม","amenity":"clinic","healthcare":"clinic","name":"ชนะการแพทย์","name:th":"ชนะการแพทย์","@type":"node","@id":13848383820},"geometry":{"type":"Point","coordinates":[100.4979586,13.762546]}},{"type":"Feature","id":13866356238,"properties":{"addr:district":"เมืองสมุทรสาคร","addr:province":"สมุทรสาคร","addr:street":"ถนนเอกชัย","addr:subdistrict":"โคกขาม","amenity":"hospital","healthcare":"hospital","name":"โรงพยาบาลเอกชัย","name:en":"Ekachai hospital","@type":"node","@id":13866356238},"geometry":{"type":"Point","coordinates":[100.291391,13.5591973]}},{"type":"Feature","id":13875639182,"properties":{"addr:district":"จตุจักร","addr:housenumber":"15Avenue","addr:postcode":"10900","addr:province":"กรุงเทพมหานคร","addr:subdistrict":"จอมพล","amenity":"clinic","healthcare":"clinic","healthcare:speciality":"คลินิกความงามครบวงจร","name":"NP Prime Clinic - สาขาลาดพร้าว","opening_hours":"24/7","operator":"NP Prime Clinic","operator:type":"public","@type":"node","@id":13875639182},"geometry":{"type":"Point","coordinates":[100.5708801,13.8082395]}},{"type":"Feature","id":13963957230,"properties":{"addr:housenumber":"428","addr:street":"ถนนลาดพร้าว","amenity":"clinic","check_date":"2026-06-25","check_date:opening_hours":"2026-06-25","healthcare":"clinic","healthcare:speciality":"dermatology","internet_access":"wlan","internet_access:fee":"customers","name":"Shine Clinic","name:th":"ไซน์ คลีนิค","opening_hours":"Mo-Su 11:00-20:00","operator:type":"public","phone":"+66 93 762 6194","@type":"node","@id":13963957230},"geometry":{"type":"Point","coordinates":[100.5742103,13.8052897]}},{"type":"Feature","id":13981137608,"properties":{"amenity":"clinic","healthcare":"clinic","healthcare:speciality":"gynaecology","name":"ฝากรักบางใหญ่ คลินิกสูตินรีเวช","name:en":"PHAKRUK BANGYAI","opening_hours":"Mo-Fr 17:00-20:00, Sat-Sun 08:00-18:00","phone":"0896692696","website":"https://phakruk.com","@type":"node","@id":13981137608},"geometry":{"type":"Point","coordinates":[100.4058355,13.8435757]}},{"type":"Feature","id":13994482168,"properties":{"addr:district":"บึงกุ่ม","addr:housenumber":"456/1","addr:postcode":"10230","addr:province":"กรุงเทพมหานคร","addr:street":"ซอยนวลจันทร์ 48","addr:subdistrict":"นวลจันทร์","amenity":"clinic","healthcare":"clinic","name":"The sunrises wellness and polyclinics","opening_hours":"Mo-Su 10:00-19:00","operator":"สุขภาพ","@type":"node","@id":13994482168},"geometry":{"type":"Point","coordinates":[100.6381361,13.8301896]}},{"type":"Feature","id":14087349801,"properties":{"amenity":"hospital","@type":"node","@id":14087349801},"geometry":{"type":"Point","coordinates":[100.5155366,13.7493471]}},{"type":"Feature","id":14087378921,"properties":{"amenity":"clinic","healthcare":"clinic","name":"bodyandcoclinic","@type":"node","@id":14087378921},"geometry":{"type":"Point","coordinates":[100.6538888,13.8196402]}},{"type":"Feature","id":14087381303,"properties":{"amenity":"clinic","healthcare":"clinic","name":"Body and Co Clinic","@type":"node","@id":14087381303},"geometry":{"type":"Point","coordinates":[100.6538742,13.8196353]}},{"type":"Feature","id":14087381304,"properties":{"amenity":"clinic","healthcare":"clinic","name":"บอดี้แอนด์โค","@type":"node","@id":14087381304},"geometry":{"type":"Point","coordinates":[100.6538999,13.8196388]}},{"type":"Feature","id":14147182874,"properties":{"addr:district":"สะพานสูง","addr:housenumber":"233","addr:postcode":"10240","addr:province":"กรุงเทพมหานคร","addr:street":"ซอยรามคำแหง 110","addr:subdistrict":"สะพานสูง","amenity":"clinic","healthcare":"clinic","name":"The Demis House – Aesthetic Clinic","name:en":"The Demis House – Aesthetic Clinic","@type":"node","@id":14147182874},"geometry":{"type":"Point","coordinates":[100.6751986,13.773799]}},{"type":"Feature","id":14188348871,"properties":{"addr:district":"บางขุนเทียน","addr:housenumber":"11","addr:postcode":"10150","addr:province":"กรุงเทพมหานคร","addr:street":"ซอยพระรามที่ 2 ซอย 56","addr:subdistrict":"แสมดำ","amenity":"hospital","healthcare":"hospital","healthcare:speciality":"geriatrics","name":"นครธน ลองไลฟ์ เซ็นเตอร์","name:en":"Nakornthon Long Life Center","name:th":"นครธน ลองไลฟ์ เซ็นเตอร์","@type":"node","@id":14188348871},"geometry":{"type":"Point","coordinates":[100.4327213,13.6634454]}},{"type":"Feature","id":14212035725,"properties":{"addr:country":"Thailand","addr:district":"Suan Luang","addr:postcode":"10250","addr:province":"Bangkok","addr:subdistrict":"Suan Luang","amenity":"hospital","healthcare":"hospital","name:en":"Samitivej International Children's Hospital","website":"https://www.samitivejchildren.com","@type":"node","@id":14212035725},"geometry":{"type":"Point","coordinates":[100.6388042,13.7474075]}},{"type":"Feature","id":14233413255,"properties":{"amenity":"hospital","emergency":"no","healthcare":"hospital","name":"โรงพยาบาลรามคำแหง 2​​","@type":"node","@id":14233413255},"geometry":{"type":"Point","coordinates":[100.7043025,13.7927871]}},{"type":"Feature","id":14239312935,"properties":{"amenity":"clinic","healthcare":"clinic","@type":"node","@id":14239312935},"geometry":{"type":"Point","coordinates":[100.7461908,13.7504198]}},{"type":"Feature","id":25829192,"properties":{"amenity":"hospital","healthcare":"hospital","name":"โรงพยาบาลสมิติเวช สุขุมวิท","name:en":"Samitivej Sukhumvit Hospital","@type":"way","@id":25829192},"geometry":{"type":"Point","coordinates":[100.5764713,13.7348983]}},{"type":"Feature","id":31134625,"properties":{"amenity":"hospital","emergency":"yes","name":"โรงพยาบาลวิภาวดี","name:en":"Vibhavadi Hospital","name:th":"โรงพยาบาลวิภาวดี","wikidata":"Q7924610","wikipedia":"en:Vibhavadi Hospital","@type":"way","@id":31134625},"geometry":{"type":"Point","coordinates":[100.5619709,13.8461353]}},{"type":"Feature","id":31974134,"properties":{"amenity":"hospital","emergency":"yes","healthcare":"hospital","name":"โรงพยาบาลจุฬาลงกรณ์","name:en":"King Chulalongkorn Memorial Hospital","name:th":"โรงพยาบาลจุฬาลงกรณ์","toilets:wheelchair":"yes","website":"http://www.chulalongkornhospital.go.th/","wheelchair":"yes","wikidata":"Q1588587","wikimedia_commons":"Category:King Chulalongkorn Memorial Hospital and Chulalongkorn University Faculty of Medicine","wikipedia":"th:โรงพยาบาลจุฬาลงกรณ์","@type":"way","@id":31974134},"geometry":{"type":"Point","coordinates":[100.5360833,13.7327457]}},{"type":"Feature","id":62226123,"properties":{"access":"yes","amenity":"hospital","contact:phone":"66-2361-2727","emergency":"yes","healthcare":"hospital","name":"โรงพยาบาลไทยนครินทร์","name:en":"Thai Nakarin Hospital","phone":"023612828","website":"https://www.thainakarin.co.th/","@type":"way","@id":62226123},"geometry":{"type":"Point","coordinates":[100.6384211,13.6680442]}},{"type":"Feature","id":123189159,"properties":{"amenity":"hospital","emergency":"no","healthcare":"hospital","name":"สถานพยาบาล","name:en":"Infirmary of Kasetsart University","phone":"+6625790030","website":"https://www.inf.ku.ac.th/intl/en/","@type":"way","@id":123189159},"geometry":{"type":"Point","coordinates":[100.5683329,13.8467299]}},{"type":"Feature","id":124851954,"properties":{"amenity":"hospital","area":"yes","emergency":"yes","healthcare":"hospital","name":"โรงพยาบาลพญาไท 2","name:en":"Phyathai 2 Hospital","wikidata":"Q7188402","wikipedia":"en:Phyathai 2 International Hospital","@type":"way","@id":124851954},"geometry":{"type":"Point","coordinates":[100.5404351,13.7702654]}},{"type":"Feature","id":125735340,"properties":{"alt_name:en":"Ratchawithi Hospital;Rajvithi Hospital","amenity":"hospital","emergency":"yes","healthcare":"hospital","name":"โรงพยาบาลราชวิถี","name:en":"Rajavithi Hospital","name:th":"โรงพยาบาลราชวิถี","wikidata":"Q13026863","wikimedia_commons":"Category:Rajavithi Hospital","wikipedia":"en:Rajavithi Hospital","@type":"way","@id":125735340},"geometry":{"type":"Point","coordinates":[100.5359605,13.7640676]}},{"type":"Feature","id":156691292,"properties":{"amenity":"hospital","building":"yes","healthcare":"hospital","name":"โรงพยาบาลเกษมราษฎร์ ประชาชื่น","@type":"way","@id":156691292},"geometry":{"type":"Point","coordinates":[100.5386866,13.8318854]}},{"type":"Feature","id":156924967,"properties":{"amenity":"hospital","building":"hospital","@type":"way","@id":156924967},"geometry":{"type":"Point","coordinates":[100.5354378,13.7639956]}},{"type":"Feature","id":156924968,"properties":{"amenity":"hospital","emergency":"no","name":"สถาบันประสาทวิทยา","name:en":"Prasat Neurological Institute","name:th":"สถาบันประสาทวิทยา","@type":"way","@id":156924968},"geometry":{"type":"Point","coordinates":[100.5271609,13.7687237]}},{"type":"Feature","id":156924988,"properties":{"amenity":"hospital","emergency":"no","healthcare":"hospital","name":"สถาบันมะเร็งแห่งชาติ","name:en":"National Cancer Institute","@type":"way","@id":156924988},"geometry":{"type":"Point","coordinates":[100.5272625,13.7675199]}},{"type":"Feature","id":164007674,"properties":{"amenity":"hospital","healthcare":"hospital","name":"โรงพยาบาลธนบุรีบำรุงเมือง","name:en":"Thonburi Bumrungmuang Hospital","name:th":"โรงพยาบาลธนบุรีบำรุงเมือง","@type":"way","@id":164007674},"geometry":{"type":"Point","coordinates":[100.5144643,13.7505419]}},{"type":"Feature","id":164007675,"properties":{"amenity":"hospital","emergency":"yes","healthcare":"hospital","name":"โรงพยาบาลหัวเฉียว","name:en":"Hua Chiew Hospital","name:th":"โรงพยาบาลหัวเฉียว","short_name:th":"หัวเฉียว","website":"https://www.huachiewhospital.com/","wikidata":"Q13026869","@type":"way","@id":164007675},"geometry":{"type":"Point","coordinates":[100.515513,13.7500111]}},{"type":"Feature","id":164008838,"properties":{"alt_name":"Central Hospital","amenity":"hospital","emergency":"yes","healthcare":"hospital","name":"โรงพยาบาลกลาง","name:en":"Klang Hospital","name:th":"โรงพยาบาลกลาง","official_name:en":"Bangkok Metropolitan Administration General Hospital","website":"http://www.klanghospital.go.th/","wikidata":"Q13026843","wikimedia_commons":"Category:Bangkok Metropolitan Administration General Hospital","wikipedia":"th:โรงพยาบาลกลาง","@type":"way","@id":164008838},"geometry":{"type":"Point","coordinates":[100.5091776,13.7464426]}},{"type":"Feature","id":170218844,"properties":{"amenity":"hospital","emergency":"yes","healthcare":"hospital","healthcare:speciality":"cardiology;pulmonology","name":"สถาบันโรคทรวงอก","name:en":"Central Chest Institute of Thailand","phone":"02 547 0999","website":"https://ccit.go.th/","wikidata":"Q13021941","wikipedia":"th:สถาบันโรคทรวงอก","@type":"way","@id":170218844},"geometry":{"type":"Point","coordinates":[100.5217878,13.8620951]}},{"type":"Feature","id":173039143,"properties":{"alt_name:en":"Mission Hospital","amenity":"hospital","emergency":"yes","healthcare":"hospital","name":"โรงพยาบาลมิชชั่น","name:en":"Bangkok Adventist Hospital","name:th":"โรงพยาบาลมิชชั่น","wikidata":"Q3145248","wikipedia":"th:โรงพยาบาลมิชชั่น","@type":"way","@id":173039143},"geometry":{"type":"Point","coordinates":[100.5191274,13.7577321]}},{"type":"Feature","id":176617334,"properties":{"addr:district":"ภาษีเจริญ","addr:housenumber":"675","addr:postcode":"10160","addr:province":"กรุงเทพมหานคร","addr:street":"ถนนเพชรเกษม","addr:subdistrict":"บางหว้า","amenity":"hospital","emergency":"yes","healthcare":"hospital","name":"โรงพยาบาลมิตรประชา","name:th":"โรงพยาบาลมิตรประชา","@type":"way","@id":176617334},"geometry":{"type":"Point","coordinates":[100.4318286,13.711638]}},{"type":"Feature","id":178788073,"properties":{"amenity":"hospital","emergency":"no","healthcare":"hospital","name":"สถาบันโรคผิวหนัง","name:en":"Dermatological Institute","name:th":"สถาบันโรคผิวหนัง","short_name:en":"Dermatological Inst.","@type":"way","@id":178788073},"geometry":{"type":"Point","coordinates":[100.5357574,13.7656256]}},{"type":"Feature","id":178788075,"properties":{"amenity":"hospital","name":"สถาบันสุขภาพเด็กแห่งชาติมหาราชินี","name:en":"Queen Sirikit National Institute of Child Health","short_name":"สถาบันสุขภาพเด็กฯ","short_name:en":"Inst. of Child Health","wikidata":"Q30280554","wikipedia":"en:Queen Sirikit National Institute of Child Health","@type":"way","@id":178788075},"geometry":{"type":"Point","coordinates":[100.5350533,13.7655367]}},{"type":"Feature","id":191960057,"properties":{"amenity":"hospital","healthcare":"hospital","name":"โรงพยาบาลจุฬาภรณ์","name:en":"Chulabhorn Hospital","name:th":"โรงพยาบาลจุฬาภรณ์","@type":"way","@id":191960057},"geometry":{"type":"Point","coordinates":[100.5781772,13.8809106]}},{"type":"Feature","id":199287270,"properties":{"addr:district":"วัฒนา","addr:housenumber":"88","addr:postcode":"10110","addr:province":"กรุงเทพมหานคร","addr:street":"สุขุมวิท 49","addr:subdistrict":"คลองตันเหนือ","amenity":"clinic","building":"yes","email":"dental@loxinfo.co.th","healthcare":"dentist","internet_access":"wlan","name":"Dental Hospital Bangkok","opening_hours":"Mo-Sa 09:00-20:00; Su 09:00-16:30","phone":"+66 2 260 5000","website":"http://www.dentalhospitalbangkok.com","@type":"way","@id":199287270},"geometry":{"type":"Point","coordinates":[100.576713,13.7327735]}},{"type":"Feature","id":200109293,"properties":{"amenity":"hospital","building":"yes","emergency":"yes","healthcare":"hospital","name":"โรงพยาบาลปากเกร็ด","name:en":"Pak Kret Hospital","name:th":"โรงพยาบาลปากเกร็ด","@type":"way","@id":200109293},"geometry":{"type":"Point","coordinates":[100.4982339,13.9121504]}},{"type":"Feature","id":201068611,"properties":{"addr:housenumber":"25","addr:street":"ซอยชิดลม","amenity":"hospital","contact:phone":"+6626555300","emergency":"no","name":"โรงพยาบาลเจตนิน","name:en":"Jetanin Institute for Assisted Reproduction","website":"https://www.jetanin.com/","@type":"way","@id":201068611},"geometry":{"type":"Point","coordinates":[100.5448787,13.7471925]}},{"type":"Feature","id":207897388,"properties":{"amenity":"clinic","name":"ศูนย์สุขภาพสงเคราะห์ กรมพัฒนาสังคมและสวัสดิการ","@type":"way","@id":207897388},"geometry":{"type":"Point","coordinates":[100.4973416,13.9012332]}},{"type":"Feature","id":208342323,"properties":{"addr:hamlet":"3","addr:housenumber":"4","addr:street":"ถนนบางกรวย-ไทรน้อย","amenity":"hospital","healthcare":"hospital","name":"โรงพยาบาลบางบัวทอง","name:en":"Bang Bua Thong Hospital","name:th":"โรงพยาบาลบางบัวทอง","phone":"0-2571-7899, 0-2571-7900","website":"https://bangbuathonghos.org/","@type":"way","@id":208342323},"geometry":{"type":"Point","coordinates":[100.4230939,13.9182198]}},{"type":"Feature","id":210099832,"properties":{"amenity":"hospital","building":"yes","healthcare":"hospital","name":"โณงพยาบาลเกษมราษฎร์ อินเตอร์เนชั่นแนล รัตนาธิเบศร์","name:en":"Kasemrad International Rattanatibeth Hospital","name:th":"โณงพยาบาลเกษมราษฎร์ อินเตอร์เนชั่นแนล รัตนาธิเบศร์","website":"http://www.kasemrad.co.th/interrattanatibeth/","@type":"way","@id":210099832},"geometry":{"type":"Point","coordinates":[100.4101059,13.881229]}},{"type":"Feature","id":211474920,"properties":{"amenity":"hospital","building":"yes","emergency":"yes","name":"Chularat 3 Hospital","@type":"way","@id":211474920},"geometry":{"type":"Point","coordinates":[100.7212961,13.5995257]}},{"type":"Feature","id":220646069,"properties":{"amenity":"hospital","building":"yes","name":"สถานพยาบาลเวชกรรม เมืองปทุม","@type":"way","@id":220646069},"geometry":{"type":"Point","coordinates":[100.533902,14.0183336]}},{"type":"Feature","id":220678392,"properties":{"amenity":"hospital","building":"yes","name":"โรงพยาบาลภัทร-ธนบุรี","name:en":"Pathon-Tonburi Hospital","name:th":"โรงพยาบาลภัทร-ธนบุรี","@type":"way","@id":220678392},"geometry":{"type":"Point","coordinates":[100.618216,14.0488649]}},{"type":"Feature","id":228704824,"properties":{"amenity":"hospital","emergency":"yes","healthcare":"hospital","name":"โรงพยาบาลธรรมศาสตร์เฉลิมพระเกียรติ","name:en":"Thammasat University Hospital","note":"rough outline","website":"https://www.hospital.tu.ac.th/","wikidata":"Q13026850","wikipedia":"en:Thammasat University Hospital","@type":"way","@id":228704824},"geometry":{"type":"Point","coordinates":[100.6138398,14.0741459]}},{"type":"Feature","id":228789306,"properties":{"amenity":"hospital","building":"yes","emergency":"no","healthcare":"hospital","@type":"way","@id":228789306},"geometry":{"type":"Point","coordinates":[100.5421504,13.7774726]}},{"type":"Feature","id":231413622,"properties":{"addr:city":"แขวงสุริยวงศ์","addr:district":"บางรัก","addr:housenumber":"124","addr:postcode":"10500","addr:province":"กรุงเทพมหานคร","addr:street":"ถนนสีลม","addr:subdistrict":"สุริยวงศ์","amenity":"hospital","email":"info@bch.in.th","emergency":"yes","fax":"(+66) 2236 2911","healthcare":"hospital","name":"โรงพยาบาลกรุงเทพคริสเตียน","name:en":"Bangkok Christian Hospital","name:th":"โรงพยาบาลกรุงเทพคริสเตียน","phone":"(+66) 2625 9000, (+66) 2760 9000, (+66) 2235 1000","website":"https://www.bch.in.th/","wikidata":"Q4855197","wikimedia_commons":"Category:Bangkok Christian Hospital","wikipedia":"th:โรงพยาบาลกรุงเทพคริสเตียน","@type":"way","@id":231413622},"geometry":{"type":"Point","coordinates":[100.5311844,13.7284252]}},{"type":"Feature","id":232884487,"properties":{"addr:district":"ปทุมวัน","addr:postcode":"10330","addr:province":"กรุงเทพมหานคร","addr:subdistrict":"ปทุมวัน","alt_name":"อาคารสมเด็จย่า 93","amenity":"hospital","building":"university","emergency":"no","name":"โรงพยาบาลคณะทันตแพทยศาสตร์","name:en":"Hospital of the Faculty of Dentistry","name:th":"โรงพยาบาลคณะทันตแพทยศาสตร์","website":"https://dt.mahidol.ac.th/dental_hospital/","@type":"way","@id":232884487},"geometry":{"type":"Point","coordinates":[100.5349465,13.7432919]}},{"type":"Feature","id":238296741,"properties":{"amenity":"hospital","healthcare":"hospital","name":"โรงพยาบาลเวิลด์เมดิคอล","name:en":"World Medical Center","name:th":"โรงพยาบาลเวิลด์เมดิคอล","source":"Bing","@type":"way","@id":238296741},"geometry":{"type":"Point","coordinates":[100.52424,13.9048052]}},{"type":"Feature","id":258727420,"properties":{"addr:housenumber":"2677","addr:postcode":"10250","addr:street":"ถนนพัฒนาการ","amenity":"hospital","building":"yes","emergency":"yes","healthcare":"hospital","layer":"1","name":"โรงพยาบาล วิภาราม","name:en":"Vibharam Hospital","phone":"0 2722 2500","website":"https://www.vibharam.com/","@type":"way","@id":258727420},"geometry":{"type":"Point","coordinates":[100.6454946,13.7347423]}},{"type":"Feature","id":258733173,"properties":{"addr:country":"Thailand","addr:district":"สวนหลวง","addr:housenumber":"488","addr:postcode":"10250","addr:province":"กรุงเทพมหานคร","addr:street":"ถนนศรีนครินทร์","addr:street:en":"Srinakarin Rd","addr:subdistrict":"สวนหลวง","addr:suburb":"Suanluang","amenity":"hospital","building":"hospital","building:levels":"5","email":"info@samitivej.co.th","emergency":"yes","healthcare":"hospital","name":"โรงพยาบาลสมิติเวชศรีนครินทร์","name:en":"Samitivej Hospital Srinakarin","name:th":"โรงพยาบาลสมิติเวชศรีนครินทร์","phone":"+66 (0) 2022-2222","website":"https://www.samitivejhospitals.com/Srinakarin/","wheelchair":"yes","@type":"way","@id":258733173},"geometry":{"type":"Point","coordinates":[100.6384669,13.7486879]}},{"type":"Feature","id":258733174,"properties":{"addr:housenumber":"436","addr:postcode":"10240","addr:street":"ถนนรามคำแหง","amenity":"hospital","emergency":"yes","healthcare":"hospital","name":"โรงพยาบาล รามคำแหง","name:en":"Ramkhamhaeng Hospital","phone":"0 2374 0200","website":"https://www.ram-hosp.co.th/","wikidata":"Q13026866","@type":"way","@id":258733174},"geometry":{"type":"Point","coordinates":[100.6368222,13.7580245]}},{"type":"Feature","id":261079937,"properties":{"amenity":"hospital","emergency":"yes","healthcare":"hospital","name":"โรงพยาบาลตำรวจ","name:en":"Police General Hospital","name:th":"โรงพยาบาลตำรวจ","wikidata":"Q6673162","wikipedia":"th:โรงพยาบาลตำรวจ","@type":"way","@id":261079937},"geometry":{"type":"Point","coordinates":[100.5377612,13.7433947]}},{"type":"Feature","id":272256531,"properties":{"amenity":"hospital","building":"hospital","emergency":"yes","name":"Chaophya Hospital","operator:type":"private","website":"https://www.chaophya.com/","wikidata":"Q59206862","@type":"way","@id":272256531},"geometry":{"type":"Point","coordinates":[100.470588,13.7802789]}},{"type":"Feature","id":283721888,"properties":{"addr:street":"ถนนเพชรอุทัย","amenity":"hospital","building":"yes","emergency":"yes","healthcare":"hospital","layer":"-1","name":"โรงพยาบาลพระราม 9","name:en":"Praram 9 Hospital","wikidata":"Q6673164","wikimedia_commons":"Category:Praram 9 Hospital","@type":"way","@id":283721888},"geometry":{"type":"Point","coordinates":[100.5707886,13.7528989]}},{"type":"Feature","id":296528238,"properties":{"amenity":"hospital","emergency":"yes","healthcare":"hospital","name":"โรงพยาบาลสมิติเวชธนบุรี","name:en":"Samitivej Thonburi Hospital","name:th":"โรงพยาบาลสมิติเวชธนบุรี","website":"https://samitivejthonburi.com","wheelchair":"yes","@type":"way","@id":296528238},"geometry":{"type":"Point","coordinates":[100.4898251,13.7142787]}},{"type":"Feature","id":300621956,"properties":{"amenity":"hospital","healthcare":"hospital","name":"โรงพยาบาลวิชัยยุทธ","name:en":"Vichaiyut Hospital (Old [North] Building)","name:th":"โรงพยาบาลวิชัยยุทธ","wikidata":"Q16324536","@type":"way","@id":300621956},"geometry":{"type":"Point","coordinates":[100.5337807,13.7834092]}},{"type":"Feature","id":305102123,"properties":{"addr:district":"สัมพันธวงศ์","addr:postcode":"10100","addr:province":"กรุงเทพมหานคร","addr:subdistrict":"สัมพันธวงศ์","amenity":"hospital","building":"yes","healthcare":"hospital","name":"โรงพยาบาลเทียนฟ้ามูลนิธิ","name:en":"Thian Fah Foundation Hospital","wikidata":"Q2652946","wikimedia_commons":"Category:Thian Fah Hospital","wikipedia":"en:Thian Fah Foundation Hospital","@type":"way","@id":305102123},"geometry":{"type":"Point","coordinates":[100.5123052,13.7382455]}},{"type":"Feature","id":320929391,"properties":{"amenity":"hospital","healthcare":"hospital","name":"โรงพยาบาล เปาโลพระประแดง","name:th":"โรงพยาบาล เปาโลพระประแดง","@type":"way","@id":320929391},"geometry":{"type":"Point","coordinates":[100.5513661,13.6083888]}},{"type":"Feature","id":323690971,"properties":{"addr:district":"วัฒนา","addr:postcode":"10110","addr:province":"กรุงเทพมหานคร","addr:subdistrict":"คลองตันเหนือ","amenity":"hospital","building":"hospital","healthcare":"hospital","name":"โรงพยาบาลคามิลเลียน","name:en":"Camillian Hospital","name:th":"โรงพยาบาลคามิลเลียน","wikidata":"Q5026694","wikimedia_commons":"Category:Camillian Hospital","wikipedia":"en:Camillian Hospital","@type":"way","@id":323690971},"geometry":{"type":"Point","coordinates":[100.5835244,13.7391614]}},{"type":"Feature","id":326483865,"properties":{"addr:district":"ดินแดง","addr:housenumber":"20","addr:postcode":"10400","addr:province":"กรุงเทพมหานคร","addr:street":"20 Inthamara Soi","addr:subdistrict":"รัชดาภิเษก","amenity":"clinic","building":"commercial","name":"Bangkok Plastic Surgery Clinic","website":"http://www.bangkokplasticsurgery.com/","@type":"way","@id":326483865},"geometry":{"type":"Point","coordinates":[100.5626195,13.789139]}},{"type":"Feature","id":329745925,"properties":{"addr:district":"วัฒนา","addr:postcode":"10110","addr:province":"กรุงเทพมหานคร","addr:subdistrict":"คลองเตยเหนือ","amenity":"hospital","building":"yes","healthcare":"hospital","name":"โรงพยาบาลจักษุ รัตนิน","name:en":"Rutnin Eye Hospital","name:th":"โรงพยาบาลจักษุ รัตนิน","website":"https://www.rutnin.com/","@type":"way","@id":329745925},"geometry":{"type":"Point","coordinates":[100.5631219,13.7465043]}},{"type":"Feature","id":329917330,"properties":{"amenity":"hospital","building":"yes","healthcare":"hospital","name":"โรงพยาบาลปิยะเวท","name:en":"Piyavate Hospital","name:th":"โรงพยาบาลปิยะเวท","@type":"way","@id":329917330},"geometry":{"type":"Point","coordinates":[100.5801179,13.7534185]}},{"type":"Feature","id":331962370,"properties":{"addr:district":"วัฒนา","addr:postcode":"10110","addr:province":"กรุงเทพมหานคร","addr:subdistrict":"คลองตันเหนือ","amenity":"hospital","building":"yes","healthcare":"hospital","name":"รพ.บ้านแพ้ว พร้อมมิตร","name:en":"Banphaeo Hospital","name:th":"รพ.บ้านแพ้ว พร้อมมิตร","@type":"way","@id":331962370},"geometry":{"type":"Point","coordinates":[100.5736826,13.7331603]}},{"type":"Feature","id":331962412,"properties":{"addr:district":"คลองเตย","addr:postcode":"10110","addr:province":"กรุงเทพมหานคร","addr:subdistrict":"คลองเตย","amenity":"hospital","building":"yes","healthcare":"hospital","name":"โรงพยาบาลสวนเบญจกิติเฉลิมพระเกียรติ 84 พรรษา","name:en":"Benchakitti Park Hospital","name:th":"โรงพยาบาลสวนเบญจกิติเฉลิมพระเกียรติ 84 พรรษา","@type":"way","@id":331962412},"geometry":{"type":"Point","coordinates":[100.5539979,13.7246218]}},{"type":"Feature","id":331966744,"properties":{"amenity":"hospital","building":"yes","healthcare":"hospital","name":"โรงพยาบาล เพชรเวช","@type":"way","@id":331966744},"geometry":{"type":"Point","coordinates":[100.5936225,13.7433306]}},{"type":"Feature","id":331967740,"properties":{"amenity":"hospital","building":"yes","healthcare":"hospital","name":"โรงพยาบาลผิวหนังอโศก","name:en":"Asoke Skin Hospital","name:th":"โรงพยาบาลผิวหนังอโศก","@type":"way","@id":331967740},"geometry":{"type":"Point","coordinates":[100.5643501,13.7508493]}},{"type":"Feature","id":336050037,"properties":{"amenity":"hospital","building":"yes","name":"Bangprakok 9 International Hospital","@type":"way","@id":336050037},"geometry":{"type":"Point","coordinates":[100.474626,13.6819541]}},{"type":"Feature","id":336050038,"properties":{"amenity":"hospital","emergency":"yes","healthcare":"hospital","name":"Phyathai 3 Hospital","website":"https://www.phyathai.com/","wikidata":"Q7188401","wikipedia":"en:Phyathai 3 Hospital","@type":"way","@id":336050038},"geometry":{"type":"Point","coordinates":[100.4640154,13.7230926]}},{"type":"Feature","id":338000401,"properties":{"amenity":"hospital","healthcare":"hospital","name":"โรงพยาบาลสมเด็จพระปิ่นเกล้า","name:en":"Somdech Phra Pinklao Hospital","name:th":"โรงพยาบาลสมเด็จพระปิ่นเกล้า","opening_hours":"24/7","website":"https://www.spph.go.th","wheelchair":"yes","wikidata":"Q108253765","wikimedia_commons":"Category:Somdech Phra Pinklao Hospital","wikipedia":"th:โรงพยาบาลสมเด็จพระปิ่นเกล้า","@type":"way","@id":338000401},"geometry":{"type":"Point","coordinates":[100.4847344,13.7101671]}},{"type":"Feature","id":338834271,"properties":{"addr:city":"กรุงเทพมหานคร","addr:housenumber":"2699","addr:postcode":"10310","addr:street":"ถนนลาดพร้าว","amenity":"hospital","emergency":"yes","healthcare":"hospital","name":"โรงพยาบาลลาดพร้าว","name:en":"Ladprao Hospital","phone":"025302556","website":"https://www.ladpraohospital.com/","wikidata":"Q113695619","@type":"way","@id":338834271},"geometry":{"type":"Point","coordinates":[100.6242922,13.7781337]}},{"type":"Feature","id":338834358,"properties":{"addr:city":"กรุงเทพมหานคร","addr:district":"บางกะปิ","addr:housenumber":"1","addr:postcode":"10240","addr:province":"กรุงเทพมหานคร","addr:street":"ซอยลาดพร้าว 111","addr:subdistrict":"คลองจั่น","amenity":"hospital","contact:facebook":"https://www.facebook.com/Vejthani.Hospital/","contact:instagram":"https://www.instagram.com/vejthani.hospital/","email":"service@vejthani.com","emergency":"yes","healthcare":"hospital","name":"โรงพยาบาลเวชธานี อินเตอร์เนชันแนล","name:en":"Vejthani International Hospital","name:th":"โรงพยาบาลเวชธานี อินเตอร์เนชันแนล","opening_hours":"24/7","phone":"02 734 0000","website":"https://www.vejthani.com/","wikidata":"Q7918740","wikimedia_commons":"Category:Vejthani Hospital","@type":"way","@id":338834358},"geometry":{"type":"Point","coordinates":[100.6369087,13.7721804]}},{"type":"Feature","id":341749639,"properties":{"amenity":"hospital","contact:phone":"+66 2 517 42709","emergency":"yes","healthcare":"hospital","name":"โรงพยาบาลนพรัตนราชธานี","name:en":"Nopparat Rajathanee Hospital","name:th":"โรงพยาบาลนพรัตนราชธานี","website":"http://www.nopparat.go.th/","wikidata":"Q20582973","wikipedia":"en:Nopparat Rajathanee Hospital","@type":"way","@id":341749639},"geometry":{"type":"Point","coordinates":[100.6883458,13.8173643]}},{"type":"Feature","id":342461737,"properties":{"addr:district":"พระนคร","addr:postcode":"10200","addr:province":"กรุงเทพมหานคร","addr:subdistrict":"บางขุนพรหม","amenity":"clinic","building":"yes","healthcare":"clinic","name":"สถานบำบัดโรคผิวหนัง สถาบันราชประชาสมาสัย","name:th":"สถานบำบัดโรคผิวหนัง สถาบันราชประชาสมาสัย","@type":"way","@id":342461737},"geometry":{"type":"Point","coordinates":[100.5054405,13.7640406]}},{"type":"Feature","id":347919475,"properties":{"amenity":"hospital","emergency":"yes","healthcare":"hospital","name":"โรงพยาบาลเซนต์หลุยส์","name:en":"Saint Louis Hospital","name:fr":"Hôpital Saint Louis","toilets:wheelchair":"yes","wheelchair":"yes","wikidata":"Q7401669","wikimedia_commons":"Category:Saint Louis Hospital (Bangkok)","wikipedia":"en:Saint Louis Hospital (Bangkok)","@type":"way","@id":347919475},"geometry":{"type":"Point","coordinates":[100.5250946,13.7191392]}},{"type":"Feature","id":362752793,"properties":{"amenity":"hospital","healthcare":"hospital","name":"โรงพยาบาลนนทเวช","name:en":"Nonthavej Hospital","name:th":"โรงพยาบาลนนทเวช","phone":"025967888","website":"https://www.nonthavej.co.th/","wikidata":"Q97227906","@type":"way","@id":362752793},"geometry":{"type":"Point","coordinates":[100.5430371,13.8555341]}},{"type":"Feature","id":364411475,"properties":{"amenity":"clinic","building":"yes","@type":"way","@id":364411475},"geometry":{"type":"Point","coordinates":[100.4003378,13.7104486]}},{"type":"Feature","id":364413503,"properties":{"amenity":"hospital","healthcare":"hospital","name":"รพ เกษมราษฎร์ บางแค","@type":"way","@id":364413503},"geometry":{"type":"Point","coordinates":[100.3988257,13.7108222]}},{"type":"Feature","id":365160967,"properties":{"amenity":"clinic","name":"ศูนย์บริการสาธารณสุข 40","@type":"way","@id":365160967},"geometry":{"type":"Point","coordinates":[100.4003428,13.7105253]}},{"type":"Feature","id":366712982,"properties":{"amenity":"hospital","building":"yes","healthcare":"hospital","name":"Saint Carlos Hospital","@type":"way","@id":366712982},"geometry":{"type":"Point","coordinates":[100.57659,13.7838555]}},{"type":"Feature","id":368093241,"properties":{"amenity":"hospital","area":"yes","contact:email":"smh@saimai.co.th","contact:fax":"+66 2 563 5222","contact:phone":"+66 2 991 8999","healthcare":"hospital","name":"โรงพยาบาลสายไหม","name:en":"Sai Mai Hospital","name:th":"โรงพยาบาลสายไหม","source":"http://www.saimai.co.th/location.htm","source:date":"2015-08-29","website":"https://www.saimai.co.th/","@type":"way","@id":368093241},"geometry":{"type":"Point","coordinates":[100.6841823,13.9234182]}},{"type":"Feature","id":368110372,"properties":{"addr:district":"พญาไท","addr:housenumber":"114/4","addr:postcode":"10400","addr:province":"กรุงเทพมหานคร","addr:street":"ถนนเศรษฐศิริ","addr:subdistrict":"พญาไท","amenity":"hospital","healthcare":"hospital","name":"โรงพยาบาลศูนย์การแพทย์วิชัยยุทธ","name:en":"Vichaiyut Hospital (New [South] Building)","name:th":"โรงพยาบาลศูนย์การแพทย์วิชัยยุทธ","phone":"(+66) 02 265 7777, 02 618 6200","wheelchair":"yes","@type":"way","@id":368110372},"geometry":{"type":"Point","coordinates":[100.532883,13.7806615]}},{"type":"Feature","id":369892485,"properties":{"addr:district":"ดินแดง","addr:postcode":"10400","addr:province":"กรุงเทพมหานคร","addr:subdistrict":"ดินแดง","amenity":"hospital","building":"yes","healthcare":"hospital","name":"ศูนย์บริการสาธารณสุข 52 สามเสนนอก","name:th":"ศูนย์บริการสาธารณสุข 52 สามเสนนอก","website":"https://webportal.bangkok.go.th/healthcenter52","@type":"way","@id":369892485},"geometry":{"type":"Point","coordinates":[100.5702045,13.7774692]}},{"type":"Feature","id":372012851,"properties":{"amenity":"hospital","name":"Vichaivej hospital","operator":"Vichaivej international hospital group","@type":"way","@id":372012851},"geometry":{"type":"Point","coordinates":[100.2912513,13.7101804]}},{"type":"Feature","id":384130518,"properties":{"addr:district":"สามพราน","addr:province":"นครปฐม","addr:subdistrict":"ไร่ขิง","amenity":"hospital","healthcare":"hospital","name":"โรงพยาบาลสามพราน","name:en":"Sampran Hospital","name:th":"โรงพยาบาลสามพราน","website":"https://sampran-hos.moph.go.th","@type":"way","@id":384130518},"geometry":{"type":"Point","coordinates":[100.2607746,13.7477287]}},{"type":"Feature","id":402132679,"properties":{"addr:postcode":"10260","amenity":"hospital","emergency":"yes","healthcare":"hospital","name":"โรงพยาบาลศิครินทร์","name:en":"Sikarin Hospital","name:th":"โรงพยาบาลศิครินทร์","website":"https://www.sikarin.com/","@type":"way","@id":402132679},"geometry":{"type":"Point","coordinates":[100.6461512,13.6542071]}},{"type":"Feature","id":402156316,"properties":{"amenity":"hospital","check_date":"2024-12-22","name":"โรงพยาบาลบางปะกอก 8","name:en":"Bangpakok 8 Hospital","name:th":"โรงพยาบาลบางปะกอก 8","@type":"way","@id":402156316},"geometry":{"type":"Point","coordinates":[100.4071856,13.6626335]}},{"type":"Feature","id":402396239,"properties":{"addr:district":"บางคอแหลม","addr:housenumber":"8","addr:postcode":"10120","addr:street":"ถนนเจริญกรุง","addr:subdistrict":"บางคอแหลม","amenity":"hospital","email":"ccharoenkrung@hotmail.com","emergency":"yes","healthcare":"hospital","name":"โรงพยาบาลเจริญกรุงประชารักษ์","name:en":"Charoenkrung Pracharak Hospital","name:th":"โรงพยาบาลเจริญกรุงประชารักษ์","phone":"0 2289 7000","website":"http://www.ckphosp.go.th/","wikidata":"Q30279763","wikipedia":"en:Charoenkrung Pracharak Hospital","@type":"way","@id":402396239},"geometry":{"type":"Point","coordinates":[100.4947203,13.6935556]}},{"type":"Feature","id":402895256,"properties":{"addr:district":"Huaykwang","addr:housenumber":"2","addr:postcode":"10310","addr:province":"กรุงเทพมหานคร","addr:street":"Soi Soonvijai 7, New Petchaburi Road 47","amenity":"hospital","contact:email":"info@bangkokhospital.com","contact:phone":"+662 310 3000;+662 310 1719","emergency":"yes","healthcare":"hospital","internet_access":"wlan","name":"โรงพยาบาลกรุงเทพ","name:en":"Bangkok Hospital","operator":"Bangkok Hospital","website":"https://www.bangkokhospital.com/","wikidata":"Q4855213","wikipedia":"en:Bangkok Hospital","@type":"way","@id":402895256},"geometry":{"type":"Point","coordinates":[100.5832663,13.749195]}},{"type":"Feature","id":405179463,"properties":{"addr:housenumber":"454","addr:postcode":"10700","addr:street":"ถนนจรัญสนิทวงศ์","amenity":"hospital","building":"yes","email":"info@yanhee.net","emergency":"yes","healthcare":"hospital","layer":"1","name":"โรงพยาบาลยันฮี","name:en":"Yanhee International Hospital","name:th":"โรงพยาบาลยันฮี","phone":"+66 2 879 0300, 1723","website":"https://yanhee.net/","wikidata":"Q8048681","wikimedia_commons":"Category:Yanhee Hospital","wikipedia":"en:Yanhee Hospital","@type":"way","@id":405179463},"geometry":{"type":"Point","coordinates":[100.511543,13.7996304]}},{"type":"Feature","id":448101548,"properties":{"addr:country":"Thailand","addr:district":"Bang Phli","addr:postcode":"10540","addr:province":"Samut Prakan","addr:street":"King Kaew road","addr:subdistrict":"Racha Thewa","amenity":"hospital","country":"ไทย","healthcare":"hospital","name":"โรงพยาบาล จุฬารัตน์ 9","name:en":"Jularat 9 Hospital","name:th":"โรงพยาบาล จุฬารัตน์ 9","website":"https://ch9airport.com/en/home/","@type":"way","@id":448101548},"geometry":{"type":"Point","coordinates":[100.7224494,13.6775385]}},{"type":"Feature","id":448985840,"properties":{"addr:district":"สัมพันธวงศ์","addr:housenumber":"624","addr:postcode":"10100","addr:province":"กรุงเทพมหานคร","addr:street":"Yaowarat Road","addr:subdistrict":"สัมพันธวงศ์","amenity":"hospital","building":"hospital","emergency":"yes","healthcare":"hospital","image":"https://images.mapillary.com/eSrT_EMyujCHoyOOXDQL9w/thumb-2048.jpg","mapillary":"605042050455514","name":"โรงพยาบาลสมิติเวช","name:en":"Samitivej Chinatown Hospital","name:th":"โรงพยาบาลสมิติเวช","@type":"way","@id":448985840},"geometry":{"type":"Point","coordinates":[100.5125458,13.7377811]}},{"type":"Feature","id":484971208,"properties":{"amenity":"hospital","check_date":"2024-10-18","contact:phone":"66 85-974-2455","emergency":"yes","healthcare":"hospital","name":"โรงพยาบาลพญาไท นวมินทร์","name:en":"Phaya Thai Hospital Navamin","website":"http://www.phyathai-nawamin.com/","wikidata":"Q16738798","@type":"way","@id":484971208},"geometry":{"type":"Point","coordinates":[100.657498,13.8254686]}},{"type":"Feature","id":485325764,"properties":{"amenity":"hospital","name":"โรงพยาบาลกรุงไทย","name:en":"Krungthai General Hospital","website":"https://www.krungthaihospital.com/","@type":"way","@id":485325764},"geometry":{"type":"Point","coordinates":[100.5092336,13.9130933]}},{"type":"Feature","id":485326156,"properties":{"amenity":"hospital","emergency":"yes","name":"โรงพยาบาลวิภารามปากเกร็ด","name:en":"Vibharam Pakkred Hospital","website":"https://www.vibharampakkred.com/","@type":"way","@id":485326156},"geometry":{"type":"Point","coordinates":[100.4983431,13.9081828]}},{"type":"Feature","id":539990579,"properties":{"addr:city":"แขวงคลองสาน","addr:housenumber":"543","addr:street":"ถนนสมเด็จเจ้าพระยา","amenity":"hospital","email":"taksin.saraban@taksinhosp.go.th","healthcare":"hospital","name":"โรงพยาบาลตากสิน","name:en":"Taksin Hospital","name:th":"โรงพยาบาลตากสิน","operator":"สำนักการแพทย์กรุงเทพมหานคร","phone":"+66 2-437-0123","website":"https://www.taksinhosp.go.th/Home","wikidata":"Q61361211","wikimedia_commons":"Category:Taksin Hospital","wikipedia":"th:โรงพยาบาลตากสิน","@type":"way","@id":539990579},"geometry":{"type":"Point","coordinates":[100.5079233,13.7308535]}},{"type":"Feature","id":544106187,"properties":{"addr:postcode":"10150","addr:province":"กรุงเทพมหานคร","addr:street":"ถนนพระรามที่ 2","amenity":"hospital","healthcare":"hospital","healthcare:speciality":"radiology","name":"Prachachuen MRI","@type":"way","@id":544106187},"geometry":{"type":"Point","coordinates":[100.4742864,13.6815129]}},{"type":"Feature","id":544281344,"properties":{"amenity":"hospital","contact:facebook":"https://www.facebook.com/profile.php?id=100064489760468","email":"hc13669@hotmail.com","healthcare":"hospital","healthcare:speciality":"general","name":"ศูนย์บริการสาธารณสุข 24 บางเขน","name:en":"Public Health Center 24 Bang Khen","operator":"Bangkok Metropolitan Administration","operator:type":"public","phone":"025791342","website":"https://webportal.bangkok.go.th/healthcenter24","@type":"way","@id":544281344},"geometry":{"type":"Point","coordinates":[100.581165,13.8497864]}},{"type":"Feature","id":549268594,"properties":{"addr:district":"พระนคร","addr:postcode":"10200","addr:province":"กรุงเทพมหานคร","addr:subdistrict":"วังบูรพาภิรมย์","alt_name:th":"ศูนย์บริการ สาธารณสุข 1","amenity":"clinic","branch":"สะพานมอญ","branch:en":"Saphanmon","building":"commercial","healthcare":"clinic","name":"ศูนย์บริการสาธารณสุข 1","name:en":"Public Health Center 1","name:th":"ศูนย์บริการสาธารณสุข 1","opening_hours":"Mo-Fr 08:00-16:00","operator":"สำนักอานามัย กรุงเทพมหานคร","operator:en":"Health Department, Bangkok Metropolitan Administration","@type":"way","@id":549268594},"geometry":{"type":"Point","coordinates":[100.4965835,13.7474377]}},{"type":"Feature","id":560432226,"properties":{"amenity":"hospital","healthcare":"hospital","name":"โรงพยาบาลสุขุมวิท","operator":"Sukhumvit Hospital","@type":"way","@id":560432226},"geometry":{"type":"Point","coordinates":[100.587386,13.7189835]}},{"type":"Feature","id":626617238,"properties":{"addr:city":"แขวงคันนายาว","addr:housenumber":"212","addr:street":"ถนนเสรีไทย","amenity":"hospital","healthcare":"hospital","healthcare:speciality":"สัตว์;รักษาสัตว์;หมา;แมว;กระต่าย;ผ่าตัดกระดู;ผ่าตัดทั้วไป;บริการนอกสถานที่","name":"serithai animalclinic","name:th":"สถานพยาบาลสัตว์เสรีไทย","@type":"way","@id":626617238},"geometry":{"type":"Point","coordinates":[100.6887858,13.7939042]}},{"type":"Feature","id":626810304,"properties":{"amenity":"hospital","healthcare":"hospital","name":"โรงพยาบาลเกษมราษฎร์ รามคำแหง","name:en":"Kasemrad Hospital Ramkhamhaeng","name:th":"โรงพยาบาลเกษมราษฎร์ รามคำแหง","@type":"way","@id":626810304},"geometry":{"type":"Point","coordinates":[100.6761541,13.7799742]}},{"type":"Feature","id":658997001,"properties":{"addr:city":"ตำบลบางกระสอ","addr:housenumber":"91","addr:postcode":"11000","addr:street":"ถนนนนทบุรี 1","amenity":"hospital","beds":"515","email":"webmaster@pranangklao.go.th","emergency":"yes","fax":"0 2526 5629","healthcare":"hospital","healthcare:speciality":"emergency;gynaecology;ophthalmology;otolaryngology;paediatrics;psychiatry;surgery;vaccination","name":"โรงพยาบาลพระนั่งเกล้า","name:en":"Pranangklao Hospital","name:th":"โรงพยาบาลพระนั่งเกล้า","operator":"Office of the Permanent Secretary Ministry of Public Health","operator:type":"government","phone":"0 2528 4567","website":"https://www.pranangklao.go.th/","@type":"way","@id":658997001},"geometry":{"type":"Point","coordinates":[100.4808758,13.8648237]}},{"type":"Feature","id":676447096,"properties":{"amenity":"clinic","building":"yes","healthcare":"clinic","@type":"way","@id":676447096},"geometry":{"type":"Point","coordinates":[100.546599,13.7641383]}},{"type":"Feature","id":678967140,"properties":{"addr:street":"ถนนไมตรีจิต","amenity":"hospital","healthcare":"hospital","name":"โรงพยาบาลคลองสามวา","@type":"way","@id":678967140},"geometry":{"type":"Point","coordinates":[100.7531228,13.910418]}},{"type":"Feature","id":682197792,"properties":{"addr:housenumber":"426","addr:street":"ถนนพิษณุโลก","addr:subdistrict":"แขวงสี่แยกมหานาค","amenity":"clinic","building":"yes","email":"hc136511@hotmail.com","fax":"+66 2 282 8493 p 16","healthcare":"clinic","name":"ศูนย์บริการสาธารณสุข 6","name:en":"Public Health Center 6","name:th":"ศูนย์บริการสาธารณสุข 6","official_name:th":"ศูนย์บริการสาธารณสุข 6 สโมสรวัฒนธรรมหญิง","operator":"กรุงเทพมหานคร","operator:wikidata":"Q4855218","phone":"+66 2 282 8493","roof:colour":"darkorange","website":"https://www.bangkok.go.th/healthcenter6/","@type":"way","@id":682197792},"geometry":{"type":"Point","coordinates":[100.5168613,13.7602012]}},{"type":"Feature","id":700625446,"properties":{"amenity":"hospital","healthcare":"hospital","name":"บุญรักษา","@type":"way","@id":700625446},"geometry":{"type":"Point","coordinates":[100.656364,14.0729971]}},{"type":"Feature","id":710587750,"properties":{"amenity":"clinic","healthcare":"dialysis","healthcare:speciality":"nephrology","name":"ศูนย์ฟอกไต ไซเมส ไตเทียม","name:en":"SIMES DIALYSIS","name:th":"ศูนย์ฟอกไต ไซเมส ไตเทียม","@type":"way","@id":710587750},"geometry":{"type":"Point","coordinates":[100.474809,13.8369902]}},{"type":"Feature","id":762407745,"properties":{"amenity":"hospital","emergency":"no","healthcare":"hospital","name":"โรงพยาบาลบางกรวย 2","name:en":"Bang Kruai Hospital 2","name:th":"โรงพยาบาลบางกรวย 2","phone":"024475582-3","website":"https://www.bangkruaihospital.go.th/","@type":"way","@id":762407745},"geometry":{"type":"Point","coordinates":[100.4524719,13.8255618]}},{"type":"Feature","id":776873484,"properties":{"alt_name:th":"รพ.สต.บ้านโพธิ์แจ้","amenity":"clinic","description":"โรงพยาบาลระดับปฐมภูมิ\nPrimary care hospital","healthcare":"clinic","healthcare:speciality":"general","name":"โรงพยาบาลส่งเสริมสุขภาพตำบลบ้านโพธิ์แจ้","name:en":"Ban Pho Chae Sub-district Health Promoting Hospital","name:th":"โรงพยาบาลส่งเสริมสุขภาพตำบลบ้านโพธิ์แจ้","@type":"way","@id":776873484},"geometry":{"type":"Point","coordinates":[100.360515,13.6292282]}},{"type":"Feature","id":778140572,"properties":{"addr:city":"แขวงสี่พระยา","addr:housenumber":"383/4","addr:postcode":"10500","addr:street":"ถนนสี่พระยา","amenity":"hospital","fax":"022330782","health_facility:type":"health_centre","healthcare":"hospital","name":"ศูนย์บริการสาธารณสุข 23 สี่พระยา","name:en":"Public Health Center 23 Si Phraya","name:th":"ศูนย์บริการสาธารณสุข 23 สี่พระยา","phone":"02236 4055, 02233 6329","website":"https://www.bangkok.go.th/healthcenter23","@type":"way","@id":778140572},"geometry":{"type":"Point","coordinates":[100.5203288,13.7307483]}},{"type":"Feature","id":863258748,"properties":{"addr:postcode":"10400","addr:street":"ถนนพญาไท","amenity":"hospital","healthcare":"hospital","name":"โรงพยาบาลสถาบันโรคไตภูมิราชนครินทร์","name:en":"Bhumirajanagarindra Kidney Institute Hospital","name:th":"โรงพยาบาลสถาบันโรคไตภูมิราชนครินทร์","website":"https://www.brkidney.org","@type":"way","@id":863258748},"geometry":{"type":"Point","coordinates":[100.5345454,13.760003]}},{"type":"Feature","id":863297144,"properties":{"amenity":"hospital","healthcare":"hospital","name":"โรงพยาบาลสงฆ์","name:en":"Priest Hospital","name:th":"โรงพยาบาลสงฆ์","wikidata":"Q30280370","@type":"way","@id":863297144},"geometry":{"type":"Point","coordinates":[100.5271597,13.7618929]}},{"type":"Feature","id":863465253,"properties":{"addr:district":"ราชเทวี","addr:housenumber":"315","addr:postcode":"10400","addr:province":"กรุงเทพมหานคร","addr:street":"ถนนราชวิถี","addr:subdistrict":"ทุ่งพญาไท","amenity":"hospital","emergency":"yes","healthcare":"hospital","name":"โรงพยาบาลพระมงกุฎเกล้า","name:en":"Phramongkutklao Hospital","name:th":"โรงพยาบาลพระมงกุฎเกล้า","operator":"กองทัพบก กองบัญชาการกองทัพไทย กระทรวงกลาโหม","operator:type":"military","website":"https://www.pmk.ac.th/","wikidata":"Q16138459","wikipedia":"th:โรงพยาบาลพระมงกุฎเกล้า","@type":"way","@id":863465253},"geometry":{"type":"Point","coordinates":[100.5343175,13.768069]}},{"type":"Feature","id":864550413,"properties":{"amenity":"clinic","building":"yes","healthcare":"clinic","healthcare:speciality":"dermatology","name":"ProDerma","@type":"way","@id":864550413},"geometry":{"type":"Point","coordinates":[100.5416801,13.7723567]}},{"type":"Feature","id":878082201,"properties":{"addr:city":"Samut Prakarn","addr:district":"บางพลี","addr:postcode":"10540","addr:province":"สมุทรปราการ","addr:province:en":"Samut Prakan","addr:street":"ถนนบางนา-ตราด (ทางขนาน)","addr:subdistrict":"ราชาเทวะ","addr:subdistrict:en":"Racha Thewa","amenity":"hospital","building":"hospital","building:levels":"4","country":"Thailand","healthcare":"hospital","name":"โรงพยาบาลจุฬารัตน์ 1 สุวรรณภูมิ.","name:en":"Chularat 1 Suvarnabhumi Hospital","name:th":"โรงพยาบาลจุฬารัตน์ 1 สุวรรณภูมิ.","website":"https://www.chularat.com","@type":"way","@id":878082201},"geometry":{"type":"Point","coordinates":[100.7095496,13.6337565]}},{"type":"Feature","id":946384818,"properties":{"addr:city":"ตำบลตลาดขวัญ","addr:hamlet":"4","addr:housenumber":"38","addr:street":"ถนนติวานนท์","amenity":"hospital","healthcare":"hospital","healthcare:speciality":"infectious_diseases","name":"สถาบันบำราศนราดูร","name:en":"Bamrasnaradura Infectious Diseases Institute","name:th":"สถาบันบำราศนราดูร","phone":"02-951-1170-76, 02-591-1178-79, 02-590-3402,02-590-3427","website":"http://bamras.ddc.moph.go.th/","wikidata":"Q13021911","wikipedia":"th:สถาบันบำราศนราดูร","@type":"way","@id":946384818},"geometry":{"type":"Point","coordinates":[100.5219522,13.8532022]}},{"type":"Feature","id":946916178,"properties":{"amenity":"hospital","healthcare":"hospital","name":"โรงพยาบาลเปาโล รังสิต","@type":"way","@id":946916178},"geometry":{"type":"Point","coordinates":[100.6196841,13.9858484]}},{"type":"Feature","id":946918104,"properties":{"amenity":"hospital","healthcare":"hospital","name":"โรงพยาบาลปทุมเวช","name:en":"Pathumvech Hospital","name:th":"โรงพยาบาลปทุมเวช","@type":"way","@id":946918104},"geometry":{"type":"Point","coordinates":[100.6104284,13.988585]}},{"type":"Feature","id":946921280,"properties":{"amenity":"hospital","healthcare":"hospital","name":"โรงพยาบาลประชาธิปัตย์","name:en":"Prachathipat Hospital","name:th":"โรงพยาบาลประชาธิปัตย์","@type":"way","@id":946921280},"geometry":{"type":"Point","coordinates":[100.6128588,13.9853843]}},{"type":"Feature","id":946923662,"properties":{"alt_name":"สถาบันธัญญารักษ์","alt_name:en":"Thanyarak Institute","alt_name:th":"สถาบันธัญญารักษ์","amenity":"hospital","healthcare":"hospital","name":"สถาบันบำบัดรักษาและฟื้นฟูผู้ติดยาเสพติดแห่งชาติบรมราชชนนี","name:en":"Princess Mother National Institute on Drug Abuse Treatment","name:th":"สถาบันบำบัดรักษาและฟื้นฟูผู้ติดยาเสพติดแห่งชาติบรมราชชนนี","short_name":"สบยช.","short_name:en":"PMNIDAT","short_name:th":"สบยช.","wikidata":"Q25537346","wikipedia":"th:สถาบันบำบัดรักษาและฟื้นฟูผู้ติดยาเสพติดแห่งชาติบรมราชชนนี","@type":"way","@id":946923662},"geometry":{"type":"Point","coordinates":[100.6196944,13.9794249]}},{"type":"Feature","id":946941118,"properties":{"amenity":"hospital","healthcare":"hospital","name":"โรงพยาบาลแพทย์รังสิต","name:en":"PatRangsit Hospital","name:th":"โรงพยาบาลแพทย์รังสิต","@type":"way","@id":946941118},"geometry":{"type":"Point","coordinates":[100.6215096,13.9634154]}},{"type":"Feature","id":956593015,"properties":{"amenity":"clinic","building":"yes","healthcare":"clinic","@type":"way","@id":956593015},"geometry":{"type":"Point","coordinates":[100.5962589,13.8219083]}},{"type":"Feature","id":1000481572,"properties":{"amenity":"hospital","healthcare":"hospital","name":"โรงพยาบาลสมเด็จเจ้าพระยา","name:en":"Somdet Chao Phraya Hospital","name:th":"โรงพยาบาลสมเด็จเจ้าพระยา","@type":"way","@id":1000481572},"geometry":{"type":"Point","coordinates":[100.5046915,13.7304374]}},{"type":"Feature","id":1009343708,"properties":{"amenity":"hospital","healthcare":"hospital","name":"โรงพยาบาลปทุมธานี","name:en":"Pathum Thani Hospital","name:th":"โรงพยาบาลปทุมธานี","@type":"way","@id":1009343708},"geometry":{"type":"Point","coordinates":[100.5232707,14.0209591]}},{"type":"Feature","id":1021571259,"properties":{"addr:district":"ยานนาวา","addr:postcode":"10120","addr:province":"กรุงเทพมหานคร","addr:subdistrict":"ช่องนนทรี","amenity":"clinic","building":"yes","healthcare":"clinic","@type":"way","@id":1021571259},"geometry":{"type":"Point","coordinates":[100.5479077,13.6997427]}},{"type":"Feature","id":1022159995,"properties":{"addr:district":"ยานนาวา","addr:postcode":"10120","addr:province":"กรุงเทพมหานคร","addr:subdistrict":"ช่องนนทรี","amenity":"clinic","building":"yes","healthcare":"clinic","@type":"way","@id":1022159995},"geometry":{"type":"Point","coordinates":[100.5461605,13.7009429]}},{"type":"Feature","id":1022211484,"properties":{"addr:district":"ราชเทวี","addr:postcode":"10400","addr:province":"กรุงเทพมหานคร","addr:subdistrict":"มักกะสัน","amenity":"clinic","building":"yes","healthcare":"clinic","name":"Pratunal Clinic","@type":"way","@id":1022211484},"geometry":{"type":"Point","coordinates":[100.5421535,13.7540255]}},{"type":"Feature","id":1037473327,"properties":{"addr:district":"บางกะปิ","addr:postcode":"10240","addr:province":"กรุงเทพมหานคร","addr:subdistrict":"คลองจั่น","amenity":"clinic","building":"yes","name:th":"สหคลินิกแพทย์ปัญญา 2","@type":"way","@id":1037473327},"geometry":{"type":"Point","coordinates":[100.6419805,13.7798957]}},{"type":"Feature","id":1039696985,"properties":{"amenity":"clinic","building":"yes","healthcare:speciality":"ophthalmology","@type":"way","@id":1039696985},"geometry":{"type":"Point","coordinates":[100.5407351,13.7627063]}},{"type":"Feature","id":1100619605,"properties":{"addr:district":"ปทุมวัน","addr:housenumber":"161/82","addr:postcode":"10330","addr:province":"กรุงเทพมหานคร","addr:subdistrict":"ลุมพินี","amenity":"clinic","building":"yes","fax":"+662-2531611","healthcare":"clinic","name":"ศูนย์บริการสาธารณสุข 16 ลุมพินี","name:en":"Health Center 16 Lumphini","name:th":"ศูนย์บริการสาธารณสุข 16 ลุมพินี","phone":"+662-2527776","website":"https://webportal.bangkok.go.th/healthcenter16","@type":"way","@id":1100619605},"geometry":{"type":"Point","coordinates":[100.5505584,13.7273477]}},{"type":"Feature","id":1101856548,"properties":{"amenity":"hospital","healthcare":"hospital","@type":"way","@id":1101856548},"geometry":{"type":"Point","coordinates":[100.5539141,13.7246377]}},{"type":"Feature","id":1103434662,"properties":{"addr:district":"บางรัก","addr:postcode":"10500","addr:province":"กรุงเทพมหานคร","addr:subdistrict":"มหาพฤฒาราม","amenity":"clinic","building":"yes","healthcare":"clinic","name":"Clinic Sukkapan","@type":"way","@id":1103434662},"geometry":{"type":"Point","coordinates":[100.5162011,13.7346414]}},{"type":"Feature","id":1104875374,"properties":{"addr:city":"ตำบลแพรกษาใหม่","addr:housenumber":"407/1","addr:postcode":"10280","addr:street":"ซอยขจรวิทย์","amenity":"clinic","healthcare":"clinic","healthcare:speciality":"physio_therapy","name":"ดินสอคลินิกกายภาพบำบัด","@type":"way","@id":1104875374},"geometry":{"type":"Point","coordinates":[100.6691859,13.5988969]}},{"type":"Feature","id":1131611366,"properties":{"addr:country":"Thailand","addr:district":"ประเวศ","addr:postcode":"10250","addr:province":"กรุงเทพมหานคร","addr:subdistrict":"หนองบอน","alt_name":"Synphaet Srinakarin Hospital","amenity":"hospital","building":"hospital","healthcare":"hospital","name":"โรงพยาบาลสินแพทย์ ศรีนครินทร์","name:en":"Synphaet Srinakarin Hospital","name:th":"โรงพยาบาลสินแพทย์ ศรีนครินทร์","website":"https://www.synphaet.co.th/srinakarin","@type":"way","@id":1131611366},"geometry":{"type":"Point","coordinates":[100.6483215,13.6787803]}},{"type":"Feature","id":1159176233,"properties":{"addr:district":"ประเวศ","addr:housenumber":"1175","addr:postcode":"10250","addr:province":"กรุงเทพมหานคร","addr:street":"ถนนพัฒนาการ","addr:subdistrict":"ประเวศ","amenity":"clinic","building":"yes","healthcare":"clinic","healthcare:speciality":"paediatrics","name":"คลินิกเด็กบ้านป้าหมอ สาขาพัฒนาการ","opening_hours":"sa-th 9:00-20:00","@type":"way","@id":1159176233},"geometry":{"type":"Point","coordinates":[100.6695856,13.706458]}},{"type":"Feature","id":1161696493,"properties":{"amenity":"hospital","healthcare":"hospital","name":"โรงพยาบาลราช ประชาสมาสัย","name:en":"RachaSamaSai Hospital","@type":"way","@id":1161696493},"geometry":{"type":"Point","coordinates":[100.5374538,13.6519439]}},{"type":"Feature","id":1174276534,"properties":{"addr:district":"ปทุมวัน","addr:housenumber":"9","addr:postcode":"10330","addr:province":"กรุงเทพมหานคร","addr:street":"พระรามที่ ๖ ซอย 1","addr:subdistrict":"รองเมือง","amenity":"clinic","building":"yes","healthcare":"clinic","name":"แพทย์มนัส","phone":"+66 2-214-2348","@type":"way","@id":1174276534},"geometry":{"type":"Point","coordinates":[100.5199765,13.7442951]}},{"type":"Feature","id":1186854016,"properties":{"addr:district":"คลองเตย","addr:housenumber":"3333","addr:postcode":"10110","addr:province":"กรุงเทพมหานคร","addr:street":"ถนนพระรามที่ 4","addr:subdistrict":"คลองเตย","alt_name:en":"Med Park Hospital","amenity":"hospital","healthcare":"hospital","name":"โรงพยาบาลเมดพาร์ค","name:en":"MedPark Hospital","name:th":"โรงพยาบาลเมดพาร์ค","website":"https://www.medparkhospital.com","@type":"way","@id":1186854016},"geometry":{"type":"Point","coordinates":[100.5566062,13.7217239]}},{"type":"Feature","id":1191874033,"properties":{"amenity":"hospital","healthcare":"clinic","name":"สุขุมาลอนามัย สถานีกาชาดที่ 2","name:en":"The Red Cross Health Station 2","name:etymology:wikidata":"Q469131","name:th":"สุขุมาลอนามัย สถานีกาชาดที่ 2","@type":"way","@id":1191874033},"geometry":{"type":"Point","coordinates":[100.497255,13.7519309]}},{"type":"Feature","id":1194047458,"properties":{"amenity":"clinic","building":"yes","healthcare":"clinic","name":"โรงพยาบาลส่งเสริมสุขภาพตำบลพืชอุดม","@type":"way","@id":1194047458},"geometry":{"type":"Point","coordinates":[100.8944203,13.9913363]}},{"type":"Feature","id":1195001134,"properties":{"addr:district":"บางรัก","addr:postcode":"10500","addr:province":"กรุงเทพมหานคร","addr:subdistrict":"สี่พระยา","amenity":"clinic","building":"yes","healthcare":"clinic","name":"พี.เอส.อี. คลินิก","name:en":"P.S.E. Clinic","name:th":"พี.เอส.อี. คลินิก","@type":"way","@id":1195001134},"geometry":{"type":"Point","coordinates":[100.5233371,13.7309903]}},{"type":"Feature","id":1197051606,"properties":{"amenity":"hospital","emergency":"yes","healthcare":"hospital","name":"โรงพยาบาลบีเอ็นเอช","name:en":"BNH Hospital","website":"https://www.bnhhospital.com/","wikidata":"Q4836124","wikipedia":"en:BNH Hospital","@type":"way","@id":1197051606},"geometry":{"type":"Point","coordinates":[100.5349843,13.7249135]}},{"type":"Feature","id":1200880413,"properties":{"amenity":"hospital","healthcare":"hospital","name":"โรงพยาบาลศาลายา","name:en":"Sala Ya Hospital","name:th":"โรงพยาบาลศาลายา","@type":"way","@id":1200880413},"geometry":{"type":"Point","coordinates":[100.3034325,13.804666]}},{"type":"Feature","id":1208663578,"properties":{"amenity":"hospital","healthcare":"hospital","@type":"way","@id":1208663578},"geometry":{"type":"Point","coordinates":[100.5487549,13.7487042]}},{"type":"Feature","id":1213872967,"properties":{"amenity":"hospital","healthcare":"hospital","name":"โรงพยาบาลมเหสักข์","name:en":"Mahaesak Hospital","name:th":"โรงพยาบาลมเหสักข์","website":"https://www.mahaesakhospital.co.th","@type":"way","@id":1213872967},"geometry":{"type":"Point","coordinates":[100.5194286,13.7253986]}},{"type":"Feature","id":1213873784,"properties":{"addr:district":"บางรัก","addr:housenumber":"46/1;46/2","addr:postcode":"10500","addr:province":"กรุงเทพมหานคร","addr:street":"ซอยปราโมทย์ 2","addr:subdistrict":"สุริยวงศ์","amenity":"clinic","building":"yes","building:levels":"5","healthcare":"clinic","name":"มเหสักข์คลินิกเวชกรรม","name:en":"Mahesak Medical Clinic","name:th":"มเหสักข์คลินิกเวชกรรม","@type":"way","@id":1213873784},"geometry":{"type":"Point","coordinates":[100.5196105,13.7251922]}},{"type":"Feature","id":1215089566,"properties":{"amenity":"hospital","healthcare":"hospital","name":"KMB Hospital","@type":"way","@id":1215089566},"geometry":{"type":"Point","coordinates":[100.6040244,13.8708252]}},{"type":"Feature","id":1221016938,"properties":{"addr:district":"บางรัก","addr:district:en":"Bang Rak","addr:district:th":"บางรัก","addr:postcode":"10500","addr:province":"กรุงเทพมหานคร","addr:subdistrict":"สีลม","amenity":"clinic","building":"commercial","healthcare":"clinic","name":"พาธแล็บ","name:en":"Pathlab","name:th":"พาธแล็บ","@type":"way","@id":1221016938},"geometry":{"type":"Point","coordinates":[100.5355608,13.7287915]}},{"type":"Feature","id":1221227828,"properties":{"addr:district":"บางเขน","addr:postcode":"10220","addr:province":"กรุงเทพมหานคร","addr:subdistrict":"ท่าแร้ง","amenity":"clinic","building":"yes","healthcare":"clinic","name":"ภัทรมนคลินิก","@type":"way","@id":1221227828},"geometry":{"type":"Point","coordinates":[100.6410875,13.8575262]}},{"type":"Feature","id":1221236179,"properties":{"addr:district":"ปทุมวัน","addr:housenumber":"1343","addr:postcode":"10330","addr:province":"กรุงเทพมหานคร","addr:street":"ถนนพระรามที่ 4","addr:subdistrict":"วังใหม่","amenity":"clinic","building":"commercial","building:levels":"4","healthcare":"clinic","name":"จรัสคลินิกเวชกรรม","name:en":"Jaras Clinic","name:th":"จรัสคลินิกเวชกรรม","@type":"way","@id":1221236179},"geometry":{"type":"Point","coordinates":[100.5253442,13.7344494]}},{"type":"Feature","id":1221245018,"properties":{"addr:district":"ปทุมวัน","addr:housenumber":"86","addr:postcode":"10330","addr:province":"กรุงเทพมหานคร","addr:subdistrict":"วังใหม่","amenity":"clinic","building":"yes","building:levels":"3","healthcare":"clinic","name":"วรรณีทันตแพทย์","@type":"way","@id":1221245018},"geometry":{"type":"Point","coordinates":[100.5257848,13.7347226]}},{"type":"Feature","id":1221389689,"properties":{"addr:district":"บางเขน","addr:postcode":"10220","addr:province":"กรุงเทพมหานคร","addr:subdistrict":"ท่าแร้ง","amenity":"clinic","building":"yes","healthcare":"clinic","healthcare:speciality":"traditional_chinese_medicine","name":"บุณทวัช คลินิค","@type":"way","@id":1221389689},"geometry":{"type":"Point","coordinates":[100.6411404,13.8566509]}},{"type":"Feature","id":1221389716,"properties":{"addr:district":"บางเขน","addr:postcode":"10220","addr:province":"กรุงเทพมหานคร","addr:subdistrict":"ท่าแร้ง","amenity":"clinic","building":"yes","healthcare":"clinic","name":"บีรยาดา","@type":"way","@id":1221389716},"geometry":{"type":"Point","coordinates":[100.6412358,13.8552448]}},{"type":"Feature","id":1221389729,"properties":{"addr:district":"บางเขน","addr:postcode":"10220","addr:province":"กรุงเทพมหานคร","addr:subdistrict":"ท่าแร้ง","amenity":"clinic","building":"yes","healthcare":"clinic","name":"ปานปั้นคลินิก","@type":"way","@id":1221389729},"geometry":{"type":"Point","coordinates":[100.6412793,13.8545997]}},{"type":"Feature","id":1222892296,"properties":{"addr:district":"ยานนาวา","addr:housenumber":"309/5","addr:postcode":"10120","addr:province":"กรุงเทพมหานคร","addr:street":"ถนนนางลิ้นจี่","addr:subdistrict":"ช่องนนทรี","amenity":"clinic","building":"commercial","building:levels":"6","healthcare":"clinic","name":"พรการแพทย์","name:th":"พรการแพทย์","@type":"way","@id":1222892296},"geometry":{"type":"Point","coordinates":[100.5434153,13.7077801]}},{"type":"Feature","id":1223810777,"properties":{"addr:district":"ป้อมปราบศัตรูพ่าย","addr:housenumber":"9","addr:postcode":"10100","addr:province":"กรุงเทพมหานคร","addr:street":"ถนนพระรามที่ 4","addr:subdistrict":"ป้อมปราบ","amenity":"clinic","building":"commercial","building:levels":"4","healthcare":"clinic","healthcare:speciality":"body","name":"บ้านใจอารีย์","name:en":"Baan Jai Aree","name:th":"บ้านใจอารีย์","@type":"way","@id":1223810777},"geometry":{"type":"Point","coordinates":[100.5125203,13.7403909]}},{"type":"Feature","id":1224793873,"properties":{"addr:district":"บางเขน","addr:postcode":"10220","addr:province":"กรุงเทพมหานคร","addr:subdistrict":"ท่าแร้ง","amenity":"clinic","building":"yes","healthcare":"clinic","name":"คลินิคทันตกรรมปาริชาต","@type":"way","@id":1224793873},"geometry":{"type":"Point","coordinates":[100.6432123,13.8493956]}},{"type":"Feature","id":1226659206,"properties":{"addr:district":"บางรัก","addr:housenumber":"24;26","addr:postcode":"10500","addr:province":"กรุงเทพมหานคร","addr:street":"ถนนสีลม","addr:subdistrict":"สุริยวงศ์","amenity":"clinic","building":"commercial","building:levels":"4","healthcare":"clinic","name":"นิติพล คลินิก","name:en":"Nitipon Clinic","name:th":"นิติพล คลินิก","@type":"way","@id":1226659206},"geometry":{"type":"Point","coordinates":[100.5348833,13.7289933]}},{"type":"Feature","id":1226659216,"properties":{"addr:district":"บางรัก","addr:housenumber":"50/3","addr:postcode":"10500","addr:province":"กรุงเทพมหานคร","addr:street":"ถนนสีลม","addr:subdistrict":"สุริยวงศ์","amenity":"clinic","building":"commercial","building:levels":"4","healthcare":"clinic","name":"Pulse Clinic","@type":"way","@id":1226659216},"geometry":{"type":"Point","coordinates":[100.5346667,13.7289157]}},{"type":"Feature","id":1228223216,"properties":{"addr:district":"บางเขน","addr:postcode":"10220","addr:province":"กรุงเทพมหานคร","addr:subdistrict":"ท่าแร้ง","amenity":"clinic","building":"yes","healthcare":"clinic","name":"เด็นทอล สไมล์ คลินิค","@type":"way","@id":1228223216},"geometry":{"type":"Point","coordinates":[100.6464133,13.8476585]}},{"type":"Feature","id":1229625896,"properties":{"addr:postcode":"10170","amenity":"hospital","healthcare":"hospital","name":"โรงพยาบาลธนบุรีทวีวัฒนา","name:en":"Thonburi Thawiwatthana Hospital","name:th":"โรงพยาบาลธนบุรีทวีวัฒนา","website":"http://thonburithawiwatthana.com","@type":"way","@id":1229625896},"geometry":{"type":"Point","coordinates":[100.4004218,13.7828078]}},{"type":"Feature","id":1229633744,"properties":{"addr:housenumber":"999","addr:postcode":"73170","addr:street":"บรมราชชนนี","amenity":"hospital","healthcare":"hospital","name":"ศูนย์การแพทย์กาญจนาภิเษก","name:en":"Golden Jubilee Medical Center","name:th":"ศูนย์การแพทย์กาญจนาภิเษก","operator":"คณะแพทยศาสตร์ศิริราชพยาบาล มหาวิทยาลัยมหิดล","operator:type":"university","wikidata":"Q31350121","wikimedia_commons":"Category:Golden Jubilee Medical Center","wikipedia":"th:ศูนย์การแพทย์กาญจนาภิเษก","@type":"way","@id":1229633744},"geometry":{"type":"Point","coordinates":[100.3201096,13.7865408]}},{"type":"Feature","id":1229701250,"properties":{"amenity":"hospital","healthcare":"hospital","name":"รพ.เมืองสมุทรปากน้ำ","@type":"way","@id":1229701250},"geometry":{"type":"Point","coordinates":[100.6013412,13.5949757]}},{"type":"Feature","id":1232425788,"properties":{"addr:district":"บางรัก","addr:postcode":"10500","addr:province":"กรุงเทพมหานคร","addr:subdistrict":"บางรัก","amenity":"clinic","building":"yes","healthcare":"clinic","name":"ศูนย์สุขภาพชุมชนซอยวัดม่วงแคและมัสยิดฮารูณ","name:th":"ศูนย์สุขภาพชุมชนซอยวัดม่วงแคและมัสยิดฮารูณ","@type":"way","@id":1232425788},"geometry":{"type":"Point","coordinates":[100.5146965,13.7257214]}},{"type":"Feature","id":1234564294,"properties":{"addr:district":"บางรัก","addr:district:en":"Bang Rak","addr:district:th":"บางรัก","addr:postcode":"10500","addr:province":"กรุงเทพมหานคร","addr:subdistrict":"สีลม","amenity":"clinic","building":"yes","healthcare":"clinic","name":"ศูนย์สุขภาพชุมชน","name:th":"ศูนย์สุขภาพชุมชน","@type":"way","@id":1234564294},"geometry":{"type":"Point","coordinates":[100.532222,13.7257744]}},{"type":"Feature","id":1237303675,"properties":{"amenity":"hospital","healthcare":"hospital","landuse":"yes","name":"ศุนย์แพทย์ครอบครัวและชุมชน อบต.บางแก้ว","operator":"องค์การบริหารตำบล","@type":"way","@id":1237303675},"geometry":{"type":"Point","coordinates":[100.6592434,13.6666837]}},{"type":"Feature","id":1237430914,"properties":{"amenity":"hospital","healthcare":"hospital","name":"ศูนย์บริการสาธารณสุข 42 พิทยาลงกรณ์","name:en":"Phitthayalongkon Health Center 42","name:th":"ศูนย์บริการสาธารณสุข 42 พิทยาลงกรณ์","@type":"way","@id":1237430914},"geometry":{"type":"Point","coordinates":[100.4208928,13.52825]}},{"type":"Feature","id":1239855456,"properties":{"addr:district":"ยานนาวา","addr:housenumber":"15/56","addr:postcode":"10120","addr:province":"กรุงเทพมหานคร","addr:street":"ถนนสาธุประดิษฐ์","addr:subdistrict":"ช่องนนทรี","amenity":"clinic","building":"commercial","building:levels":"5","healthcare":"clinic","healthcare:speciality":"orthodontics","name":"สุรัตน์คลินิก","name:en":"Surat Clinic","name:th":"สุรัตน์คลินิก","@type":"way","@id":1239855456},"geometry":{"type":"Point","coordinates":[100.529917,13.703143]}},{"type":"Feature","id":1249184586,"properties":{"amenity":"hospital","healthcare":"hospital","name":"โรงพยาบาลมิราเคิล อ๊อฟไลท์","name:en":"Miracal of lifes","@type":"way","@id":1249184586},"geometry":{"type":"Point","coordinates":[100.5527665,13.8156884]}},{"type":"Feature","id":1251934123,"properties":{"addr:district":"คลองเตย","addr:postcode":"10110","addr:province":"กรุงเทพมหานคร","addr:subdistrict":"คลองตัน","amenity":"clinic","building":"yes","healthcare":"clinic","name":"สามสิบหก คลินิกเวชกรรม","name:en":"36 Aesthetic","@type":"way","@id":1251934123},"geometry":{"type":"Point","coordinates":[100.5768828,13.7230913]}},{"type":"Feature","id":1263239587,"properties":{"amenity":"hospital","healthcare":"hospital","name":"ศูนย์บริการสาธารณสุข 46 สาขาขุมทอง","name:th":"ศูนย์บริการสาธารณสุข 46 สาขาขุมทอง","@type":"way","@id":1263239587},"geometry":{"type":"Point","coordinates":[100.853358,13.70061]}},{"type":"Feature","id":1265423676,"properties":{"addr:city":"กระทุ่มแบน","addr:district":"กระทุ่มแบน","addr:province":"สมุทรสาคร","addr:subdistrict":"ตลาดกระทุ่มแบน","amenity":"hospital","contact:facebook":"https://www.facebook.com/KTBhospital","healthcare":"hospital","name":"โรงพยาบาลกระทุ่มแบน","name:en":"Krathum Baen Hospital","name:th":"โรงพยาบาลกระทุ่มแบน","website":"https://ktbhos.moph.go.th","@type":"way","@id":1265423676},"geometry":{"type":"Point","coordinates":[100.2543957,13.6546876]}},{"type":"Feature","id":1267029609,"properties":{"amenity":"clinic","building":"commercial","healthcare":"clinic","name":"ศูนย์ดูแลผู้ป่วยต่อเนื่อง","name:th":"ศูนย์ดูแลผู้ป่วยต่อเนื่อง","@type":"way","@id":1267029609},"geometry":{"type":"Point","coordinates":[100.2534712,13.6535083]}},{"type":"Feature","id":1282009158,"properties":{"abandoned":"yes","addr:district":"ยานนาวา","addr:postcode":"10120","addr:province":"กรุงเทพมหานคร","addr:subdistrict":"ช่องนนทรี","amenity":"hospital","building":"yes","building:levels":"4","healthcare":"hospital","name":"โรงพยาบาลกรุณาพิทักษ์","name:en":"Karuna Phithak Hospital","name:th":"โรงพยาบาลกรุณาพิทักษ์","@type":"way","@id":1282009158},"geometry":{"type":"Point","coordinates":[100.5451179,13.7087473]}},{"type":"Feature","id":1284771680,"properties":{"addr:district":"สัมพันธวงศ์","addr:housenumber":"875","addr:postcode":"10100","addr:province":"กรุงเทพมหานคร","addr:street":"ซอยวาณิช 2","addr:subdistrict":"ตลาดน้อย","amenity":"clinic","building":"commercial","building:levels":"5","healthcare":"clinic","name":"ตลาดน้อยคลินิค","name:th":"ตลาดน้อยคลินิค","@type":"way","@id":1284771680},"geometry":{"type":"Point","coordinates":[100.5131195,13.7335538]}},{"type":"Feature","id":1285077638,"properties":{"addr:housenumber":"1075/1","addr:postcode":"10500","addr:street":"ถนนบางขุนเทียนชายทะเล","amenity":"hospital","healthcare":"hospital","internet_access":"wlan","name":"โรงพยาบาลผู้สูงอายุบางขุนเทียน","name:en":"Bang Khun Thian Geriatric Hospital","name:th":"โรงพยาบาลผู้สูงอายุบางขุนเทียน","phone":"+66 24527999","website":"https://www.bkt-hospital.go.th","@type":"way","@id":1285077638},"geometry":{"type":"Point","coordinates":[100.4236946,13.5725146]}},{"type":"Feature","id":1286710764,"properties":{"amenity":"clinic","building":"house","healthcare":"clinic","name":"โรงพยาบาลส่งเสริมสุขภาพตำบล ทรงคนอง","name:th":"โรงพยาบาลส่งเสริมสุขภาพตำบล ทรงคนอง","operator":"โรงพยาบาลส่งเสริมสุขภาพตำบล","operator:th":"โรงพยาบาลส่งเสริมสุขภาพตำบล","operator:type":"private","operator:wikidata":"Q16306413","@type":"way","@id":1286710764},"geometry":{"type":"Point","coordinates":[100.5413749,13.6654141]}},{"type":"Feature","id":1291385748,"properties":{"addr:housenumber":"480","addr:street":"ซอยแซมมี่","amenity":"clinic","building":"house","building:levels":"4","healthcare":"clinic","name":"แซมมี่สหคลีนิก","name:th":"แซมมี่สหคลีนิก","@type":"way","@id":1291385748},"geometry":{"type":"Point","coordinates":[100.4786546,13.7783059]}},{"type":"Feature","id":1293428256,"properties":{"amenity":"hospital","healthcare":"hospital","name":"โรงพยาบาลพริ้นซ์ สุวรรณภูมิ","name:en":"Princ Hospital Suvarnabhumi","name:th":"โรงพยาบาลพริ้นซ์ สุวรรณภูมิ","website":"https://www.princsuvarnabhumi.com","@type":"way","@id":1293428256},"geometry":{"type":"Point","coordinates":[100.6660695,13.6569727]}},{"type":"Feature","id":1296084292,"properties":{"amenity":"hospital","healthcare":"hospital","name":"ศูนย์บริการสาธารณสุข 59 ทุ่งครุ","@type":"way","@id":1296084292},"geometry":{"type":"Point","coordinates":[100.506519,13.6072325]}},{"type":"Feature","id":1309086845,"properties":{"amenity":"clinic","building":"yes","contact:facebook":"https://www.facebook.com/profile.php?id=61564297561971","healthcare":"clinic","image":"https://www.facebook.com/photo?fbid=122098450460476585&set=a.122098450484476585","mobile":"+66617989390","name":"บุษยาคลินิกการแพทย์แผนไทย","nat_name":"Busaya Clinic  Applied Thai Traditional Medicine","opening_hours":"Mo-Fr 18:00-20:30, Sa-Su 10:00-20:00","@type":"way","@id":1309086845},"geometry":{"type":"Point","coordinates":[100.4696698,13.7409939]}},{"type":"Feature","id":1312215715,"properties":{"amenity":"hospital","healthcare":"hospital","name":"โรงพยาบาลการไฟฟ้านครหลวง","name:th":"โรงพยาบาลการไฟฟ้านครหลวง","@type":"way","@id":1312215715},"geometry":{"type":"Point","coordinates":[100.5096209,13.7870006]}},{"type":"Feature","id":1319861892,"properties":{"amenity":"hospital","healthcare":"hospital","name":"ศูนย์บริการสาธารณสุข 4 ดินแดง","name:th":"ศูนย์บริการสาธารณสุข 4 ดินแดง","@type":"way","@id":1319861892},"geometry":{"type":"Point","coordinates":[100.5580188,13.7698175]}},{"type":"Feature","id":1320610264,"properties":{"amenity":"hospital","building":"hospital","healthcare":"hospital","name":"โรงพยาบาลบางมด","name:th":"โรงพยาบาลบางมด","wikidata":"Q121878235","wikipedia":"th:โรงพยาบาลบางมด","@type":"way","@id":1320610264},"geometry":{"type":"Point","coordinates":[100.4566482,13.671607]}},{"type":"Feature","id":1324050601,"properties":{"amenity":"hospital","healthcare":"hospital","name":"สถาบันราชานุกูล","name:en":"Rajanukul Institute","name:th":"สถาบันราชานุกูล","operator":"กรมสุขภาพจิต","operator:type":"public","@type":"way","@id":1324050601},"geometry":{"type":"Point","coordinates":[100.5541756,13.762087]}},{"type":"Feature","id":1326441700,"properties":{"addr:district":"ดินแดง","addr:housenumber":"52","addr:postcode":"10400","addr:province":"กรุงเทพมหานคร","addr:street":"ซอยประชาสงเคราะห์ 2","addr:subdistrict":"ดินแดง","amenity":"clinic","building":"yes","building:levels":"2","healthcare":"clinic","name":"สุทธิพรการแพทย์","name:th":"สุทธิพรการแพทย์","@type":"way","@id":1326441700},"geometry":{"type":"Point","coordinates":[100.5564654,13.7618711]}},{"type":"Feature","id":1336673649,"properties":{"amenity":"hospital","healthcare":"hospital","name":"โรงพยาบาลสมุทรปราการ","name:en":"Samut Prakan Hospital","name:th":"โรงพยาบาลสมุทรปราการ","@type":"way","@id":1336673649},"geometry":{"type":"Point","coordinates":[100.5974724,13.5846429]}},{"type":"Feature","id":1341199773,"properties":{"addr:housenumber":"222/252","addr:street":"ซอยวิภาวดีรังสิต 60 แยก 18","amenity":"clinic","building":"commercial","building:levels":"3","healthcare":"clinic","healthcare:speciality":"herbalism","name":"กัญบุศร์คลินิกการแพทย์แผนไทย","name:en":"Kunyabut Massage","name:th":"กัญบุศร์คลินิกการแพทย์แผนไทย","@type":"way","@id":1341199773},"geometry":{"type":"Point","coordinates":[100.5798347,13.8629108]}},{"type":"Feature","id":1347055885,"properties":{"addr:district":"คลองเตย","addr:housenumber":"23/19","addr:postcode":"10110","addr:province":"กรุงเทพมหานคร","addr:street":"ซอยสุขุมวิท 10","addr:subdistrict":"คลองเตย","amenity":"clinic","building":"house","building:levels":"4","healthcare":"clinic","name":"อาทิตย์การแพทย์","name:th":"อาทิตย์การแพทย์","phone":"+66 2 252 8209","@type":"way","@id":1347055885},"geometry":{"type":"Point","coordinates":[100.5572849,13.736412]}},{"type":"Feature","id":1350679705,"properties":{"amenity":"hospital","healthcare":"hospital","name":"ศูนย์บริการสาธารณะสุข 3 บางซื่อ","name:th":"ศูนย์บริการสาธารณะสุข 3 บางซื่อ","@type":"way","@id":1350679705},"geometry":{"type":"Point","coordinates":[100.5339465,13.8023582]}},{"type":"Feature","id":1351922811,"properties":{"amenity":"clinic","building":"yes","healthcare":"clinic","name":"ศูนย์บริการสาธารณสุข 55","name:th":"ศูนย์บริการสาธารณสุข 55","@type":"way","@id":1351922811},"geometry":{"type":"Point","coordinates":[100.54826,13.6824859]}},{"type":"Feature","id":1353388582,"properties":{"amenity":"clinic","building":"commercial","healthcare":"clinic","healthcare:speciality":"fertility","name":"Genesis Fertility Center","name:en":"Genesis Fertility Center","@type":"way","@id":1353388582},"geometry":{"type":"Point","coordinates":[100.5432359,13.6739421]}},{"type":"Feature","id":1355904300,"properties":{"amenity":"clinic","building":"yes","healthcare":"clinic","name":"โรงพยาบาลส่งเสริมสุขภาพตำบล บางกอบัว หมู่ 2","name:th":"โรงพยาบาลส่งเสริมสุขภาพตำบล บางกอบัว หมู่ 2","operator":"โรงพยาบาลส่งเสริมสุขภาพตำบล","operator:th":"โรงพยาบาลส่งเสริมสุขภาพตำบล","operator:type":"private","operator:wikidata":"Q16306413","@type":"way","@id":1355904300},"geometry":{"type":"Point","coordinates":[100.5760085,13.697164]}},{"type":"Feature","id":1356233501,"properties":{"amenity":"hospital","healthcare":"hospital","name":"โรงพยาบาลไทรน้อย","name:en":"Sai Noi Hospital","name:th":"โรงพยาบาลไทรน้อย","@type":"way","@id":1356233501},"geometry":{"type":"Point","coordinates":[100.3258606,13.9819164]}},{"type":"Feature","id":1362887263,"properties":{"addr:district":"ดินแดง","addr:housenumber":"246","addr:postcode":"10400","addr:province":"กรุงเทพมหานคร","addr:street":"ซอยวิภาวดีรังสิต 2 แยก 4-9","addr:subdistrict":"รัชดาภิเษก","amenity":"clinic","building":"house","building:levels":"3","healthcare":"clinic","healthcare:speciality":"plastic_surgery","name":"สิริ คลินิก","name:en":"Siri Clinic","name:th":"สิริ คลินิก","@type":"way","@id":1362887263},"geometry":{"type":"Point","coordinates":[100.5583719,13.775089]}},{"type":"Feature","id":1369201067,"properties":{"addr:district":"ดินแดง","addr:housenumber":"123","addr:postcode":"10400","addr:province":"กรุงเทพมหานคร","addr:street":"ถนนวิภาวดีรังสิต","addr:subdistrict":"ดินแดง","amenity":"hospital","healthcare":"hospital","name":"โรงพยาบาล​ทหารผ่านศึก​","name:en":"Veterans General Hospital","name:th":"โรงพยาบาล​ทหารผ่านศึก​","@type":"way","@id":1369201067},"geometry":{"type":"Point","coordinates":[100.5514026,13.7725788]}},{"type":"Feature","id":1374672872,"properties":{"amenity":"hospital","healthcare":"hospital","name":"โรงพยาบาลโรคปอดกรุงเทพ","@type":"way","@id":1374672872},"geometry":{"type":"Point","coordinates":[100.5460209,13.7848733]}},{"type":"Feature","id":1374920162,"properties":{"amenity":"hospital","healthcare":"hospital","name":"ศูนย์สุขภาพช่องปากขั้นสูง","name:th":"ศูนย์สุขภาพช่องปากขั้นสูง","@type":"way","@id":1374920162},"geometry":{"type":"Point","coordinates":[100.5340149,13.783114]}},{"type":"Feature","id":1376409284,"properties":{"amenity":"hospital","healthcare":"hospital","name":"โรงพยาบาลพญาไท พหลโยธิน","name:th":"โรงพยาบาลพญาไท พหลโยธิน","@type":"way","@id":1376409284},"geometry":{"type":"Point","coordinates":[100.5498808,13.7921997]}},{"type":"Feature","id":1384673134,"properties":{"addr:housenumber":"1","addr:postcode":"10800","addr:province":"กรุงเทพมหานคร","addr:street":"Siam Cement Road (building 11)","amenity":"hospital","healthcare":"hospital","name":"โรงพยาบาลบางโพ","wheelchair":"limited","wheelchair:description":"Has small step but accessible door","wikidata":"Q110859252","@type":"way","@id":1384673134},"geometry":{"type":"Point","coordinates":[100.5229925,13.8068562]}},{"type":"Feature","id":1391841619,"properties":{"amenity":"hospital","healthcare":"hospital","name":"รพ.เฉพาะทางด้านกระดูกสันหลังและข้อ S-Spine and Joint Hospital","@type":"way","@id":1391841619},"geometry":{"type":"Point","coordinates":[100.6076322,13.7861028]}},{"type":"Feature","id":1396729649,"properties":{"amenity":"hospital","area":"yes","emergency":"yes","healthcare":"hospital","name":"โรงพยาบาลวิมุต","name:en":"Vimut Hospital","phone":"+66 20790000","website":"https://www.vimut.com/","@type":"way","@id":1396729649},"geometry":{"type":"Point","coordinates":[100.548652,13.7887662]}},{"type":"Feature","id":1424948373,"properties":{"addr:district":"สัมพันธวงศ์","addr:postcode":"10100","addr:province":"กรุงเทพมหานคร","addr:street":"ถนนมิตรภาพไทย-จีน","addr:subdistrict":"ตลาดน้อย","amenity":"clinic","building":"commercial","building:levels":"3","healthcare":"clinic","healthcare:speciality":"fertility","name":"สถานผดุงครรภ์ อานันท์","name:th":"สถานผดุงครรภ์ อานันท์","@type":"way","@id":1424948373},"geometry":{"type":"Point","coordinates":[100.5143336,13.7375255]}},{"type":"Feature","id":1426886300,"properties":{"addr:district":"ลาดกระบัง","addr:housenumber":"1","addr:place":"ซอยฉลองกรุง 1","addr:postcode":"10520","addr:province":"กรุงเทพมหานคร","addr:street":"ถนนฉลองกรุง","addr:subdistrict":"ลำาดกระบัง","amenity":"hospital","contact:facebook":"https://facebook.com/KMCHospitalbyKMITL","healthcare":"hospital","mobile":"+66 (0)92 548 2640","name":"โรงพยาบาลพระจอมเกล้าเจ้าคุณทหาร","name:en":"King Mongkut Chaokhunthahan Hospital","phone":"+66 (0)2 329 1201","short_name":"KMCH","website":"https://kmchf-pp.org","@type":"way","@id":1426886300},"geometry":{"type":"Point","coordinates":[100.7889975,13.7319767]}},{"type":"Feature","id":1434038190,"properties":{"alt_name":"โรงพยาบาลสายหยุด","amenity":"hospital","healthcare":"hospital","name":"โรงพยาบาลเอส วาย เอช","name:en":"SYH Hospital","name:th":"โรงพยาบาลเอส วาย เอช","@type":"way","@id":1434038190},"geometry":{"type":"Point","coordinates":[100.6076132,13.8821509]}},{"type":"Feature","id":1434648444,"properties":{"amenity":"hospital","healthcare":"hospital","name":"ทัณฑสถานโรงพยาบาลราชทัณฑ์","name:en":"Department of Corrections Hospital","name:th":"ทัณฑสถานโรงพยาบาลราชทัณฑ์","operator":"กรมราชทัณฑ์","operator:type":"prison","@type":"way","@id":1434648444},"geometry":{"type":"Point","coordinates":[100.5534927,13.8496979]}},{"type":"Feature","id":1436320285,"properties":{"amenity":"hospital","healthcare":"hospital","name":"โรงพยาบาลมงกุฎวัฒนะ","@type":"way","@id":1436320285},"geometry":{"type":"Point","coordinates":[100.5618268,13.8940378]}},{"type":"Feature","id":1441574247,"properties":{"amenity":"clinic","building":"house","building:levels":"2","healthcare":"clinic","@type":"way","@id":1441574247},"geometry":{"type":"Point","coordinates":[100.5350514,13.7835433]}},{"type":"Feature","id":1443622871,"properties":{"addr:district":"พญาไท","addr:housenumber":"30/7","addr:postcode":"10400","addr:province":"กรุงเทพมหานคร","addr:street":"ซอยจักรชัย","addr:subdistrict":"สามเสนใน","amenity":"clinic","building":"house","healthcare":"clinic","name":"ทีเอ็นซีคลินิกเวชกรรม","name:th":"ทีเอ็นซีคลินิกเวชกรรม","@type":"way","@id":1443622871},"geometry":{"type":"Point","coordinates":[100.544952,13.776008]}},{"type":"Feature","id":1445909058,"properties":{"addr:city":"กรุงเทพมหานคร","addr:district":"บางแค","addr:housenumber":"612/4","addr:postcode":"10160","addr:street":"ถนนพุทธมณฑลสาย 2","addr:subdistrict":"บางไผ่","amenity":"clinic","building":"yes","building:levels":"4","healthcare":"clinic","name":"Skin Story Clinic","@type":"way","@id":1445909058},"geometry":{"type":"Point","coordinates":[100.395795,13.7477169]}},{"type":"Feature","id":1457888906,"properties":{"addr:district":"วัฒนา","addr:housenumber":"45/6","addr:postcode":"10110","addr:province":"กรุงเทพมหานคร","addr:street":"ซอยสุขุมวิท 3","addr:subdistrict":"คลองเตยเหนือ","amenity":"clinic","building":"commercial","building:levels":"5","healthcare":"clinic","name":"คลินิกหมอศิริชัย","@type":"way","@id":1457888906},"geometry":{"type":"Point","coordinates":[100.5535873,13.7461757]}},{"type":"Feature","id":1459510097,"properties":{"amenity":"hospital","healthcare":"hospital","name":"สถาบันสิรินธรฯ","name:th":"สถาบันสิรินธรฯ","official_name":"สถาบันสิรินธรเพื่อการฟื้นฟูสมรรถภาพทางการแพทย์แห่งชาติ","official_name:th":"สถาบันสิรินธรเพื่อการฟื้นฟูสมรรถภาพทางการแพทย์แห่งชาติ","@type":"way","@id":1459510097},"geometry":{"type":"Point","coordinates":[100.5247732,13.8529174]}},{"type":"Feature","id":1464127074,"properties":{"amenity":"hospital","emergency":"yes","healthcare":"hospital","landuse":"military","name":"โรงพยาบาลภูมิพลอดุลยเดช","name:en":"Bhumibol Adulyadej Hospital","name:th":"โรงพยาบาลภูมิพลอดุลยเดช","wikidata":"Q13026856","wikimedia_commons":"Category:Bhumibol Adulyadej Hospital","wikipedia":"th:โรงพยาบาลภูมิพลอดุลยเดช","@type":"way","@id":1464127074},"geometry":{"type":"Point","coordinates":[100.6188872,13.9087102]}},{"type":"Feature","id":1466422180,"properties":{"amenity":"hospital","emergency":"yes","healthcare":"hospital","layer":"1","name":"โรงพยาบาลทศมินทราธิราช","name:en":"Royal Thai Air Force Hospital (Sikan)","operator":"กรมแพทย์ทหารอากาศ","operator:type":"military","@type":"way","@id":1466422180},"geometry":{"type":"Point","coordinates":[100.5814593,13.9411377]}},{"type":"Feature","id":1467500243,"properties":{"amenity":"hospital","healthcare":"hospital","name":"โรงพยาบาลธัญบุรี","name:en":"Thanyaburi Hospital","name:th":"โรงพยาบาลธัญบุรี","@type":"way","@id":1467500243},"geometry":{"type":"Point","coordinates":[100.7298981,14.0195607]}},{"type":"Feature","id":1472142288,"properties":{"amenity":"hospital","healthcare":"hospital","name":"โรงพยาบาล​เทพธารินทร์","name:en":"Theptarin Hospital","name:th":"โรงพยาบาล​เทพธารินทร์","source":"survey","@type":"way","@id":1472142288},"geometry":{"type":"Point","coordinates":[100.5769495,13.7143295]}},{"type":"Feature","id":1474043309,"properties":{"amenity":"hospital","healthcare":"hospital","name":"ศูนย์บริการสาธารณสุข 56 ทับเจริญ","name:en":"Public Health Center 56 Tubcharoen","name:th":"ศูนย์บริการสาธารณสุข 56 ทับเจริญ","website":"https://webportal.bangkok.go.th/healthcenter56","@type":"way","@id":1474043309},"geometry":{"type":"Point","coordinates":[100.6369241,13.8373104]}},{"type":"Feature","id":1482579419,"properties":{"amenity":"hospital","emergency":"yes","healthcare":"hospital","healthcare:speciality":"general;dentist;orthopaedics;dermatology","name":"โรงพยาบาลวิชัยเวช อินเตอร์เนชั่นแนล หนองแขม","name:en":"Vichaivej International Nongkhaem","name:th":"โรงพยาบาลวิชัยเวช อินเตอร์เนชั่นแนล หนองแขม","@type":"way","@id":1482579419},"geometry":{"type":"Point","coordinates":[100.3607729,13.7078481]}},{"type":"Feature","id":1485266147,"properties":{"amenity":"hospital","emergency":"yes","healthcare":"hospital","name":"โรงพยาบาลสมเด็จพระมหารัชมังคลาจารย์ วรปุญญมหาเถระ","operator":"สำนักการแพทย์ กรุงเทพมหานคร","operator:type":"public","start_date":"2026-03-02","@type":"way","@id":1485266147},"geometry":{"type":"Point","coordinates":[100.5692748,13.9419786]}},{"type":"Feature","id":1487097615,"properties":{"amenity":"hospital","healthcare":"hospital","name":"โรงพยาบาลอินทรารัตน์","name:en":"Intrarat Hospital","name:th":"โรงพยาบาลอินทรารัตน์","@type":"way","@id":1487097615},"geometry":{"type":"Point","coordinates":[100.6725234,13.8309941]}},{"type":"Feature","id":1487098320,"properties":{"amenity":"hospital","healthcare":"hospital","name":"โรงพยาบาลนวเวช","name:en":"Navavej International Hospital","name:th":"โรงพยาบาลนวเวช","@type":"way","@id":1487098320},"geometry":{"type":"Point","coordinates":[100.6437021,13.8178119]}},{"type":"Feature","id":1487764636,"properties":{"addr:district":"บางแค","addr:postcode":"10160","addr:province":"กรุงเทพมหานคร","addr:street":"ซอยพุทธมณฑลสาย 3 ซอย 10","addr:subdistrict":"บางไผ่","amenity":"hospital","healthcare":"hospital","name":"โรงพยาบาลราชพิพัฒน์","name:th":"โรงพยาบาลราชพิพัฒน์","phone":"+66 2 421 2222","@type":"way","@id":1487764636},"geometry":{"type":"Point","coordinates":[100.3667347,13.7305751]}},{"type":"Feature","id":1487913462,"properties":{"amenity":"hospital","healthcare":"hospital","name":"ศูนย์บริการสาธารณะสุข 67 ทวีวัฒนา","name:th":"ศูนย์บริการสาธารณะสุข 67 ทวีวัฒนา","@type":"way","@id":1487913462},"geometry":{"type":"Point","coordinates":[100.3543013,13.7731564]}},{"type":"Feature","id":1491851992,"properties":{"amenity":"hospital","healthcare":"hospital","name":"โรงพยาบาลราชวิถี 2 (รังสิต)","name:en":"Rajavithi 2 Hospital (Rangsit)","name:th":"โรงพยาบาลราชวิถี 2 (รังสิต)","operator":"กรมการแพทย์ กระทรวงสาธารณสุข","@type":"way","@id":1491851992},"geometry":{"type":"Point","coordinates":[100.6202787,13.9754011]}},{"type":"Feature","id":1497863792,"properties":{"addr:district":"บางรัก","addr:district:en":"Bang Rak","addr:district:th":"บางรัก","addr:postcode":"10500","addr:province":"กรุงเทพมหานคร","addr:subdistrict":"สีลม","amenity":"hospital","email":"lerdsin_hospital@hotmail.com","emergency":"yes","fax":"023539621","healthcare":"hospital","name":"โรงพยาบาลเลิดสิน","name:en":"Lerdsin Hospital","name:th":"โรงพยาบาลเลิดสิน","phone":"023539800-1","website":"https://www.lerdsin.go.th/","wikidata":"Q30280688","wikimedia_commons":"Category:Lerdsin Hospital","wikipedia":"en:Lerdsin Hospital","@type":"way","@id":1497863792},"geometry":{"type":"Point","coordinates":[100.5177517,13.7215163]}},{"type":"Feature","id":1511816539,"properties":{"amenity":"hospital","healthcare":"hospital","name":"โรงพยาบาลบางไผ่","name:en":"Bang Phai Hospital","name:th":"โรงพยาบาลบางไผ่","@type":"way","@id":1511816539},"geometry":{"type":"Point","coordinates":[100.4650645,13.7250714]}},{"type":"Feature","id":1524819690,"properties":{"addr:country":"TH","addr:district":"เมืองสมุทรสาคร","addr:postcode":"74000","addr:province":"สมุทรสาคร","addr:subdistrict":"บางน้ำจืด","amenity":"hospital","contact:facebook":"https://www.facebook.com/panaceehospital","healthcare":"hospital","name":"โรงพยาบาลพานาซีพระราม 2","name:en":"Panacee Hospital Rama 2","name:th":"โรงพยาบาลพานาซีพระราม 2","website":"https://www.panaceehospital.com","@type":"way","@id":1524819690},"geometry":{"type":"Point","coordinates":[100.3773882,13.6005787]}},{"type":"Feature","id":1528411615,"properties":{"addr:country":"ไทย","addr:district":"เมืองสมุทรสาคร","addr:postcode":"74000","addr:province":"สมุทรสาคร","addr:street":"ถนนสุทธิวาตวิถี","addr:subdistrict":"ท่าฉลอม","amenity":"hospital","country":"ไทย","healthcare":"hospital","name":"โรงพยาบาลท่าฉลอม","name:en":"Thachalom City Hospital","name:th":"โรงพยาบาลท่าฉลอม","province":"สมุทรสาคร","@type":"way","@id":1528411615},"geometry":{"type":"Point","coordinates":[100.2683722,13.5358373]}},{"type":"Feature","id":1529333348,"properties":{"amenity":"hospital","healthcare":"hospital","name":"โรงพยาบาลเซ็นทรัล เยอเนอรัล","name:en":"Central General Hospital","name:th":"โรงพยาบาลเซ็นทรัล เยอเนอรัล","@type":"way","@id":1529333348},"geometry":{"type":"Point","coordinates":[100.6064222,13.8893057]}},{"type":"Feature","id":1531575176,"properties":{"addr:district":"เมืองปทุมธานี","addr:housenumber":"95;95/4","addr:place":"หมู่ที่ 4","addr:postcode":"12000","addr:province":"ปทุมธานี","addr:street":"ถนนศูนย์ศิลปาชีพ","addr:subdistrict":"บางพูน;บ้านกระแชง","amenity":"clinic","building":"yes","healthcare":"clinic","healthcare:speciality":"massage_therapy;traditional_chinese_medicine;acupuncture","name":"พูนสุข เวลเนส สหคลินิก แพทย์แผนไทย-จีน","name:th":"พูนสุข เวลเนส สหคลินิก แพทย์แผนไทย-จีน","opening_hours":"Mo-Su 09:00-20:00; Mo-Su 10:00-20:30","@type":"way","@id":1531575176},"geometry":{"type":"Point","coordinates":[100.5616446,14.0347432]}},{"type":"Feature","id":1531576444,"properties":{"addr:district":"หลักสี่","addr:housenumber":"99/519","addr:postcode":"10210","addr:province":"กรุงเทพมหานคร","addr:street":"ถนนแจ้งวัฒนะ","addr:subdistrict":"ทุ่งสองห้อง","amenity":"clinic","building":"yes","healthcare":"clinic","name":"ไฮป์คลินิกเวชกรรม","name:en":"Hype Clinic","name:th":"ไฮป์คลินิกเวชกรรม","@type":"way","@id":1531576444},"geometry":{"type":"Point","coordinates":[100.5669439,13.8911465]}},{"type":"Feature","id":1533007942,"properties":{"addr:country":"TH","addr:district":"ราชเทวี","addr:housenumber":"364/1","addr:postcode":"10400","addr:province":"กรุงเทพมหานคร","addr:street":"ถนนศรีอยุธยา","addr:subdistrict":"ถนนพญาไท","amenity":"hospital","emergency":"yes","healthcare":"hospital","internet_access":"wlan","name":"โรงพยาบาลพญาไท 1","name:en":"Phyathai 1 Hospital","name:th":"โรงพยาบาลพญาไท 1","website":"https://www.phyathai.com/","wikidata":"Q7188400","wikipedia":"en:Phyathai 1 Hospital","@type":"way","@id":1533007942},"geometry":{"type":"Point","coordinates":[100.5396908,13.7561003]}},{"type":"Feature","id":1548814552,"properties":{"amenity":"clinic","building":"yes","healthcare":"clinic","name":"Body and Co Clinic","@type":"way","@id":1548814552},"geometry":{"type":"Point","coordinates":[100.6538771,13.8196152]}},{"type":"Feature","id":1550520564,"properties":{"addr:city":"แขวงทวีวัฒนา","addr:district":"ทวีวัฒนา","addr:housenumber":"23","addr:place":"หมู่ที่ 8","addr:postcode":"10170","addr:province":"กรุงเทพมหานคร","addr:street":"ถนนพุทธมณฑลสาย 4","addr:subdistrict":"ทวีวัฒนา","amenity":"hospital","email":"galyains@dmh.mail.go.th","healthcare":"hospital","healthcare:speciality":"psychiatry","name":"สถาบันกัลยาณ์ราชนครินทร์","name:en":"Galya Rajanagarindra Institute","name:th":"สถาบันกัลยาณ์ราชนครินทร์","operator":"กระทรวงสาธารณสุข","operator:type":"government","phone":"+6624416100","start_date":"1971-09-24","website":"https://galya.go.th/","@type":"way","@id":1550520564},"geometry":{"type":"Point","coordinates":[100.3318345,13.7619698]}},{"type":"Feature","id":1551753429,"properties":{"amenity":"hospital","healthcare":"hospital","name":"โรงพยาบาลบุษราคัมจิตการุณย์","@type":"way","@id":1551753429},"geometry":{"type":"Point","coordinates":[100.6573319,13.889598]}},{"type":"Feature","id":1559853548,"properties":{"amenity":"clinic","building":"yes","healthcare":"clinic","name":"ศูนย์บริการสาธารณสุข 53 ทุ่งสองห้อง","name:th":"ศูนย์บริการสาธารณสุข 53 ทุ่งสองห้อง","@type":"way","@id":1559853548},"geometry":{"type":"Point","coordinates":[100.5801614,13.9025703]}},{"type":"Feature","id":1561340827,"properties":{"amenity":"hospital","healthcare":"hospital","name":"โรงพยาบาลชุมชน นาควัชระอุทิศ","name:th":"โรงพยาบาลชุมชน นาควัชระอุทิศ","@type":"way","@id":1561340827},"geometry":{"type":"Point","coordinates":[100.3702187,13.690639]}},{"type":"Feature","id":1561975901,"properties":{"addr:country":"ไทย","addr:district":"ประเวศ","addr:postcode":"10250","addr:province":"กรุงเทพมหานคร","addr:street":"อ่อนนุช90","addr:subdistrict":"ประเวศ","amenity":"hospital","contact:facebook":"https://www.facebook.com/100064342555666/","healthcare":"hospital","name":"โรงพยาบาลสิรินธร","name:en":"Sirindhorn Hospital","name:th":"โรงพยาบาลสิรินธร","operator":"Ministry of Public Health","operator:short":"MOPH","operator:type":"government","operator:wikidata":"Q5970641","website":"https://www.sirindhornhosp.go.th/main/index.php","@type":"way","@id":1561975901},"geometry":{"type":"Point","coordinates":[100.7068414,13.7174108]}},{"type":"Feature","id":1562709416,"properties":{"addr:district":"บางบอน","addr:housenumber":"1117/7","addr:postcode":"10150","addr:province":"กรุงเทพมหานคร","addr:street":"ถนนเอกชัย","addr:subdistrict":"บางบอนใต้","amenity":"hospital","emergency":"yes","healthcare":"hospital","healthcare:speciality":"internal;orthodontics;emergency;surgery;gynaecology;paediatrics","name":"โรงพยาบาลนครธน 2","name:en":"Nakornthon 2 Hospital","name:th":"โรงพยาบาลนครธน 2","@type":"way","@id":1562709416},"geometry":{"type":"Point","coordinates":[100.3982178,13.6567828]}},{"type":"Feature","id":1562754354,"properties":{"amenity":"hospital","healthcare":"hospital","name":"โรงพยาบาลหลวงพ่อทวีศักดิ์","name:en":"Luang Pho Thawisak Hospital","name:th":"โรงพยาบาลหลวงพ่อทวีศักดิ์","@type":"way","@id":1562754354},"geometry":{"type":"Point","coordinates":[100.3452106,13.6557394]}},{"type":"Feature","id":1563409204,"properties":{"addr:district":"ธนบุรี","addr:housenumber":"257/5","addr:street":"ถนนเจริญนคร","addr:subdistrict":"สำเหร่","amenity":"clinic","building":"yes","healthcare":"optometrist","name":"ยอดจักษุคลินิก","name:th":"ยอดจักษุคลินิก","website":"http://www.yodeyeclinic.com/","@type":"way","@id":1563409204},"geometry":{"type":"Point","coordinates":[100.4901926,13.7048023]}},{"type":"Feature","id":1563983106,"properties":{"amenity":"clinic","healthcare":"dialysis","healthcare:speciality":"nephrology","name":"ศูนย์ฟอกไต QOL โรงพยาบาลวิมุต วัชรพล","@type":"way","@id":1563983106},"geometry":{"type":"Point","coordinates":[100.6473474,13.8610919]}},{"type":"Feature","id":1564862332,"properties":{"amenity":"clinic","building":"yes","healthcare":"clinic","name":"ศูนย์บริการสาธารณสุข 45 ร่มเกล้า ลาดกระบัง","name:en":"Health Center 45 Romklao","name:th":"ศูนย์บริการสาธารณสุข 45 ร่มเกล้า ลาดกระบัง","@type":"way","@id":1564862332},"geometry":{"type":"Point","coordinates":[100.7282237,13.7611433]}},{"type":"Feature","id":1001431539,"properties":{"amenity":"hospital","check_date":"2025-11-22","name":"สถานีอนามัยเกาะเสม็ด","name:en":"Ko Samet Health Centre","name:th":"สถานีอนามัยเกาะเสม็ด","@type":"node","@id":1001431539},"geometry":{"type":"Point","coordinates":[101.4644665,12.5703545]}},{"type":"Feature","id":1596018580,"properties":{"amenity":"clinic","healthcare":"clinic","name":"Rehab Scandinavia","website":"http://www.rehabscandinavia.com/","@type":"node","@id":1596018580},"geometry":{"type":"Point","coordinates":[100.9956646,12.9327298]}},{"type":"Feature","id":1597544742,"properties":{"amenity":"hospital","healthcare":"hospital","@type":"node","@id":1597544742},"geometry":{"type":"Point","coordinates":[101.0732375,13.6844421]}},{"type":"Feature","id":1658690743,"properties":{"amenity":"hospital","name":"โรงพยาบาลพนัสนิคม","name:en":"Phanat Nikhom Hospital","@type":"node","@id":1658690743},"geometry":{"type":"Point","coordinates":[101.1726897,13.4599569]}},{"type":"Feature","id":1800559122,"properties":{"amenity":"hospital","emergency":"yes","name":"คลินิกชุมชนอบอุ่น","name:en":"Chumchon Op-Un Clinic","@type":"node","@id":1800559122},"geometry":{"type":"Point","coordinates":[101.2787691,12.6742578]}},{"type":"Feature","id":2696427908,"properties":{"amenity":"clinic","emergency":"no","fixme":"name missing","healthcare":"clinic","name":"โรงพยาบาลส่งเสริมสุขภาพตำบล","name:en":"Subdistrict Health Promoting Hospital","@type":"node","@id":2696427908},"geometry":{"type":"Point","coordinates":[100.9367915,13.2828932]}},{"type":"Feature","id":2737036678,"properties":{"amenity":"hospital","name":"ศูนย์บริการสาธารณสุข ปากน้ำ","name:en":"Paknam Health Service Center","name:th":"ศูนย์บริการสาธารณสุข ปากน้ำ","@type":"node","@id":2737036678},"geometry":{"type":"Point","coordinates":[101.2606406,12.6610428]}},{"type":"Feature","id":2889115530,"properties":{"addr:district":"บ้านค่าย","addr:postcode":"21120","addr:province":"ระยอง","addr:subdistrict":"หนองละลอก","amenity":"hospital","healthcare":"hospital","name":"โรงพยาบาลบ้านค่าย","name:en":"Bankhai Hospital","name:th":"โรงพยาบาลบ้านค่าย","operator":"Ministry of Public Health","operator:short":"MOPH","operator:type":"government","operator:wikidata":"Q5970641","website":"https://bankhaihospital.moph.go.th/home/","@type":"node","@id":2889115530},"geometry":{"type":"Point","coordinates":[101.2926381,12.7783009]}},{"type":"Feature","id":2899853957,"properties":{"amenity":"clinic","emergency":"no","fixme":"name missing","healthcare":"clinic","name":"โรงพยาบาลส่งเสริมสุขภาพตำบล","name:en":"Subdistrict Health Promoting Hospital","@type":"node","@id":2899853957},"geometry":{"type":"Point","coordinates":[101.3170202,12.8880657]}},{"type":"Feature","id":2923413925,"properties":{"amenity":"clinic","emergency":"no","fixme":"name missing","healthcare":"clinic","name":"โรงพยาบาลส่งเสริมสุขภาพตำบล","name:en":"Subdistrict Health Promoting Hospital","@type":"node","@id":2923413925},"geometry":{"type":"Point","coordinates":[101.3476281,12.6472988]}},{"type":"Feature","id":2923765963,"properties":{"amenity":"clinic","emergency":"no","fixme":"name missing","healthcare":"clinic","name":"โรงพยาบาลส่งเสริมสุขภาพตำบล","name:en":"Subdistrict Health Promoting Hospital","@type":"node","@id":2923765963},"geometry":{"type":"Point","coordinates":[101.5061752,12.6419436]}},{"type":"Feature","id":3440255382,"properties":{"amenity":"clinic","healthcare":"clinic","name":"Jankamol Clinic","@type":"node","@id":3440255382},"geometry":{"type":"Point","coordinates":[100.8937889,12.9169709]}},{"type":"Feature","id":3440255387,"properties":{"amenity":"clinic","healthcare":"clinic","name":"Rinrada Clinic","@type":"node","@id":3440255387},"geometry":{"type":"Point","coordinates":[100.8946994,12.9164706]}},{"type":"Feature","id":3598149749,"properties":{"amenity":"clinic","healthcare":"clinic","name":"Pattaya Clinic Laboratory","opening_hours":"Mo-Sa 07:00-12:00","phone":"+66 81 8632868","website":"https://www.pattaya-lab.com/","@type":"node","@id":3598149749},"geometry":{"type":"Point","coordinates":[100.9013948,12.9690608]}},{"type":"Feature","id":3799133437,"properties":{"addr:street":"เฉลิมพระเกียรติ","amenity":"clinic","healthcare":"clinic","name":"Asia Inter Clinic","@type":"node","@id":3799133437},"geometry":{"type":"Point","coordinates":[100.8866342,12.9269401]}},{"type":"Feature","id":4190963824,"properties":{"amenity":"hospital","name":"โรงพยาบาล วิภาราม อมตะนคร","@type":"node","@id":4190963824},"geometry":{"type":"Point","coordinates":[101.0030811,13.4210941]}},{"type":"Feature","id":4459928090,"properties":{"amenity":"clinic","name":"อินเตอร์เนชั่นแนล คลินิก","name:en":"International Clinic","name:th":"อินเตอร์เนชั่นแนล คลินิก","@type":"node","@id":4459928090},"geometry":{"type":"Point","coordinates":[101.46347,12.5737556]}},{"type":"Feature","id":4465957791,"properties":{"amenity":"clinic","healthcare":"clinic","name":"คลินิกการแพทย์แผนไทยณัฐปคัลภ์","phone":"+66 897545208","@type":"node","@id":4465957791},"geometry":{"type":"Point","coordinates":[101.2167273,13.3900001]}},{"type":"Feature","id":4483991424,"properties":{"amenity":"hospital","@type":"node","@id":4483991424},"geometry":{"type":"Point","coordinates":[100.9627547,13.542498]}},{"type":"Feature","id":4623976842,"properties":{"alt_name":"สถานีอนามัยสองสลึง","amenity":"clinic","emergency":"no","healthcare":"clinic","name":"โรงพยาบาลส่งเสริมสุขภาพตำบล สองสลึง","name:en":"Song Salueng Subdistrict Health Promoting Hospital","office":"administrative","short_name":"รพ.สต.สองสลึง","@type":"node","@id":4623976842},"geometry":{"type":"Point","coordinates":[101.5613117,12.7135633]}},{"type":"Feature","id":4626845861,"properties":{"amenity":"clinic","name":"ระยองโพลีคลินิก","name:en":"Rayong Polyclinic","name:th":"ระยองโพลีคลินิก","@type":"node","@id":4626845861},"geometry":{"type":"Point","coordinates":[101.271461,12.6838057]}},{"type":"Feature","id":4773794125,"properties":{"amenity":"clinic","name":"โรงพยาบาลเกษมราช","name:th":"โรงพยาบาลเกษมราช","@type":"node","@id":4773794125},"geometry":{"type":"Point","coordinates":[101.0511469,13.6955144]}},{"type":"Feature","id":4791588323,"properties":{"addr:housenumber":"262/1","addr:postcode":"20150","addr:street":"Beach Road","amenity":"clinic","email":"dr.nitivadee@gmail.com","healthcare":"clinic","healthcare:speciality":"dermatology","name":"La Nitivadee Dermatology & Aesthetic Laser Center","name:en":"La Nitivadee Dermatology & Aesthetic Laser Center","opening_hours":"Mo-Fr 10:00-19:00; Sa 10:00-16:00","operator":"Dr. Nitivadee Teeyapan-Songdej","phone":"+66 81 982 3957","website":"http://www.lanitivadee.com","@type":"node","@id":4791588323},"geometry":{"type":"Point","coordinates":[100.8804157,12.9326219]}},{"type":"Feature","id":5136899728,"properties":{"amenity":"clinic","name":"พี่ภภ","@type":"node","@id":5136899728},"geometry":{"type":"Point","coordinates":[101.1391282,12.7734029]}},{"type":"Feature","id":5199280123,"properties":{"amenity":"clinic","name":"คลินิกธนิตแพทย์แผนไทยประยุกต์","name:en":"Thanit Applied thai traditional medicine","@type":"node","@id":5199280123},"geometry":{"type":"Point","coordinates":[100.93083,13.162527]}},{"type":"Feature","id":5646661721,"properties":{"addr:city":"เสม็ด","addr:housenumber":"300","addr:postcode":"20000","addr:street":"ซอยนารถมนตเสวี 13","amenity":"hospital","healthcare":"hospital","healthcare:speciality":"oncology","name":"ศูนย์มะเร็งชลบุรี","name:en":"Chonburi Cancer Center","operator":"สถาบันมะเร็งแห่งชาติ","operator:type":"public","@type":"node","@id":5646661721},"geometry":{"type":"Point","coordinates":[100.9529983,13.3442803]}},{"type":"Feature","id":6275678385,"properties":{"amenity":"hospital","@type":"node","@id":6275678385},"geometry":{"type":"Point","coordinates":[101.1048556,13.6629934]}},{"type":"Feature","id":6522625782,"properties":{"alt_name":"สถานีอนามัยบ้านโค้งวันเพ็ญ","amenity":"clinic","emergency":"no","healthcare":"clinic","healthcare:speciality":"general","name":"โรงพยาบาลส่งเสริมสุขภาพตำบล บ้านโค้งวันเพ็ญ","name:en":"Ban Khong Wanphen Subdistrict Health Promoting Hospital","opening_hours":"Mo-Sa 08:00-17:00","operator":"Government","short_name":"รพ.สต.บ้านโค้งวันเพ็ญ","@type":"node","@id":6522625782},"geometry":{"type":"Point","coordinates":[100.9387534,12.7484731]}},{"type":"Feature","id":6648105101,"properties":{"addr:street":"ถนนสุขุมวิท","amenity":"clinic","name":"ชาติชัย คลินิค","@type":"node","@id":6648105101},"geometry":{"type":"Point","coordinates":[101.2857713,12.6787651]}},{"type":"Feature","id":6648426816,"properties":{"amenity":"clinic","name":"ราชวิถี สลิมแคร์","@type":"node","@id":6648426816},"geometry":{"type":"Point","coordinates":[101.2653463,12.6865277]}},{"type":"Feature","id":6666357935,"properties":{"addr:street":"ถนนสุขุมวิท","amenity":"clinic","name":"แพนคลีนิก","@type":"node","@id":6666357935},"geometry":{"type":"Point","coordinates":[101.2778085,12.6814878]}},{"type":"Feature","id":6666357937,"properties":{"addr:street":"ถนนสุขุมวิท","amenity":"clinic","name":"พงศ์ศักดิ์คลินิก","@type":"node","@id":6666357937},"geometry":{"type":"Point","coordinates":[101.2781102,12.6814649]}},{"type":"Feature","id":6685235901,"properties":{"addr:street":"ถนนศรีราชา-หนองยายบู่","amenity":"clinic","name":"TK ศรีราชา","@type":"node","@id":6685235901},"geometry":{"type":"Point","coordinates":[100.9763691,13.1489904]}},{"type":"Feature","id":6772396491,"properties":{"addr:street":"ถนนพัทยาเหนือ","amenity":"clinic","healthcare":"clinic","name":"เมดิควีนส์ คลินิก","name:en":"Mediqueen Clinic","@type":"node","@id":6772396491},"geometry":{"type":"Point","coordinates":[100.890928,12.9508319]}},{"type":"Feature","id":6772901312,"properties":{"addr:street":"ถนนพัทยาเหนือ","amenity":"clinic","healthcare":"clinic","name":"กรวิน คลินิก สาขาพัทยา","name:en":"Korawin Clinic","phone":"+6691-054-5263","@type":"node","@id":6772901312},"geometry":{"type":"Point","coordinates":[100.8982699,12.9495484]}},{"type":"Feature","id":6774743405,"properties":{"amenity":"clinic","name:en":"Cosmic Care Clinic","name:th":"คอสมีก แคร์ คลินิก","@type":"node","@id":6774743405},"geometry":{"type":"Point","coordinates":[101.0469018,12.7204631]}},{"type":"Feature","id":6789394343,"properties":{"addr:street":"พัทยาใต้","amenity":"clinic","healthcare":"clinic","name":"นิรามัยแพทย์","@type":"node","@id":6789394343},"geometry":{"type":"Point","coordinates":[100.8752116,12.9269683]}},{"type":"Feature","id":6804062375,"properties":{"amenity":"clinic","healthcare":"clinic","name:en":"Cosmo Clinic","@type":"node","@id":6804062375},"geometry":{"type":"Point","coordinates":[100.8929292,12.9361121]}},{"type":"Feature","id":6824037746,"properties":{"addr:street":"พัทยาใต้","amenity":"clinic","healthcare":"clinic","healthcare:speciality":"surgery","name":"มิลเลี่ยน คลินิกเวชกรรม","name:en":"Million Clinic","@type":"node","@id":6824037746},"geometry":{"type":"Point","coordinates":[100.8898667,12.9202991]}},{"type":"Feature","id":6830933550,"properties":{"amenity":"clinic","healthcare":"clinic","healthcare:speciality":"dermatovenereology","name":"คลินิกเทคนิคการแพทย์ซิสเตอร์","name:en":"Sisters Foundation Pattaya","opening_hours":"Mo-Fr 13:00-17:00, Sa-Su closed","@type":"node","@id":6830933550},"geometry":{"type":"Point","coordinates":[100.8914717,12.9282644]}},{"type":"Feature","id":6845014863,"properties":{"addr:street":"ถนนเบญญาภา","amenity":"clinic","building":"amenity","name":"ดีมอร์ คลินิก","@type":"node","@id":6845014863},"geometry":{"type":"Point","coordinates":[100.9666488,13.3400039]}},{"type":"Feature","id":6847991794,"properties":{"addr:street":"ถนนเบญญาภา","amenity":"clinic","name":"มนตรา คลินิก","@type":"node","@id":6847991794},"geometry":{"type":"Point","coordinates":[100.9673113,13.3397637]}},{"type":"Feature","id":6871927755,"properties":{"amenity":"clinic","healthcare":"clinic","@type":"node","@id":6871927755},"geometry":{"type":"Point","coordinates":[100.9160663,12.8223321]}},{"type":"Feature","id":7128750087,"properties":{"amenity":"hospital","name":"โรงพญาบาลแก่งหางแมว","name:en":"Kaeng Hang Maeo Hospital","name:th":"โรงพญาบาลแก่งหางแมว","@type":"node","@id":7128750087},"geometry":{"type":"Point","coordinates":[101.8957241,12.9947963]}},{"type":"Feature","id":7128975381,"properties":{"amenity":"hospital","name":"Klaeng Hospital","@type":"node","@id":7128975381},"geometry":{"type":"Point","coordinates":[101.6704213,12.7854415]}},{"type":"Feature","id":7511402300,"properties":{"addr:city":"Sattahip","addr:housenumber":"ศูนย์สุขภาพชุมชนำบลสัตหีบ 0333","addr:postcode":"20180","amenity":"hospital","emergency":"no","healthcare":"hospital","name":"ศูนย์สุขภาพชุมชนตำบลสัตหีบ","@type":"node","@id":7511402300},"geometry":{"type":"Point","coordinates":[100.8989797,12.6621848]}},{"type":"Feature","id":7688192168,"properties":{"amenity":"hospital","healthcare":"hospital","name":"โรงพยาบาลสามย่าน","name:en":"Sam Yan Hospital Muang Klaeng Clinic","@type":"node","@id":7688192168},"geometry":{"type":"Point","coordinates":[101.644243,12.7790272]}},{"type":"Feature","id":7856667442,"properties":{"amenity":"hospital","name":"โรงพยาบาลท่าใหม่","name:en":"Tha Mai Hospital","@type":"node","@id":7856667442},"geometry":{"type":"Point","coordinates":[102.0088506,12.6197663]}},{"type":"Feature","id":7856667443,"properties":{"amenity":"hospital","name":"โรงพยาบาลสองพี่น้อง","name:en":"Song Phi Nong Hospital","@type":"node","@id":7856667443},"geometry":{"type":"Point","coordinates":[101.9854188,12.6743021]}},{"type":"Feature","id":7856667444,"properties":{"amenity":"hospital","name":"โรงพยาบาลเขาสุกิม","name:en":"Khao Sukim Hospital","@type":"node","@id":7856667444},"geometry":{"type":"Point","coordinates":[102.0333767,12.76993]}},{"type":"Feature","id":7856667446,"properties":{"amenity":"hospital","name":"โรงพยาบาลบางคล้า","name:en":"Bang Khla Hospital","@type":"node","@id":7856667446},"geometry":{"type":"Point","coordinates":[101.2195998,13.7457945]}},{"type":"Feature","id":7856667447,"properties":{"amenity":"hospital","name":"โรงพยาบาลคริสเตียนบางคล้า","name:en":"Bang Khla Christian Hospital","@type":"node","@id":7856667447},"geometry":{"type":"Point","coordinates":[101.2078786,13.7207918]}},{"type":"Feature","id":7856667453,"properties":{"amenity":"hospital","name":"โรงพยาบาลท่าตะเกียบ","name:en":"Tha Takiap Hospital","@type":"node","@id":7856667453},"geometry":{"type":"Point","coordinates":[101.6946082,13.3844428]}},{"type":"Feature","id":7856667454,"properties":{"amenity":"hospital","name":"โรงพยาบาลนายายอาม","name:en":"Na Yai Am Hospital","@type":"node","@id":7856667454},"geometry":{"type":"Point","coordinates":[101.8536794,12.7709554]}},{"type":"Feature","id":7856667456,"properties":{"addr:country":"ไทย","addr:district":"วังจันทร์","addr:place":"1","addr:postcode":"21210","addr:province":"ระยอง","addr:province:en":"Rayong","addr:subdistrict":"ชุมแสง","amenity":"hospital","country":"ไทย","healthcare":"hospital","name":"โรงพยาบาลวังจันทร์","name:en":"Wang Chan Hospital","name:th":"โรงพยาบาลวังจันทร์","operator":"Ministry of Public Health","operator:short":"MOPH","operator:type":"government","operator:wikidata":"Q5970641","province":"ระยอง","website":"https://wangchanhospital.moph.go.th/","@type":"node","@id":7856667456},"geometry":{"type":"Point","coordinates":[101.5290087,12.9390046]}},{"type":"Feature","id":7856667457,"properties":{"amenity":"hospital","name":"โรงพยาบาลบำรุงราษฎร์ระยอง","name:en":"Bamrungrad Rayong Hospital","@type":"node","@id":7856667457},"geometry":{"type":"Point","coordinates":[101.204963,12.6927319]}},{"type":"Feature","id":7856667459,"properties":{"amenity":"hospital","name":"โรงพยาบาลมาบตาพุด","name:en":"Map Ta Phut Hospital","@type":"node","@id":7856667459},"geometry":{"type":"Point","coordinates":[101.1264977,12.7183739]}},{"type":"Feature","id":7856667460,"properties":{"addr:country":"ไทย","addr:district":"บ้านฉาง","addr:postcode":"21130","addr:province":"ระยอง","addr:subdistrict":"พลา","amenity":"hospital","country":"Thailand","healthcare":"hospital","name":"โรงพยาบาลบ้านฉาง","name:en":"Ban Chang Hospital","name:th":"โรงพยาบาลบ้านฉาง","operator":"Ministry of Public Health","operator:short":"MOPH","operator:type":"government","operator:wikidata":"Q5970641","province":"Rayong","@type":"node","@id":7856667460},"geometry":{"type":"Point","coordinates":[101.0428315,12.7259953]}},{"type":"Feature","id":7856667461,"properties":{"amenity":"hospital","name":"โรงพยาบาลสัตหีบ กม.10","name:en":"Sattahip Km.10 Hospital","@type":"node","@id":7856667461},"geometry":{"type":"Point","coordinates":[100.9741616,12.6973921]}},{"type":"Feature","id":7856667462,"properties":{"amenity":"hospital","name":"โรงพยาบาลอาภากรเกียรติวงศ์","name:en":"Aphakon Kiattiwong Hospital","@type":"node","@id":7856667462},"geometry":{"type":"Point","coordinates":[100.8957285,12.6624004]}},{"type":"Feature","id":7856667463,"properties":{"addr:country":"Thailand","addr:district":"หนองใหญ่","addr:housenumber":"207","addr:place":"1","addr:postcode":"20190","addr:province":"ชลบุรี","addr:subdistrict":"หนองใหญ่","amenity":"hospital","country":"ไทย","healthcare":"hospital","name":"โรงพยาบาลหนองใหญ่","name:en":"Nong Yai Hospital","operator":"Ministry of Public Health","operator:short":"MOPH","operator:type":"government","operator:wikidata":"Q5970641","website":"https://nongyaihos.moph.go.th/","@type":"node","@id":7856667463},"geometry":{"type":"Point","coordinates":[101.3636827,13.1571342]}},{"type":"Feature","id":7856667464,"properties":{"addr:country":"Thailand","addr:district":"บ่อทอง","addr:district:en":"Bo Thong","addr:postcode":"20270","addr:province":"ชลบุรี","addr:province:en":"Chonburi","addr:subdistrict":"บ่อทอง","amenity":"hospital","contact:facebook":"https://www.facebook.com/hosbth/","country":"ไทย","healthcare":"hospital","name":"โรงพยาบาลบ่อทอง","name:en":"Bo Thong Hospital","name:th":"โรงพยาบาลบ่อทอง","operator":"Ministry of Public Health","operator:short":"MOPH","operator:type":"government","operator:wikidata":"Q5970641","province":"ชลบุรี","website":"https://bth.cbo.moph.go.th/","@type":"node","@id":7856667464},"geometry":{"type":"Point","coordinates":[101.4198911,13.2824684]}},{"type":"Feature","id":7856667465,"properties":{"addr:country":"ไทย","addr:district":"ปลวกแดง","addr:postcode":"21140","addr:province":"ระยอง","addr:subdistrict":"ปลวกแดง","amenity":"hospital","country":"ไทย","healthcare":"hospital","name":"โรงพยาบาลปลวกแดง","name:en":"Pluak Daeng Hospital","name:th":"โรงพยาบาลปลวกแดง","operator":"Ministry of Public Health","operator:short":"MOPH","operator:type":"government","operator:wikidata":"Q5970641","website":"http://www.pluakdaenghospital.moph.go.th","@type":"node","@id":7856667465},"geometry":{"type":"Point","coordinates":[101.2193048,12.9697133]}},{"type":"Feature","id":7856667466,"properties":{"amenity":"hospital","name":"โรงพยาบาลปิยะเวชช์ บ่อวิน","name:en":"Piyawetch Bo Win Hospital","@type":"node","@id":7856667466},"geometry":{"type":"Point","coordinates":[101.1024356,13.062898]}},{"type":"Feature","id":7856667467,"properties":{"amenity":"hospital","healthcare":"hospital","name":"โรงพยาบาลบ้านบึง","name:en":"Ban Bueng Hospital","name:th":"โรงพยาบาลบ้านบึง","@type":"node","@id":7856667467},"geometry":{"type":"Point","coordinates":[101.1093557,13.316355]}},{"type":"Feature","id":7856667468,"properties":{"amenity":"hospital","name":"โรงพยาบาลแม่และเด็ก","name:en":"Mother And Child Hospital","@type":"node","@id":7856667468},"geometry":{"type":"Point","coordinates":[101.0258639,13.3687339]}},{"type":"Feature","id":7856667469,"properties":{"amenity":"hospital","healthcare":"hospital","name":"โรงพยาบาลชลเวช","name:en":"Chonlawet Hospital","name:th":"โรงพยาบาลชลเวช","@type":"node","@id":7856667469},"geometry":{"type":"Point","coordinates":[100.9860921,13.3628467]}},{"type":"Feature","id":7856667470,"properties":{"amenity":"hospital","name":"โรงพยาบาลค่ายนวมินทราชินี","name:en":"Khai Nawamintharachini Hospital","@type":"node","@id":7856667470},"geometry":{"type":"Point","coordinates":[100.9909254,13.3869216]}},{"type":"Feature","id":7856667471,"properties":{"addr:district":"พานทอง","addr:district:en":"Phantong","addr:province":"ชลบุรี","addr:province:en":"Chonburi","addr:subdistrict":"พานทอง","amenity":"hospital","country":"Thailand","healthcare":"hospital","name":"โรงพยาบาลพานทอง","name:en":"Phan Thong Hospital","operator":"กระทรวงสาธารณสุข Ministry of Public Health","operator:type":"government","website":"https://www.panthonghospital.com/","@type":"node","@id":7856667471},"geometry":{"type":"Point","coordinates":[101.0984713,13.4690753]}},{"type":"Feature","id":7856667484,"properties":{"amenity":"hospital","name":"โรงพยาบาลสนามชัยเขต","name:en":"Sanam Chai Khet Hospital","@type":"node","@id":7856667484},"geometry":{"type":"Point","coordinates":[101.4410966,13.6459868]}},{"type":"Feature","id":7856667485,"properties":{"amenity":"hospital","name":"โรงพยาบาลแปลงยาว","name:en":"Plaeng Yao Hospital","@type":"node","@id":7856667485},"geometry":{"type":"Point","coordinates":[101.2816179,13.5824215]}},{"type":"Feature","id":7856667486,"properties":{"amenity":"hospital","name":"โรงพยาบาลพนมสารคาม","name:en":"Phanom Sarakham Hospital","@type":"node","@id":7856667486},"geometry":{"type":"Point","coordinates":[101.3628566,13.7476755]}},{"type":"Feature","id":7856667487,"properties":{"amenity":"hospital","healthcare":"hospital","name":"โรงพยาบาลบ้านโพธิ์","name:en":"Ban Pho Hospital","@type":"node","@id":7856667487},"geometry":{"type":"Point","coordinates":[101.0869753,13.6011196]}},{"type":"Feature","id":8428177460,"properties":{"amenity":"clinic","healthcare":"clinic","name":"V-Plast Clinic","@type":"node","@id":8428177460},"geometry":{"type":"Point","coordinates":[100.920523,13.2855143]}},{"type":"Feature","id":8562439196,"properties":{"addr:city":"ระยอง","addr:housenumber":"117 หมู่ที่ 6","addr:postcode":"21120","addr:street":"ตำบลหนองบัว อำเภอบ้านค่าย","amenity":"hospital","healthcare":"hospital","name":"โรงพยาบาลส่งเสริมสุขภาพตำบลตำบลบ้านหัวชวด General Hospital","phone":"+6638032497","@type":"node","@id":8562439196},"geometry":{"type":"Point","coordinates":[101.3124952,12.8444089]}},{"type":"Feature","id":10279541905,"properties":{"addr:city":"เนินพระ","addr:housenumber":"218","addr:postcode":"21000","addr:street":"แสงจันทร์เนรมิต","amenity":"hospital","emergency":"no","healthcare":"hospital","healthcare:speciality":"cancer;brc;radiology","name":"Bangkok Rayong Cancer Hospital","name:th":"โรงพยาบาลมะเร็งกรุงเทพระยอง","operator":"BANGKOK HOSPITAL RAYONG BY BDMD","operator:type":"business","phone":"033 060 655","@type":"node","@id":10279541905},"geometry":{"type":"Point","coordinates":[101.2334407,12.6767798]}},{"type":"Feature","id":11232776398,"properties":{"amenity":"clinic","healthcare":"clinic","name":"Seoul Clinic Pattaya","@type":"node","@id":11232776398},"geometry":{"type":"Point","coordinates":[100.9071607,12.9550193]}},{"type":"Feature","id":11309558865,"properties":{"amenity":"clinic","healthcare":"clinic","healthcare:speciality":"plastic_surgery","name":"PHD Clinic","@type":"node","@id":11309558865},"geometry":{"type":"Point","coordinates":[100.8948959,12.9338989]}},{"type":"Feature","id":11361358580,"properties":{"amenity":"clinic","healthcare":"clinic","healthcare:speciality":"plastic_surgery","name":"Bangkok Clinic Loyal","@type":"node","@id":11361358580},"geometry":{"type":"Point","coordinates":[100.8862626,12.9365909]}},{"type":"Feature","id":11854019197,"properties":{"amenity":"hospital","healthcare":"hospital","name":"Khao Chamao Hospital","@type":"node","@id":11854019197},"geometry":{"type":"Point","coordinates":[101.6731831,12.988131]}},{"type":"Feature","id":11977653677,"properties":{"addr:street":"Mitsamphan Road No.27","amenity":"clinic","name":"Covid 19 Clinic Service","opening_hours":"Mo-Fr 08:30-12:00","@type":"node","@id":11977653677},"geometry":{"type":"Point","coordinates":[100.9366727,13.282871]}},{"type":"Feature","id":12473260069,"properties":{"addr:district":"บ้านฉาง","addr:housenumber":"109/4-5","addr:place":"หมู่ 1","addr:postcode":"21130","addr:province":"ระยอง","addr:street":"ถนนบ้านฉาง-พลาบูรพาพัฒน์","addr:subdistrict":"บ้านฉาง","amenity":"clinic","healthcare":"clinic","healthcare:speciality":"physiotherapy","name":"ฟิส คลินิกกายภาพบำบัด","name:en":"Phys Clinic","name:th":"ฟิส คลินิกกายภาพบำบัด","opening_hours":"Mo-Su 09:00-21:00","operator":"ฟิสคลินิกกายภาพบำบัด","operator:type":"business","wheelchair":"yes","@type":"node","@id":12473260069},"geometry":{"type":"Point","coordinates":[101.0788373,12.7222455]}},{"type":"Feature","id":12712575991,"properties":{"addr:street":"212/16 Moo 7 PattanaPrasert Road Cherngnern Sub District Mung District Rayong 21000","amenity":"clinic","name":"Rasita Clinic","opening_hours":"Mo-Fr 09:00-14:30","@type":"node","@id":12712575991},"geometry":{"type":"Point","coordinates":[101.286597,12.7017923]}},{"type":"Feature","id":12953524862,"properties":{"addr:district":"พานทอง","addr:housenumber":"75/4","addr:place":"หมู่ที่ 1","addr:postcode":"20160","addr:province":"ชลบุรี","addr:subdistrict":"หนองตำลึง","amenity":"hospital","healthcare":"hospital","healthcare:speciality":"plastic_surgery","name":"IS clinic ไอเอสคลินิก - ชลบุรี","operator":"IS clinic ไอเอสคลินิก - ชลบุรี","operator:type":"business","@type":"node","@id":12953524862},"geometry":{"type":"Point","coordinates":[101.0608608,13.4138139]}},{"type":"Feature","id":13003577124,"properties":{"addr:district":"ศรีราชา","addr:housenumber":"200/28","addr:place":"6","addr:postcode":"20230","addr:province":"ชลบุรี","addr:street":"-","addr:subdistrict":"ทุ่งสุขลา","amenity":"clinic","healthcare":"clinic","healthcare:speciality":"orthodontics","name":"SPN Dental Clinic","opening_hours":"10.00-20.00","@type":"node","@id":13003577124},"geometry":{"type":"Point","coordinates":[100.928157,13.1220163]}},{"type":"Feature","id":13441717126,"properties":{"addr:district":"เมือง","addr:housenumber":"239/21","addr:place":"3","addr:postcode":"20000","addr:province":"ชลบุรี","addr:street":"ถนนพระยาสัจจา","addr:subdistrict":"บ้านสวน","amenity":"hospital","contact:facebook":"https://www.facebook.com/profile.php?id=61583553064849","healthcare":"hospital","healthcare:speciality":"gynaecology;urology;fertility","internet_access:ssid":"มี","level":"3","mobile":"+66 81 160 1680","name":"คลินิกสูตินรีเวชหมอพรทิพย์","name:en":"Dr.Pornthip","name:th":"คลินิกสูตินรีเวชหมอพรทิพย์","operator":"หมอพรทิพย์","operator:type":"private","wheelchair":"yes","@type":"node","@id":13441717126},"geometry":{"type":"Point","coordinates":[100.9675076,13.3450348]}},{"type":"Feature","id":13528198429,"properties":{"addr:district":"Phanat Nikhom","addr:housenumber":"235","addr:postcode":"20140","addr:province":"Chon Buri","addr:street":"ถนนจารุวร","addr:subdistrict":"Phanat Nikhom","amenity":"clinic","check_date":"2026-09-08","check_date:currency:XBT":"2026-09-08","currency:XBT":"yes","email":"surawutch@gmail.com","healthcare":"clinic","healthcare:speciality":"general","name":"คลินิกแพทย์สุรวุฒิ ขนิษฐา","opening_hours":"Su 09:00-12:00","payment:lightning":"yes","payment:lightning_contactless":"no","payment:onchain":"no","phone":"+66 81 305 2002","@type":"node","@id":13528198429},"geometry":{"type":"Point","coordinates":[101.1806139,13.4434802]}},{"type":"Feature","id":13574972544,"properties":{"addr:district":"หนองชาก","addr:housenumber":"15/49","addr:place":"2","addr:postcode":"20170","addr:province":"ชลบุรี","addr:street":"ถนนบ้านบึง-แกลง","addr:subdistrict":"บ้านบึง","air_conditioning":"yes","amenity":"clinic","brand":"The self wellness","check_date":"2026-02-24","contact:facebook":"https://www.facebook.com/p/The-Self-Wellness-61574707029653/","description":"The Self Wellness Clinic & Studio บ้านบึง ชลบุรี\nคลินิกสุขภาพ พื้นที่ปลอดภัยสำหรับการเยียวยาและการดูแลตัวเอง 🤍\nกายภาพบำบัด • โยคะบำบัด • พิลาทิส • คลื่นเสียงบำบัด","email":"theselfwellness.th@gmail.com","healthcare":"clinic","healthcare:speciality":"physiotherapy;applied_kinesiology","level":"2","mobile":"+66 61 180 8858","name":"The Self Wellness","name:en":"เดอะเซล์ฟเวลเนส","name:th":"The Self Wellness","note":"wellness clinic คลินิกสุขภาพ","opening_hours":"Mo-Su 10:00-20:00","operator":"The self wellness","operator:type":"business","reg_name":"The Self Wellness Clinic & Studio บ้านบึง ชลบุรี","website":"https://www.facebook.com/p/The-Self-Wellness-61574707029653/","wheelchair":"yes","@type":"node","@id":13574972544},"geometry":{"type":"Point","coordinates":[101.1717943,13.2917158]}},{"type":"Feature","id":13649896653,"properties":{"amenity":"hospital","healthcare":"hospital","name":"Bangkok Rayong Clinic","@type":"node","@id":13649896653},"geometry":{"type":"Point","coordinates":[101.46433,12.5717777]}},{"type":"Feature","id":13793770470,"properties":{"amenity":"hospital","healthcare":"hospital","name":"อมตะเวชกรรม","@type":"node","@id":13793770470},"geometry":{"type":"Point","coordinates":[101.0732573,13.0238754]}},{"type":"Feature","id":14178641697,"properties":{"addr:country":"Thailand","addr:district":"Mueang Rayong","addr:postcode":"21150","addr:province":"Rayong","addr:subdistrict":"ห้วยโป่ง","amenity":"hospital","brand":"Bangkok Hospital","brand:en":"Bangkok Hospital","brand:th":"โรงพยาบาลกรุงเทพ","brand:wikidata":"Q125869165","country":"ไทย","healthcare":"hospital","name":"Bangkok Hospital Maptaphut","name:en":"Bangkok Hospital Maptaphut","name:th":"โรงพยาบาลกรุงเทพ มาบตาพุด","operator":"Bangkok Dusit Medical Services","operator:type":"private","operator:wikidata":"Q13012598","province":"Rayong","website":"https://www.bangkokhospital.com","@type":"node","@id":14178641697},"geometry":{"type":"Point","coordinates":[101.1099212,12.7237894]}},{"type":"Feature","id":14178706112,"properties":{"addr:district":"บ้านฉาง","addr:housenumber":"888/18","addr:place":"1","addr:postcode":"21130","addr:province":"ระยอง","addr:province:en":"Rayong","addr:subdistrict":"พลา","alt_name":"Piyavejj Banchang Hospital","amenity":"hospital","healthcare":"hospital","name":"โรงพยาบาลปิยะเวชช์ บ้านฉาง","name:en":"Piyavejj Banchang Hospital","name:th":"โรงพยาบาลปิยะเวชช์ บ้านฉาง","@type":"node","@id":14178706112},"geometry":{"type":"Point","coordinates":[101.044257,12.7198805]}},{"type":"Feature","id":14178733874,"properties":{"addr:country":"Thailand","addr:district":"เมืองระยอง","addr:housenumber":"65/28","addr:postcode":"21000","addr:province":"ระยอง","addr:province:en":"Rayong","addr:subdistrict":"ท่าประดุ่","amenity":"hospital","healthcare":"hospital","name":"โรงพยาบาลจุฬารัตน์ระยอง","name:en":"Chularat Rayong Hospital","name:th":"โรงพยาบาลจุฬารัตน์ระยอง","website":"https://www.chularatrayong.com","@type":"node","@id":14178733874},"geometry":{"type":"Point","coordinates":[101.2745418,12.6852475]}},{"type":"Feature","id":14181577224,"properties":{"addr:district":"นิคมพัฒนา","addr:postcode":"21180","addr:province":"ระยอง","addr:subdistrict":"นิคมพัฒนา","amenity":"hospital","healthcare":"hospital","name":"โรงพยาบาล ปิยะเวชช์ นิคมพัฒนา","name:en":"Piyavejj Hospital Nikhompattana","name:th":"โรงพยาบาล ปิยะเวชช์ นิคมพัฒนา","@type":"node","@id":14181577224},"geometry":{"type":"Point","coordinates":[101.2021755,12.8314486]}},{"type":"Feature","id":14205632572,"properties":{"addr:country":"Thailand","addr:district":"ปลวกแดง","addr:district:en":"Pluakdaeng","addr:postcode":"21140","addr:province":"ระยอง","addr:province:en":"Rayong","addr:subdistrict":"ปลวกแดง","addr:subdistrict:en":"Pluakdaeng","alt_name":"Bangkok Hospital Pluakdaeng","amenity":"hospital","country":"ไทย","description":"Bangkok Hospital Pluakdaeng, Pluakdaeng District, Rayong province","healthcare":"hospital","name":"โรงพยาบาลกรุงเทพปลวกแดง","name:en":"Bangkok Hospital Pluakdaeng","name:th":"โรงพยาบาลกรุงเทพปลวกแดง","province":"ระยอง","website":"https://www.bangkokhospital.com/en/pluakdaeng","@type":"node","@id":14205632572},"geometry":{"type":"Point","coordinates":[101.1968877,12.9786495]}},{"type":"Feature","id":14205698968,"properties":{"addr:country":"ไทย","addr:district":"ปลวกแดง","addr:district:en":"Pluakdaeng","addr:postcode":"21140","addr:province":"ระยอง","addr:province:en":"Rayong","addr:subdistrict":"ปลวกแดง","alt_name":"Piyavate hospital Pluakdaeng","amenity":"hospital","description":"Piyavate hospital Pluakdaeng, Pluakdaeng District, Rayong, Thailand","healthcare":"hospital","name":"โรงพยาบาล ปิยะเวชช์ ปลวกแดง","name:en":"Piyavate hospital Pluakdaeng","name:th":"โรงพยาบาล ปิยะเวชช์ ปลวกแดง","website":"https://piyavate.com","@type":"node","@id":14205698968},"geometry":{"type":"Point","coordinates":[101.2203898,12.9930126]}},{"type":"Feature","id":14205763372,"properties":{"addr:country":"Thailand","addr:district":"ปลวกแดง","addr:postcode":"21140","addr:province":"ระยอง","addr:province:en":"Rayong","addr:subdistrict":"มาบยางพร","addr:subdistrict:en":"Map Yang Phon","alt_name":"Piyavejj Rayong Hospital","amenity":"hospital","country":"ไทย","description":"Piyavejj Rayong Hospital","healthcare":"hospital","name":"โรงพยาบาล ปิยะเวชช์ระยอง","name:en":"Piyavejj Rayong Hospital","name:th":"โรงพยาบาล ปิยะเวชช์ระยอง","@type":"node","@id":14205763372},"geometry":{"type":"Point","coordinates":[101.1364963,12.9894283]}},{"type":"Feature","id":14205956167,"properties":{"addr:country":"Thailand","addr:district":"ศรีราชา","addr:district:en":"Si Racha","addr:postcode":"20230","addr:province":"ชลบุรี","addr:province:en":"Chon Buri","addr:subdistrict":"บ่อวิน","addr:subdistrict:en":"Bo Win","alt_name":"Phyathai Bowin Hospital","amenity":"hospital","country":"ไทย","healthcare":"hospital","name":"โรงพยาบาลพญาไทบ่อวิน","name:en":"Phyathai Bowin Hospital","name:th":"โรงพยาบาลพญาไทบ่อวิน","website":"https://www.phyathai.com","@type":"node","@id":14205956167},"geometry":{"type":"Point","coordinates":[101.0873912,13.0424854]}},{"type":"Feature","id":115844597,"properties":{"amenity":"hospital","building":"hospital","name":"โรงพยาบาลเอกชล","name:en":"Aikchol Hospital","source":"Bing Sat","@type":"way","@id":115844597},"geometry":{"type":"Point","coordinates":[100.976112,13.3548195]}},{"type":"Feature","id":226823896,"properties":{"addr:city":"Pattaya","addr:country":"TH","addr:district":"บางละมุง","addr:housenumber":"301","addr:postcode":"20150","addr:province":"ชลบุรี","addr:street":"ถนนสุขุมวิท","addr:subdistrict":"เมืองพัทยา","alt_name":"Bangkok Hospital Pattaya","amenity":"hospital","brand":"Bangkok Hospital","brand:en":"Bangkok Hospital","brand:th":"โรงพยาบาลกรุงเทพ","brand:wikidata":"Q125869165","country":"Thailand","emergency":"yes","healthcare":"hospital","name":"โรงพยาบาลกรุงเทพพัทยา","name:en":"Bangkok Hospital Pattaya","name:th":"โรงพยาบาลกรุงเทพ","operator":"Bangkok Dusit Medical Services","operator:type":"private","operator:wikidata":"Q13012598","phone":"+6638259999","province":"ชลบุรี","website":"https://www.bangkokhospital.com/en/pattaya","@type":"way","@id":226823896},"geometry":{"type":"Point","coordinates":[100.905503,12.9538015]}},{"type":"Feature","id":233541870,"properties":{"alt_name":"โรงพยาบาลสมเด็จฯ ณ ศรีราชา","amenity":"hospital","healthcare":"hospital","name":"โรงพยาบาลสมเด็จพระบรมราชเทวี ณ ศรีราชา","name:en":"Queen Savang Vadhana Memorial Hospital","name:ja":"ソムデット プラ ボロマラジャテウィ ナ シラチャ病院","name:th":"โรงพยาบาลสมเด็จพระบรมราชเทวี ณ ศรีราชา","website":"https://www.somdej.or.th/","@type":"way","@id":233541870},"geometry":{"type":"Point","coordinates":[100.9177234,13.1612201]}},{"type":"Feature","id":240370871,"properties":{"addr:country":"ไทย","addr:district":"บางละมุง","addr:housenumber":"669","addr:place":"5","addr:postcode":"20150","addr:province":"ชลบุรี","addr:subdistrict":"นาเกลือ","amenity":"hospital","healthcare":"hospital","name":"โรงพยาบาลพัทยาปัทมคุณ","name:en":"Pattaya BhattamaKun Hospital","name:th":"โรงพยาบาลพัทยาปัทมคุณ","operator":"Ministry of Public Health","operator:short":"MOPH","operator:type":"government","operator:wikidata":"Q5970641","website":"https://blm.moph.go.th/","@type":"way","@id":240370871},"geometry":{"type":"Point","coordinates":[100.90639,12.9663293]}},{"type":"Feature","id":276522204,"properties":{"addr:city":"ต.เสม็ด อ.เมือง จ.ชลบุรี","addr:housenumber":"31/2","addr:postcode":"20000","addr:street":"ถนนอ่างศิลา","amenity":"hospital","emergency":"yes","healthcare":"hospital","name":"โรงพยาบาลเอกชล 2","name:en":"Aikchol 2 Hospital","name:th":"โรงพยาบาลเอกชล 2","phone":"038-939-888","@type":"way","@id":276522204},"geometry":{"type":"Point","coordinates":[100.9483113,13.3177278]}},{"type":"Feature","id":297187855,"properties":{"addr:city":"Si Racha","addr:housenumber":"8","addr:postcode":"20110","addr:street":"Soi Lamkaet","amenity":"hospital","emergency":"yes","name":"โรงพยาบาลสมิติเวช","name:en":"Samitivej Hospital","name:ja":"サミティヴェート病院","@type":"way","@id":297187855},"geometry":{"type":"Point","coordinates":[100.9293251,13.1793248]}},{"type":"Feature","id":418860741,"properties":{"amenity":"hospital","building":"yes","healthcare":"hospital","name":"โรงพยาบาล วิภาราม อมตะนคร","@type":"way","@id":418860741},"geometry":{"type":"Point","coordinates":[101.003082,13.4210492]}},{"type":"Feature","id":467746836,"properties":{"addr:country":"ไทย","addr:district":"เมืองระยอง","addr:postcode":"21150","addr:province":"ระยอง","addr:subdistrict":"ห้วยโป่ง","alt_name":"โรงพยาบาลเฉลิมพระเกียรติ สมเด็จพระเทพรัตนราชสุดาฯ สยามบรมราชกุมารี ระยอง","amenity":"hospital","country":"ไทย","description":"โรงพยาบาลเฉลิมพระเกียรติ สมเด็จพระเทพรัตนราชสุดาฯ สยามบรมราชกุมารี ระยอง  (โรงพยาบาลมาบตาพุด)","emergency":"yes","healthcare":"hospital","name":"โรงพยาบาลเฉลิมพระเกียรติ สมเด็จพระเทพรัตนราชสุดาฯ สยามบรมราชกุมารี","name:en":"Princess Sirindhorn Hospital","name:th":"โรงพยาบาลเฉลิมพระเกียรติ สมเด็จพระเทพรัตนราชสุดาฯ สยามบรมราชกุมารี","operator":"Ministry of Public Health","operator:short":"MOPH","operator:type":"government","operator:wikidata":"Q5970641","reg_name":"โรงพยาบาลมาบตาพุด","reg_name:th":"โรงพยาบาลมาบตาพุด","@type":"way","@id":467746836},"geometry":{"type":"Point","coordinates":[101.1362951,12.7301456]}},{"type":"Feature","id":485845406,"properties":{"amenity":"hospital","emergency":"yes","healthcare":"hospital","name":"โรงพยาบาลพญาไท ศรีราชา","name:en":"Phyathai Sriracha Hospital","name:ja":"่パヤタイ シラチャ病院","@type":"way","@id":485845406},"geometry":{"type":"Point","coordinates":[100.9283182,13.1689992]}},{"type":"Feature","id":525523960,"properties":{"amenity":"hospital","emergency":"yes","healthcare":"hospital","name":"โรงพยาบาลชลบุรี","name:en":"Chonburi Hospital","opening_hours":"24/7","website":"http://www.cbh.moph.go.th/","@type":"way","@id":525523960},"geometry":{"type":"Point","coordinates":[100.9819202,13.3514795]}},{"type":"Feature","id":565018836,"properties":{"addr:country":"TH","addr:district":"เมืองชลบุรี","addr:housenumber":"888/88 Village No.3","addr:postcode":"20000","addr:province":"ชลบุรี","addr:street":"ถนนสุขุมวิท","addr:subdistrict":"บางปลาสร้อย","amenity":"hospital","building":"hospital","healthcare":"hospital","layer":"1","name":"Samitivej Chonburi","name:th":"โรงพยาบาลสมิติเวช ชลบุรี","@type":"way","@id":565018836},"geometry":{"type":"Point","coordinates":[100.9762278,13.34505]}},{"type":"Feature","id":674709188,"properties":{"addr:country":"TH","addr:district":"เมืองชลบุรี","addr:housenumber":"938","addr:postcode":"20000","addr:province":"ชลบุรี","addr:street":"ถนนสุขุมวิท","addr:subdistrict":"บางปลาสร้อย","air_conditioning":"yes","amenity":"clinic","building":"yes","email":"admin@supornclinic.com","fax":"+66 38 273370","healthcare":"clinic","healthcare:speciality":"plastic_surgery","name":"Suporn Clinic","phone":"+66 38 273360","website":"https://supornclinic.com/","wikipedia":"en:Suporn Watanyusakul","@type":"way","@id":674709188},"geometry":{"type":"Point","coordinates":[100.9909293,13.3652263]}},{"type":"Feature","id":710337937,"properties":{"amenity":"clinic","building":"yes","name":"สหคลินิกสมิติเวช เจพาร์ค","name:en":"Samitivej","opening_hours":"Mo-Su 08:00-21:00","phone":"+6682-993-2302;+6682-992-2303","@type":"way","@id":710337937},"geometry":{"type":"Point","coordinates":[100.9811166,13.1554971]}},{"type":"Feature","id":712378534,"properties":{"addr:district":"สัตหีบ","addr:province":"ชลบุรี","addr:subdistrict":"บางเสร่","amenity":"clinic","check_date":"2025-10-16","healthcare":"clinic","name":"โรงพยาบาลส่งเสริมสุขภาพตำบล","name:en":"Bangsaray Tambon Health Promoting Hospital","name:ru":"Больница Банг Сарай, способствующая укреплению здоровья","name:th":"โรงพยาบาลส่งเสริมสุขภาพตำบล","name:uk":"Лікарня Банг Сарай, що сприяє зміцненню здоров'я","operator":"โรงพยาบาลส่งเสริมสุขภาพตำบล","operator:th":"โรงพยาบาลส่งเสริมสุขภาพตำบล","operator:type":"private","operator:wikidata":"Q16306413","@type":"way","@id":712378534},"geometry":{"type":"Point","coordinates":[100.9003033,12.7603479]}},{"type":"Feature","id":714014576,"properties":{"addr:district":"เมืองระยอง","addr:postcode":"21150","addr:province":"ระยอง","addr:street":"ถนนสุขุมวิท","addr:subdistrict":"ห้วยโป่ง","amenity":"hospital","building":"hospital","emergency":"yes","healthcare":"hospital","name":"โรงพยาบาลเฉลิมพระเกียรติ สมเด็จพระเทพรัตนราชสุดาฯ สยามบรมราชกุมารี","name:en":"Princess Sirindhorn Hospital","name:th":"โรงพยาบาลเฉลิมพระเกียรติ สมเด็จพระเทพรัตนราชสุดาฯ สยามบรมราชกุมารี","operator":"Ministry of Public Health","operator:short":"MOPH","operator:type":"government","operator:wikidata":"Q5970641","reg_name":"โรงพยาบาลมาบตาพุด","reg_name:th":"โรงพยาบาลมาบตาพุด","@type":"way","@id":714014576},"geometry":{"type":"Point","coordinates":[101.1369101,12.7308176]}},{"type":"Feature","id":715598150,"properties":{"amenity":"clinic","building":"yes","name":"คลินิกการแพทย​์แผนจีนหัวเฉียว มูลนิธิปอเต็กติ๊ง","name:en":"Huachiew TCM Clinic","phone":"+6638-199-000","@type":"way","@id":715598150},"geometry":{"type":"Point","coordinates":[100.9813886,13.155855]}},{"type":"Feature","id":721739074,"properties":{"amenity":"clinic","building":"yes","@type":"way","@id":721739074},"geometry":{"type":"Point","coordinates":[101.1614782,12.7168309]}},{"type":"Feature","id":721989638,"properties":{"amenity":"clinic","building":"yes","healthcare":"clinic","name":"พัทยาแพทย์เฉพาะทาง","@type":"way","@id":721989638},"geometry":{"type":"Point","coordinates":[100.9028708,12.9404112]}},{"type":"Feature","id":727880285,"properties":{"addr:street":"เกษมสุวรรณ","amenity":"clinic","building":"yes","emergency":"no","healthcare":"clinic","healthcare:speciality":"plastic_surgery","name":"Oasis clinic","@type":"way","@id":727880285},"geometry":{"type":"Point","coordinates":[100.8860102,12.9311522]}},{"type":"Feature","id":727894827,"properties":{"amenity":"clinic","building":"yes","healthcare":"clinic","name":"ศูนย์บริการสาธารณสุขเมืองพัทยา 1","name:en":"Pattaya Public Health Service Center","@type":"way","@id":727894827},"geometry":{"type":"Point","coordinates":[100.8841434,12.927681]}},{"type":"Feature","id":743141693,"properties":{"amenity":"hospital","building":"yes","@type":"way","@id":743141693},"geometry":{"type":"Point","coordinates":[100.9179501,13.0877396]}},{"type":"Feature","id":770904113,"properties":{"amenity":"clinic","building":"yes","healthcare":"clinic","@type":"way","@id":770904113},"geometry":{"type":"Point","coordinates":[100.9352164,13.3340335]}},{"type":"Feature","id":951259622,"properties":{"amenity":"hospital","healthcare":"hospital","name":"โรงพยาบาลมหาวิทยาลัยบูรพา","name:en":"Burapha University Hospital","name:th":"โรงพยาบาลมหาวิทยาลัยบูรพา","@type":"way","@id":951259622},"geometry":{"type":"Point","coordinates":[100.9227714,13.2847626]}},{"type":"Feature","id":951328140,"properties":{"amenity":"hospital","healthcare":"hospital","name":"โรงพยาบาลเกษมราช","@type":"way","@id":951328140},"geometry":{"type":"Point","coordinates":[101.0512915,13.6954848]}},{"type":"Feature","id":951490452,"properties":{"amenity":"hospital","healthcare":"hospital","name":"โรงพยาบาลพุทธโสธร","name:th":"โรงพยาบาลพุทธโสธร","@type":"way","@id":951490452},"geometry":{"type":"Point","coordinates":[101.0729448,13.6864355]}},{"type":"Feature","id":964212170,"properties":{"amenity":"hospital","healthcare":"hospital","name":"โรงพยาบาลวัดสมานรัตนาราม","@type":"way","@id":964212170},"geometry":{"type":"Point","coordinates":[101.1374055,13.7001941]}},{"type":"Feature","id":988798845,"properties":{"amenity":"hospital","healthcare":"hospital","name":"รพสต ท่าจาม","@type":"way","@id":988798845},"geometry":{"type":"Point","coordinates":[101.2864501,13.0927279]}},{"type":"Feature","id":1055772111,"properties":{"addr:country":"ไทย","addr:district":"บางละมุง","addr:postcode":"20150","addr:province":"ชลบุรี","addr:subdistrict":"เมืองพัทยา","amenity":"hospital","healthcare":"hospital","name":"โรงพยาบาลวัดญาณสังวร","name:en":"Yahnasang Vararam Hospital","name:th":"โรงพยาบาลวัดญาณสังวร","@type":"way","@id":1055772111},"geometry":{"type":"Point","coordinates":[100.9565699,12.7925503]}},{"type":"Feature","id":1160315207,"properties":{"amenity":"hospital","emergency":"no","healthcare":"hospital","name":"โรงพยาบาลส่งเสริมสุขภาพตำบลบางพระ","name:en":"Bang Phra Subdistrict Health Promotion Hospital","name:th":"โรงพยาบาลส่งเสริมสุขภาพตำบลบางพระ","operator":"กระทรวงสาธารณสุข","operator:type":"public","@type":"way","@id":1160315207},"geometry":{"type":"Point","coordinates":[101.0528485,13.6521473]}},{"type":"Feature","id":1203673102,"properties":{"amenity":"clinic","building":"yes","healthcare":"clinic","healthcare:speciality":"plastic_surgery","name":"Akara Klinik","name:th":"อัคราคลินิกเวชกรรม","@type":"way","@id":1203673102},"geometry":{"type":"Point","coordinates":[100.8885252,12.9288516]}},{"type":"Feature","id":1211753054,"properties":{"amenity":"hospital","healthcare":"hospital","name":"โรงพยาบาลเมืองพัทยา","name:en":"Pattaya City Hospital","name:th":"โรงพยาบาลเมืองพัทยา","@type":"way","@id":1211753054},"geometry":{"type":"Point","coordinates":[100.8846791,12.9274167]}},{"type":"Feature","id":1212165124,"properties":{"addr:housenumber":"255/4","addr:street":"พัทยา 4","amenity":"hospital","emergency":"yes","healthcare":"hospital","name":"Pattaya International Hospital","name:th":"โรงพยาบาล พัทยาอินเตอร์","website":"http://www.pih-inter.com","@type":"way","@id":1212165124},"geometry":{"type":"Point","coordinates":[100.8876564,12.9440648]}},{"type":"Feature","id":1212167013,"properties":{"addr:country":"Thailand","addr:district":"Banglamung","addr:postcode":"20150","addr:province":"Chonburi","addr:subdistrict":"Nongprue","amenity":"hospital","emergency":"yes","healthcare":"hospital","name":"โรงพยาบาลพัทยาเมโมเรียล","name:en":"Pattaya Memorial Hospital","name:ja":"パタヤ メモリアル病院","name:th":"โรงพยาบาลพัทยาเมโมเรียล","website":"https://www.pattayamemorial.com/","@type":"way","@id":1212167013},"geometry":{"type":"Point","coordinates":[100.8865577,12.9356015]}},{"type":"Feature","id":1215983984,"properties":{"addr:country":"ไทย","addr:district":"เมืองระยอง","addr:district:en":"Mueang Rayong","addr:postcode":"21000","addr:province":"ระยอง","addr:province:en":"Rayong","addr:street":"ถนนสุขุมวิท","addr:subdistrict":"ท่าประดู่","amenity":"hospital","healthcare":"hospital","name":"โรงพยาบาลระยอง","name:en":"Rayong Hospital","name:th":"โรงพยาบาลระยอง","operator":"Ministry of Public Health","operator:short":"MOPH","operator:type":"government","operator:wikidata":"Q5970641","website":"https://www.rayonghospital.go.th","@type":"way","@id":1215983984},"geometry":{"type":"Point","coordinates":[101.2764916,12.6827662]}},{"type":"Feature","id":1292529092,"properties":{"amenity":"hospital","healthcare":"hospital","name":"ศูนย์แพทยศาสตร์ศึกษา อาคารเกษตรสนิทวงศ์ ณ อยุธยา","@type":"way","@id":1292529092},"geometry":{"type":"Point","coordinates":[100.9172524,13.1615307]}},{"type":"Feature","id":1378308437,"properties":{"addr:district":"เมือง","addr:housenumber":"103/78","addr:place":"2","addr:postcode":"20000","addr:province":"ชลบุรี","addr:subdistrict":"เสม็ด","amenity":"hospital","contact:facebook":"https://web.facebook.com/profile.php?id=61575520824877","healthcare":"hospital","healthcare:speciality":"acupuncture;traditional_chinese_medicine","name":"ณัฐณิชา คลินิกฝังเข็ม","opening_hours":"จันทร์ - ศุกร์ 17.00 - 20.00 น. : เสาร์ - อาทิตย์ 09.00 - 15.00 น. หยุดทุกวันพุธ","wheelchair":"yes","@type":"way","@id":1378308437},"geometry":{"type":"Point","coordinates":[100.9510312,13.3389207]}},{"type":"Feature","id":1410027872,"properties":{"alt_name":"สถานีอนามัยบางปะกง","amenity":"clinic","building":"yes","emergency":"no","healthcare":"clinic","name":"โรงพยาบาลส่งเสริมสุขภาพตำบล บางปะกง","name:en":"Bang Pakong Subdistrict Health Promoting Hospital","name:th":"โรงพยาบาลส่งเสริมสุขภาพตำบล","operator":"โรงพยาบาลส่งเสริมสุขภาพตำบล","operator:th":"โรงพยาบาลส่งเสริมสุขภาพตำบล","operator:wikidata":"Q16306413","short_name":"รพ.สต.บางปะกง","@type":"way","@id":1410027872},"geometry":{"type":"Point","coordinates":[100.9886262,13.5013984]}},{"type":"Feature","id":1410298995,"properties":{"amenity":"hospital","healthcare":"hospital","name":"โรงพยาบาลบางปะกง","name:en":"Bang Pakong Hospital","name:th":"โรงพยาบาลบางปะกง","@type":"way","@id":1410298995},"geometry":{"type":"Point","coordinates":[101.0027387,13.5036972]}},{"type":"Feature","id":1411778702,"properties":{"addr:country":"Thailand","addr:district":"เมืองระยอง","addr:housenumber":"333/3","addr:place":"4","addr:postcode":"21000","addr:province":"ระยอง","addr:province:en":"Rayong","addr:subdistrict":"เชิงเนิน","amenity":"hospital","country":"Thailand","healthcare":"hospital","name":"โรงพยาบาลศรีระยอง","name:en":"Ekkachon Rayong Hospital","name:th":"โรงพยาบาลศรีระยอง","province":"Rayong","@type":"way","@id":1411778702},"geometry":{"type":"Point","coordinates":[101.2925317,12.6954638]}},{"type":"Feature","id":1521600766,"properties":{"addr:street":"ซอย ทุ่งสุขลา","amenity":"hospital","healthcare":"hospital","name":"โรงพยาบาลอ่าวอุดม","@type":"way","@id":1521600766},"geometry":{"type":"Point","coordinates":[100.9204448,13.1160021]}},{"type":"Feature","id":1531460189,"properties":{"amenity":"clinic","building":"yes","healthcare":"clinic","name":"คลินิกการแพทย์แผนไทยณัฐปคัลภ์","@type":"way","@id":1531460189},"geometry":{"type":"Point","coordinates":[101.2167261,13.3900147]}},{"type":"Feature","id":1553664396,"properties":{"addr:country":"ไทย","addr:district":"บ่อทอง","addr:postcode":"20270","addr:province":"ชลบุรี","addr:subdistrict":"บ่อทอง","amenity":"hospital","country":"Thailand","healthcare":"hospital","name":"โรงพยาบาลบ่อทอง","name:en":"Bothong Hospital","name:th":"โรงพยาบาลบ่อทอง","operator":"Ministry of Public Health","operator:short":"MOPH","operator:type":"government","operator:wikidata":"Q5970641","province":"Chonburi","@type":"way","@id":1553664396},"geometry":{"type":"Point","coordinates":[101.4199104,13.2817337]}},{"type":"Feature","id":1558366530,"properties":{"addr:country":"Thailand","addr:district":"บ้านฉาง","addr:postcode":"21130","addr:province":"ระยอง","addr:subdistrict":"พลา","amenity":"hospital","country":"ไทย","healthcare":"hospital","name":"โรงพยาบาลบ้านฉาง","name:th":"โรงพยาบาลบ้านฉาง","operator":"Ministry of Public Health","operator:short":"MOPH","operator:type":"government","operator:wikidata":"Q5970641","province":"ระยอง","@type":"way","@id":1558366530},"geometry":{"type":"Point","coordinates":[101.0425567,12.7269258]}},{"type":"Feature","id":1558398767,"properties":{"addr:country":"Thailand","addr:district":"บ้านค่าย","addr:housenumber":"144","addr:place":"4","addr:postcode":"21120","addr:province":"ระยอง","addr:province:en":"Rayong","addr:street":"บ้านค่าย-ระยอง","addr:subdistrict":"หนองละลอก","amenity":"hospital","country":"ไทย","healthcare":"hospital","name":"โรงพยาบาลบ้านค่าย","name:en":"Bankhai Hospital","name:th":"โรงพยาบาลบ้านค่าย","operator":"Ministry of Public Health","operator:short":"MOPH","operator:type":"government","operator:wikidata":"Q5970641","province":"ระยอง","website":"https://bankhaihospital.moph.go.th","@type":"way","@id":1558398767},"geometry":{"type":"Point","coordinates":[101.2924117,12.7785663]}},{"type":"Feature","id":1558960127,"properties":{"addr:country":"ไทย","addr:district":"บ้านฉาง","addr:postcode":"21130","addr:province":"ระยอง","addr:subdistrict":"สำนักท้อน","amenity":"clinic","building":"yes","country":"ไทย","healthcare":"clinic","name":"โรงพยาบาลส่งเสริมสุขภาพตำบล บ้านชากหมาก","name:th":"โรงพยาบาลส่งเสริมสุขภาพตำบล บ้านชากหมาก","operator":"โรงพยาบาลส่งเสริมสุขภาพตำบล","operator:th":"โรงพยาบาลส่งเสริมสุขภาพตำบล","operator:type":"private","operator:wikidata":"Q16306413","@type":"way","@id":1558960127},"geometry":{"type":"Point","coordinates":[101.0271086,12.7963786]}},{"type":"Feature","id":1558965035,"properties":{"addr:country":"ไทย","addr:district":"นิคมพัฒนา","addr:postcode":"21180","addr:province":"ระยอง","addr:subdistrict":"พนานิคม","amenity":"hospital","healthcare":"hospital","name":"โรงพยาบาลนิคมพัฒนา","name:en":"Nikhom Phatthana Hospital","name:th":"โรงพยาบาลนิคมพัฒนา","operator":"Ministry of Public Health","operator:short":"MOPH","operator:type":"government","operator:wikidata":"Q5970641","@type":"way","@id":1558965035},"geometry":{"type":"Point","coordinates":[101.1430549,12.8690653]}},{"type":"Feature","id":1558965388,"properties":{"addr:district":"นิคมพัฒนา","addr:postcode":"21180","addr:province":"ระยอง","addr:subdistrict":"พนานิคม","amenity":"hospital","healthcare":"hospital","name":"ศูนย์ฟื้นฟูสมรรถภาพคนงานภาค 2 จังหวัดระยอง","name:th":"ศูนย์ฟื้นฟูสมรรถภาพคนงานภาค 2 จังหวัดระยอง","@type":"way","@id":1558965388},"geometry":{"type":"Point","coordinates":[101.1405448,12.8691878]}},{"type":"Feature","id":1559886190,"properties":{"addr:country":"ไทย","addr:district":"นิคมพัฒนา","addr:postcode":"21180","addr:province":"ระยอง","addr:subdistrict":"นิคมพัฒนา","amenity":"clinic","country":"ไทย","healthcare":"clinic","name":"โรงพยาบาลส่งเสริมสุขภาพตำบลนิคมพัฒนา","name:th":"โรงพยาบาลส่งเสริมสุขภาพตำบลนิคมพัฒนา","operator":"Ministry of Public Health","operator:short":"MOPH","operator:type":"government","operator:wikidata":"Q5970641","province":"ระยอง","@type":"way","@id":1559886190},"geometry":{"type":"Point","coordinates":[101.2048343,12.8300949]}},{"type":"Feature","id":1561991929,"properties":{"addr:country":"Thailand;ไทย","addr:district":"บางละมุง","addr:housenumber":"234/1","addr:place":"1;11","addr:postcode":"20150","addr:province":"ชลบุรี","addr:subdistrict":"หนองปรือ","amenity":"hospital","country":"ไทย","emergency":"yes","healthcare":"hospital;clinic","name":"รงพยาบาลจอมเทียน","name:en":"Jomtien Hospital","name:th":"โรงพยาบาลจอมเทียน","phone":"+66 3312 5999","province":"ชลบุรี","website":"https://www.jomtienhospital.com;https://www.jomtienhospital.com/","@type":"way","@id":1561991929},"geometry":{"type":"Point","coordinates":[100.8977095,12.9125511]}},{"type":"Feature","id":1561994343,"properties":{"addr:district":"เมืองระยอง","addr:district:en":"Mueang Rayong","addr:housenumber":"8","addr:place":"หมู่ที่ 2","addr:postcode":"21000","addr:province":"ระยอง","addr:province:en":"Rayong","addr:street":"ถนนราษฎร์บำรุง","addr:subdistrict":"เนินพระ","addr:subdistrict:en":"Noen Phra","amenity":"hospital","brand":"Bangkok Hospital","brand:en":"Bangkok Hospital","brand:th":"โรงพยาบาลกรุงเทพ","brand:wikidata":"Q125869165","contact:facebook":"https://www.facebook.com/BangkokRayong","email":"contactcenter@brh.co.th","healthcare":"hospital","name":"โรงพยาบาลกรุงเทพระยอง","name:en":"Bangkok Hospital Rayong","name:th":"โรงพยาบาลกรุงเทพระยอง","operator":"Bangkok Dusit Medical Services","operator:type":"private","operator:wikidata":"Q13012598","phone":"1719","website":"https://www.bangkokhospital.com/en/rayong","@type":"way","@id":1561994343},"geometry":{"type":"Point","coordinates":[101.2221504,12.6742811]}},{"type":"Feature","id":1562655663,"properties":{"addr:district":"นิคมพัฒนา","addr:housenumber":"72","addr:province":"ระยอง","addr:street":"สำนักอ้ายงอน","addr:subdistrict":"มาบข่า","amenity":"clinic","email":"mabkha2.sasuk@gmail.com","healthcare":"clinic","name":"ศูนย์บริการสาธารณสุขมาบข่า","operator":"เทศบาลนครมาบตาพุด","operator:type":"government","phone":"+66 38 024527","source":"https://gis-health.moph.go.th/healthmap/info.php?maincode=21352","@type":"way","@id":1562655663},"geometry":{"type":"Point","coordinates":[101.1640254,12.7877667]}},{"type":"Feature","id":1562655670,"properties":{"addr:district":"เมืองระยอง","addr:housenumber":"99","addr:postcode":"21150","addr:province":"ระยอง","addr:street":"วัดมาบตาพุด","addr:subdistrict":"มาบตาพุด","amenity":"clinic","building":"yes","email":"neanpayomcity@hotmail.com","healthcare":"clinic","name":"ศูนย์บริการสาธารณสุขเนินพยอม","operator":"เทศบาลนครมาบตาพุด","operator:type":"government","phone":"+66 33 017721","@type":"way","@id":1562655670},"geometry":{"type":"Point","coordinates":[101.1722072,12.7222028]}},{"type":"Feature","id":1562666262,"properties":{"addr:district":"เมืองระยอง","addr:housenumber":"5/1","addr:province":"ระยอง","addr:street":"วัดโขดหิน-เขาไผ่","addr:subdistrict":"เนินพระ","amenity":"clinic","building":"yes","email":"khoadhin.ong@gmail.com","healthcare":"clinic","name":"ศูนย์บริการสาธารณสุขโขดหิน","operator":"เทศบาลนครมาบตาพุด","operator:type":"government","phone":"+66 38 688523","@type":"way","@id":1562666262},"geometry":{"type":"Point","coordinates":[101.1991397,12.6988095]}},{"type":"Feature","id":1562666268,"properties":{"addr:district":"เมืองระยอง","addr:housenumber":"87","addr:province":"ระยอง","addr:street":"ตากวน-หาดทรายทอง","addr:subdistrict":"มาบตาพุด","amenity":"clinic","building":"yes","email":"takaun.pcu@gmail.com","healthcare":"clinic","name":"ศูนย์บริการสาธารณสุขตากวน","operator":"เทศบาลนครมาบตาพุด","operator:type":"government","phone":"+66 38 607890","@type":"way","@id":1562666268},"geometry":{"type":"Point","coordinates":[101.1689683,12.680351]}},{"type":"Feature","id":1562666271,"properties":{"addr:district":"เมืองระยอง","addr:housenumber":"55/5","addr:place":"หมู่ 7","addr:province":"ระยอง","addr:subdistrict":"มาบตาพุด","amenity":"clinic","email":"sophon.pcu@gmail.com","healthcare":"clinic","name":"ศูนย์บริการสาธารณสุขวัดโสภณ","phone":"+66 38608614","website":"http://www.saraban_042101032@DLA.GO.TH","@type":"way","@id":1562666271},"geometry":{"type":"Point","coordinates":[101.1657427,12.708545]}},{"type":"Feature","id":1562666277,"properties":{"addr:district":"เมืองระยอง","addr:housenumber":"149/1","addr:place":"หมู่ 8","addr:province":"ระยอง","addr:street":"มาบยา","addr:subdistrict":"มาบตาพุด","amenity":"hospital","beds":"100","email":"mrh@mongkutrayong.com","fax":"+66 3868 1459","healthcare":"hospital","name":"โรงพยาบาลมงกุฏระยอง","name:en":"Mongkut Rayong Hospital","name:th":"โรงพยาบาลมงกุฏระยอง","phone":"+66 3869 1800","website":"http://monmgkutrayong.com","@type":"way","@id":1562666277},"geometry":{"type":"Point","coordinates":[101.1575634,12.7330134]}},{"type":"Feature","id":369748110,"properties":{"amenity":"hospital","name":"โรงพยาบาลขะอำ","name:en":"Cha-am Hospital","name:th":"โรงพยาบาลขะอำ","source":"GPS;sign","@type":"node","@id":369748110},"geometry":{"type":"Point","coordinates":[99.9796308,12.8086056]}},{"type":"Feature","id":2406160243,"properties":{"amenity":"hospital","name":"โรงพยาบาลนภาลัย","name:en":"Naphalai Hospital","name:th":"โรงพยาบาลนภาลัย","@type":"node","@id":2406160243},"geometry":{"type":"Point","coordinates":[99.9433279,13.4665691]}},{"type":"Feature","id":3168260680,"properties":{"amenity":"hospital","name":"รพ.บ้านลาด","@type":"node","@id":3168260680},"geometry":{"type":"Point","coordinates":[99.884264,13.0569171]}},{"type":"Feature","id":3174286722,"properties":{"amenity":"hospital","healthcare":"hospital","name":"รพ.แก่งกะจาน","@type":"node","@id":3174286722},"geometry":{"type":"Point","coordinates":[99.7218855,12.9247213]}},{"type":"Feature","id":4312157943,"properties":{"amenity":"hospital","healthcare":"hospital","name":"โรงพยาบาลค่ายธนะรัชต์","name:en":"Fort Thanarat Hospital","name:th":"โรงพยาบาลค่ายธนะรัชต์","website":"https://hosthanarat.com/","@type":"node","@id":4312157943},"geometry":{"type":"Point","coordinates":[99.9226192,12.4100882]}},{"type":"Feature","id":7856667427,"properties":{"amenity":"hospital","name":"โรงพยาบาลท่ายาง","name:en":"Tha Yang Hospital","@type":"node","@id":7856667427},"geometry":{"type":"Point","coordinates":[99.8910588,12.9666185]}},{"type":"Feature","id":7856667428,"properties":{"amenity":"hospital","name":"โรงพยาบาลเมืองเพชร-ธนบุรี","name:en":"Mueang Phet-Thon Buri Hospital","@type":"node","@id":7856667428},"geometry":{"type":"Point","coordinates":[99.9456391,13.0831412]}},{"type":"Feature","id":7856667429,"properties":{"amenity":"hospital","healthcare":"hospital","name":"โรงพยาบาลค่ายรามราชนิเวศน์","name:en":"Khai Ram Ratchaniwet Hospital","@type":"node","@id":7856667429},"geometry":{"type":"Point","coordinates":[99.9447218,13.0944325]}},{"type":"Feature","id":7856667430,"properties":{"amenity":"hospital","healthcare":"hospital","name":"โรงพยาบาลวัชรเวช","name:en":"Watcharawet Hospital","name:th":"โรงพยาบาลวัชรเวช","@type":"node","@id":7856667430},"geometry":{"type":"Point","coordinates":[99.9425733,13.1071862]}},{"type":"Feature","id":7856667431,"properties":{"amenity":"hospital","name":"โรงพยาบาลหนองหญ้าปล้อง","name:en":"Nong Ya Plong Hospital","@type":"node","@id":7856667431},"geometry":{"type":"Point","coordinates":[99.7100901,13.1263443]}},{"type":"Feature","id":7856667432,"properties":{"amenity":"hospital","name":"โรงพยาบาลบ้านแหลม","name:en":"Ban Laem Hospital","@type":"node","@id":7856667432},"geometry":{"type":"Point","coordinates":[99.9791694,13.2054894]}},{"type":"Feature","id":7856667682,"properties":{"amenity":"hospital","healthcare":"hospital","name":"โรงพยาบาลอัมพวา","name:en":"Amphawa Hospital","@type":"node","@id":7856667682},"geometry":{"type":"Point","coordinates":[99.9456922,13.4340499]}},{"type":"Feature","id":7856667683,"properties":{"amenity":"hospital","name":"โรงพยาบาลแม่กลอง 2","name:en":"Mea Klong 2 Hospital","@type":"node","@id":7856667683},"geometry":{"type":"Point","coordinates":[99.991293,13.384988]}},{"type":"Feature","id":7856667685,"properties":{"amenity":"hospital","name":"โรงพยาบาลวัดเพลง","name:en":"Wat Phleng Hospital","@type":"node","@id":7856667685},"geometry":{"type":"Point","coordinates":[99.8852277,13.4560432]}},{"type":"Feature","id":11681676070,"properties":{"amenity":"clinic","healthcare":"clinic","name":"Spine Clinic Hua Hin","@type":"node","@id":11681676070},"geometry":{"type":"Point","coordinates":[99.8918791,12.6069391]}},{"type":"Feature","id":11888480973,"properties":{"amenity":"clinic","healthcare":"clinic","name":"Be Well Medical Center","phone":"02 111 6622","website":"https://bewell.co.th/be-well-black-mountain/","wheelchair":"yes","@type":"node","@id":11888480973},"geometry":{"type":"Point","coordinates":[99.8919701,12.6069621]}},{"type":"Feature","id":12591991299,"properties":{"amenity":"clinic","healthcare":"clinic","name":"Be Well Medical Center","phone":"02 111 6644","website":"https://bewell.co.th","wheelchair":"yes","@type":"node","@id":12591991299},"geometry":{"type":"Point","coordinates":[99.9650433,12.5138771]}},{"type":"Feature","id":243645331,"properties":{"amenity":"hospital","building":"yes","emergency":"yes","healthcare":"hospital","name":"โรงพยาบาลเพชรรัตน์","name:en":"Phetcharat Hospital","@type":"way","@id":243645331},"geometry":{"type":"Point","coordinates":[99.9367404,13.1023874]}},{"type":"Feature","id":244789948,"properties":{"amenity":"hospital","healthcare":"hospital","name":"เหล่ากาชาดจังหวัดเพชรบุรี","name:en":"Petchaburi Red Cross","name:th":"เหล่ากาชาดจังหวัดเพชรบุรี","@type":"way","@id":244789948},"geometry":{"type":"Point","coordinates":[99.9472685,13.1110738]}},{"type":"Feature","id":316763904,"properties":{"amenity":"hospital","building":"yes","healthcare":"hospital","name":"รพ.พระจอมเกล้า","@type":"way","@id":316763904},"geometry":{"type":"Point","coordinates":[99.9381874,13.1182555]}},{"type":"Feature","id":337525576,"properties":{"addr:country":"TH","addr:district":"เขาย้อย","addr:district:en":"Khaoyoi","addr:place":"5","addr:postcode":"76140","addr:province":"เพชรบุรี","addr:province:en":"Phetchaburi","addr:subdistrict":"เขาย้อย","amenity":"hospital","contact:facebook":"https://www.facebook.com/khaoyoihospital","healthcare":"hospital","name":"โรงพยาบาลเขาย้อย","name:en":"Khao Yoi Hospital","name:th":"โรงพยาบาลเขาย้อย","operator":"Ministry of Public Health","operator:short":"MOPH","operator:type":"government","operator:wikidata":"Q5970641","website":"https://www.khaoyoihospital.go.th/","@type":"way","@id":337525576},"geometry":{"type":"Point","coordinates":[99.8256922,13.239904]}},{"type":"Feature","id":340899511,"properties":{"amenity":"hospital","brand":"Bangkok Hospital","brand:en":"Bangkok Hospital","brand:th":"โรงพยาบาลกรุงเทพ","brand:wikidata":"Q125869165","building":"yes","emergency":"yes","healthcare":"hospital","name":"โรงพยาบาลกรุงเทพหัวหิน","name:en":"Bangkok Hospital Hua Hin","name:th":"โรงพยาบาลกรุงเทพหัวหิน","operator":"Bangkok Dusit Medical Services","operator:type":"private","operator:wikidata":"Q13012598","toilets:wheelchair":"yes","website":"https://www.bangkokhospital.com/th/huahin","wheelchair":"yes","@type":"way","@id":340899511},"geometry":{"type":"Point","coordinates":[99.9606146,12.5540678]}},{"type":"Feature","id":340906162,"properties":{"amenity":"hospital","building":"yes","healthcare":"hospital","name":"โรงพยาบาลซานเปาโล","name:en":"San Paulo Hospital","name:th":"โรงพยาบาลซานเปาโล","wheelchair":"yes","@type":"way","@id":340906162},"geometry":{"type":"Point","coordinates":[99.959144,12.5637752]}},{"type":"Feature","id":377405321,"properties":{"amenity":"hospital","healthcare":"hospital","name":"Somdet Phra Phuttha Loetla Hospital","name:en":"Somdet Phra Phuttha Loetla Hospital","name:th":"โรงพยาบาลสมเด็จพระพุทธเลิศหล้า","operator":"Ministry of Health","operator:type":"government","@type":"way","@id":377405321},"geometry":{"type":"Point","coordinates":[99.9978356,13.4061912]}},{"type":"Feature","id":480342123,"properties":{"amenity":"clinic","building":"yes","healthcare":"clinic","name":"โรงพยาบาลส่งเสริมสุขภาพตำบลปากน้ำปราณ","name:en":"Pak Nam Pran Health Center","name:th":"โรงพยาบาลส่งเสริมสุขภาพตำบลปากน้ำปราณ","name:th-Latn":"Sathani Anamai Pak Nam Pran","operator":"โรงพยาบาลส่งเสริมสุขภาพตำบล","operator:th":"โรงพยาบาลส่งเสริมสุขภาพตำบล","operator:type":"private","operator:wikidata":"Q16306413","@type":"way","@id":480342123},"geometry":{"type":"Point","coordinates":[99.9909312,12.4012606]}},{"type":"Feature","id":507729171,"properties":{"alt_name:th":"โรงพยาบาลส่งเสริมสุขภาพตำบลปราณบุรี","amenity":"clinic","building":"yes","healthcare":"clinic","name":"โรงพยาบาลส่งเสริมสุขภาพตำบลปราณบุรี","name:en":"Pran Buri Health Promotion Hospital","name:th":"โรงพยาบาลส่งเสริมสุขภาพตำบลปราณบุรี","name:th-Latn":"Sathani Anamai Pran Buri","operator":"โรงพยาบาลส่งเสริมสุขภาพตำบล","operator:th":"โรงพยาบาลส่งเสริมสุขภาพตำบล","operator:type":"private","operator:wikidata":"Q16306413","@type":"way","@id":507729171},"geometry":{"type":"Point","coordinates":[99.9294235,12.3751563]}},{"type":"Feature","id":542028789,"properties":{"amenity":"hospital","emergency":"yes","healthcare":"hospital","name":"โรงพยาบาลหัวหิน","name:en":"Hua Hin Hospital","name:th":"โรงพยาบาลหัวหิน","@type":"way","@id":542028789},"geometry":{"type":"Point","coordinates":[99.9481179,12.6076462]}},{"type":"Feature","id":1378372740,"properties":{"amenity":"hospital","healthcare":"hospital","name":"โรงพยาบาลอัมพวา","@type":"way","@id":1378372740},"geometry":{"type":"Point","coordinates":[99.9458271,13.434061]}},{"type":"Feature","id":1534095630,"properties":{"addr:country":"ไทย","addr:district":"แก่งกระจาน","addr:housenumber":"6","addr:place":"5","addr:province":"เพชรบุรี","addr:subdistrict":"วังจันทร์","amenity":"hospital","healthcare":"hospital","name":"โรงพยาบาลแก่งกระจาน","name:en":"Kaeng Krachan Hospital","name:th":"โรงพยาบาลแก่งกระจาน","operator":"สังกัดกระทรวงสาธารณสุข","operator:type":"government","phone":"032465191","website":"https://kkc-hospital.moph.go.th/","@type":"way","@id":1534095630},"geometry":{"type":"Point","coordinates":[99.7212527,12.9238384]}},{"type":"Feature","id":1535024278,"properties":{"addr:district":"ปากท่อ","addr:district:en":"Paktho","addr:housenumber":"201/10","addr:place":"8","addr:postcode":"70140","addr:province":"ราชบุรี","addr:province:en":"Ratchaburi","addr:street":"ถนนท้าวอู่ทอง","addr:subdistrict":"ปากท่อ","amenity":"hospital","healthcare":"hospital","name":"โรงพยาบาลปากท่อ","name:en":"Pak Tho Hospital","name:th":"โรงพยาบาลปากท่อ","operator":"กระทรวงสาธารณสุข","operator:type":"government","website":"http://www.pthosp.net/","@type":"way","@id":1535024278},"geometry":{"type":"Point","coordinates":[99.8409602,13.3728216]}},{"type":"Feature","id":1562450118,"properties":{"amenity":"clinic","building":"yes","healthcare":"clinic","name":"โรงพยาบาลส่งเสริมสุขภาพตำบล บ้านโรงสูบ","name:en":"Ban Rong Sup Subdistrict Health Promoting Hospital","name:th":"โรงพยาบาลส่งเสริมสุขภาพตำบล บ้านโรงสูบ","operator":"โรงพยาบาลส่งเสริมสุขภาพตำบล","operator:th":"โรงพยาบาลส่งเสริมสุขภาพตำบล","operator:type":"private","operator:wikidata":"Q16306413","@type":"way","@id":1562450118},"geometry":{"type":"Point","coordinates":[99.9230609,12.391186]}},{"type":"Feature","id":1563522676,"properties":{"amenity":"hospital","healthcare":"hospital","name":"โรงพยาบาลปราณบุรี","name:en":"Pran Buri Hospital","name:th":"โรงพยาบาลปราณบุรี","@type":"way","@id":1563522676},"geometry":{"type":"Point","coordinates":[99.9342567,12.3842152]}},{"type":"Feature","id":356278384,"properties":{"amenity":"hospital","created_by":"Potlatch 0.10f","name":"Korat MRI Medical Clinic","@type":"node","@id":356278384},"geometry":{"type":"Point","coordinates":[102.0904725,14.979431]}},{"type":"Feature","id":942248650,"properties":{"amenity":"hospital","name":"โรงพยาบาลนครราชสีมา","name:en":"Nakhon Ratchasima Hospital","name:th":"โรงพยาบาลนครราชสีมา","source":"GPS; sign","@type":"node","@id":942248650},"geometry":{"type":"Point","coordinates":[101.965158,14.9255327]}},{"type":"Feature","id":1721835190,"properties":{"addr:district":"หนองบุญมาก","addr:district:en":"Nong Bun Mak","addr:province":"นครราชสีมา","addr:province:en":"Nakhon Ratchasima","addr:subdistrict":"แหลมทอง","addr:subdistrict:en":"Laem Thong","alt_name":"สถานีอนามัยหนองหัวแรด","amenity":"clinic","emergency":"no","healthcare":"clinic","name":"โรงพยาบาลส่งเสริมสุขภาพตำบล หนองหัวแรด","name:en":"Nong Hua Raet Subdistrict Health Promoting Hospital","short_name":"รพ.สต.หนองหัวแรด","source":"GPS; sign","@type":"node","@id":1721835190},"geometry":{"type":"Point","coordinates":[102.3383574,14.7509355]}},{"type":"Feature","id":1780195309,"properties":{"amenity":"clinic","emergency":"no","healthcare":"clinic","name":"โรงพยาบาลส่งเสริมสุขภาพตำบล","name:en":"Sri Sala Leung Subdistrict Health Promoting Hospital","name:th":"โรงพยาบาลส่งเสริมสุขภาพตำบล","operator":"โรงพยาบาลส่งเสริมสุขภาพตำบล","operator:th":"โรงพยาบาลส่งเสริมสุขภาพตำบล","operator:type":"private","operator:wikidata":"Q16306413","@type":"node","@id":1780195309},"geometry":{"type":"Point","coordinates":[102.041578,14.968397]}},{"type":"Feature","id":1840877398,"properties":{"addr:district":"บ้านหมี่","addr:district:en":"Ban Mi","addr:hamlet":"หมู่ที่ 4","addr:province":"ลพบุรี","addr:province:en":"Lopburi","addr:subdistrict":"ชอนม่วง","addr:subdistrict:en":"Chon Muang","alt_name":"สถานีอนามัยชอนม่วง","amenity":"clinic","emergency":"no","healthcare":"clinic","name":"โรงพยาบาลส่งเสริมสุขภาพตำบล ชอนม่วง","name:en":"Chon Muang Subdistrict Health Promoting Hospital","short_name":"รพ.สต.ชอนม่วง","source":"Bing; sign","@type":"node","@id":1840877398},"geometry":{"type":"Point","coordinates":[100.6336689,15.201977]}},{"type":"Feature","id":1840877405,"properties":{"addr:district":"บ้านหมี่","addr:district:en":"Ban Mi","addr:hamlet":"หมู่ที่ 2","addr:province":"ลพบุรี","addr:province:en":"Lopburi","addr:subdistrict":"ดอนดึง","addr:subdistrict:en":"Don Dueng","alt_name":"สถานีอนามัยดอนดึง","amenity":"clinic","emergency":"no","healthcare":"clinic","name":"โรงพยาบาลส่งเสริมสุขภาพตำบล ดอนดึง","name:en":"Don Dueng Subdistrict Health Promoting Hospital","short_name":"รพ.สต.ดอนดึง","source":"Bing; sign","@type":"node","@id":1840877405},"geometry":{"type":"Point","coordinates":[100.6107761,15.1446077]}},{"type":"Feature","id":1844494295,"properties":{"addr:district":"สระโบสถ์","addr:district:en":"Sa Bot","addr:province":"ลพบุรี","addr:province:en":"Lopburi","addr:subdistrict":"มหาโพธิ","addr:subdistrict:en":"Maha Phothi","alt_name":"สถานีอนามัยมหาโพธิ","amenity":"clinic","emergency":"no","healthcare":"clinic","name":"โรงพยาบาลส่งเสริมสุขภาพตำบล มหาโพธิ","name:en":"Maha Phothi Subdistrict Health Promoting Hospital","short_name":"รพ.สต.มหาโพธิ","source":"Bing; sign","@type":"node","@id":1844494295},"geometry":{"type":"Point","coordinates":[100.8372512,15.2675616]}},{"type":"Feature","id":1844494299,"properties":{"addr:district":"สระโบสถ์","addr:district:en":"Sa Bot","addr:province":"ลพบุรี","addr:province:en":"Lopburi","addr:subdistrict":"มหาโพธิ","addr:subdistrict:en":"Maha Phothi","alt_name":"สถานีอนามัยบ้านหัวเขา","amenity":"clinic","emergency":"no","healthcare":"clinic","name":"โรงพยาบาลส่งเสริมสุขภาพตำบล บ้านหัวเขา","name:en":"Ban Hua Khao Subdistrict Health Promoting Hospital","short_name":"รพ.สต.บ้านหัวเขา","source":"Bing; sign","@type":"node","@id":1844494299},"geometry":{"type":"Point","coordinates":[100.8241521,15.2862238]}},{"type":"Feature","id":1848133148,"properties":{"addr:district":"ชัยบาดาน","addr:district:en":"Chai Badan","addr:province":"ลพบุรี","addr:province:en":"Lopburi","addr:subdistrict":"ศิลาทิพย์","addr:subdistrict:en":"Sila Thip","alt_name":"สถานีอนามัยศิลาทิพย์","amenity":"clinic","emergency":"no","healthcare":"clinic","name":"โรงพยาบาลส่งเสริมสุขภาพตำบล ศิลาทิพย์","name:en":"Sila Thip Subdistrict Health Promoting Hospital","short_name":"รพ.สต.ศิลาทิพย์","source":"Bing; sign","@type":"node","@id":1848133148},"geometry":{"type":"Point","coordinates":[101.1230603,15.3040454]}},{"type":"Feature","id":1855523462,"properties":{"addr:district":"ชัยบาดาน","addr:district:en":"Chai Badan","addr:province":"ลพบุรี","addr:province:en":"Lopburi","addr:subdistrict":"เกาะรัง","addr:subdistrict:en":"Ko Rang","alt_name":"สถานีอนามัยเกาะรัง","amenity":"clinic","emergency":"no","healthcare":"clinic","name":"โรงพยาบาลส่งเสริมสุขภาพตำบล เกาะรัง","name:en":"Ko Rang Subdistrict Health Promoting Hospital","short_name":"รพ.สต.เกาะรัง","source":"Bing; sign","@type":"node","@id":1855523462},"geometry":{"type":"Point","coordinates":[101.2204128,15.2827701]}},{"type":"Feature","id":2412639953,"properties":{"amenity":"hospital","name":"โรงพยาบาลมวกเหล็ก","name:en":"Muaklek Hospital","name:th":"โรงพยาบาลมวกเหล็ก","@type":"node","@id":2412639953},"geometry":{"type":"Point","coordinates":[101.1982047,14.6368935]}},{"type":"Feature","id":3418085941,"properties":{"amenity":"hospital","@type":"node","@id":3418085941},"geometry":{"type":"Point","coordinates":[102.0747497,15.1873644]}},{"type":"Feature","id":3898514219,"properties":{"amenity":"hospital","emergency":"yes","healthcare":"hospital","name":"โรงพยาบาลมิตรภาพเมโมเรียล","name:en":"Mittraphap Memorial Hospital","name:th":"โรงพยาบาลมิตรภาพเมโมเรียล","@type":"node","@id":3898514219},"geometry":{"type":"Point","coordinates":[100.9154819,14.520677]}},{"type":"Feature","id":4384002391,"properties":{"amenity":"clinic","name":"พรเกษมคลินิค (อยุธยา)","name:th":"พรเกษมคลินิค (อยุธยา)","@type":"node","@id":4384002391},"geometry":{"type":"Point","coordinates":[100.60917,14.337156]}},{"type":"Feature","id":4471644807,"properties":{"addr:postcode":"12120","alt_name":"สถานีอนามัยคลองสอง","amenity":"clinic","emergency":"no","healthcare":"clinic","name":"โรงพยาบาลส่งเสริมสุขภาพตำบล คลองสอง","name:en":"Khlong Song Subdistrict Health Promoting Hospital","short_name":"รพ.สต.คลองสอง","@type":"node","@id":4471644807},"geometry":{"type":"Point","coordinates":[100.6469695,14.1168128]}},{"type":"Feature","id":4885436950,"properties":{"amenity":"hospital","name":"Nong Bunmak Hospital","@type":"node","@id":4885436950},"geometry":{"type":"Point","coordinates":[102.3681705,14.7401016]}},{"type":"Feature","id":5447443186,"properties":{"amenity":"hospital","name":"Ananda Mahidol Hospital","wikidata":"Q13026872","@type":"node","@id":5447443186},"geometry":{"type":"Point","coordinates":[100.6655425,14.8492984]}},{"type":"Feature","id":6156414098,"properties":{"amenity":"hospital","name":"โรงพยาบาลหนองแค","@type":"node","@id":6156414098},"geometry":{"type":"Point","coordinates":[100.8697942,14.3513304]}},{"type":"Feature","id":6169966348,"properties":{"addr:country":"Thailand","addr:district":"ปากช่อง","addr:district:en":"Pakchong","addr:housenumber":"5/1","addr:postcode":"30130","addr:province":"นครราชสีมา","addr:province:en":"Nakhonratchasima","addr:street":"ถนนมิตรภาพ","addr:street:en":"Mitraprap road","addr:subdistrict":"หนองส่าหร่าย","alt_name":"Bangkok Hospital Pakchong","alt_name:en":"Bangkok Hospital Pakchong","amenity":"hospital","brand":"Bangkok Hospital","brand:en":"Bangkok Hospital","brand:th":"โรงพยาบาลกรุงเทพ","brand:wikidata":"Q125869165","contact:facebook":"https://www.facebook.com/bangkokhospitalpakchongs","country":"ไทย","description":"โรงพยาบาลกรุงเทพปากช่อง Bangkok Hospital Pakchong   \nHotline 1719","healthcare":"hospital","name":"โรงพยาบาลกรุงเทพปากช่อง","name:en":"Bangkok Hospital Pakchong","name:th":"โรงพยาบาลกรุงเทพปากช่อง","operator":"Bangkok Dusit Medical Services","operator:type":"private","operator:wikidata":"Q13012598","phone":"044088960","province":"นครราชสีมา","@type":"node","@id":6169966348},"geometry":{"type":"Point","coordinates":[101.4313962,14.718055]}},{"type":"Feature","id":6171121972,"properties":{"alt_name":"สถานีอนามัยห้วยขมิ้น","amenity":"clinic","emergency":"no","healthcare":"clinic","name":"โรงพยาบาลส่งเสริมสุขภาพตำบล ห้วยขมิ้น","name:en":"Huai Khamin Subdistrict Health Promoting Hospital","short_name":"รพ.สต.ห้วยขมิ้น","@type":"node","@id":6171121972},"geometry":{"type":"Point","coordinates":[100.8901575,14.406199]}},{"type":"Feature","id":6342985198,"properties":{"amenity":"clinic","@type":"node","@id":6342985198},"geometry":{"type":"Point","coordinates":[100.6125875,14.8055594]}},{"type":"Feature","id":6364920213,"properties":{"amenity":"clinic","healthcare":"clinic","@type":"node","@id":6364920213},"geometry":{"type":"Point","coordinates":[102.1002435,14.9732219]}},{"type":"Feature","id":6759767199,"properties":{"amenity":"clinic","emergency":"no","fixme":"name missing","healthcare":"clinic","name":"โรงพยาบาลส่งเสริมสุขภาพตำบล","name:en":"Subdistrict Health Promoting Hospital","@type":"node","@id":6759767199},"geometry":{"type":"Point","coordinates":[101.9568125,15.2282975]}},{"type":"Feature","id":6759778439,"properties":{"amenity":"clinic","emergency":"no","fixme":"name missing","healthcare":"clinic","name":"โรงพยาบาลส่งเสริมสุขภาพตำบล","name:en":"Subdistrict Health Promoting Hospital","@type":"node","@id":6759778439},"geometry":{"type":"Point","coordinates":[101.8811688,15.1297664]}},{"type":"Feature","id":6972360697,"properties":{"amenity":"clinic","emergency":"no","fixme":"name missing","healthcare":"clinic","name":"โรงพยาบาลส่งเสริมสุขภาพตำบล","name:en":"Subdistrict Health Promoting Hospital","@type":"node","@id":6972360697},"geometry":{"type":"Point","coordinates":[102.1477053,14.7146478]}},{"type":"Feature","id":7847393051,"properties":{"addr:city":"เมืองนครราชสีมา","addr:housenumber":"101/6","addr:postcode":"30000","addr:street":"ถนนท้าวสุระ","amenity":"hospital","emergency":"no","healthcare":"hospital","healthcare:speciality":"physiotherapy","name":"Be Balance กายภาพบำบัดคลินิก","@type":"node","@id":7847393051},"geometry":{"type":"Point","coordinates":[102.1139745,14.977201]}},{"type":"Feature","id":7856667494,"properties":{"amenity":"hospital","name":"โรงพยาบาลวังน้ำเขียว","name:en":"Wang Nam Khiao Hospital","@type":"node","@id":7856667494},"geometry":{"type":"Point","coordinates":[101.8632053,14.4175163]}},{"type":"Feature","id":7856667495,"properties":{"amenity":"hospital","name":"โรงพยาบาลครบุรี","name:en":"Khon Buri Hospital","@type":"node","@id":7856667495},"geometry":{"type":"Point","coordinates":[102.2468376,14.5279227]}},{"type":"Feature","id":7856667496,"properties":{"amenity":"hospital","name":"โรงพยาบาลโชคชัย","name:en":"Chok Chai Hospital","@type":"node","@id":7856667496},"geometry":{"type":"Point","coordinates":[102.1568656,14.7337765]}},{"type":"Feature","id":7856667501,"properties":{"amenity":"hospital","name":"โรงพยาบาลหนองบุญมาก","name:en":"Nong Bun Mak Hospital","@type":"node","@id":7856667501},"geometry":{"type":"Point","coordinates":[102.3680787,14.7397998]}},{"type":"Feature","id":7856667612,"properties":{"amenity":"hospital","name":"โรงพยาบาลพระทองคำเฉลิมพระเกียรติ 80 พรรษา","name:en":"Phra Thong Kham Chaloem Phra Kiat 80 Phansa Hospital","@type":"node","@id":7856667612},"geometry":{"type":"Point","coordinates":[101.9846248,15.2983633]}},{"type":"Feature","id":7856667613,"properties":{"amenity":"hospital","name":"โรงพยาบาลโนนสูง","name:en":"Non Sung Hospital","@type":"node","@id":7856667613},"geometry":{"type":"Point","coordinates":[102.2481679,15.1677019]}},{"type":"Feature","id":7856667614,"properties":{"amenity":"hospital","name":"โรงพยาบาลจิตเวชนครราชสีมา","name:en":"Chittawet Nakhon Ratchasima Hospital","@type":"node","@id":7856667614},"geometry":{"type":"Point","coordinates":[102.1050614,14.9843636]}},{"type":"Feature","id":7856667615,"properties":{"amenity":"hospital","name":"โรงพยาบาลสูงเนิน","name:en":"Sung Noen Hospital","@type":"node","@id":7856667615},"geometry":{"type":"Point","coordinates":[101.8293142,14.8785157]}},{"type":"Feature","id":7856667616,"properties":{"amenity":"hospital","name":"โรงพยาบาลปักธงชัย","name:en":"Pak Thong Chai Hospital","@type":"node","@id":7856667616},"geometry":{"type":"Point","coordinates":[102.0323038,14.7443598]}},{"type":"Feature","id":7856667617,"properties":{"amenity":"hospital","name":"โรงพยาบาลปากช่องปางแก","name:en":"Pak Chong Pang Kae Hospital","@type":"node","@id":7856667617},"geometry":{"type":"Point","coordinates":[101.3995063,14.6805357]}},{"type":"Feature","id":7856667618,"properties":{"amenity":"hospital","name":"โรงพยาบาลปากช่องเมโมเรียล","name:en":"Pak Chong Memorial Hospital","@type":"node","@id":7856667618},"geometry":{"type":"Point","coordinates":[101.4106321,14.7028329]}},{"type":"Feature","id":7856667619,"properties":{"amenity":"hospital","name":"โรงพยาบาลสีคิ้ว","name:en":"Si Khio Hospital","@type":"node","@id":7856667619},"geometry":{"type":"Point","coordinates":[101.7222404,14.8722941]}},{"type":"Feature","id":7856667620,"properties":{"amenity":"hospital","name":"โรงพยาบาลด่านขุนทด","name:en":"Dan Khun Thot Hospital","@type":"node","@id":7856667620},"geometry":{"type":"Point","coordinates":[101.7667651,15.2108161]}},{"type":"Feature","id":7856667622,"properties":{"amenity":"hospital","name":"โรงพยาบาลวังม่วง","name:en":"Wang Muang Hospital","@type":"node","@id":7856667622},"geometry":{"type":"Point","coordinates":[101.1207068,14.8418058]}},{"type":"Feature","id":7856667623,"properties":{"amenity":"hospital","name":"โรงพยาบาลพัฒนานิคม","name:en":"Phatthana Nikhom Hospital","@type":"node","@id":7856667623},"geometry":{"type":"Point","coordinates":[100.9851264,14.8554328]}},{"type":"Feature","id":7856667624,"properties":{"amenity":"hospital","name":"โรงพยาบาลหนองโดน","name:en":"Nong Don Hospital","@type":"node","@id":7856667624},"geometry":{"type":"Point","coordinates":[100.7137513,14.6870793]}},{"type":"Feature","id":7856667625,"properties":{"amenity":"hospital","name":"โรงพยาบาลบ้านหมอ","name:en":"Ban Mo Hospital","@type":"node","@id":7856667625},"geometry":{"type":"Point","coordinates":[100.739243,14.6249357]}},{"type":"Feature","id":7856667626,"properties":{"amenity":"hospital","name":"โรงพยาบาลเกษมราษฎร์","name:en":"Kasem Rat Hospital","@type":"node","@id":7856667626},"geometry":{"type":"Point","coordinates":[100.9254098,14.5195204]}},{"type":"Feature","id":7856667627,"properties":{"amenity":"hospital","name":"โรงพยาบาลเสาไห้","name:en":"Sao Hai Hospital","@type":"node","@id":7856667627},"geometry":{"type":"Point","coordinates":[100.8499753,14.5483298]}},{"type":"Feature","id":7856667628,"properties":{"amenity":"hospital","name":"โรงพยาบาลหนองแซง","name:en":"Nong Saeng Hospital","@type":"node","@id":7856667628},"geometry":{"type":"Point","coordinates":[100.7883596,14.4988406]}},{"type":"Feature","id":7856667629,"properties":{"amenity":"hospital","name":"โรงพยาบาลท่าเรือ","name:en":"Tha Ruea Hospital","@type":"node","@id":7856667629},"geometry":{"type":"Point","coordinates":[100.7235092,14.5659885]}},{"type":"Feature","id":7856667630,"properties":{"amenity":"hospital","check_date":"2026-06-05","name":"โรงพยาบาลโรงเรียนนายร้อยพระจุลจอมเกล้า","name:en":"Rongrian Nai Roi Phrachunlachomklao Hospital","@type":"node","@id":7856667630},"geometry":{"type":"Point","coordinates":[101.1712932,14.2864051]}},{"type":"Feature","id":7856667631,"properties":{"amenity":"hospital","name":"โรงพยาบาลปากพลี","name:en":"Pak Phli Hospital","@type":"node","@id":7856667631},"geometry":{"type":"Point","coordinates":[101.2687156,14.1502884]}},{"type":"Feature","id":7856667633,"properties":{"amenity":"hospital","name":"โรงพยาบาลองครักษ์","name:en":"Ongkharak Hospital","@type":"node","@id":7856667633},"geometry":{"type":"Point","coordinates":[101.007362,14.1255108]}},{"type":"Feature","id":7856667659,"properties":{"amenity":"hospital","name":"โรงพยาบาลหนองเสือ","name:en":"Nong Suea Hospital","@type":"node","@id":7856667659},"geometry":{"type":"Point","coordinates":[100.8251917,14.1414759]}},{"type":"Feature","id":7856667660,"properties":{"amenity":"hospital","name":"โรงพยาบาลพระอินทร์","name:en":"Phra In Hospital","@type":"node","@id":7856667660},"geometry":{"type":"Point","coordinates":[100.6188869,14.1500171]}},{"type":"Feature","id":7856667661,"properties":{"amenity":"hospital","name":"โรงพยาบาลปภาเวช","name:en":"Paphawet Hospital","@type":"node","@id":7856667661},"geometry":{"type":"Point","coordinates":[100.8675492,14.3419444]}},{"type":"Feature","id":7856667662,"properties":{"amenity":"hospital","name":"โรงพยาบาลภาชี","name:en":"Phachi Hospital","@type":"node","@id":7856667662},"geometry":{"type":"Point","coordinates":[100.7380628,14.4443533]}},{"type":"Feature","id":7856667663,"properties":{"amenity":"hospital","name":"โรงพยาบาลวังน้อย","name:en":"Wang Noi Hospital","@type":"node","@id":7856667663},"geometry":{"type":"Point","coordinates":[100.7002813,14.2244094]}},{"type":"Feature","id":7856667664,"properties":{"addr:city":"ตำบลสามเรือน บางปะอิน","addr:housenumber":"78 หมู่ 3","addr:postcode":"13160","addr:street":"ถนนโรจนะ","amenity":"hospital","healthcare":"hospital","healthcare:speciality":"general;dentist;surgery","name":"โรงพยาบาลราชธานี โรจนะ","name:en":"Rajthanee Rojana Hospital.","@type":"node","@id":7856667664},"geometry":{"type":"Point","coordinates":[100.6553382,14.299978]}},{"type":"Feature","id":7856667665,"properties":{"amenity":"hospital","name":"โรงพยาบาลอุทัย","name:en":"Uthai Hospital","@type":"node","@id":7856667665},"geometry":{"type":"Point","coordinates":[100.6454515,14.361454]}},{"type":"Feature","id":7856667699,"properties":{"amenity":"hospital","name":"โรงพยาบาลนครหลวง","name:en":"Nakhon Luang Hospital","@type":"node","@id":7856667699},"geometry":{"type":"Point","coordinates":[100.6059372,14.4635734]}},{"type":"Feature","id":7856667703,"properties":{"amenity":"hospital","healthcare":"hospital","name":"โรงพยาบาลดอนพุด","name:en":"Don Phut Hospital","@type":"node","@id":7856667703},"geometry":{"type":"Point","coordinates":[100.6259358,14.5856912]}},{"type":"Feature","id":7856667712,"properties":{"amenity":"hospital","name":"โรงพยาบาลเบญจรมย์","name:en":"Bencharom Hospital","@type":"node","@id":7856667712},"geometry":{"type":"Point","coordinates":[100.6307423,14.7906091]}},{"type":"Feature","id":7856667714,"properties":{"amenity":"hospital","name":"โรงพยาบาลโคกสำโรง","name:en":"Khok Samrong Hospital","@type":"node","@id":7856667714},"geometry":{"type":"Point","coordinates":[100.738213,15.0690104]}},{"type":"Feature","id":7856667715,"properties":{"amenity":"hospital","name":"โรงพยาบาลสระโบสถ์","name:en":"Sa Bot Hospital","@type":"node","@id":7856667715},"geometry":{"type":"Point","coordinates":[100.8426904,15.1940436]}},{"type":"Feature","id":7958128985,"properties":{"amenity":"clinic","check_date":"2025-08-30","internet_access":"wlan","name":"LC Clinic","name:en":"LC Clinic. Aesthetic & Laser Center","name:th":"LC Clinic. Aesthetic & Laser Center","opening_hours":"We-Mo 10:00-20:00","website":"https://www.lcclinics.com/","@type":"node","@id":7958128985},"geometry":{"type":"Point","coordinates":[102.0729418,14.9729984]}},{"type":"Feature","id":8269198969,"properties":{"amenity":"hospital","healthcare":"hospital","name":"สถานีอนามัยหนองพลวง","@type":"node","@id":8269198969},"geometry":{"type":"Point","coordinates":[102.1119478,14.9067905]}},{"type":"Feature","id":9250798454,"properties":{"amenity":"hospital","healthcare":"health center","@type":"node","@id":9250798454},"geometry":{"type":"Point","coordinates":[101.9312924,14.9456791]}},{"type":"Feature","id":9269634363,"properties":{"amenity":"hospital","healthcare":"hospital","name":"Health Center","@type":"node","@id":9269634363},"geometry":{"type":"Point","coordinates":[102.0095092,15.0205544]}},{"type":"Feature","id":11083880678,"properties":{"amenity":"clinic","healthcare":"clinic","name":"Ban Bon Sub-district Health Promotion Hospital","name:th":"โรงพยาบาลส่งเสริมสุขภาพตำบลบ้านบน","@type":"node","@id":11083880678},"geometry":{"type":"Point","coordinates":[100.9384509,14.1641763]}},{"type":"Feature","id":11365768046,"properties":{"addr:city":"พลับพลา","addr:postcode":"30150","addr:street":"ถนนสีคิ้ว-เดชอุดม","amenity":"hospital","healthcare":"hospital","name":"โรงพยาบาลโชคชัยแห่งใหม่","@type":"node","@id":11365768046},"geometry":{"type":"Point","coordinates":[102.1084851,14.7382246]}},{"type":"Feature","id":11425050599,"properties":{"amenity":"clinic","healthcare":"clinic","name":"หมอไพรัช หู คอ จมูก","@type":"node","@id":11425050599},"geometry":{"type":"Point","coordinates":[102.0947411,14.9753723]}},{"type":"Feature","id":13276942477,"properties":{"addr:district":"เมืองลพบุรี","addr:housenumber":"98/13","addr:place":"6","addr:postcode":"15000","addr:province":"ลพบุรี","addr:street":"พระยาพิชัยดาบหัก","addr:subdistrict":"เขาสามยอด","amenity":"clinic","healthcare":"clinic","healthcare:speciality":"กายภาพบำบัด","name":"Phornpimon Physiotherapy Clinic","opening_hours":"Mo-Fr 17:00-20:00, Sa-Su 9:00-19:00","@type":"node","@id":13276942477},"geometry":{"type":"Point","coordinates":[100.6519304,14.8470752]}},{"type":"Feature","id":13457324629,"properties":{"amenity":"clinic","check_date":"2026-06-29","healthcare":"clinic","name":"Class Clinic","opening_hours":"Mo-Fr 17:30-20:00; Sa-Su 11:00-20:00","@type":"node","@id":13457324629},"geometry":{"type":"Point","coordinates":[102.096152,14.9896851]}},{"type":"Feature","id":13463900681,"properties":{"amenity":"clinic","check_date":"2026-01-17","healthcare":"clinic","healthcare:speciality":"plastic_surgery","@type":"node","@id":13463900681},"geometry":{"type":"Point","coordinates":[102.0694009,14.9720536]}},{"type":"Feature","id":13463900689,"properties":{"amenity":"clinic","check_date":"2026-01-18","healthcare":"clinic","name":"Emma Clinic","@type":"node","@id":13463900689},"geometry":{"type":"Point","coordinates":[102.0883499,14.9794131]}},{"type":"Feature","id":13686014531,"properties":{"amenity":"clinic","check_date":"2026-03-14","healthcare":"clinic","@type":"node","@id":13686014531},"geometry":{"type":"Point","coordinates":[102.0817046,14.9800644]}},{"type":"Feature","id":13872024841,"properties":{"addr:district":"เมืองสระบุรี","addr:housenumber":"607/1","addr:postcode":"18000","addr:province":"สระบุรี","addr:street":"ถนนพหลโยธิน","addr:subdistrict":"ปากเพรียว","amenity":"clinic","contact:facebook":"https://www.facebook.com/TharavetClinic/","email":"taravejclinic@gmail.com","healthcare":"clinic","healthcare:speciality":"neurosurgery;internal;applied_kinesiology;blood_check;body;general;neurology;paediatrics;surgery;physiatry","internet_access":"wlan","mobile":"+66898004843","name":"ธาราเวช","opening_hours":"Mo-Su 08:00-20:00","operator":"TARAVEJ CO.,LTD","operator:type":"business","payment:app":"yes","payment:cash":"yes","payment:credit_cards":"yes","wheelchair":"yes","@type":"node","@id":13872024841},"geometry":{"type":"Point","coordinates":[100.9101803,14.5375078]}},{"type":"Feature","id":13872024842,"properties":{"addr:district":"เมืองสระบุรี","addr:housenumber":"607/2","addr:postcode":"18000","addr:province":"สระบุรี","addr:street":"ถนนพหลโยธิน","addr:subdistrict":"ปากเพรียว","amenity":"clinic","contact:facebook":"https://www.facebook.com/profile.php?id=61590543263034","email":"taravejclinic@gmail.com","healthcare":"clinic","healthcare:speciality":"neurosurgery;internal;applied_kinesiology;blood_check;body;general;neurology;paediatrics;surgery;physiatry","internet_access":"wlan","mobile":"+66898004843","name":"ธาราเวช","opening_hours":"Mo-Su 08:00-20:00","operator":"TARAVEJ CO.,LTD","operator:type":"business","payment:app":"yes","payment:cash":"yes","payment:credit_cards":"yes","wheelchair":"yes","@type":"node","@id":13872024842},"geometry":{"type":"Point","coordinates":[100.9095796,14.5378247]}},{"type":"Feature","id":14024326426,"properties":{"addr:floor":"3","amenity":"clinic","check_date":"2026-07-01","healthcare":"clinic","name":"Seoul Society Clinic","@type":"node","@id":14024326426},"geometry":{"type":"Point","coordinates":[102.1162009,14.9964121]}},{"type":"Feature","id":40666585,"properties":{"addr:housenumber":"260","addr:postcode":"15000","addr:street":"ถนนพหลโยธิน","amenity":"hospital","emergency":"yes","healthcare":"hospital","name":"โรงพยาบาลพระนารายณ์มหาราช","name:en":"King Narai Hospital","name:th":"โรงพยาบาลพระนารายณ์มหาราช","note":"Inexact borders","phone":"+66 36 785 440","website":"https://www.kingnaraihospital.go.th/","@type":"way","@id":40666585},"geometry":{"type":"Point","coordinates":[100.6532237,14.804991]}},{"type":"Feature","id":208501816,"properties":{"amenity":"hospital","name":"โรงพยาบาล ขามทะเลสอ","name:en":"Kham Thale So Hospital","name:th":"โรงพยาบาลขามทะเลสอ","source":"GPS; sign","@type":"way","@id":208501816},"geometry":{"type":"Point","coordinates":[101.9478209,14.9655808]}},{"type":"Feature","id":217790222,"properties":{"amenity":"hospital","emergency":"yes","healthcare:speciality":"general;orthopaedics;surgery;ophthalmology","name":"โรงพยาบาลการุญเวชปทุมธานี","name:en":"Karunvej Pathumthani Hospital","name:th":"โรงพยาบาล การุญเวช","@type":"way","@id":217790222},"geometry":{"type":"Point","coordinates":[100.6177503,14.117202]}},{"type":"Feature","id":260777755,"properties":{"amenity":"hospital","building:levels":"15","emergency":"yes","healthcare":"hospital","name":"ศูนย์การแพทย์สมเด็จพระเทพฯ มศว","name:en":"Maha Chakri Sirindhorn Medical Center","name:th":"ศูนย์การแพทย์สมเด็จพระเทพฯ มศว","wheelchair":"yes","wikidata":"Q13021483","wikimedia_commons":"File:ศูนย์การแพทย์สมเด็จพระเทพรัตนราชสุดาฯ สยามบรมราชกุมารี 01.jpg","wikipedia":"en:HRH Princess Maha Chakri Sirindhorn Medical Center","@type":"way","@id":260777755},"geometry":{"type":"Point","coordinates":[100.9848757,14.1115423]}},{"type":"Feature","id":297007510,"properties":{"addr:city":"ban mai","amenity":"hospital","healthcare":"hospital","name":"village doctors post Ban Mai","note":"Small doctors post for the village of Ban mai and surroundings","source":"wife lives here , and have been there","wheelchair":"yes","@type":"way","@id":297007510},"geometry":{"type":"Point","coordinates":[102.0181238,14.9623919]}},{"type":"Feature","id":311545217,"properties":{"amenity":"clinic","brand":"7-Eleven","building":"yes","healthcare":"clinic","name":"หน่วยบริการ ปฐมภูมิ รพ.มทส","@type":"way","@id":311545217},"geometry":{"type":"Point","coordinates":[102.0134829,14.8951562]}},{"type":"Feature","id":545820113,"properties":{"amenity":"hospital","healthcare":"hospital","healthcare:speciality":"general;emergency","name":"โรงพยาบาลวิหารแดง","source":"gps;local knowledge;survey","@type":"way","@id":545820113},"geometry":{"type":"Point","coordinates":[100.9714999,14.3709384]}},{"type":"Feature","id":658107457,"properties":{"amenity":"clinic","building":"yes","healthcare":"clinic","name":"โรงพยาบาลส่งเสริมสุขภาพตำบลห้วยทราย","@type":"way","@id":658107457},"geometry":{"type":"Point","coordinates":[100.8983865,14.4262757]}},{"type":"Feature","id":725901082,"properties":{"addr:housenumber":"111","addr:place":"หมู่ที่ 3","amenity":"hospital","contact:facebook":"https://www.facebook.com/RajthaneeHospital","emergency":"yes","healthcare":"hospital","internet_access":"wlan","name":"โรงพยาบาลราชธานี","name:en":"Rajthanee Hospital","name:ja":"ラーチャターニー病院","name:zh":"Rajthanee医院","name:zh-Hant":"Rajthanee醫院","website":"https://www.rajthanee.com","@type":"way","@id":725901082},"geometry":{"type":"Point","coordinates":[100.6090853,14.3420834]}},{"type":"Feature","id":749344631,"properties":{"amenity":"hospital","emergency":"yes","healthcare":"hospital","name":"โรงพยาบาลบ้านนา","name:en":"Ban Na Hospital","name:th":"โรงพยาบาลบ้านนา","wikidata":"Q138587489","@type":"way","@id":749344631},"geometry":{"type":"Point","coordinates":[101.0674194,14.2520276]}},{"type":"Feature","id":785862866,"properties":{"amenity":"hospital","barrier":"fence","healthcare":"hospital","name":"โรงพยาบาลพีรเวช","name:en":"Peravech Hospital","@type":"way","@id":785862866},"geometry":{"type":"Point","coordinates":[100.6089561,14.3826279]}},{"type":"Feature","id":806304023,"properties":{"addr:city":"นครราชสีมา","amenity":"hospital","healthcare":"hospital","name:en":"Red Cross Hospital","@type":"way","@id":806304023},"geometry":{"type":"Point","coordinates":[102.1012352,14.9727715]}},{"type":"Feature","id":806304024,"properties":{"addr:city":"นครราชสีมา","amenity":"hospital","healthcare":"hospital","name":"สภากาชาดที่ 4 จ.นครราชสีมา","name:en":"Red Cross Hospital","@type":"way","@id":806304024},"geometry":{"type":"Point","coordinates":[102.1012727,14.9735643]}},{"type":"Feature","id":972800472,"properties":{"amenity":"hospital","healthcare":"hospital","name":"สถานีอนามัยลำพญากลาง","@type":"way","@id":972800472},"geometry":{"type":"Point","coordinates":[101.4192451,14.941916]}},{"type":"Feature","id":1028860550,"properties":{"amenity":"hospital","healthcare":"hospital","name":"รพสต.บึงชำอ้อ","@type":"way","@id":1028860550},"geometry":{"type":"Point","coordinates":[100.7792159,14.1650708]}},{"type":"Feature","id":1100662404,"properties":{"amenity":"hospital","healthcare":"hospital","name":"โรงพยาบาลส่งเสริมสุขภาพตำบลโป่งก้อนเส้า","@type":"way","@id":1100662404},"geometry":{"type":"Point","coordinates":[101.1385365,14.4919113]}},{"type":"Feature","id":1120512665,"properties":{"amenity":"clinic","building":"yes","healthcare":"clinic","name":"โรงพยาบาลส่งเสริมสุขภาพตำบล","name:th":"โรงพยาบาลส่งเสริมสุขภาพตำบล","operator":"โรงพยาบาลส่งเสริมสุขภาพตำบล","operator:th":"โรงพยาบาลส่งเสริมสุขภาพตำบล","operator:wikidata":"Q16306413","@type":"way","@id":1120512665},"geometry":{"type":"Point","coordinates":[102.140297,15.1966097]}},{"type":"Feature","id":1184572816,"properties":{"addr:city":"ทะเลชุบศร","addr:housenumber":"11/1","addr:postcode":"15000","amenity":"hospital","contact:facebook":"https://www.facebook.com/lopburicancer","healthcare":"hospital","name":"โรงพยาบาลมะเร็งลพบุรี","name:en":"Lopburi Cancer Hospital","name:th":"โรงพยาบาลมะเร็งลพบุรี","phone":"+66 36 422 515","website":"https://www.lopburicancer.in.th","@type":"way","@id":1184572816},"geometry":{"type":"Point","coordinates":[100.6508894,14.8038406]}},{"type":"Feature","id":1230043764,"properties":{"amenity":"hospital","healthcare":"hospital","@type":"way","@id":1230043764},"geometry":{"type":"Point","coordinates":[102.0866257,14.9759537]}},{"type":"Feature","id":1236859805,"properties":{"amenity":"clinic","building":"yes","healthcare":"clinic","name":"คลินิกหมอครอบครัว","name:en":"Primary Care Cluster","@type":"way","@id":1236859805},"geometry":{"type":"Point","coordinates":[102.0865496,14.9749762]}},{"type":"Feature","id":1273377413,"properties":{"addr:city":"Mueang Nakhon Ratchasima","addr:housenumber":"49","addr:postcode":"30000","addr:street":"Changpueak Road","amenity":"hospital","email":"maharat@mnrh.go.th","emergency":"yes","healthcare":"hospital","name":"โรงพยาบาลมหาราชนครราชสีมา","name:en":"Maharat Nakhon Ratchasima Hospital","name:th":"โรงพยาบาลมหาราชนครราชสีมา","opening_hours":"24/7","phone":"044235000","website":"https://www.mnrh.go.th/","wikidata":"Q13026861","@type":"way","@id":1273377413},"geometry":{"type":"Point","coordinates":[102.1010639,14.9845805]}},{"type":"Feature","id":1289793083,"properties":{"amenity":"hospital","healthcare":"hospital","name":"โรงพยาบาลนครนายก","name:en":"Nakhon Nayok Hospital","name:th":"โรงพยาบาลนครนายก","operator":"กระทรวงสาธารณสุข","operator:type":"public/government","@type":"way","@id":1289793083},"geometry":{"type":"Point","coordinates":[101.2136561,14.2089531]}},{"type":"Feature","id":1328786930,"properties":{"amenity":"hospital","emergency":"yes","fixme":"Approximate boundaries / ขอบเขตโดยประมาณ","healthcare":"hospital","name":"โรงพยาบาลสระบุรี","name:en":"Saraburi Hospital","website":"http://www.srbr.in.th/","wikidata":"Q47090489","@type":"way","@id":1328786930},"geometry":{"type":"Point","coordinates":[100.9154931,14.5334469]}},{"type":"Feature","id":1415094547,"properties":{"amenity":"hospital","healthcare":"hospital","name":"โรงพยาบาลส่งเสริมสุขภาพตำบลโพนสูง","@type":"way","@id":1415094547},"geometry":{"type":"Point","coordinates":[102.0996684,15.0130437]}},{"type":"Feature","id":1416915323,"properties":{"addr:city":"ท่าเยี่ยม","addr:postcode":"30190","alt_name":"สถานีอนามัยบ้านโจด","amenity":"clinic","area":"yes","emergency":"no","healthcare":"clinic","name":"โรงพยาบาลส่งเสริมสุขภาพตำบล บ้านโจด","name:en":"Ban Chot Subdistrict Health Promoting Hospital","name:th":"โรงพยาบาลส่งเสริมสุขภาพตำบล บ้านโจด","operator":"โรงพยาบาลส่งเสริมสุขภาพตำบล","operator:th":"โรงพยาบาลส่งเสริมสุขภาพตำบล","operator:type":"private","operator:wikidata":"Q16306413","short_name":"รพ.สต.บ้านโจด","@type":"way","@id":1416915323},"geometry":{"type":"Point","coordinates":[102.2203473,14.7256288]}},{"type":"Feature","id":1458948191,"properties":{"amenity":"hospital","healthcare":"hospital","name":"โรงพยาบาลค่ายสุรนารี","name:en":"Fort Suranari Hospital","name:th":"โรงพยาบาลค่ายสุรนารี","@type":"way","@id":1458948191},"geometry":{"type":"Point","coordinates":[102.0876514,14.9650828]}},{"type":"Feature","id":1474793951,"properties":{"amenity":"hospital","healthcare":"hospital","name":"Ananda Mahidol Hospital","@type":"way","@id":1474793951},"geometry":{"type":"Point","coordinates":[100.6678301,14.848795]}},{"type":"Feature","id":1520631191,"properties":{"addr:district":"เมืองสระบุรี","addr:housenumber":"607/1","addr:postcode":"18000","addr:province":"สระบุรี","addr:street":"ถนนพหลโยธิน","addr:subdistrict":"ปากเพรียว","amenity":"clinic","contact:facebook":"https://www.facebook.com/TharavetClinic/","email":"taravejclinic@gmail.com","healthcare":"clinic","healthcare:speciality":"internal;neurosurgery;blood_check;body;paediatrics","internet_access":"wlan","mobile":"+66898004843","name":"ธาราเวช","opening_hours":"Mo-Su 08:00-20:00","operator":"TARAVEJ CO.,LTD","operator:type":"business","payment:app":"yes","payment:cash":"yes","payment:credit_cards":"yes","payment:notes":"yes","wheelchair":"yes","@type":"way","@id":1520631191},"geometry":{"type":"Point","coordinates":[100.9101617,14.5376079]}},{"type":"Feature","id":1520631192,"properties":{"addr:district":"เมืองสระบุรี","addr:housenumber":"607/2","addr:postcode":"18000","addr:province":"สระบุรี","addr:street":"ถนนพหลโยธิน","addr:subdistrict":"ปากเพรียว","amenity":"clinic","healthcare":"clinic","healthcare:speciality":"blood_check;applied_kinesiology;body;internal;paediatrics;neurosurgery","name":"ธาราเวช","opening_hours":"Mo-Su 08:00-20:00","operator":"TARAVEJ CO.,LTD","operator:type":"business","wheelchair":"yes","@type":"way","@id":1520631192},"geometry":{"type":"Point","coordinates":[100.9093758,14.5376092]}},{"type":"Feature","id":1550723544,"properties":{"addr:country":"Thailand","addr:district":"วังน้อย","addr:district:en":"Wangnoi","addr:housenumber":"100","addr:place":"5","addr:province":"จังหวัดพระนครศรีอยุธยา","addr:province:en":"Ayutthaya","addr:subdistrict":"ลำไทร","amenity":"hospital","country":"ไทย","healthcare":"hospital","name":"โรงพยาบาลวังน้อย","name:en":"Wangnoi hospital","name:th":"โรงพยาบาลวังน้อย","operator":"Ministry of Public Health","operator:short":"MOPH","operator:type":"government","operator:wikidata":"Q5970641","website":"https://wangnoihospital.moph.go.th/","@type":"way","@id":1550723544},"geometry":{"type":"Point","coordinates":[100.698691,14.2280646]}},{"type":"Feature","id":1561651589,"properties":{"amenity":"hospital","check_date":"2026-06-29","healthcare":"hospital","name":"โรงพยาบาลเซนต์เมรี่","name:en":"Saint Mary’s Hospital","name:th":"โรงพยาบาลเซนต์เมรี่","phone":"044240240","@type":"way","@id":1561651589},"geometry":{"type":"Point","coordinates":[102.0930382,14.9873412]}},{"type":"Feature","id":1561651596,"properties":{"addr:country":"Thailand","addr:district":"เมืองนครราชสีมา","addr:district:en":"Mueang Nakhon Ratchasima","addr:housenumber":"1308/9","addr:postcode":"30000","addr:province":"นครราชสีมา","addr:province:en":"Nakhon Ratchasima","addr:street":"ถนนมิตรภาพ","addr:subdistrict":"ในเมือง","addr:subdistrict:en":"Nai Mueang","alt_name":"Bangkok Hospital Ratchasima","alt_name:en":"Bangkok Hospital Ratchasima","amenity":"hospital","brand":"Bangkok Hospital","brand:en":"Bangkok Hospital","brand:th":"โรงพยาบาลกรุงเทพ","brand:wikidata":"Q125869165","check_date":"2025-09-13","contact:facebook":"https://www.facebook.com/BangkokHospitalRatchasima/","country":"ไทย","description":"Bangkok Hospital Ratchasima  / hotline 1719","emergency":"yes","healthcare":"hospital","name":"Bangkok Hospital Ratchasima","name:en":"Bangkok Hospital Ratchasima","name:th":"โรงพยาบาลกรุงเทพราชสีมา","old_name":"Ratchasima Thon Buri Hospital","operator":"Bangkok Dusit Medical Services","operator:type":"private","operator:wikidata":"Q13012598","phone":"044-429-999","province":"Nakhon Ratchasima","website":"https://www.bangkokhospital.com/th/ratchasima","wheelchair":"yes","wikidata":"Q17199300","@type":"way","@id":1561651596},"geometry":{"type":"Point","coordinates":[102.0726901,14.9810299]}},{"type":"Feature","id":1562082897,"properties":{"addr:country":"Thailand","addr:district":"Pak Chong","addr:housenumber":"288","addr:postcode":"30450","addr:province":"Nakhon Ratchasima","addr:subdistrict":"Nong Nam Daeng","alt_name":"Bangkok Hospital Khaoyai","amenity":"hospital","brand":"Bangkok Hospital","brand:en":"Bangkok Hospital","brand:th":"โรงพยาบาลกรุงเทพ","brand:wikidata":"Q125869165","contact:facebook":"https://www.facebook.com/61573799482829/","country":"ไทย","healthcare":"hospital","name":"โรงพยาบาลกรุงเทพเขาใหญ่","name:en":"Bangkok Hospital Khaoyai","name:th":"โรงพยาบาลกรุงเทพเขาใหญ่","operator":"Bangkok Dusit Medical Services","operator:type":"private","operator:wikidata":"Q13012598","phone":"+6644088699","province":"นครราชสีมา","website":"https://www.bangkokhospital.com/en/khaoyai","@type":"way","@id":1562082897},"geometry":{"type":"Point","coordinates":[101.3893044,14.6580632]}}]}