{"type":"FeatureCollection","features":[{"type":"Feature","id":2064778233,"properties":{"name:en":"Imperial World","shop":"mall","@type":"node","@id":2064778233},"geometry":{"type":"Point","coordinates":[100.5965823,13.6501428]}},{"type":"Feature","id":2093040116,"properties":{"layer":"0","name":"SC Plaza","shop":"mall","@type":"node","@id":2093040116},"geometry":{"type":"Point","coordinates":[100.4228063,13.7806362]}},{"type":"Feature","id":2428973176,"properties":{"name":"D&D Plaza","shop":"mall","@type":"node","@id":2428973176},"geometry":{"type":"Point","coordinates":[100.4966169,13.7590635]}},{"type":"Feature","id":3280551361,"properties":{"name":"SM Tower","shop":"mall","@type":"node","@id":3280551361},"geometry":{"type":"Point","coordinates":[100.5409546,13.7709713]}},{"type":"Feature","id":3399357033,"properties":{"name":"บีบี3 เซ็นเตอร์พ้อยท์","name:en":"bb3 Center Point","shop":"mall","@type":"node","@id":3399357033},"geometry":{"type":"Point","coordinates":[100.3853634,13.6739586]}},{"type":"Feature","id":3500010492,"properties":{"name":"ไลฟ์ เซ็นเตอร์","name:en":"Life Center","name:th":"ไลฟ์ เซ็นเตอร์","opening_hours":"10:00-22:00","shop":"mall","@type":"node","@id":3500010492},"geometry":{"type":"Point","coordinates":[100.544357,13.7256246]}},{"type":"Feature","id":3872553789,"properties":{"name":"Brio Mall","shop":"mall","@type":"node","@id":3872553789},"geometry":{"type":"Point","coordinates":[100.3301583,13.7862914]}},{"type":"Feature","id":4410702935,"properties":{"name":"Groove @ CentralWorld","name:th":"Groove @ CentralWorld（Harnn)","opening_hours":"Mo-Su 11:00-01:00","shop":"mall","@type":"node","@id":4410702935},"geometry":{"type":"Point","coordinates":[100.5382485,13.745438]}},{"type":"Feature","id":4411938763,"properties":{"name":"Jewelry Trade Center Thailand","shop":"mall","@type":"node","@id":4411938763},"geometry":{"type":"Point","coordinates":[100.5201355,13.7227881]}},{"type":"Feature","id":4417071402,"properties":{"addr:postcode":"12130","check_date":"2023-01-02","email":"info_webadmin@zeer.asia","internet_access":"wlan","name":"เซียร์ รังสิต","name:it":"Zeer Rangsit","opening_hours":"10:30-21:00","phone":"029926888","shop":"mall","website":"http://www.itzeerrangsit.com/th","wheelchair":"yes","@type":"node","@id":4417071402},"geometry":{"type":"Point","coordinates":[100.6224011,13.9610443]}},{"type":"Feature","id":5185058000,"properties":{"addr:city":"บางแค","addr:postcode":"10160","addr:street":"ถนนเพชรเกษม","description":"Community Mall","facebook":"https://www.facebook.com/pages/Victoria-Garden/477606645633490","name":"Victoria Gardens","opening_hours":"24/7","shop":"mall","website":"http://www.victoria-gardens.net","@type":"node","@id":5185058000},"geometry":{"type":"Point","coordinates":[100.3753496,13.7071008]}},{"type":"Feature","id":6391901497,"properties":{"addr:city":"แขวงวชิรพยาบาล","addr:housenumber":"157 6","addr:postcode":"10300","addr:street":"ถนนราชวิถี","branch":"Dusit","name":"Market Place Dusit","name:en":"Market Place Dusit","opening_hours":"Mo-Su 11:00-21:00","payment:cash":"yes","payment:contactless":"yes","payment:credit_cards":"yes","payment:debit_cards":"yes","shop":"mall","@type":"node","@id":6391901497},"geometry":{"type":"Point","coordinates":[100.5076603,13.7790061]}},{"type":"Feature","id":6514682143,"properties":{"name":"Big Garden Plaza","shop":"mall","@type":"node","@id":6514682143},"geometry":{"type":"Point","coordinates":[100.5005018,13.8328358]}},{"type":"Feature","id":7085692217,"properties":{"name":"KU Avenue","shop":"mall","@type":"node","@id":7085692217},"geometry":{"type":"Point","coordinates":[100.5647739,13.846115]}},{"type":"Feature","id":7755639031,"properties":{"addr:street":"อนามัยงามเจริญ 25","name":"Pinnacle Community Mall","shop":"mall","@type":"node","@id":7755639031},"geometry":{"type":"Point","coordinates":[100.4686543,13.6592608]}},{"type":"Feature","id":9553459685,"properties":{"name":"บิ๊กซี พลาซ่า พระราม 4","name:en":"Big C Plaza Rama 4","name:th":"บิ๊กซี พลาซ่า พระราม 4","shop":"mall","@type":"node","@id":9553459685},"geometry":{"type":"Point","coordinates":[100.5703019,13.7180796]}},{"type":"Feature","id":9553894582,"properties":{"name":"เรนฮิลล์","name:en":"Rain Hill","name:th":"เรนฮิลล์","shop":"mall","@type":"node","@id":9553894582},"geometry":{"type":"Point","coordinates":[100.5741047,13.7276907]}},{"type":"Feature","id":10568083534,"properties":{"name":"สุขสยาม","name:en":"SOOKSIAM","name:ko":"쑥싸얌","shop":"mall","@type":"node","@id":10568083534},"geometry":{"type":"Point","coordinates":[100.5100157,13.7262661]}},{"type":"Feature","id":10989256752,"properties":{"description":"Community mall","name":"Kurv7","shop":"mall","@type":"node","@id":10989256752},"geometry":{"type":"Point","coordinates":[100.6552665,13.7537864]}},{"type":"Feature","id":10989309368,"properties":{"name":"Market Place Krungthep Kreetha","shop":"mall","@type":"node","@id":10989309368},"geometry":{"type":"Point","coordinates":[100.6676552,13.7504722]}},{"type":"Feature","id":11127493338,"properties":{"name":"มณเฑียรมอลล์","name:en":"Montien Mall","name:th":"มณเฑียรมอลล์","shop":"mall","@type":"node","@id":11127493338},"geometry":{"type":"Point","coordinates":[100.531636,13.7303351]}},{"type":"Feature","id":11250481188,"properties":{"addr:housenumber":"251/1 Thong Lo 13 Alley","addr:postcode":"10110","addr:province":"กรุงเทพมหานคร","addr:street":"Khlong Tan Nuea, Watthana,","name":"SEENSPACE Thong Lor 13","operator":"Seenspace","shop":"mall","@type":"node","@id":11250481188},"geometry":{"type":"Point","coordinates":[100.581395,13.7333588]}},{"type":"Feature","id":11563600464,"properties":{"addr:city":"อำเภอปากเกร็ด จังหวัดนนทบุรี","addr:housenumber":"46/6 หมู่ 2","addr:postcode":"11120","addr:street":"ซอยบางพลับ ตำบลบางพลับ ถนนราชพฤกษ์","name":"Amor Village at Ratchaphruek","name:th":"อะมอร์ วิลเลจ ราชพฤกษ์","opening_hours":"24/7","operator":"Commercial Building","phone":"‭+66-96-206-6565‬","shop":"mall","website":"https://www.theamorvillage.com/","@type":"node","@id":11563600464},"geometry":{"type":"Point","coordinates":[100.4530606,13.9220166]}},{"type":"Feature","id":12032465765,"properties":{"addr:city":"ตำบลไทรม้า","addr:housenumber":"88","addr:postcode":"11000","addr:street":"ถนนรัตนาธิเบศร์","name":"@Saima Park Avenue","opening_hours":"Mo-Su 10:00-21:00","shop":"mall","@type":"node","@id":12032465765},"geometry":{"type":"Point","coordinates":[100.4625298,13.8712514]}},{"type":"Feature","id":12139002909,"properties":{"addr:district":"บางขุนเทียน","addr:housenumber":"80/2","addr:postcode":"10150","addr:province":"กรุงเทพมหานคร","addr:street":"ถนนพระรามที่ 2","addr:subdistrict":"ท่าข้าม","name":"Decathlon พระราม 2","opening_hours":"Mo-Su 09:00-22:00","operator":"Decathlon","shop":"mall","@type":"node","@id":12139002909},"geometry":{"type":"Point","coordinates":[100.4482236,13.6690738]}},{"type":"Feature","id":12328333927,"properties":{"name":"The Explace","shop":"mall","@type":"node","@id":12328333927},"geometry":{"type":"Point","coordinates":[100.4081626,13.6939262]}},{"type":"Feature","id":12713942842,"properties":{"level":"0","level:ref":"1F","name":"Hug Thai Zone","shop":"mall","@type":"node","@id":12713942842},"geometry":{"type":"Point","coordinates":[100.538543,13.7469256]}},{"type":"Feature","id":25505429,"properties":{"addr:housenumber":"622","addr:postcode":"10110","addr:province":"กรุงเทพมหานคร","addr:street":"ถนนสุขุมวิท","building:levels":"7","building:part":"retail","height":"30 m","name":"Emporium","name:en":"Emporium","name:th":"เอ็มโพเรียม","opening_hours":"Mo-Su 10:00-22:00","shop":"mall","wikidata":"Q2521716","wikipedia":"th:เอ็มโพเรียม","@type":"way","@id":25505429},"geometry":{"type":"Point","coordinates":[100.5688421,13.7300757]}},{"type":"Feature","id":25620935,"properties":{"addr:district":"บางนา","addr:housenumber":"587, 589","addr:postcode":"10260","addr:province":"กรุงเทพมหานคร","addr:street":"ซอยบางนา-ตราด 23","addr:subdistrict":"บางนา","building":"retail","check_date":"2023-01-10","contact:email":"prom_bangna@centralpattana.co.th","contact:facebook":"https://www.facebook.com/CentralBangnaFanpage","contact:phone":"+66 2 763 6000","contact:website":"https://shoppingcenter.centralpattana.co.th/th/branch/central-bangna","internet_access":"wlan","internet_access:fee":"no","name":"Central Bangna","name:ru":"аквапарк","name:th":"เซ็นทรัลบางนา","opening_hours":"Mo-Th 11:00-21:00; Fr 11:00-22:00; Sa 10:00-22:00; Su 10:00-21:00","operator":"Central Pattana","operator:en":"Central Pattana","operator:th":"เซ็นทรัลพัฒนา","operator:wikidata":"Q5061633","payment:mastercard":"yes","payment:visa":"yes","shop":"mall","source":"osm data;https://shoppingcenter.centralpattana.co.th/branch/central-bangna/contact-us","survey:date":"2022-10-09","toilets":"yes","wheelchair":"yes","wikidata":"Q5060205","wikipedia":"en:CentralPlaza Bangna","@type":"way","@id":25620935},"geometry":{"type":"Point","coordinates":[100.6346164,13.6695773]}},{"type":"Feature","id":25699980,"properties":{"addr:district":"วัฒนา","addr:postcode":"10110","addr:province":"กรุงเทพมหานคร","addr:street":"Sukhumvit 41","addr:subdistrict":"คลองตันเหนือ","building":"yes","name":"Miracle Mall","shop":"mall","@type":"way","@id":25699980},"geometry":{"type":"Point","coordinates":[100.5721966,13.7291237]}},{"type":"Feature","id":25701334,"properties":{"addr:district":"ปทุมวัน","addr:housenumber":"979","addr:postcode":"10330","addr:province":"กรุงเทพมหานคร","addr:street":"ถนนพระรามที่ 1","addr:subdistrict":"ปทุมวัน","alt_name:ja":"サイアム・ディスカバリー","building":"yes","building:levels":"6","name":"Siam Center","name:en":"Siam Center","name:ja":"サイアム・センター","name:ko":"싸얌 센터","name:th":"สยามเซ็นเตอร์","name:zh-Hant":"暹羅購物中心","opening_hours":"Mo-Su 10:00-22:00","operator":"บริษัท สยามพิวรรธน์ จำกัด","phone":"+66 2 658 1000","shop":"mall","start_date":"1973","toilets:wheelchair":"yes","website":"https://www.siamcenter.co.th/","wheelchair":"yes","wikidata":"Q913929","wikipedia":"th:สยามเซ็นเตอร์","wikipedia:th":"สยามเซ็นเตอร์","@type":"way","@id":25701334},"geometry":{"type":"Point","coordinates":[100.5327979,13.7462767]}},{"type":"Feature","id":25745689,"properties":{"addr:district":"ปทุมวัน","addr:postcode":"10330","addr:province":"กรุงเทพมหานคร","addr:subdistrict":"ลุมพินี","branch":"ราชดำริ","building":"yes","building:levels":"8","name":"Big C Supercenter","name:en":"Big C Supercenter","name:ko":"빅C 슈퍼센터","name:th":"บิ๊กซี ซูเปอร์เซ็นเตอร์","opening_hours":"Mo-Su 09:00-23:00","shop":"mall","@type":"way","@id":25745689},"geometry":{"type":"Point","coordinates":[100.5416309,13.7470519]}},{"type":"Feature","id":25787548,"properties":{"addr:district":"ปทุมวัน","addr:housenumber":"496-502","addr:postcode":"10330","addr:province":"กรุงเทพมหานคร","addr:street":"Phloen Chit Road","addr:subdistrict":"ลุมพินี","building":"yes","building:levels":"14","name":"Gaysorn Amarin","name:en":"Gaysorn Amarin","name:th":"เกษรอัมรินทร์","shop":"mall","website":"www.amarinplaza.com","wikidata":"Q4740292","wikimedia_commons":"Category:Amarin Plaza","wikipedia":"en:Amarin Plaza","@type":"way","@id":25787548},"geometry":{"type":"Point","coordinates":[100.5412997,13.7435258]}},{"type":"Feature","id":25829186,"properties":{"addr:district":"วัฒนา","addr:postcode":"10110","addr:province":"กรุงเทพมหานคร","addr:subdistrict":"คลองตันเหนือ","building":"yes","name":"The 49 Terrace","shop":"mall","@type":"way","@id":25829186},"geometry":{"type":"Point","coordinates":[100.5760648,13.7320882]}},{"type":"Feature","id":25829679,"properties":{"addr:district":"ปทุมวัน","addr:housenumber":"494","addr:postcode":"10330","addr:province":"กรุงเทพมหานคร","addr:street":"Thanon Ratchadamri","addr:subdistrict":"ลุมพินี","building":"yes","name":"Erawan Bangkok","name:ko":"에라완 방콕","shop":"mall","@type":"way","@id":25829679},"geometry":{"type":"Point","coordinates":[100.5405969,13.7435313]}},{"type":"Feature","id":27644094,"properties":{"addr:district":"ปทุมวัน","addr:postcode":"10330","addr:province":"กรุงเทพมหานคร","addr:subdistrict":"ลุมพินี","building":"yes","name":"Wave Place","shop":"mall","@type":"way","@id":27644094},"geometry":{"type":"Point","coordinates":[100.5479335,13.7439234]}},{"type":"Feature","id":30135300,"properties":{"addr:housenumber":"191","addr:street":"ถนนสีลม","building":"retail","name":"Silom Complex","name:th":"สีลมคอมเพล็กซ์","opening_hours":"Mo-Su 09:00-21:00","shop":"mall","wheelchair":"yes","@type":"way","@id":30135300},"geometry":{"type":"Point","coordinates":[100.5351099,13.7281476]}},{"type":"Feature","id":30754265,"properties":{"addr:city":"ธนบุรี","addr:district":"ธนบุรี","addr:housename":"เดอะมอลล์ท่าพระ","addr:housenumber":"129","addr:postcode":"10600","addr:province":"กรุงเทพมหานคร","addr:street":"ถนนรัชดาภิเษก","addr:subdistrict":"ดาวคนอง","building":"yes","name":"The Mall Lifestore Tha Phra","name:en":"The Mall Lifestore Tha Phra","name:th":"เดอะมอลล์ไลฟ์สโตร์ ท่าพระ","opening_hours":"Mo-Fr 10:00-21:00, Sa,Su 09:00-21:00","shop":"mall","wheelchair":"yes","@type":"way","@id":30754265},"geometry":{"type":"Point","coordinates":[100.4800008,13.713566]}},{"type":"Feature","id":31134583,"properties":{"addr:district":"Mueang Nonthaburi","addr:postcode":"11000","addr:province":"Nonthaburi","addr:street":"ถนนงามวงศ์วาน","addr:subdistrict":"Bang Khen","building":"yes","name":"เดอะมอลล์ งามวงศ์วาน","name:en":"The Mall Ngam Wong Wan","name:th":"เดอะมอลล์ งามวงศ์วาน","opening_hours":"Mo-Th 10:00-21:00; Fr-Sa,PH 10:00-22:00; Su 10:00-21:00","phone":"+66 2 555 1000","shop":"mall","source":"https://themalllifestore.com/contact-us","website":"https://www.themall.co.th/","@type":"way","@id":31134583},"geometry":{"type":"Point","coordinates":[100.5418971,13.8552043]}},{"type":"Feature","id":31141120,"properties":{"addr:district":"บางกะปิ","addr:housenumber":"3522","addr:postcode":"10240","addr:province":"กรุงเทพมหานคร","addr:street":"ถนนลาดพร้าว","addr:subdistrict":"คลองจั่น","brand":"The Mall Group","brand:en":"The Mall Group","brand:th":"เดอะมอลล์กรุ๊ป","brand:wikidata":"Q4924063","building":"supermarket","building:levels":"6","name":"เดอะมอลล์ บางกะปิ","name:en":"The Mall Lifestore Bangkapi","name:th":"เดอะมอลล์กรุ๊ป","opening_hours":"Mo-Th 11:30-21:30; PH,Fr,Sa 10:00-22:00; Su 10:00-21:30","operator":"เดอะมอลล์กรุ๊ป","phone":"+66 2 173 1000","shop":"mall","source":"https://themalllifestore.com/contact-us","toilets":"yes","website":"https://themalllifestore.com","@type":"way","@id":31141120},"geometry":{"type":"Point","coordinates":[100.6426574,13.7661388]}},{"type":"Feature","id":31141565,"properties":{"addr:district":"ราชเทวี","addr:postcode":"10400","addr:province":"กรุงเทพมหานคร","addr:street":"ถนนเพชรบุรี","addr:subdistrict":"ถนนเพชรบุรี","alt_name:en":"Panthip Plaza","branch":"ประตูน้ำ","building":"retail","description":"ศูนย์การค้าคอมพิวเตอร์และไอที","description:en":"Computer and IT mall","image":"https://images.mapillary.com/vns3-TNccFTn_f5a4IQLCA/thumb-2048.jpg","mapillary":"164497658855418","name":"พันธุ์ทิพย์พลาซ่า","name:en":"Phenix","name:ru":"Пантип Плаза (Компьютерный магазин)","name:th":"พันธุ์ทิพย์พลาซ่า","opening_hours":"Mo-Su 10:00-20:00","payment:cash":"yes","shop":"mall","short_name:th":"พันธุ์ทิพย์","website":"https://www.pantipplaza.com","wikidata":"Q2800701","wikimedia_commons":"Category:Pantip Plaza","wikipedia":"th:พันธุ์ทิพย์พลาซ่า","@type":"way","@id":31141565},"geometry":{"type":"Point","coordinates":[100.5372723,13.7504428]}},{"type":"Feature","id":31141613,"properties":{"addr:district":"ราชเทวี","addr:housenumber":"222/1398","addr:postcode":"10400","addr:province":"กรุงเทพมหานคร","addr:street":"ถนนเพชรบุรี","addr:subdistrict":"ถนนเพชรบุรี","building":"yes","building:levels":"8","check_date":"2026-03-11","internet_access":"wlan","internet_access:fee":"no","layer":"1","name":"Platinum Fashion Mall","name:en":"Platinum Fashion Mall","name:ko":"더 플래티넘 패션몰","name:th":"เดอะ แพลทินัม แฟชั่น มอลล์","name:zh":"水門市場","opening_hours":"Mo-Fr 09:00-20:00","shop":"mall","source":"https://platinumfashionmall.com/","toilets":"yes","wheelchair":"yes","wikidata":"Q686825","wikimedia_commons":"Category:Platinum Fashion Mall","wikipedia":"en:Platinum Fashion Mall","@type":"way","@id":31141613},"geometry":{"type":"Point","coordinates":[100.5396899,13.7499969]}},{"type":"Feature","id":33071027,"properties":{"addr:district":"ปทุมวัน","addr:postcode":"10330","addr:province":"กรุงเทพมหานคร","addr:subdistrict":"ปทุมวัน","building:levels":"4","building:part":"yes","height":"20","shop":"mall","@type":"way","@id":33071027},"geometry":{"type":"Point","coordinates":[100.5302003,13.7330001]}},{"type":"Feature","id":33434999,"properties":{"addr:city":"Bangkok","addr:district":"ประเวศ","addr:housenumber":"55","addr:postcode":"10250","addr:province":"กรุงเทพมหานคร","addr:street":"ถนนศรีนครินทร์","addr:subdistrict":"หนองบอน","air_conditioning":"yes","building":"retail","building:levels":"6","changing_table":"yes","check_date":"2023-01-10","designation":"Shopping Center","internet_access":"wlan","internet_access:fee":"customers","name":"ซีคอนสแควร์","name:en":"Seacon Square","name:th":"ซีคอนสแควร์","non_existent_levels":"0","opening_hours":"Mo-Fr 10:30-21:30; PH,Sa,Su 10:00-21:30","payment:mastercard":"yes","payment:visa":"yes","roof:levels":"0","roof:shape":"flat","shop":"mall","source":"https://seaconsquare.com/contact/","toilets":"yes","toilets:wheelchair":"yes","website":"https://www.seaconsquare.com","wheelchair":"yes","wikidata":"Q6577701","wikipedia":"en:Seacon Square","@type":"way","@id":33434999},"geometry":{"type":"Point","coordinates":[100.6483751,13.694111]}},{"type":"Feature","id":33435000,"properties":{"addr:city":"Bangkok","addr:district":"Prawet","addr:housenumber":"61","addr:postcode":"10250","addr:province":"Bangkok","addr:street":"Srinakarin Road","addr:subdistrict":"Nong Bon","building":"retail","building:levels":"4","name":"พาราไดซ์ พาร์ค","name:en":"Paradise Park","name:th":"พาราไดซ์ พาร์ค","old_name":"Seri Center","opening_hours":"Mo-Fr 10:30-21:00; PH,Sa,Su 10:00-21:00","roof:levels":"1","shop":"mall","source":"https://www.paradisepark.co.th/","toilets":"yes","toilets:wheelchair":"yes","website":"https://www.paradisepark.co.th/","wheelchair":"yes","wikidata":"Q7134332","wikipedia":"en:Seri Center","@type":"way","@id":33435000},"geometry":{"type":"Point","coordinates":[100.6476034,13.6876939]}},{"type":"Feature","id":34134556,"properties":{"addr:housenumber":"2539","addr:postcode":"10310","addr:street":"Ladprao Road","building":"yes","name":"อิมพีเรียลเวิลด์ ลาดพร้าว","name:en":"Imperial World Ladprao","name:th":"อิมพีเรียลเวิลด์ ลาดพร้าว","shop":"mall","@type":"way","@id":34134556},"geometry":{"type":"Point","coordinates":[100.6124709,13.785745]}},{"type":"Feature","id":39724262,"properties":{"addr:district":"บางรัก","addr:housenumber":"2","addr:postcode":"10500","addr:province":"กรุงเทพมหานคร","addr:street":"ถนนสีลม","addr:subdistrict":"สุริยวงศ์","building":"yes","name":"บางรัก","name:en":"Silom Edge","name:th":"สีลม เอจ","opening_hours":"Mo-Fr 08:00-18:00","phone":"+66 2 764 6999","shop":"mall","source":"https://www.silomedge.com/silom-edge-office/","website":"https://www.silomedge.com/en/;https://l.facebook.com","@type":"way","@id":39724262},"geometry":{"type":"Point","coordinates":[100.5358424,13.7294587]}},{"type":"Feature","id":43268017,"properties":{"addr:district":"บางรัก","addr:housenumber":"52","addr:postcode":"10500","addr:province":"กรุงเทพมหานคร","addr:street":"ถนนสีลม","addr:subdistrict":"สุริยวงศ์","alt_name":"Thaniya Plaza","building":"yes","name":"Thaniya Building","name:en":"Thaniya Building","name:th":"ธนิยะพลาซา บีทีเอส วิง","shop":"mall","@type":"way","@id":43268017},"geometry":{"type":"Point","coordinates":[100.5336953,13.7287166]}},{"type":"Feature","id":62216205,"properties":{"addr:district":"คลองเตย","addr:postcode":"10110","addr:province":"กรุงเทพมหานคร","addr:subdistrict":"คลองเตย","building":"yes","building:levels":"6","name":"Ploenchit Center","name:en":"Ploenchit Center","name:th":"เพลินจิต​ เซ็นเตอร์","shop":"mall","@type":"way","@id":62216205},"geometry":{"type":"Point","coordinates":[100.5514168,13.7417887]}},{"type":"Feature","id":62226117,"properties":{"building":"yes","name":"Design Square","shop":"mall","@type":"way","@id":62226117},"geometry":{"type":"Point","coordinates":[100.6427863,13.6670557]}},{"type":"Feature","id":94919080,"properties":{"building":"yes","name":"Home Pro","name:th":"โฮมโปร","shop":"mall","source":"Bing","@type":"way","@id":94919080},"geometry":{"type":"Point","coordinates":[100.5438793,13.8535034]}},{"type":"Feature","id":94919091,"properties":{"building":"retail","layer":"-1","name":"Tesco Lotus","name:th":"เทสโก โลตัส","operator":"บ. เอก-ชัย ดีสทริบิวชั่น ซิสเท็ม","shop":"mall","@type":"way","@id":94919091},"geometry":{"type":"Point","coordinates":[100.5441187,13.8546024]}},{"type":"Feature","id":96359391,"properties":{"addr:city":"บางแค","addr:district":"บางแค","addr:housenumber":"518","addr:postcode":"10160","addr:province":"กรุงเทพมหานคร","addr:street":"ถนนเพชรเกษม","addr:subdistrict":"บางแคเหนือ","air_conditioning":"yes","brand":"The Mall","building":"yes","building:levels":"8","layer":"-1","name":"The Mall Bangkae","name:en":"The Mall Bangkae","name:th":"เดอะมอลล์ บางแค","opening_hours":"10:30-22:00","shop":"mall","@type":"way","@id":96359391},"geometry":{"type":"Point","coordinates":[100.4078613,13.713274]}},{"type":"Feature","id":97555393,"properties":{"addr:city":"บางขุนเทียน","addr:housenumber":"128;160","addr:postcode":"10150","addr:street":"ถนนพระรามที่ 2","building":"yes","contact:email":"Prom.RAMA2@centralpattana.co.th","contact:facebook":"https://www.facebook.com/CentralRama2Fanpage","contact:phone":"+66 2 866 4300","contact:website":"https://shoppingcenter.centralpattana.co.th/th/branch/central-rama-2","name":"เซ็นทรัลพลาซา พระราม 2","name:en":"Central Plaza Rama 2","opening_hours":"Fr 11:00-22:00; Mo-Th 11:00-21:30; Sa 10:00-22:00; Su 10:00-21:30","shop":"mall","wheelchair":"yes","wikidata":"Q5060219","wikimedia_commons":"Category:CentralPlaza Rama II","wikipedia":"th:เซ็นทรัลพลาซา พระราม 2","@type":"way","@id":97555393},"geometry":{"type":"Point","coordinates":[100.4383945,13.6636808]}},{"type":"Feature","id":101521052,"properties":{"building":"yes","shop":"mall","source":"Bing","@type":"way","@id":101521052},"geometry":{"type":"Point","coordinates":[100.5275958,13.8267307]}},{"type":"Feature","id":101521915,"properties":{"building":"retail","building:levels":"6","building:levels:underground":"1","name":"Union Mall","name:en":"Union Mall","name:th":"ยูเนี่ยน มอลล์","shop":"mall","wikidata":"Q7885824","wikimedia_commons":"Category:Union Mall","wikipedia":"en:Union Mall","@type":"way","@id":101521915},"geometry":{"type":"Point","coordinates":[100.561908,13.8135689]}},{"type":"Feature","id":105567376,"properties":{"addr:district":"Pak Kret","addr:housenumber":"99;99/9","addr:postcode":"11120","addr:province":"Nonthaburi","addr:street":"Chaeng Watthana Road","addr:subdistrict":"Bang Talat","building":"retail","contact:email":"prom.cwn@centralpattana.co.th","contact:facebook":"https://www.facebook.com/CentralChaengwattanapage","contact:phone":"+66 2 101 0000","contact:website":"https://shoppingcenter.centralpattana.co.th/th/branch/central-chaengwattana","name":"Central Chaengwattana","name:en":"Central Chaengwattana","name:th":"เซ็นทรัลแจ้งวัฒนะ","opening_hours":"Fr 10:30-22:00; Mo-Th 10:30-21:00; Sa 10:00-22:00; Su 10:00-21:00","operator":"Central Pattana","shop":"mall","source":"bing;sign:https://shoppingcenter.centralpattana.co.th/branch/central-chaengwattana/contact-us/","wikidata":"Q5060206","wikipedia":"en:CentralPlaza Chaengwattana","@type":"way","@id":105567376},"geometry":{"type":"Point","coordinates":[100.5281904,13.9036912]}},{"type":"Feature","id":113135414,"properties":{"address":"Sukhumvit 77","name":"People Park Community Mall","shop":"mall","@type":"way","@id":113135414},"geometry":{"type":"Point","coordinates":[100.6081521,13.7116669]}},{"type":"Feature","id":113135445,"properties":{"addr:district":"วัฒนา","addr:province":"กรุงเทพมหานคร","addr:subdistrict":"พระโขนงเหนือ","building":"yes","building:levels":"6","name":"Century The Movie Plaza Sukhumvit","name:th":"เซ็นจูรี่ เดอะมูฟวี่ พลาซ่า สุขุมวิท","opening_hours":"Mo-Su 10:00-21:30","operator":"Century The Movie Plaza","phone":"+66 2 023 2222","shop":"mall","website":"https://www.centurythemovieplaza.com/movie-detail.php?id=678","@type":"way","@id":113135445},"geometry":{"type":"Point","coordinates":[100.6017787,13.7056092]}},{"type":"Feature","id":121239918,"properties":{"addr:country":"TH","addr:district":"จตุจักร","addr:housenumber":"588","addr:postcode":"10900","addr:province":"กรุงเทพมหานคร","addr:street":"ถนนกำแพงเพชร 2","addr:subdistrict":"จตุจักร","building":"retail","contact:email":"jjmall@www.jjmall.co.th","contact:phone":"+66 2 265 9999","name":"เจเจ มอลล์","name:en":"JJ Mall","name:th":"เจเจมอลล์","opening_hours":"Mo-Fr 10:00-19:00; Sa-Su 10:00-20:00","operator":"JJ Mall Company Limited","shop":"mall","source":"https://www.jjmall.co.th/contact-us/","toilets":"yes","website":"https://www.jjmall.co.th","wikidata":"Q2097170","wikipedia":"en:J.J Mall","@type":"way","@id":121239918},"geometry":{"type":"Point","coordinates":[100.5491083,13.8019522]}},{"type":"Feature","id":121462566,"properties":{"addr:district":"พระนคร","addr:postcode":"10200","addr:province":"กรุงเทพมหานคร","addr:subdistrict":"ตลาดยอด","building":"yes","name":"บัดดี้ช็อปปิงพลาซ่า","name:en":"Buddy Shopping Plaza","name:th":"บัดดี้ช็อปปิงพลาซ่า","shop":"mall","@type":"way","@id":121462566},"geometry":{"type":"Point","coordinates":[100.4985013,13.7585463]}},{"type":"Feature","id":121554541,"properties":{"addr:district":"พระนคร","addr:postcode":"10200","addr:province":"กรุงเทพมหานคร","addr:subdistrict":"วังบูรพาภิรมย์","building":"yes","layer":"1","name":"ดิโอลด์สยามพลาซ่า","name:en":"The Old Siam Plaza","name:he":"קניון סיאם פלאזה","name:th":"ดิโอลด์สยามพลาซ่า","shop":"mall","short_name:th":"ดิโอลด์สยาม","toilets":"yes","website":"https://www.theoldsiam.co.th/","@type":"way","@id":121554541},"geometry":{"type":"Point","coordinates":[100.5002292,13.7459816]}},{"type":"Feature","id":121554545,"properties":{"addr:district":"พระนคร","addr:postcode":"10200","addr:province":"กรุงเทพมหานคร","addr:subdistrict":"วังบูรพาภิรมย์","building":"yes","name":"ไชน่าเวิลด์","name:en":"China world","name:th":"ไชน่าเวิลด์","shop":"mall","@type":"way","@id":121554545},"geometry":{"type":"Point","coordinates":[100.5018086,13.7449198]}},{"type":"Feature","id":121554548,"properties":{"addr:district":"พระนคร","addr:postcode":"10200","addr:province":"กรุงเทพมหานคร","addr:subdistrict":"วังบูรพาภิรมย์","building":"yes","name":"อินเดีย เอ็มโพเรียม","name:en":"India Emporium","name:th":"อินเดีย เอ็มโพเรียม","shop":"mall","@type":"way","@id":121554548},"geometry":{"type":"Point","coordinates":[100.5011517,13.7438214]}},{"type":"Feature","id":127851223,"properties":{"addr:district":"Suan Luang","addr:housenumber":"999, 999/1-4","addr:postcode":"10250","addr:province":"Bangkok","addr:street":"ถนนพระราม 9","addr:subdistrict":"Suan Luang","alt_name":"The Nine Neighborhood Center","building":"yes","email":"mbkcontactcenter@mbkgroup.co.th","name":"The Nine Center Rama 9","opening_hours":"Mo-Su 10:00-22:00","shop":"mall","source":"https://www.thenine.co.th/rama9/","website":"https://www.thenine.co.th","@type":"way","@id":127851223},"geometry":{"type":"Point","coordinates":[100.6250945,13.7413218]}},{"type":"Feature","id":140410525,"properties":{"addr:housenumber":"5/81","addr:postcode":"11000","addr:street":"ถนนพิบูลสงคราม","building":"commercial","building:levels":"5","fixme":"building:levels -> estimated 5 levels","name":"ศูนย์การค้าริเวอร์พลาซ่า แอนด์ เมเจอร์ ซีนีเพล็กซ์ นนทบุรี","name:en":"River Plaza & Major Cineplex Nonthaburi","name:th":"ศูนย์การค้าริเวอร์พลาซ่า แอนด์ เมเจอร์ ซีนีเพล็กซ์ นนทบุรี","shop":"mall","website":"http://www.riverplaza.co.th/","@type":"way","@id":140410525},"geometry":{"type":"Point","coordinates":[100.4967864,13.8415404]}},{"type":"Feature","id":145936260,"properties":{"addr:district":"หลักสี่","addr:housenumber":"333","addr:postcode":"10210","addr:province":"กรุงเทพมหานคร","addr:street":"ถนนกำแพงเพชร 6","addr:subdistrict":"ตลาดบางเขน","building":"yes","name":"IT Square","name:en":"IT Square","name:th":"ไอทีสแควร์","shop":"mall","source":"Bing","wikidata":"Q13027855","wikipedia":"th:ไอที สแควร์","@type":"way","@id":145936260},"geometry":{"type":"Point","coordinates":[100.5811337,13.886266]}},{"type":"Feature","id":149587223,"properties":{"building":"yes","name":"ไอทีแกรนด์บางแค","name:en":"IT Grand Bangkae","name:th":"ไอทีแกรนด์บางแค","shop":"mall","@type":"way","@id":149587223},"geometry":{"type":"Point","coordinates":[100.424872,13.712562]}},{"type":"Feature","id":151111598,"properties":{"addr:district":"บางกะปิ","addr:housenumber":"49","addr:postcode":"10240","addr:province":"กรุงเทพมหานคร","addr:street":"ถนนรามคำแหง","addr:subdistrict":"หัวหมาก","building":"yes","name":"1981 Soul & Sold","name:en":"1981 Soul & Sold","shop":"mall","@type":"way","@id":151111598},"geometry":{"type":"Point","coordinates":[100.6093793,13.7529568]}},{"type":"Feature","id":154773946,"properties":{"addr:city":"Bangkok","addr:district":"ยานนาวา","addr:housenumber":"79","addr:postcode":"10120","addr:province":"กรุงเทพมหานคร","addr:street":"Sathupradit Road","addr:subdistrict":"ช่องนนทรี","air_conditioning":"yes","branch":"พระราม 3","brand":"เซ็นทรัล","building":"yes","building:levels":"10","contact:email":"prom.rama3@centralpattana.co.th","contact:facebook":"https://www.facebook.com/CentralRama3Fanpage","contact:phone":"+66 (0) 2-649-6000","contact:website":"https://shoppingcenter.centralpattana.co.th/th/branch/central-rama-3","mobile":"+662 649 6000","name":"เซ็นทรัล พระราม 3","name:en":"Central Rama 3","name:th":"เซ็นทรัล พระราม 3","opening_hours":"Fr 10:30-22:00; Mo-Th 10:30-21:00; Sa-Su 10:00-22:00","shop":"mall","source":"http://www.centralplaza.co.th/aboutUs.aspx:https://shoppingcenter.centralpattana.co.th/branch/central-rama-3/contact-us","wikidata":"Q5060220","wikipedia":"th:เซ็นทรัลพลาซา พระราม 3","@type":"way","@id":154773946},"geometry":{"type":"Point","coordinates":[100.5375968,13.6979071]}},{"type":"Feature","id":155339977,"properties":{"building":"retail","name":"เซ็นทรัล นอร์ธวิลล์","name:en":"Central Northville","name:th":"เซ็นทรัล นอร์ธวิลล์","old_name":"เซ็นทรัลพลาซ่า รัตนาธิเบศร์","shop":"mall","source":"Bing","website":"http://www.centralplaza.co.th/","wikidata":"Q6662906","wikipedia":"th:เซ็นทรัล นอร์ทวิลล์","@type":"way","@id":155339977},"geometry":{"type":"Point","coordinates":[100.4969991,13.8659858]}},{"type":"Feature","id":156723173,"properties":{"landuse":"retail","name":"Charn at the Avenue","opening_hours":"10:00 - 22:00","shop":"mall","website":"https://www.charnattheavenue.com/","@type":"way","@id":156723173},"geometry":{"type":"Point","coordinates":[100.5584714,13.8946618]}},{"type":"Feature","id":156896762,"properties":{"name":"Monopoly Park","shop":"mall","@type":"way","@id":156896762},"geometry":{"type":"Point","coordinates":[100.5442033,13.6845989]}},{"type":"Feature","id":156977223,"properties":{"addr:district":"บางกะปิ","addr:postcode":"10240","addr:province":"กรุงเทพมหานคร","addr:subdistrict":"คลองจั่น","building":"yes","name":"คริสตัล ดีไซน์ เซ็นเตอร์","name:en":"Crystal Design Center","name:th":"คริสตัล ดีไซน์ เซ็นเตอร์","shop":"mall","@type":"way","@id":156977223},"geometry":{"type":"Point","coordinates":[100.6175122,13.8042221]}},{"type":"Feature","id":157042377,"properties":{"addr:district":"บึงกุ่ม","addr:housenumber":"629/1","addr:postcode":"10230","addr:province":"กรุงเทพมหานคร","addr:street":"ถนนนวมินทร์","addr:subdistrict":"นวลจันทร์","alt_name":"Tesco Lotus","brand":"Lotus's","brand:wikidata":"Q2378901","building":"yes","name":"โลตัส สุขาภิบาล 1","name:en":"Lotus's Sukkhaphiban 1","operator":"Lotus's","shop":"mall","@type":"way","@id":157042377},"geometry":{"type":"Point","coordinates":[100.6597666,13.8256028]}},{"type":"Feature","id":157482067,"properties":{"addr:district":"ปทุมวัน","addr:housenumber":"999/9","addr:postcode":"10330","addr:province":"กรุงเทพมหานคร","addr:street":"ถนนราชดำริ","addr:subdistrict":"ปทุมวัน","alt_name:en":"Central World","alt_name:th":"เซ็นทรัลเวิลด์พลาซ่า;เซ็นทรัลเวิล์ดพลาซา","building":"yes","building:levels":"7","contact:email":"prom.ctw01@centralpattana.co.th","contact:facebook":"https://www.facebook.com/CentralwOrld","contact:phone":"+66 2 640 7000","contact:website":"https://www.centralworld.co.th","description":"Central World","height":"35","name":"centralwOrld","name:en":"Central world","name:kn":"ಕೇಂದ್ರ ಪ್ರಪಂಚ","name:ko":"센트럴월드","name:th":"เซ็นทรัลเวิลด์","name:zh":"中央世界购物广场","old_name:en":"World Trade Center","old_name:th":"เวิลด์เทรด;เวิล์ดเทรดเซ็นเตอร์","opening_hours":"Mo-Su 10:00-22:00","shop":"mall","source":"https://www.centralworld.co.th/en/services","toilets":"yes","wheelchair":"yes","wikidata":"Q3270302","wikimedia_commons":"Category:CentralWorld","wikipedia":"th:เซ็นทรัลเวิลด์","@type":"way","@id":157482067},"geometry":{"type":"Point","coordinates":[100.5390066,13.7465211]}},{"type":"Feature","id":157487610,"properties":{"addr:district":"ปทุมวัน","addr:postcode":"10330","addr:province":"กรุงเทพมหานคร","addr:street":"ถนนพญาไท","addr:subdistrict":"วังใหม่","alt_name":"เอ็มบีเค","alt_name:en":"Mahboonkrong","alt_name:th":"เอ็มบีเค","building":"retail","building:levels":"8","check_date":"2025-07-19","internet_access":"wlan","internet_access:fee":"no","is_in:city":"Bangkok","is_in:country":"Thailand","is_in:district":"Pathum Wan District","is_in:iso_3166_2":"TH-10","name":"MBK Center","name:en":"MBK Center","name:ko":"마분크롱","name:th":"เอ็มบีเคเซ็นเตอร์","old_name:th":"มาบุญครองเซ็นเตอร์","opening_hours":"Mo-Su 10:00-22:00","operator":"MBK Plc.","phone":"+66 2 620 9000","shop":"mall","short_name":"มาบุญครอง","short_name:th":"มาบุญครอง","start_date":"1985","toilets":"yes","website":"https://www.mbk-center.co.th/","wheelchair":"yes","width":"330","wikidata":"Q1926372","wikipedia":"th:เอ็มบีเคเซ็นเตอร์","@type":"way","@id":157487610},"geometry":{"type":"Point","coordinates":[100.5298569,13.7445119]}},{"type":"Feature","id":157591121,"properties":{"addr:district":"ปทุมวัน","addr:housenumber":"944","addr:postcode":"10330","addr:province":"กรุงเทพมหานคร","addr:street":"ถนนพระรามที่ 4","addr:subdistrict":"วังใหม่","air_conditioning":"yes","building":"retail","building:levels":"6","check_date":"2023-01-27","email":"contact@samyan-mitrtown.com","name":"Samyan Mitrtown","name:en":"Samyan Mitrtown","name:th":"สามย่านมิตรทาวน์","opening_hours":"10:00-22:00","operator":"บริษัท เกษมทรัพย์ภักดี จำกัด","phone":"+66 2 033 8900","shop":"mall","source":"https://www.samyan-mitrtown.com/","start_date":"2019-09-20","toilets":"yes","wheelchair":"yes","wikidata":"Q97230694","wikipedia":"th:สามย่านมิตรทาวน์","@type":"way","@id":157591121},"geometry":{"type":"Point","coordinates":[100.5282306,13.7342412]}},{"type":"Feature","id":157593033,"properties":{"addr:district":"ปทุมวัน","addr:postcode":"10330","addr:province":"กรุงเทพมหานคร","addr:subdistrict":"ปทุมวัน","building":"yes","building:levels":"8","name":"Center Point Siam Square","name:en":"Center Point Siam Square","name:ko":"센터 포인트 싸얌 스퀘어","name:th":"เซ็นเตอร์พอยต์ สยามสแควร์","name:zh":"邏罗广场","opening_hours":"Mo-Su 10:00-22:00","operator":"สํานักงานจัดการทรัพย์สินจุฬาลงกรณ์มหาวิทยาลัย","shop":"mall","toilets":"yes","@type":"way","@id":157593033},"geometry":{"type":"Point","coordinates":[100.5332791,13.7451031]}},{"type":"Feature","id":157656710,"properties":{"addr:province":"กรุงเทพมหานคร","addr:street":"Sukhumvit Soi 16","alt_name":"Terminal21 Asok Shopping Mall","building":"retail","building:height":"177 m","building:levels":"32","name":"Terminal 21","name:en":"Terminal 21","name:ko":"터미널 21","name:th":"เทอร์มินอล 21","name:zh":"航站21百貨","opening_hours":"Mo-Su 10:00-22:00","shop":"mall","toilets":"yes","website":"https://www.terminal21.co.th/","wikidata":"Q3278033","wikimedia_commons":"Category:Terminal 21","wikipedia":"en:Terminal 21","@type":"way","@id":157656710},"geometry":{"type":"Point","coordinates":[100.5604208,13.7379237]}},{"type":"Feature","id":157668553,"properties":{"addr:city":"จตุจักร","addr:district":"จตุจักร","addr:housenumber":"1693","addr:postcode":"10900","addr:province":"กรุงเทพมหานคร","addr:street":"ถนนพหลโยธิน","addr:subdistrict":"จตุจักร","air_conditioning":"yes","alt_name":"Central Lardprao;Central Lat Phrao","building":"retail","check_date":"2023-01-02","contact:email":"Prom.LP@centralpattana.co.th","contact:facebook":"https://www.facebook.com/CentralLadpraoFanpage","contact:phone":"+66 2 793 6000","contact:website":"https://shoppingcenter.centralpattana.co.th/th/branch/central-ladprao","internet_access":"wlan","internet_access:fee":"customers","name":"Central Ladprao","name:en":"Central Ladprao","name:ja":"セントラルプラザ・ラプラオ","name:th":"เซ็นทรัล ลาดพร้าว","opening_hours":"Mo-Su 10:00-22:00","operator":"Central Pattana","operator:en":"Central Pattana","operator:th":"เซ็นทรัลพัฒนา","operator:wikidata":"Q5061633","payment:mastercard":"yes","payment:visa":"yes","shop":"mall","source":"https://shoppingcenter.centralpattana.co.th/th/branch/central-ladprao/contact-us","toilets":"yes","wheelchair":"yes","wikidata":"Q5060214","wikimedia_commons":"Category:CentralPlaza Latprao","wikipedia":"en:CentralPlaza Lardprao","@type":"way","@id":157668553},"geometry":{"type":"Point","coordinates":[100.5608517,13.8165939]}},{"type":"Feature","id":157668564,"properties":{"building":"yes","name":"The One Park","shop":"mall","@type":"way","@id":157668564},"geometry":{"type":"Point","coordinates":[100.5607454,13.8155003]}},{"type":"Feature","id":157718389,"properties":{"addr:city":"ธนบุรี","addr:housenumber":"257","addr:postcode":"10600","addr:street":"ถนนเจริญนคร","building":"retail","name":"ริเวอร์ไซด์ พลาซ่า","name:en":"Riverside Plaza","name:th":"ริเวอร์ไซด์ พลาซ่า","opening_hours":"10:00-22:00","shop":"mall","website":"https://www.riverside-plaza.com/","@type":"way","@id":157718389},"geometry":{"type":"Point","coordinates":[100.4911042,13.7051974]}},{"type":"Feature","id":157770877,"properties":{"addr:district":"ปทุมวัน","addr:housenumber":"194","addr:postcode":"10330","addr:province":"กรุงเทพมหานคร","addr:street":"ถนนพญาไท","addr:subdistrict":"ปทุมวัน","alt_name:th":"ดิสคัฟเวอรี่","building":"yes","building:levels":"8","image":"https://images.mapillary.com/r3e7bgdhJLzhWJQCF5YThA/thumb-2048.jpg","mapillary":"469788877418601","name":"Siam Discovery","name:en":"Siam Discovery","name:ko":"싸얌 디스커버리","name:th":"สยามดิสคัฟเวอรี่","shop":"mall","short_name:th":"สยามดิสคัฟเวอรี่","website":"https://www.siamdiscovery.co.th/","wikidata":"Q1833446","wikipedia":"th:สยามดิสคัฟเวอรี","@type":"way","@id":157770877},"geometry":{"type":"Point","coordinates":[100.5314992,13.7466796]}},{"type":"Feature","id":157770918,"properties":{"addr:district":"ปทุมวัน","addr:postcode":"10330","addr:province":"กรุงเทพมหานคร","addr:subdistrict":"ปทุมวัน","building":"yes","name":"อะลาอาร์ท","name:en":"A La Art","name:th":"อะลาอาร์ท","shop":"mall","@type":"way","@id":157770918},"geometry":{"type":"Point","coordinates":[100.5308672,13.7441825]}},{"type":"Feature","id":157770925,"properties":{"addr:district":"ปทุมวัน","addr:postcode":"10330","addr:province":"กรุงเทพมหานคร","addr:subdistrict":"ปทุมวัน","building":"retail","name":"ลิโด้","name:en":"Lido","name:th":"ลิโด้","old_name:en":"Lido Multiplex","old_name:th":"ลิโด มัลติเพล็กซ์","opening_hours":"Mo-Su,PH 10:00-22:00","operator":"LOVEiS Entertainment","operator:wikidata":"Q6666784","shop":"mall","@type":"way","@id":157770925},"geometry":{"type":"Point","coordinates":[100.5325222,13.7454129]}},{"type":"Feature","id":158185684,"properties":{"addr:district":"ราชเทวี","addr:postcode":"10400","addr:province":"กรุงเทพมหานคร","addr:street":"ถนนพญาไท","addr:subdistrict":"ถนนพญาไท","alt_name":"Century The Movie Plaza Victory Monument","building":"retail","name":"เซ็นจูรี่ เดอะ มูฟวี่ พลาซ่า","name:en":"Century The Movie Plaza","opening_hours":"PH,Mo-Su 10:30-21:30","shop":"mall","toilets":"yes","@type":"way","@id":158185684},"geometry":{"type":"Point","coordinates":[100.5371138,13.7616777]}},{"type":"Feature","id":158470345,"properties":{"building":"yes","name":"Big C","shop":"mall","source":"Bing","@type":"way","@id":158470345},"geometry":{"type":"Point","coordinates":[100.5284444,13.8264771]}},{"type":"Feature","id":158470352,"properties":{"building":"yes","name":"บิ๊กซี วงศ์สว่าง","name:th":"บิ๊กซี วงศ์สว่าง","shop":"mall","source":"Bing","@type":"way","@id":158470352},"geometry":{"type":"Point","coordinates":[100.5283557,13.827521]}},{"type":"Feature","id":158656127,"properties":{"building":"yes","name":"Gateway Bangsue","shop":"mall","@type":"way","@id":158656127},"geometry":{"type":"Point","coordinates":[100.5238327,13.8057455]}},{"type":"Feature","id":159181920,"properties":{"building":"yes","shop":"mall","@type":"way","@id":159181920},"geometry":{"type":"Point","coordinates":[100.5028342,13.8604452]}},{"type":"Feature","id":159181926,"properties":{"building":"yes","shop":"mall","@type":"way","@id":159181926},"geometry":{"type":"Point","coordinates":[100.5029886,13.8614198]}},{"type":"Feature","id":159181929,"properties":{"building":"yes","name":"บิ๊กซี รัตนาธิเบศร์ 2","name:en":"Big C Rattanathibeth 2","name:th":"บิ๊กซี รัตนาธิเบศร์ 2","shop":"mall","website":"https://corporate.bigc.co.th/en/stores/bigc/Rattanathibeth%202/","@type":"way","@id":159181929},"geometry":{"type":"Point","coordinates":[100.5036057,13.8606334]}},{"type":"Feature","id":164625405,"properties":{"addr:country":"TH","addr:district":"พญาไท","addr:housenumber":"356","addr:postcode":"10400","addr:province":"กรุงเทพมหานคร","addr:street":"ถนนพหลโยธิน","addr:subdistrict":"สามเสนใน","building":"yes","building:levels":"4","contact:phone":"+66 91 818 4196","name":"La Villa","opening_hours":"Mo-Su 07:00-22:00","shop":"mall","source":"https://mindtrip.ai/attraction/bangkok-thailand/la-villa/at-L7e5Mbtv","@type":"way","@id":164625405},"geometry":{"type":"Point","coordinates":[100.5451989,13.7798576]}},{"type":"Feature","id":170218838,"properties":{"addr:district":"เมืองนนทบุรี","addr:housenumber":"217-219","addr:postcode":"11000","addr:province":"นนทบุรี","addr:street":"ถนนงามวงศ์วาน","addr:subdistrict":"บางเขน","building":"public","name":"พันธุ์ทิพย์ พลาซ่า งามวงศ์วาน","name:en":"The Pantip at Ngamwongwan","name:th":"พันธุ์ทิพย์ พลาซ่า งามวงศ์วาน","shop":"mall","@type":"way","@id":170218838},"geometry":{"type":"Point","coordinates":[100.5370581,13.8579721]}},{"type":"Feature","id":174466200,"properties":{"amenity":"parking","building":"commercial;yes","contact:email":"Prom.RAM@centralpattana.co.th","contact:facebook":"https://www.facebook.com/CentralRamindra","contact:phone":"+66 2 790 3000","contact:website":"https://shoppingcenter.centralpattana.co.th/th/branch/central-ramindra","name":"เซ็นทรัล รามอินทรา","name:en":"Central Ramindra","name:th":"เซ็นทรัล รามอินทรา","opening_hours":"Mo-Fr 10:30-21:00; Sa-Su 10:00-21:00","operator":"Central Pattana","operator:en":"Central Pattana","operator:th":"เซ็นทรัลพัฒนา","operator:wikidata":"Q5061633","shop":"mall","type":"multipolygon","wheelchair":"yes","wikidata":"Q5060222","wikipedia":"th:เซ็นทรัลพลาซา รามอินทรา","@type":"way","@id":174466200},"geometry":{"type":"Point","coordinates":[100.6019643,13.8723533]}},{"type":"Feature","id":175274042,"properties":{"building":"yes","name":"Future Park Rangsit","name:th":"ฟิวเจอร์พาร์ค รังสิต","shop":"mall","source":"Bing","wheelchair":"limited","wikidata":"Q6583279","wikimedia_commons":"Category:Future Park Rangsit","wikipedia":"en:Future Park Rangsit","@type":"way","@id":175274042},"geometry":{"type":"Point","coordinates":[100.6176675,13.9888127]}},{"type":"Feature","id":175552840,"properties":{"addr:city":"บางพลี","addr:district":"บางพลี","addr:housenumber":"36","addr:postcode":"10540","addr:province":"สมุทรปราการ","addr:street":"ถนนบางนา-ตราด","addr:subdistrict":"บางแก้ว","building":"retail","building:levels":"2","changing_table":"yes","check_date":"2023-01-26","internet_access":"wlan","internet_access:fee":"no","layer":"1","name":"MEGAbangna","name:en":"MEGAbangna","name:th":"เมกาบางนา","opening_hours":"Mo-Su 10:00-22:00","roof:levels":"0","shop":"mall","toilets":"yes","toilets:wheelchair":"yes","website":"https://www.mega-bangna.com/","wheelchair":"yes","wikidata":"Q16304539","@type":"way","@id":175552840},"geometry":{"type":"Point","coordinates":[100.6805312,13.6471122]}},{"type":"Feature","id":176298722,"properties":{"addr:housenumber":"982/22","addr:postcode":"10110","addr:province":"กรุงเทพมหานคร","addr:street":"Sukhumvit road","building":"yes","building:levels":"8","level":"1","name":"Gateway Ekkamai","shop":"mall","website":"https://www.facebook.com/gatewayekamai","@type":"way","@id":176298722},"geometry":{"type":"Point","coordinates":[100.5853402,13.7186522]}},{"type":"Feature","id":176298723,"properties":{"addr:district":"วัฒนา","addr:postcode":"10110","addr:province":"กรุงเทพมหานคร","addr:subdistrict":"คลองตันเหนือ","building":"yes","name":"Ei8t Thonglor","shop":"mall","@type":"way","@id":176298723},"geometry":{"type":"Point","coordinates":[100.5817134,13.7308082]}},{"type":"Feature","id":176298728,"properties":{"addr:city":"Bangkok","addr:district":"Huai Khwang","addr:housenumber":"9/9","addr:postcode":"10320","addr:street":"Rama IX Road","addr:subdistrict":"Huai Khwang","building":"retail","building:levels":"14","contact:email":"prom.r9@centralpattana.co.th","contact:facebook":"https://www.facebook.com/CentralRama9","contact:phone":"+66 2 103 5999","contact:website":"https://shoppingcenter.centralpattana.co.th/th/branch/central-rama-9","name":"Central Rama 9","name:de":"Central Rama 9","name:en":"Central Rama 9","name:th":"เซ็นทรัล พระราม 9","opening_hours":"Mo-Su 10:00-22:00","operator":"Central Pattana","operator:en":"Central Pattana","operator:th":"เซ็นทรัลพัฒนา","operator:wikidata":"Q5061633","shop":"mall","source":"https://shoppingcenter.centralpattana.co.th/th/branch/central-rama-9/contact-us","wikidata":"Q5060212","wikipedia":"en:CentralPlaza Grand Rama IX","@type":"way","@id":176298728},"geometry":{"type":"Point","coordinates":[100.5660869,13.7585857]}},{"type":"Feature","id":176298731,"properties":{"addr:district":"วัฒนา","addr:province":"กรุงเทพมหานคร","addr:subdistrict":"พระโขนงเหนือ","alt_name":"Big C Supercenter Ekkamai","building":"yes","building:levels":"6","name":"Big C","shop":"mall","@type":"way","@id":176298731},"geometry":{"type":"Point","coordinates":[100.5859184,13.7269243]}},{"type":"Feature","id":176298735,"properties":{"addr:district":"ดินแดง","addr:housename":"Fortune Town","addr:postcode":"10400","addr:province":"กรุงเทพมหานคร","addr:street":"ถนนรัชดาภิเษก","addr:subdistrict":"ดินแดง","alt_name":"ซี.พี.ทาวเวอร์ 2","alt_name:en":"CP Tower 2","alt_name:th":"ซี.พี.ทาวเวอร์ 2","building":"commercial","building:levels":"14","changing_table":"no","description":"ศูนย์การค้าคอมพิวเตอร์ ไอที อุปกรณ์ถ่ายภาพ และเครื่องใช้ไฟฟ้า","description:en":"Computer, IT, photography, and electronics mall","layer":"1","name":"Fortune Town","name:en":"Fortune Town","name:th":"ฟอร์จูนทาวน์","opening_hours":"Mo-Su 10:00-22:00","phone":"+66 2 248 5855","shop":"mall","short_name":"ฟอร์จูน","short_name:th":"ฟอร์จูน","toilets":"yes","toilets:wheelchair":"limited","website":"https://fortunetown.co.th/","wikidata":"Q16434515","wikipedia":"th:ฟอร์จูนทาวน์","@type":"way","@id":176298735},"geometry":{"type":"Point","coordinates":[100.5651381,13.7587419]}},{"type":"Feature","id":176332761,"properties":{"building":"yes","building:levels":"4","name":"เซ็นเตอร์วัน","name:en":"Center One","shop":"mall","@type":"way","@id":176332761},"geometry":{"type":"Point","coordinates":[100.5392557,13.7639534]}},{"type":"Feature","id":176761917,"properties":{"addr:city":"ภาษีเจริญ","addr:postcode":"10160","addr:street":"ถนนเพชรเกษม","building":"yes","name":"ซีคอนบางแค","name:en":"Seacon Bangkae","name:th":"ซีคอนบางแค","shop":"mall","wikidata":"Q16304075","wikimedia_commons":"Category:Seacon Bangkae","wikipedia":"en:Seacon Bangkae","@type":"way","@id":176761917},"geometry":{"type":"Point","coordinates":[100.4341157,13.7116118]}},{"type":"Feature","id":196107455,"properties":{"addr:city":"กรุงเทพมหานคร","addr:country":"TH","alt_name":"Asiatique: The Riverfront","amenity":"marketplace","designation":"community mall","image_1":"http://www.flickr.com/photos/92264318@N06/8384228136/in/photostream/","is_in:city":"Bangkok","is_in:country":"Thailand","is_in:country_code":"TH","is_in:iso_3166_2":"TH-10","landuse":"retail","name":"Asiatique The Riverfront","name:en":"Asiatique The Riverfront","name:he":"מתחם בילויים אסיאנטיק","name:ja":"アジアティーク","name:th":"เอเชียทีค เดอะ ริเวอร์ฟร้อนท์","name:zh":"河滨码头夜市","shop":"mall","start_date":"2012","website":"https://web.archive.org/web/20141105061449/http://www.thaiasiatique.com/index.php/en","wikidata":"Q13026076","wikimedia_commons":"Category:Asiatique","wikipedia":"th:เอเชียทีค เดอะ ริเวอร์ฟร้อนท์","wikipedia:en":"Asiatique","@type":"way","@id":196107455},"geometry":{"type":"Point","coordinates":[100.5027687,13.7041944]}},{"type":"Feature","id":196113865,"properties":{"addr:district":"ปทุมวัน","addr:postcode":"10330","addr:province":"กรุงเทพมหานคร","addr:subdistrict":"ลุมพินี","building":"yes","name":"The Portico Langsuan","shop":"mall","@type":"way","@id":196113865},"geometry":{"type":"Point","coordinates":[100.543805,13.742102]}},{"type":"Feature","id":197022237,"properties":{"building":"yes","name":"อาคารสุขศาสตร์ 3","shop":"mall","@type":"way","@id":197022237},"geometry":{"type":"Point","coordinates":[100.6134,14.0738921]}},{"type":"Feature","id":197310919,"properties":{"name":"Nawamin Festival Walk","shop":"mall","@type":"way","@id":197310919},"geometry":{"type":"Point","coordinates":[100.6119977,13.8336116]}},{"type":"Feature","id":197475264,"properties":{"building":"retail","layer":"1","name":"Porto Chino","shop":"mall","@type":"way","@id":197475264},"geometry":{"type":"Point","coordinates":[100.2892858,13.568972]}},{"type":"Feature","id":198458856,"properties":{"addr:district":"พระนคร","addr:housenumber":"172-182","addr:postcode":"10200","addr:province":"กรุงเทพมหานคร","addr:subdistrict":"ตลาดยอด","building":"retail","name":"ห้างสรรพสินค้าตั้งฮั่วเส็ง","name:en":"Tang Hua Seng","name:th":"ห้างสรรพสินค้าตั้งฮั่วเส็ง","official_name:en":"Tang Hua Seng Company Limited","official_name:th":"บริษัท สรรพสินค้าตั้งฮั่วเส็ง จำกัด","opening_hours":"Mo-Su 08:00-20:30; PH open","shop":"mall","short_name:th":"ตั้งฮั่วเส็ง","@type":"way","@id":198458856},"geometry":{"type":"Point","coordinates":[100.497565,13.7611957]}},{"type":"Feature","id":199902584,"properties":{"building":"yes","name":"VKP Center","shop":"mall","@type":"way","@id":199902584},"geometry":{"type":"Point","coordinates":[100.6037008,14.0650509]}},{"type":"Feature","id":199902588,"properties":{"building":"apartments","shop":"mall","@type":"way","@id":199902588},"geometry":{"type":"Point","coordinates":[100.5997287,14.065002]}},{"type":"Feature","id":199902590,"properties":{"building":"apartments","shop":"mall","@type":"way","@id":199902590},"geometry":{"type":"Point","coordinates":[100.5990155,14.0650146]}},{"type":"Feature","id":199924029,"properties":{"address":"30/20 หมู่4 นวมินทร์ซิตี้อเวนิว จรเข้บัว ลาดพร้าว กรุงเทพฯ","name":"Nawamin City Avenue","opening_hours":"Mo-Su 10:00-22:00","shop":"mall","@type":"way","@id":199924029},"geometry":{"type":"Point","coordinates":[100.6106995,13.8345709]}},{"type":"Feature","id":200890475,"properties":{"addr:district":"บางรัก","addr:housenumber":"52","addr:postcode":"10500","addr:province":"กรุงเทพมหานคร","addr:street":"ถนนสีลม","addr:subdistrict":"สุริยวงศ์","building":"yes","name":"ศูนย์การค้าธนิยะ","name:en":"Thaniya Tower","name:th":"ศูนย์การค้าธนิยะ","shop":"mall","@type":"way","@id":200890475},"geometry":{"type":"Point","coordinates":[100.5333477,13.7290998]}},{"type":"Feature","id":203906311,"properties":{"building":"yes","name":"วิคตอรี่ ฮับ","name:en":"Victory Hub","name:th":"วิคตอรี่ ฮับ","shop":"mall","@type":"way","@id":203906311},"geometry":{"type":"Point","coordinates":[100.5394606,13.7650091]}},{"type":"Feature","id":205742469,"properties":{"building":"yes","layer":"3","shop":"mall","wheelchair":"yes","@type":"way","@id":205742469},"geometry":{"type":"Point","coordinates":[100.6816136,13.646776]}},{"type":"Feature","id":205742470,"properties":{"building":"yes","layer":"3","shop":"mall","wheelchair":"yes","@type":"way","@id":205742470},"geometry":{"type":"Point","coordinates":[100.6810346,13.6458677]}},{"type":"Feature","id":205742471,"properties":{"building":"retail","building:levels":"2","layer":"3","nohousenumber":"yes","opening_hours:signed":"no","roof:levels":"0","shop":"mall","toilets":"no","wheelchair":"yes","@type":"way","@id":205742471},"geometry":{"type":"Point","coordinates":[100.6806023,13.6453372]}},{"type":"Feature","id":205742472,"properties":{"building":"retail","building:levels":"2","layer":"3","nohousenumber":"yes","roof:levels":"0","shop":"mall","wheelchair":"yes","@type":"way","@id":205742472},"geometry":{"type":"Point","coordinates":[100.6808157,13.6455158]}},{"type":"Feature","id":205742473,"properties":{"building":"yes","layer":"3","shop":"mall","wheelchair":"yes","@type":"way","@id":205742473},"geometry":{"type":"Point","coordinates":[100.6814334,13.6464803]}},{"type":"Feature","id":205742474,"properties":{"building":"yes","layer":"3","shop":"mall","wheelchair":"yes","@type":"way","@id":205742474},"geometry":{"type":"Point","coordinates":[100.6818224,13.6471377]}},{"type":"Feature","id":207488687,"properties":{"building":"no","landuse":"retail","name":"BEEHIVE Lifestyle Mall","name:th":"บีไฮฟ ไลฟ์สไตล์ มอลล์","opening_hours":"10:00-22:00 hrs.","shop":"mall","website":"https://www.bangkokland.co.th/beehive","@type":"way","@id":207488687},"geometry":{"type":"Point","coordinates":[100.5394753,13.9105457]}},{"type":"Feature","id":208449031,"properties":{"addr:housenumber":"99","addr:street":"ถนนวิภาวดีรังสิต","building":"yes","building:levels":"5","name":"เซียร์ รังสิต","name:en":"Zeer Rangsit","shop":"mall","@type":"way","@id":208449031},"geometry":{"type":"Point","coordinates":[100.6232697,13.9616348]}},{"type":"Feature","id":209558878,"properties":{"addr:city":"Bangkok","addr:district":"จตุจักร","addr:housenumber":"511","addr:postcode":"10900","addr:province":"กรุงเทพมหานคร","addr:street":"ถนนกำแพงเพชร 2","addr:subdistrict":"จตุจักร","building":"yes","loc_name":"ตึกแดง","loc_name:th":"ตึกแดง","name":"บางซื่อ จังชั่น","name:en":"Bangsue Junction","name:th":"บางซื่อ จังชั่น","opening_hours":"Tu-Th 10:00-20:00; Fr-Su 10:00-22:00","shop":"mall","source":"https://www.tripadvisor.com/Attraction_Review-g293916-d22831484-Reviews-Bangsue_Junction_Shopping_Center-Bangkok.html","@type":"way","@id":209558878},"geometry":{"type":"Point","coordinates":[100.5477082,13.7990594]}},{"type":"Feature","id":229875823,"properties":{"addr:city":"แขวงอรุณอมรินทร์","addr:district":"บางกอกน้อย","addr:housenumber":"7/222","addr:postcode":"10700","addr:province":"กรุงเทพมหานคร","addr:street":"ถนนบรมราชชนนี","addr:subdistrict":"อรุณอมรินทร์","alt_name:en":"Central Plaza Pinklao;CentralPlaza Pinklao","building":"yes","building:levels":"6","contact:email":"Prom.PIN@centralpattana.co.th","contact:facebook":"https://www.facebook.com/CentralPinklaoFanpage","contact:phone":"+66 2 877 5000","contact:website":"https://www.centralpinklao.com","name":"เซ็นทรัล ปิ่นเกล้า","name:en":"Central Pinklao","name:th":"เซ็นทรัล ปิ่นเกล้า","opening_hours":"Mo-Su 10:00-22:00","shop":"mall","@type":"way","@id":229875823},"geometry":{"type":"Point","coordinates":[100.4759222,13.7775017]}},{"type":"Feature","id":229970775,"properties":{"addr:district":"ราชเทวี","addr:housenumber":"555","addr:postcode":"10400","addr:province":"กรุงเทพมหานคร","addr:street":"ถนนราชปรารภ","addr:subdistrict":"มักกะสัน","building":"yes","building:levels":"10","image":"https://images.mapillary.com/ALR_Zp4PeOvi7RHrGnO8Wg/thumb-2048.jpg","mapillary":"531425684897714","name":"The Palladium World Shopping","name:en":"The Palladium World Shopping","name:th":"เดอะพาลาเดียม เวิลด์ ช้อปปิ้ง","opening_hours":"Mo-Su 10:00-18:00","phone":"+66 2 309 9000","shop":"mall","source":"https://berkeleypratunam.com/the-palladium-world-shopping-mall/","website":"https://meechaitravel.com","@type":"way","@id":229970775},"geometry":{"type":"Point","coordinates":[100.5422258,13.7505107]}},{"type":"Feature","id":230328191,"properties":{"building":"yes","name":"Grand Plaza","shop":"mall","@type":"way","@id":230328191},"geometry":{"type":"Point","coordinates":[100.5417662,13.8571104]}},{"type":"Feature","id":230860264,"properties":{"addr:district":"ราชเทวี","addr:postcode":"10400","addr:province":"กรุงเทพมหานคร","addr:street":"ถนนเพชรบุรี","addr:subdistrict":"ถนนเพชรบุรี","building":"yes","name":"ซิตี้ คอมเพล็กซ์ ประตูน้ำ","name:en":"City Complex Pratunam","name:th":"ซิตี้ คอมเพล็กซ์ ประตูน้ำ","shop":"mall","@type":"way","@id":230860264},"geometry":{"type":"Point","coordinates":[100.5396269,13.75118]}},{"type":"Feature","id":230860266,"properties":{"addr:district":"ราชเทวี","addr:postcode":"10400","addr:province":"กรุงเทพมหานคร","addr:street":"ถนนเพชรบุรี","addr:subdistrict":"ถนนเพชรบุรี","alt_name":"Krung Thong Plaza","building":"yes","name":"กรุงทองพลาซ่า","name:en":"Krungthong Plaza","shop":"mall","@type":"way","@id":230860266},"geometry":{"type":"Point","coordinates":[100.5391389,13.7511035]}},{"type":"Feature","id":230860267,"properties":{"building":"yes","name":"Metro Fashion Mall","shop":"mall","@type":"way","@id":230860267},"geometry":{"type":"Point","coordinates":[100.5353874,13.7524892]}},{"type":"Feature","id":230903171,"properties":{"alt_name":"King Power Rangnam","building":"yes","name":"คิง เพาเวอร์ รางน้ำ","name:en":"King Power Duty Free Complex","name:th":"คิง เพาเวอร์ รางน้ำ","name:zh":"王权免税购物中心","shop":"mall","@type":"way","@id":230903171},"geometry":{"type":"Point","coordinates":[100.5379406,13.7599034]}},{"type":"Feature","id":231405192,"properties":{"addr:district":"บางรัก","addr:housenumber":"30/1","addr:postcode":"10500","addr:province":"กรุงเทพมหานคร","addr:street":"ซอยเจริญกรุง 38","addr:subdistrict":"บางรัก","building":"yes","name":"O.P. Place","name:en":"O.P. Place","name:th":"โอ.พี.เพลส","shop":"mall","@type":"way","@id":231405192},"geometry":{"type":"Point","coordinates":[100.5155207,13.724393]}},{"type":"Feature","id":233340964,"properties":{"building":"yes","shop":"mall","@type":"way","@id":233340964},"geometry":{"type":"Point","coordinates":[100.6000762,14.0649967]}},{"type":"Feature","id":233340967,"properties":{"building":"apartments","shop":"mall","@type":"way","@id":233340967},"geometry":{"type":"Point","coordinates":[100.6002576,14.064994]}},{"type":"Feature","id":233340984,"properties":{"building":"apartments","shop":"mall","@type":"way","@id":233340984},"geometry":{"type":"Point","coordinates":[100.6005942,14.0649034]}},{"type":"Feature","id":233340994,"properties":{"building":"yes","shop":"mall","@type":"way","@id":233340994},"geometry":{"type":"Point","coordinates":[100.6005674,14.064992]}},{"type":"Feature","id":235395433,"properties":{"designation":"mall","landuse":"commercial","layer":"-1","name":"Tesco Lotus","shop":"mall","@type":"way","@id":235395433},"geometry":{"type":"Point","coordinates":[100.2985706,13.7848885]}},{"type":"Feature","id":241883576,"properties":{"image":"https://images.mapillary.com/CyJay8P_14geb80mLJPo-g/thumb-2048.jpg","layer":"-1","mapillary":"4042619569137512","name":"Grand Diamond Plaza","name:en":"Grand Diamond Plaza","shop":"mall","@type":"way","@id":241883576},"geometry":{"type":"Point","coordinates":[100.5385257,13.7505558]}},{"type":"Feature","id":244115004,"properties":{"addr:district":"ปทุมวัน","addr:postcode":"10330","addr:province":"กรุงเทพมหานคร","addr:subdistrict":"ลุมพินี","building":"yes","building:levels":"8","name":"Central Embassy","name:en":"Central Embassy","name:th":"เซ็นทรัล เอ็มบาสซี","operator":"Central Pattana","operator:en":"Central Pattana","operator:th":"เซ็นทรัลพัฒนา","operator:wikidata":"Q5061633","shop":"mall","website":"https://www.centralembassy.com/","wikidata":"Q13024979","wikimedia_commons":"Category:Central Embassy","wikipedia":"en:Central Embassy","@type":"way","@id":244115004},"geometry":{"type":"Point","coordinates":[100.546689,13.7440166]}},{"type":"Feature","id":263469894,"properties":{"addr:district":"วัฒนา","addr:housenumber":"14","addr:postcode":"10110","addr:province":"กรุงเทพมหานคร","addr:street":"ซอยสุขุมวิท 5","addr:subdistrict":"คลองเตยเหนือ","building":"commercial","building:levels":"12","name":"MedAsia Healthcare Complex","name:en":"MedAsia Healthcare Complex","shop":"mall","@type":"way","@id":263469894},"geometry":{"type":"Point","coordinates":[100.5547352,13.7439433]}},{"type":"Feature","id":267939923,"properties":{"addr:city":"คลองสาน","addr:district":"คลองสาน","addr:housenumber":"99","addr:postcode":"10600","addr:province":"กรุงเทพมหานคร","addr:street":"ถนนลาดหญ้า","addr:subdistrict":"สมเด็จเจ้าพระยา","building":"yes","name":"แพลทฟอร์ม วงเวียนใหญ่","name:en":"Platform Wongwian yai","name:th":"แพลทฟอร์ม วงเวียนใหญ่","opening_hours":"10:00-21:00","operator":"CPN","phone":"02-4370240","shop":"mall","@type":"way","@id":267939923},"geometry":{"type":"Point","coordinates":[100.4947954,13.7270821]}},{"type":"Feature","id":279109756,"properties":{"addr:postcode":"10250","addr:province":"กรุงเทพมหานคร","addr:street":"อ่อนนุช","building":"commercial","check_date":"2026-07-14","check_date:opening_hours":"2026-07-14","name":"Pickadaily Bangkok Mall","opening_hours":"Mo-Su 10:00-22:00","shop":"mall","website":"https://pickadailybkk.com/","@type":"way","@id":279109756},"geometry":{"type":"Point","coordinates":[100.6356911,13.7114265]}},{"type":"Feature","id":286264760,"properties":{"building":"yes","name":"Sena Fest","shop":"mall","@type":"way","@id":286264760},"geometry":{"type":"Point","coordinates":[100.507654,13.7193602]}},{"type":"Feature","id":303230139,"properties":{"addr:district":"ราชเทวี","addr:housenumber":"919","addr:postcode":"10400","addr:province":"กรุงเทพมหานคร","addr:street":"ถนนเพชรบุรี","addr:subdistrict":"ถนนเพชรบุรี","alt_name":"Shibuya Pratunam","building":"yes","building:levels":"16","name":"Shibuya 19","shop":"mall","@type":"way","@id":303230139},"geometry":{"type":"Point","coordinates":[100.538252,13.7513765]}},{"type":"Feature","id":303502123,"properties":{"building":"yes","name":"สนั่นสภามาร์เก็ต","name:en":"Sanunnapa Market","name:th":"สนั่นสภามาร์เก็ต","shop":"mall","@type":"way","@id":303502123},"geometry":{"type":"Point","coordinates":[100.5445787,13.7806736]}},{"type":"Feature","id":304092130,"properties":{"building":"yes","name":"เมเจอร์ ซีนีเพล็กซ์ - ปิ่นเกล้า","name:en":"Major Cineplex Pinklao","shop":"mall","@type":"way","@id":304092130},"geometry":{"type":"Point","coordinates":[100.4780861,13.7786547]}},{"type":"Feature","id":316166194,"properties":{"addr:district":"บางกะปิ","addr:postcode":"10240","addr:province":"กรุงเทพมหานคร","addr:subdistrict":"คลองจั่น","building":"retail","check_date":"2023-01-07","internet_access":"wlan","internet_access:fee":"no","name":"แฮปปี้แลนด์เซ็นเตอร์","name:en":"Happyland Center","opening_hours":"10:00-21:00","operator":"แฮปปี้แลนด์กรุ๊ป","shop":"mall","wheelchair":"yes","@type":"way","@id":316166194},"geometry":{"type":"Point","coordinates":[100.6425174,13.7692512]}},{"type":"Feature","id":316166233,"properties":{"addr:district":"บางกะปิ","addr:postcode":"10240","addr:province":"กรุงเทพมหานคร","addr:subdistrict":"คลองจั่น","building":"retail","check_date":"2023-01-07","internet_access":"wlan","internet_access:fee":"customers","name":"เอ็นมาร์ค พลาซ่า","name:en":"N Mark Plaza","nohousenumber":"yes","opening_hours":"10:00-21:00","shop":"mall","toilets":"yes","toilets:access":"customers","wheelchair":"no","@type":"way","@id":316166233},"geometry":{"type":"Point","coordinates":[100.6427068,13.7679491]}},{"type":"Feature","id":317216211,"properties":{"addr:district":"วัฒนา","addr:postcode":"10110","addr:province":"กรุงเทพมหานคร","addr:subdistrict":"คลองตันเหนือ","building":"yes","shop":"mall","@type":"way","@id":317216211},"geometry":{"type":"Point","coordinates":[100.584024,13.7206947]}},{"type":"Feature","id":318127935,"properties":{"addr:district":"วัฒนา","addr:postcode":"10110","addr:province":"กรุงเทพมหานคร","addr:subdistrict":"คลองตันเหนือ","building":"yes","name":"Market Place Thonglor","shop":"mall","@type":"way","@id":318127935},"geometry":{"type":"Point","coordinates":[100.582003,13.7346433]}},{"type":"Feature","id":318785712,"properties":{"addr:district":"วัฒนา","addr:housenumber":"693-695","addr:postcode":"10110","addr:province":"กรุงเทพมหานคร","addr:street":"ถนนสุขุมวิท","addr:subdistrict":"คลองตันเหนือ","building":"yes","building:levels":"11","height":"42","name":"EmQuartier","name:en":"EmQuartier","name:th":"เอ็มควอเทียร์","opening_hours":"Mo-Su 10:00-22:00","shop":"mall","smoking":"no","wikidata":"Q20585985","wikimedia_commons":"Category:EmQuartier","wikipedia":"en:EmQuartier","@type":"way","@id":318785712},"geometry":{"type":"Point","coordinates":[100.5695423,13.7319619]}},{"type":"Feature","id":319158843,"properties":{"addr:district":"ปทุมวัน","addr:housenumber":"355","addr:postcode":"10330","addr:province":"กรุงเทพมหานคร","addr:street":"ถนนเจริญเมือง","addr:subdistrict":"วังใหม่","building":"retail","name":"แอมพาร์ค","name:en":"I'm Park","name:th":"แอมพาร์ค","shop":"mall","@type":"way","@id":319158843},"geometry":{"type":"Point","coordinates":[100.5246252,13.7400686]}},{"type":"Feature","id":319318023,"properties":{"addr:district":"วัฒนา","addr:postcode":"10110","addr:province":"กรุงเทพมหานคร","addr:subdistrict":"คลองตันเหนือ","building":"yes","name":"Nihonmura","shop":"mall","@type":"way","@id":319318023},"geometry":{"type":"Point","coordinates":[100.5796893,13.7343199]}},{"type":"Feature","id":319318735,"properties":{"addr:district":"วัฒนา","addr:postcode":"10110","addr:province":"กรุงเทพมหานคร","addr:subdistrict":"คลองตันเหนือ","building":"yes","name":"Seenspace 13","shop":"mall","@type":"way","@id":319318735},"geometry":{"type":"Point","coordinates":[100.5814004,13.7333711]}},{"type":"Feature","id":320617483,"properties":{"addr:district":"ยานนาวา","addr:postcode":"10120","addr:province":"กรุงเทพมหานคร","addr:subdistrict":"ช่องนนทรี","building":"yes","name":"The Up Rama 3","name:th":"ดิอัพ พระราม 3","shop":"mall","@type":"way","@id":320617483},"geometry":{"type":"Point","coordinates":[100.5404736,13.7003128]}},{"type":"Feature","id":320897908,"properties":{"building":"commercial","building:levels":"2","name":"เดอะวอล์ค ราชพฤกษ์","name:en":"The Walk Shopping Center Ratchaphruek","name:th":"เดอะวอล์ค ราชพฤกษ์","shop":"mall","@type":"way","@id":320897908},"geometry":{"type":"Point","coordinates":[100.45018,13.8204888]}},{"type":"Feature","id":320898597,"properties":{"addr:city":"ตำบลมหาสวัสดิ์","addr:district":"Bang Kruai","addr:housenumber":"999","addr:postcode":"11130","addr:province":"Nonthaburi","addr:street":"ถนนราชพฤกษ์","addr:subdistrict":"Maha Sawat","building":"commercial","building:levels":"2","contact:email":"prom.rcp@centralpattana.co.th","contact:facebook":"https://www.facebook.com/CentralWestville","contact:phone":"+66 2 572 0999","contact:website":"https://www.centralwestville.com","layer":"1","name":"เซ็นทรัล เวสต์วิลล์","name:en":"Central Westville","name:th":"เซ็นทรัล เวสต์วิลล์","opening_hours":"Mo-Su 10:00-22:00","operator":"Central Pattana","operator:en":"Central Pattana","operator:th":"เซ็นทรัลพัฒนา","operator:wikidata":"Q5061633","shop":"mall","source":"https://www.centralwestville.com/","@type":"way","@id":320898597},"geometry":{"type":"Point","coordinates":[100.448238,13.8045688]}},{"type":"Feature","id":321882295,"properties":{"addr:district":"วัฒนา","addr:postcode":"10110","addr:province":"กรุงเทพมหานคร","addr:subdistrict":"คลองตันเหนือ","building":"yes","name":"Fifty Fifth","shop":"mall","toilets":"yes","@type":"way","@id":321882295},"geometry":{"type":"Point","coordinates":[100.5803883,13.726078]}},{"type":"Feature","id":322189796,"properties":{"addr:district":"ยานนาวา","addr:postcode":"10120","addr:province":"กรุงเทพมหานคร","addr:subdistrict":"บางโพงพาง","building":"commercial","name":"Int-Intersect","name:en":"Int-Intersect","shop":"mall","@type":"way","@id":322189796},"geometry":{"type":"Point","coordinates":[100.5452408,13.6744998]}},{"type":"Feature","id":323032139,"properties":{"addr:district":"วัฒนา","addr:postcode":"10110","addr:province":"กรุงเทพมหานคร","addr:subdistrict":"คลองตันเหนือ","building":"yes","name":"The Third Place","shop":"mall","@type":"way","@id":323032139},"geometry":{"type":"Point","coordinates":[100.5823994,13.7325614]}},{"type":"Feature","id":324275303,"properties":{"addr:district":"วัฒนา","addr:postcode":"10110","addr:province":"กรุงเทพมหานคร","addr:subdistrict":"คลองตันเหนือ","building":"yes","check_date":"2026-07-14","check_date:opening_hours":"2026-07-14","name":"Park Lane","opening_hours":"Mo-Su 06:00-02:00","shop":"mall","website":"https://parklanebangkok.com/","@type":"way","@id":324275303},"geometry":{"type":"Point","coordinates":[100.5841848,13.7233608]}},{"type":"Feature","id":325613818,"properties":{"addr:district":"วัฒนา","addr:housenumber":"335","addr:postcode":"10110","addr:province":"กรุงเทพมหานคร","addr:street":"Thong Lor Soi 17","addr:subdistrict":"คลองตันเหนือ","alt_name":"theCOMMONS Thonglor","building":"yes","building:levels":"3","name":"The Commons","name:ko":"더 커먼즈","shop":"mall","stroller":"yes","toilets":"yes","website":"https://www.thecommonsbkk.com/thonglor","wheelchair":"yes","@type":"way","@id":325613818},"geometry":{"type":"Point","coordinates":[100.5821642,13.7349649]}},{"type":"Feature","id":325613916,"properties":{"addr:district":"วัฒนา","addr:postcode":"10110","addr:province":"กรุงเทพมหานคร","addr:subdistrict":"คลองตันเหนือ","building":"yes","name":"Donki Mall","shop":"mall","@type":"way","@id":325613916},"geometry":{"type":"Point","coordinates":[100.585683,13.7307689]}},{"type":"Feature","id":329428592,"properties":{"addr:district":"วัฒนา","addr:postcode":"10110","addr:province":"กรุงเทพมหานคร","addr:subdistrict":"คลองตันเหนือ","alt_name":"The Racquet Club","building":"yes","leisure":"sports_centre","name":"Racquet @ 49","shop":"mall","@type":"way","@id":329428592},"geometry":{"type":"Point","coordinates":[100.5762589,13.7365381]}},{"type":"Feature","id":330244577,"properties":{"addr:district":"วัฒนา","addr:postcode":"10110","addr:province":"กรุงเทพมหานคร","addr:subdistrict":"คลองเตยเหนือ","building":"yes","name":"นานาสแควร์","name:ar":"ساحة نانا","name:en":"Nana Square","name:ja":"ナナ・スクエア","name:th":"นานาสแควร์","shop":"mall","@type":"way","@id":330244577},"geometry":{"type":"Point","coordinates":[100.5526503,13.7425849]}},{"type":"Feature","id":331967736,"properties":{"addr:district":"ปทุมวัน","addr:postcode":"10330","addr:province":"กรุงเทพมหานคร","addr:subdistrict":"ลุมพินี","building":"yes","building:levels":"7","name":"Vivre Langsuan","name:en":"Vivre Langsuan","name:th":"วีฟร์ หลังสวน","shop":"mall","@type":"way","@id":331967736},"geometry":{"type":"Point","coordinates":[100.5431959,13.741624]}},{"type":"Feature","id":332191998,"properties":{"addr:district":"วัฒนา","addr:postcode":"10110","addr:province":"กรุงเทพมหานคร","addr:subdistrict":"คลองเตยเหนือ","building":"yes","name":"Midtown Asoke","opening_hours":"Mo-Su 07:00-21:00","shop":"mall","@type":"way","@id":332191998},"geometry":{"type":"Point","coordinates":[100.5619899,13.7437698]}},{"type":"Feature","id":332648156,"properties":{"addr:district":"วัฒนา","addr:postcode":"10110","addr:province":"กรุงเทพมหานคร","addr:subdistrict":"คลองตันเหนือ","building":"yes","name":"Rain Hill Plaza","shop":"mall","@type":"way","@id":332648156},"geometry":{"type":"Point","coordinates":[100.5740855,13.7278687]}},{"type":"Feature","id":332655881,"properties":{"addr:district":"ปทุมวัน","addr:postcode":"10330","addr:province":"กรุงเทพมหานคร","addr:subdistrict":"ลุมพินี","building":"yes","building:levels":"6","name":"Urbis","shop":"mall","@type":"way","@id":332655881},"geometry":{"type":"Point","coordinates":[100.5491787,13.7376696]}},{"type":"Feature","id":333223549,"properties":{"addr:district":"ป้อมปราบศัตรูพ่าย","addr:postcode":"10100","addr:province":"กรุงเทพมหานคร","addr:subdistrict":"ป้อมปราบ","building":"yes","shop":"mall","@type":"way","@id":333223549},"geometry":{"type":"Point","coordinates":[100.5079641,13.7473858]}},{"type":"Feature","id":334038120,"properties":{"addr:district":"วัฒนา","addr:postcode":"10110","addr:province":"กรุงเทพมหานคร","addr:subdistrict":"คลองตันเหนือ","building":"yes","name":"Ekkamai Shopping Mall","shop":"mall","@type":"way","@id":334038120},"geometry":{"type":"Point","coordinates":[100.5866217,13.7293157]}},{"type":"Feature","id":340477772,"properties":{"addr:district":"วัฒนา","addr:postcode":"10110","addr:province":"กรุงเทพมหานคร","addr:subdistrict":"คลองตันเหนือ","building":"yes","name":"The Manor","shop":"mall","@type":"way","@id":340477772},"geometry":{"type":"Point","coordinates":[100.5719233,13.7347245]}},{"type":"Feature","id":341153128,"properties":{"addr:district":"วัฒนา","addr:postcode":"10110","addr:province":"กรุงเทพมหานคร","addr:subdistrict":"คลองเตยเหนือ","building":"yes","shop":"mall","@type":"way","@id":341153128},"geometry":{"type":"Point","coordinates":[100.5676215,13.7425937]}},{"type":"Feature","id":341154446,"properties":{"addr:district":"วัฒนา","addr:postcode":"10110","addr:province":"กรุงเทพมหานคร","addr:subdistrict":"คลองเตยเหนือ","building":"yes","shop":"mall","@type":"way","@id":341154446},"geometry":{"type":"Point","coordinates":[100.5673496,13.7424608]}},{"type":"Feature","id":341749638,"properties":{"building":"yes","name":"Amorini Ramintra","shop":"mall","@type":"way","@id":341749638},"geometry":{"type":"Point","coordinates":[100.6876644,13.8136666]}},{"type":"Feature","id":342182317,"properties":{"addr:district":"สัมพันธวงศ์","addr:housenumber":"23","addr:postcode":"10100","addr:province":"กรุงเทพมหานคร","addr:street":"ซอยเจริญกรุง 24","addr:subdistrict":"ตลาดน้อย","building":"yes","building:levels":"4","height":"15","name":"ริเวอร์ซิตี","name:en":"River City","name:th":"ริเวอร์ซิตี","name:zh":"河城购物中心","opening_hours":"Mo-Su 10:00-20:00","phone":"+66 2 237 0077","shop":"mall","website":"https://rivercitybangkok.com","wikidata":"Q16434075","wikimedia_commons":"Category:River City Shopping Complex","wikipedia":"th:ริเวอร์ซิตี","@type":"way","@id":342182317},"geometry":{"type":"Point","coordinates":[100.5132623,13.7303493]}},{"type":"Feature","id":342271324,"properties":{"addr:district":"บางรัก","addr:district:en":"Bang Rak","addr:district:th":"บางรัก","addr:postcode":"10500","addr:province":"กรุงเทพมหานคร","addr:subdistrict":"สีลม","building":"retail","building:levels":"19","name":"Bangkok Fashion Outlet","name:en":"Bangkok Fashion Outlet","name:th":"บางกอก แฟชั่น เอ้าท์เล็ต","shop":"mall","@type":"way","@id":342271324},"geometry":{"type":"Point","coordinates":[100.5203576,13.7220277]}},{"type":"Feature","id":355407838,"properties":{"addr:city":"Samut Prakarn","addr:housenumber":"99/28 Moo 1","addr:postcode":"10540","addr:street":"Bang Na - Trat Rd.","building":"yes","building:levels":"3","name":"Market Village Suvarnabhumi","opening_hours":"PH,Mo-Su 10:00-21:00","shop":"mall","toilets":"yes","@type":"way","@id":355407838},"geometry":{"type":"Point","coordinates":[100.7112166,13.6323683]}},{"type":"Feature","id":356193680,"properties":{"addr:district":"ปทุมวัน","addr:postcode":"10330","addr:province":"กรุงเทพมหานคร","addr:subdistrict":"วังใหม่","building":"house","name":"สเตเดียมวัน","name:en":"Stadium One","name:th":"สเตเดียมวัน","shop":"mall","@type":"way","@id":356193680},"geometry":{"type":"Point","coordinates":[100.5243705,13.7466163]}},{"type":"Feature","id":359413315,"properties":{"addr:district":"บางใหญ่","addr:housenumber":"199;199/1;199/2","addr:postcode":"11010","addr:province":"นนทบุรี","addr:street":"ถนนกาญจนาภิเษก","addr:subdistrict":"เสาธงหิน","air_conditioning":"yes","building":"retail","contact:email":"prom.cwg@centralpattana.co.th","contact:facebook":"https://www.facebook.com/CentralWestGateFanpage","contact:phone":"+66 2 866 4300","contact:website":"https://shoppingcenter.centralpattana.co.th/th/branch/central-westgate","landuse":"retail","name":"Central WestGate","name:en":"Central Westgate","name:th":"เซ็นทรัล เวสต์เกต","operator":"Central Pattana","operator:en":"Central Pattana","operator:th":"เซ็นทรัลพัฒนา","operator:wikidata":"Q5061633","shop":"mall","source":"https://shoppingcenter.centralpattana.co.th/branch/central-westgate/contact-us/","toilets":"yes","website":"https://shoppingcenter.centralpattana.co.th/th/branch/central-westgate","wheelchair":"yes","wikidata":"Q20575563","wikipedia":"en:Central WestGate","@type":"way","@id":359413315},"geometry":{"type":"Point","coordinates":[100.4116638,13.8767926]}},{"type":"Feature","id":364438978,"properties":{"addr:district":"พระนคร","addr:postcode":"10200","addr:province":"กรุงเทพมหานคร","addr:subdistrict":"พระบรมมหาราชวัง","building":"yes","name":"ท่ามหาราช","name:en":"Tha Maharaj","name:th":"ท่ามหาราช","shop":"mall","@type":"way","@id":364438978},"geometry":{"type":"Point","coordinates":[100.4886985,13.7548924]}},{"type":"Feature","id":365999406,"properties":{"addr:district":"ปทุมวัน","addr:postcode":"10330","addr:province":"กรุงเทพมหานคร","addr:subdistrict":"ปทุมวัน","building":"yes","description":"สยามสแควร์วัน “Urban Shopping Center” ที่เป็นพื้นที่ทางธุรกิจและวัฒนธรรมร่วมสมัยบนทำเลทองที่ดีที่สุดในแหล่งช้อปปิ้งใจกลางสยามสแควร์ บนพื้นที่ 8 ไร่ เป็นศูนย์รวมและจุดนัดพบที่ได้ออกแบบให้ตอบสนองความต้องการไว้อย่างครบถ้วน ทั้งนวัตกรรม ศิลปะ แฟชั่น อาหาร และ","name":"สยามสแควร์วัน","name:en":"Siam Square One","name:ko":"쌰암스퀘어","name:th":"สยามสแควร์วัน","name:zh":"暹罗广场一号","operator":"สํานักงานจัดการทรัพย์สินจุฬาลงกรณ์มหาวิทยาลัย","shop":"mall","website":"https://pmcu.co.th/?page_id=9435","@type":"way","@id":365999406},"geometry":{"type":"Point","coordinates":[100.5337607,13.7449598]}},{"type":"Feature","id":370558293,"properties":{"branch":"เกษตร-นวมินทร์","building":"yes","name":"เดอะวอล์ค","name:en":"The Walk","name:th":"เดอะวอล์ค","shop":"mall","@type":"way","@id":370558293},"geometry":{"type":"Point","coordinates":[100.6270339,13.8286548]}},{"type":"Feature","id":376417875,"properties":{"building":"yes","name":"บิ๊กซี สำโรง 1","shop":"mall","@type":"way","@id":376417875},"geometry":{"type":"Point","coordinates":[100.594988,13.6507636]}},{"type":"Feature","id":376466926,"properties":{"building":"yes","name":"The Crystal PTT","shop":"mall","@type":"way","@id":376466926},"geometry":{"type":"Point","coordinates":[100.4740378,13.922168]}},{"type":"Feature","id":376797216,"properties":{"addr:district":"บางรัก","addr:district:en":"Bang Rak","addr:district:th":"บางรัก","addr:postcode":"10500","addr:province":"กรุงเทพมหานคร","addr:subdistrict":"สีลม","building":"yes","building:levels":"7","name":"MahaNakhon CUBE","name:en":"MahaNakhon CUBE","name:th":"มหานคร คิวบ์","shop":"mall","website":"https://kingpowermahanakhon.co.th/cube/","@type":"way","@id":376797216},"geometry":{"type":"Point","coordinates":[100.5285924,13.7239708]}},{"type":"Feature","id":378153793,"properties":{"addr:district":"ทุ่งครุ","addr:postcode":"10140","addr:province":"กรุงเทพมหานคร","building":"yes","shop":"mall","@type":"way","@id":378153793},"geometry":{"type":"Point","coordinates":[100.5012359,13.6398302]}},{"type":"Feature","id":385200057,"properties":{"contact:email":"prom.sly@centralpattana.co.th","contact:facebook":"https://www.facebook.com/CentralSalayaFanpage","contact:phone":"+66 34 100 888","contact:website":"https://shoppingcenter.centralpattana.co.th/th/branch/central-salaya","layer":"-1","name":"เซนทรัลพลาซ่า ศาลายา","name:en":"Central Plaza Salaya","opening_hours":"Mo-Su 10:00-21:00","shop":"mall","@type":"way","@id":385200057},"geometry":{"type":"Point","coordinates":[100.2768116,13.7873875]}},{"type":"Feature","id":386222340,"properties":{"addr:district":"คลองเตย","addr:postcode":"10110","addr:province":"กรุงเทพมหานคร","addr:subdistrict":"คลองตัน","building":"yes","name":"Warehouse 26","name:en":"Warehouse 26","shop":"mall","@type":"way","@id":386222340},"geometry":{"type":"Point","coordinates":[100.5681723,13.7217134]}},{"type":"Feature","id":389266254,"properties":{"addr:district":"วัฒนา","addr:postcode":"10110","addr:province":"กรุงเทพมหานคร","addr:subdistrict":"คลองตันเหนือ","building":"yes","name":"The Taste Thonglor","shop":"mall","@type":"way","@id":389266254},"geometry":{"type":"Point","coordinates":[100.5817603,13.7327976]}},{"type":"Feature","id":390602112,"properties":{"addr:district":"บางกะปิ","addr:postcode":"10240","addr:province":"กรุงเทพมหานคร","addr:subdistrict":"หัวหมาก","building":"yes","building:levels":"5","name":"หัวหมากทาวน์เซ็นเตอร์","name:en":"Huamark Town Center","shop":"mall","@type":"way","@id":390602112},"geometry":{"type":"Point","coordinates":[100.6128299,13.7556321]}},{"type":"Feature","id":390603929,"properties":{"addr:district":"บางกะปิ","addr:postcode":"10240","addr:province":"กรุงเทพมหานคร","addr:subdistrict":"หัวหมาก","building":"yes","name":"Major Hollywood Ramkhamhaeng","shop":"mall","@type":"way","@id":390603929},"geometry":{"type":"Point","coordinates":[100.6142764,13.7573439]}},{"type":"Feature","id":390611241,"properties":{"building":"yes","name":"A-Link Square","shop":"mall","@type":"way","@id":390611241},"geometry":{"type":"Point","coordinates":[100.6007699,13.7430895]}},{"type":"Feature","id":405853851,"properties":{"addr:district":"คลองเตย","addr:housenumber":"628","addr:postcode":"10110","addr:province":"กรุงเทพมหานคร","addr:street":"ถนนสุขุมวิท","addr:subdistrict":"คลองตัน","air_conditioning":"yes","building":"yes","building:levels":"5","name":"EMSPHERE","name:en":"EMSPHERE","name:th":"เอ็มสเฟียร์","opening_hours":"10.00 - 22.00","phone":"022691000","shop":"mall","start_date":"2023-12-01","toilets":"yes","website":"https://emsphere.co.th","wheelchair":"yes","@type":"way","@id":405853851},"geometry":{"type":"Point","coordinates":[100.5660575,13.7321821]}},{"type":"Feature","id":406447104,"properties":{"building":"yes","name":"ใบหยก แกลลอรี","name:en":"Baiyoke Gallery","name:th":"ใบหยก แกลลอรี","shop":"mall","@type":"way","@id":406447104},"geometry":{"type":"Point","coordinates":[100.5405372,13.7524576]}},{"type":"Feature","id":438794335,"properties":{"addr:district":"วัฒนา","addr:housenumber":"45/19","addr:postcode":"10110","addr:province":"กรุงเทพมหานคร","addr:street":"ซอยอ่อนนุช 1/1","addr:subdistrict":"พระโขนงเหนือ","building":"yes","building:levels":"4","name":"Habito","opening_hours":"Mo-Su 00:00-24:00","shop":"mall","@type":"way","@id":438794335},"geometry":{"type":"Point","coordinates":[100.6009388,13.7128115]}},{"type":"Feature","id":445167456,"properties":{"addr:district":"วัฒนา","addr:housenumber":"88","addr:postcode":"10110","addr:province":"กรุงเทพมหานคร","addr:street":"ถนนสุขุมวิท","addr:subdistrict":"คลองเตยเหนือ","building":"retail","building:part":"yes","contact:fax":"+66 2 108 0800","contact:phone":"+66 2 108 0888","height":"50","name":"Terminal 21","opening_hours":"Mo-Su 10:00-22:00","shop":"mall","source":"https://www.terminal21.co.th/asok/contactus/th","@type":"way","@id":445167456},"geometry":{"type":"Point","coordinates":[100.5604208,13.7379237]}},{"type":"Feature","id":450148992,"properties":{"building":"yes","name":"The Phyll","name:en":"The Phyll","shop":"mall","source":"Bing","@type":"way","@id":450148992},"geometry":{"type":"Point","coordinates":[100.6015078,13.7025591]}},{"type":"Feature","id":451111259,"properties":{"name":"The Paseo Park","shop":"mall","@type":"way","@id":451111259},"geometry":{"type":"Point","coordinates":[100.4061879,13.7668997]}},{"type":"Feature","id":456715834,"properties":{"name":"@ Park Phetkasem 81","shop":"mall","@type":"way","@id":456715834},"geometry":{"type":"Point","coordinates":[100.3415277,13.6912802]}},{"type":"Feature","id":470219675,"properties":{"building":"abandoned","name":"The Bobae Tower Rangsit","opening_hours":"Mo-Su 10:00-20:00","shop":"mall","@type":"way","@id":470219675},"geometry":{"type":"Point","coordinates":[100.6198613,13.9588797]}},{"type":"Feature","id":500230827,"properties":{"addr:province":"กรุงเทพมหานคร","addr:street":"Sukumvit 26 road (Soi Ari),","landuse":"retail","name":"A Square","name:en":"A Square","opening_hours":"09:00-24:00","shop":"mall","website":"https://asquarebangkok.com","@type":"way","@id":500230827},"geometry":{"type":"Point","coordinates":[100.5673259,13.7198807]}},{"type":"Feature","id":503372080,"properties":{"addr:district":"ลาดกระบัง","addr:housenumber":"789/35","addr:postcode":"10520","addr:province":"กรุงเทพมหานคร","addr:street":"Chalong Krung 33 Alley","building":"yes","name":"วีมาร์เก็ต","name:en":"V Market","shop":"mall","@type":"way","@id":503372080},"geometry":{"type":"Point","coordinates":[100.7980598,13.7569149]}},{"type":"Feature","id":503372081,"properties":{"addr:district":"ลาดกระบัง","addr:housenumber":"789/35","addr:postcode":"10520","addr:province":"กรุงเทพมหานคร","addr:street":"Chalong Krung 33 Alley","building":"yes","name":"วีมาร์เก็ต","name:en":"V Market","shop":"mall","@type":"way","@id":503372081},"geometry":{"type":"Point","coordinates":[100.7979574,13.7568686]}},{"type":"Feature","id":503372084,"properties":{"addr:district":"ลาดกระบัง","addr:housenumber":"789/35","addr:postcode":"10520","addr:province":"กรุงเทพมหานคร","addr:street":"Chalong Krung 33 Alley","building":"yes","name":"วีมาร์เก็ต","name:en":"V Market","shop":"mall","@type":"way","@id":503372084},"geometry":{"type":"Point","coordinates":[100.7973935,13.7571237]}},{"type":"Feature","id":506906052,"properties":{"building":"yes","building:levels":"5","construction":"building","name":"Summer Hill","shop":"mall","@type":"way","@id":506906052},"geometry":{"type":"Point","coordinates":[100.5916789,13.714514]}},{"type":"Feature","id":520943039,"properties":{"addr:district":"คลองเตย","addr:postcode":"10110","addr:province":"กรุงเทพมหานคร","addr:street":"สุขุมวิท 26","addr:subdistrict":"คลองตัน","building":"yes","building:levels":"3","name":"The Twenty Six","shop":"mall","@type":"way","@id":520943039},"geometry":{"type":"Point","coordinates":[100.5691028,13.7256638]}},{"type":"Feature","id":520945960,"properties":{"building":"yes","name":"Bravo BKK","name:en":"Bravo BKK","name:th":"บราโว บีเคเค","old_name":"Show DC","shop":"mall","@type":"way","@id":520945960},"geometry":{"type":"Point","coordinates":[100.5716942,13.7513015]}},{"type":"Feature","id":539806478,"properties":{"addr:district":"ปทุมวัน","addr:housenumber":"111","addr:postcode":"10330","addr:province":"กรุงเทพมหานคร","addr:street":"ถนนราชดำริ","addr:subdistrict":"ลุมพินี","building":"commercial","building:levels":"32","building:levels:underground":"1","name":"Platinum Pop","name:en":"Platinum Pop","name:th":"แพลทินัม ป๊อป","old_name":"The Market Bangkok","opening_hours":"Mo-Su,PH 10:00-22:00","shop":"mall","start_date":"2026-06-30","website":"https://laijie.platinumpopbangkok.com/","@type":"way","@id":539806478},"geometry":{"type":"Point","coordinates":[100.5420539,13.7480945]}},{"type":"Feature","id":539808416,"properties":{"addr:district":"ปทุมวัน","addr:postcode":"10330","addr:province":"กรุงเทพมหานคร","addr:subdistrict":"ลุมพินี","building":"retail","building:levels":"3","name":"เดอะ​ ​​ไนน์ทีน​ แอท​ ชิดลม","name:en":"The 19th @ Chidlom","name:th":"เดอะ​ ​​ไนน์ทีน​ แอท​ ชิดลม","opening_hours:signed":"no","shop":"mall","toilets":"yes","@type":"way","@id":539808416},"geometry":{"type":"Point","coordinates":[100.5445909,13.7463785]}},{"type":"Feature","id":543817930,"properties":{"addr:street":"Sukhumvit road","building":"yes","name":"โรบินสัน ไลฟ์สไตล์ สมุทรปราการ","name:en":"Robinson Lifestyle Samut Prakarn","name:th":"โรบินสัน ไลฟ์สไตล์ สมุทรปราการ","opening_hours":"Mo-Su 10:00-22:00","phone":"(+66) 02174291121","shop":"mall","@type":"way","@id":543817930},"geometry":{"type":"Point","coordinates":[100.6092775,13.5836126]}},{"type":"Feature","id":544540116,"properties":{"building":"yes","name":"Big C Pathum Thani\t-บิ๊กซี ปทุมธานี","shop":"mall","@type":"way","@id":544540116},"geometry":{"type":"Point","coordinates":[100.5193548,14.0053042]}},{"type":"Feature","id":546023194,"properties":{"email":"info@baan-silom.com","landuse":"retail","name":"บ้านสีลม","name:en":"Baan Silom","name:th":"บ้านสีลม","phone":"+66 2 630 1000","shop":"mall","website":"https://www.baan-silom.com","@type":"way","@id":546023194},"geometry":{"type":"Point","coordinates":[100.5209928,13.7232834]}},{"type":"Feature","id":563205916,"properties":{"addr:district":"ตลิ่งชัน","addr:postcode":"10170","addr:province":"กรุงเทพมหานคร","addr:subdistrict":"บางระมาด","building":"yes","name":"Food Villa Ratchaphruek","shop":"mall","@type":"way","@id":563205916},"geometry":{"type":"Point","coordinates":[100.4436053,13.7653288]}},{"type":"Feature","id":563380855,"properties":{"building":"retail","building:levels":"4","name":"Paradise Place","nohousenumber":"yes","opening_hours":"Mo-Fr 10:30-21:00; PH,Sa,Su 10:00-21:00","roof:levels":"0","shop":"mall","toilets":"yes","@type":"way","@id":563380855},"geometry":{"type":"Point","coordinates":[100.6479244,13.6899528]}},{"type":"Feature","id":565659976,"properties":{"landuse":"commercial","name":"Metro West Town","shop":"mall","@type":"way","@id":565659976},"geometry":{"type":"Point","coordinates":[100.4515404,13.7094821]}},{"type":"Feature","id":584950395,"properties":{"building":"yes","name":"Tesco Lotus st Lum Luk Ka Klong2","shop":"mall","@type":"way","@id":584950395},"geometry":{"type":"Point","coordinates":[100.6450812,13.9467141]}},{"type":"Feature","id":613461637,"properties":{"addr:district":"คลองเตย","addr:postcode":"10110","addr:province":"กรุงเทพมหานคร","addr:subdistrict":"คลองตัน","building":"yes","name":"สวนเพลิน มาร์เก็ต","name:en":"Suan Plern Market","name:th":"สวนเพลิน มาร์เก็ต","shop":"mall","@type":"way","@id":613461637},"geometry":{"type":"Point","coordinates":[100.5715594,13.7164788]}},{"type":"Feature","id":616131774,"properties":{"addr:district":"พระนคร","addr:postcode":"10200","addr:province":"กรุงเทพมหานคร","addr:subdistrict":"วังบูรพาภิรมย์","building":"retail","name":"บ้านหม้อพลาซ่า","name:en":"Banmoh Plaza","name:th":"บ้านหม้อพลาซ่า","shop":"mall","@type":"way","@id":616131774},"geometry":{"type":"Point","coordinates":[100.4981963,13.7459392]}},{"type":"Feature","id":656966919,"properties":{"building":"yes","name":"cherry mall","name:th":"เชอรรี่มอล","shop":"mall","@type":"way","@id":656966919},"geometry":{"type":"Point","coordinates":[100.6469517,14.0660264]}},{"type":"Feature","id":661305364,"properties":{"building":"yes","shop":"mall","@type":"way","@id":661305364},"geometry":{"type":"Point","coordinates":[100.5242203,13.8928377]}},{"type":"Feature","id":666674854,"properties":{"building":"yes","name":"Oasis Mall","shop":"mall","@type":"way","@id":666674854},"geometry":{"type":"Point","coordinates":[100.5229963,13.8853374]}},{"type":"Feature","id":680735864,"properties":{"addr:district":"คลองสาน","addr:housenumber":"168;259;289;299","addr:postcode":"10600","addr:province":"กรุงเทพมหานคร","addr:street":"ถนนเจริญนคร","addr:subdistrict":"คลองต้นไทร","alt_name":"ไอคอน สยาม","alt_name:en":"Icon Siam","alt_name:ko":"아이콘시암","alt_name:th":"ไอคอน สยาม","building":"retail","building:levels":"8","check_date":"2022-10-14","name":"ICONSIAM","name:en":"ICONSIAM","name:ko":"아이콘싸얌","name:th":"ไอคอนสยาม","nohousenumber":"yes","opening_hours":"Mo-Su 10:00-22:00","operator":"บริษัท ไอคอนสยาม จำกัด;บริษัท ไอซีเอส จำกัด","shop":"mall","toilets":"yes","website":"https://www.iconsiam.com/","wheelchair":"yes","wikidata":"Q20585880","wikimedia_commons":"Category:Iconsiam","wikipedia":"th:ไอคอนสยาม","@type":"way","@id":680735864},"geometry":{"type":"Point","coordinates":[100.5103251,13.7268256]}},{"type":"Feature","id":683130396,"properties":{"layer":"1","name":"เดอะ คริสตัล เอสบี ราชพฤกษ์","name:en":"The Crystal SB Ratchapruek","name:th":"เดอะ คริสตัล เอสบี ราชพฤกษ์","shop":"mall","website":"http://www.thecrystal.co.th","@type":"way","@id":683130396},"geometry":{"type":"Point","coordinates":[100.4480209,13.8090398]}},{"type":"Feature","id":687588112,"properties":{"addr:city":"ปทุมธานี","addr:housenumber":"94","addr:postcode":"12130","addr:street":"ถนนพหลโยธิน","building":"yes","layer":"1","name":"ZPELL","opening_hours":"Mo-Su 10:00-22:30","shop":"mall","toilets":"yes","@type":"way","@id":687588112},"geometry":{"type":"Point","coordinates":[100.6169607,13.9889379]}},{"type":"Feature","id":708163333,"properties":{"landuse":"retail","name":"คอมมูนิตี้มอลล์ สี่แยกบางสีทอง","name:en":"Bang Si Thong Intersection Community Mall","name:th":"คอมมูนิตี้มอลล์ สี่แยกบางสีทอง","shop":"mall","@type":"way","@id":708163333},"geometry":{"type":"Point","coordinates":[100.4794455,13.8238873]}},{"type":"Feature","id":713680218,"properties":{"building":"yes","name":"The Jas Ramintra","shop":"mall","@type":"way","@id":713680218},"geometry":{"type":"Point","coordinates":[100.6122665,13.8620582]}},{"type":"Feature","id":717845627,"properties":{"building":"yes","contact:email":"prom.svb@centralpattana.co.th","contact:facebook":"https://www.facebook.com/CentralVillageOutlet","contact:phone":"+66 2 550 6555","contact:website":"https://www.centralvillageoutlet.com","landuse":"retail","name":"Central Village","opening_hours":"Mo-Su 10:00-21:00","shop":"mall","@type":"way","@id":717845627},"geometry":{"type":"Point","coordinates":[100.7443391,13.6380422]}},{"type":"Feature","id":723505090,"properties":{"addr:city":"แขวงคลองต้นไทร","addr:district":"คลองสาน","addr:housenumber":"112;168","addr:postcode":"10600","addr:province":"กรุงเทพมหานคร","addr:street":"ถนนเจริญนคร","addr:subdistrict":"คลองต้นไทร","air_conditioning":"yes","building":"retail","name":"ICS","name:en":"ICS","name:th":"ไอซีเอส","phone":"+6624957164","shop":"mall","@type":"way","@id":723505090},"geometry":{"type":"Point","coordinates":[100.5084168,13.7262586]}},{"type":"Feature","id":736757473,"properties":{"building":"yes","layer":"-1","name":"The Hub Rangsit","shop":"mall","@type":"way","@id":736757473},"geometry":{"type":"Point","coordinates":[100.6228781,13.9622878]}},{"type":"Feature","id":780662656,"properties":{"building":"yes","name":"COSMO Bazaar","name:en":"COSMO Bazaar","name:th":"คอสโม บาซาร์","shop":"mall","@type":"way","@id":780662656},"geometry":{"type":"Point","coordinates":[100.5523696,13.9126548]}},{"type":"Feature","id":780667748,"properties":{"building":"yes","name":"The Portal","name:en":"The Portal","shop":"mall","@type":"way","@id":780667748},"geometry":{"type":"Point","coordinates":[100.5476429,13.9119079]}},{"type":"Feature","id":781138575,"properties":{"addr:district":"ปทุมวัน","addr:housenumber":"991","addr:postcode":"10330","addr:province":"กรุงเทพมหานคร","addr:street":"ถนนพระรามที่ 1","addr:subdistrict":"ปทุมวัน","building":"yes","name":"Siam Paragon","name:en":"Siam Paragon","name:th":"สยามพารากอน","shop":"mall","wikidata":"Q972334","wikipedia":"en:Siam Paragon","@type":"way","@id":781138575},"geometry":{"type":"Point","coordinates":[100.5349375,13.7468007]}},{"type":"Feature","id":786417651,"properties":{"name":"เดอะ ศาลายา","name:en":"The Salaya","name:th":"เดอะ ศาลายา","shop":"mall","@type":"way","@id":786417651},"geometry":{"type":"Point","coordinates":[100.3196161,13.8037178]}},{"type":"Feature","id":850776160,"properties":{"building":"yes","name":"Cosmo Walk","shop":"mall","@type":"way","@id":850776160},"geometry":{"type":"Point","coordinates":[100.5512293,13.9140344]}},{"type":"Feature","id":878082205,"properties":{"building":"yes","shop":"mall","@type":"way","@id":878082205},"geometry":{"type":"Point","coordinates":[100.7090806,13.6324562]}},{"type":"Feature","id":895652081,"properties":{"addr:housenumber":"888/8","addr:street":"ถนนเทพรัตน","building":"retail","building:levels":"2","name":"Att U Park Bangna","opening_hours":"Mo-Su 00:00-24:00","roof:levels":"0","shop":"mall","toilets":"yes","@type":"way","@id":895652081},"geometry":{"type":"Point","coordinates":[100.71612,13.6322023]}},{"type":"Feature","id":903652805,"properties":{"building":"yes","layer":"1","name":"Summer Lasalle","shop":"mall","@type":"way","@id":903652805},"geometry":{"type":"Point","coordinates":[100.6137567,13.6632026]}},{"type":"Feature","id":931898784,"properties":{"addr:district":"สะพานสูง","addr:postcode":"10240","addr:province":"กรุงเทพมหานคร","addr:subdistrict":"สะพานสูง","building":"yes","name":"Sammakorn Place Ramkhamhaeng","shop":"mall","@type":"way","@id":931898784},"geometry":{"type":"Point","coordinates":[100.6733324,13.7761195]}},{"type":"Feature","id":937422470,"properties":{"building":"yes","level":"10","name":"Vi Plaza","opening_hours":"Mo-Su 09:00-21:00","shop":"mall","@type":"way","@id":937422470},"geometry":{"type":"Point","coordinates":[100.5619954,13.8467686]}},{"type":"Feature","id":1037863907,"properties":{"addr:district":"วัฒนา","addr:postcode":"10110","addr:province":"กรุงเทพมหานคร","addr:subdistrict":"คลองตันเหนือ","building":"yes","import":"grabremote","name":"9:53 Community Mall","shop":"mall","@type":"way","@id":1037863907},"geometry":{"type":"Point","coordinates":[100.5784716,13.7315028]}},{"type":"Feature","id":1040727945,"properties":{"addr:district":"วัฒนา","addr:postcode":"10110","addr:province":"กรุงเทพมหานคร","addr:subdistrict":"คลองตันเหนือ","building":"yes","shop":"mall","@type":"way","@id":1040727945},"geometry":{"type":"Point","coordinates":[100.5810659,13.7283834]}},{"type":"Feature","id":1084601906,"properties":{"building":"yes","name":"Market Town","opening_hours":"Mo-Su 09:00-21:00","shop":"mall","wheelchair":"yes","@type":"way","@id":1084601906},"geometry":{"type":"Point","coordinates":[100.7105688,13.6320893]}},{"type":"Feature","id":1085144435,"properties":{"building":"yes","name":"Imperial","name:th":"อิมพีเรียลเวิลด์ สำโรง","shop":"mall","@type":"way","@id":1085144435},"geometry":{"type":"Point","coordinates":[100.5959971,13.6503121]}},{"type":"Feature","id":1086882861,"properties":{"addr:district":"ดุสิต","addr:housenumber":"157 6","addr:postcode":"10300","addr:province":"กรุงเทพมหานคร","addr:street":"ถนนราชวิถี","addr:subdistrict":"วชิรพยาบาล","branch":"Dusit","building":"yes","layer":"1","name":"Market Place Dusit","opening_hours":"Mo-Su 11:00-21:00","payment:cash":"yes","payment:contactless":"yes","payment:credit_cards":"yes","payment:debit_cards":"yes","shop":"mall","@type":"way","@id":1086882861},"geometry":{"type":"Point","coordinates":[100.5078041,13.7789398]}},{"type":"Feature","id":1109220984,"properties":{"building":"yes","name":"Forest ถ. พุทธบูชา-พระราม2","name:th":"Forest ถ. พุทธบูชา-พระราม2","shop":"mall","@type":"way","@id":1109220984},"geometry":{"type":"Point","coordinates":[100.4711339,13.6774544]}},{"type":"Feature","id":1110314582,"properties":{"addr:district":"เมืองสมุทรสาคร","addr:housenumber":"24/7","addr:postcode":"74000","addr:province":"สมุุทรสาคร","addr:street":"ถนนพระรามที่ 2","addr:subdistrict":"นาดี","addr:subdistrict:en":"Nadee","building":"yes","contact:email":"prom.mhc@centralpattana.co.th","contact:facebook":"https://www.facebook.com/CentralMahachaiFanpage","contact:phone":"+66 34 112 777","contact:website":"https://shoppingcenter.centralpattana.co.th/th/branch/central-mahachai","layer":"1","name":"เซ็นทรัล มหาชัย","name:en":"Central Mahachai","name:th":"เซ็นทรัล มหาชัย","opening_hours":"Fr-Sa 10:00-22:00; Mo-Th,Su 10:00-21:00","shop":"mall","@type":"way","@id":1110314582},"geometry":{"type":"Point","coordinates":[100.288942,13.5726957]}},{"type":"Feature","id":1113078832,"properties":{"addr:district":"บางคอแหลม","addr:postcode":"10120","addr:province":"กรุงเทพมหานคร","addr:subdistrict":"บางโคล่","building":"yes","name":"เทอร์มินอล 21 พระราม 3","name:en":"TERMINAL 21 RAMA 3","name:th":"เทอร์มินอล 21 พระราม 3","shop":"mall","@type":"way","@id":1113078832},"geometry":{"type":"Point","coordinates":[100.505432,13.6887161]}},{"type":"Feature","id":1125558141,"properties":{"addr:district":"บึงกุ่ม","addr:postcode":"10240","addr:province":"กรุงเทพมหานคร","addr:subdistrict":"คลองกุ่ม","building":"yes","name":"JC MALL Nawamin","shop":"mall","@type":"way","@id":1125558141},"geometry":{"type":"Point","coordinates":[100.6519548,13.8123083]}},{"type":"Feature","id":1193692161,"properties":{"addr:district":"ปทุมวัน","addr:postcode":"10330","addr:province":"กรุงเทพมหานคร","addr:subdistrict":"ลุมพินี","building":"retail","building:levels":"1","name":"Velaa Sindhorn Village","roof:shape":"flat","shop":"mall","website":"https://velaalangsuan.com","@type":"way","@id":1193692161},"geometry":{"type":"Point","coordinates":[100.5429171,13.7370608]}},{"type":"Feature","id":1193791842,"properties":{"landuse":"retail","name":"Vue Lifestyle","operator":"The River","shop":"mall","@type":"way","@id":1193791842},"geometry":{"type":"Point","coordinates":[100.5093535,13.7215084]}},{"type":"Feature","id":1211921466,"properties":{"addr:district":"บางรัก","addr:housenumber":"28;26;30;32;34;36","addr:postcode":"10500","addr:province":"กรุงเทพมหานคร","addr:street":"ซอยประชุม","addr:subdistrict":"สุริยวงศ์","building":"yes","building:levels":"3","name":"อะกิฮาบารา","name:en":"Akihabara","name:th":"อะกิฮาบารา","shop":"mall","@type":"way","@id":1211921466},"geometry":{"type":"Point","coordinates":[100.5224682,13.7262437]}},{"type":"Feature","id":1212704198,"properties":{"addr:housenumber":"395","addr:street":"ถนนสรงประภา","air_conditioning":"yes","building":"yes","name":"Happy Avenue Don Mueang","opening_hours":"Mo-Su 10:00-22:00","phone":"+66 2 101 5118","shop":"mall","@type":"way","@id":1212704198},"geometry":{"type":"Point","coordinates":[100.5892646,13.9258875]}},{"type":"Feature","id":1213276382,"properties":{"addr:district":"บางเขน","addr:postcode":"10220","addr:province":"กรุงเทพมหานคร","addr:subdistrict":"ท่าแร้ง","building":"yes","email":"info.p@plearnary.com","name":"เพลินนารี มอลล์","name:en":"Plearnary Mall","name:th":"เพลินนารี มอลล์","phone":"02-136-8121","shop":"mall","website":"http://www.plearnary.com","@type":"way","@id":1213276382},"geometry":{"type":"Point","coordinates":[100.6448738,13.8578301]}},{"type":"Feature","id":1213667349,"properties":{"landuse":"retail","name":"Silom Village Trade Center","name:en":"Silom Village Trade Center","name:th":"สีลมวิลเลจ เทรดเซนเตอร์","shop":"mall","@type":"way","@id":1213667349},"geometry":{"type":"Point","coordinates":[100.5218692,13.7249036]}},{"type":"Feature","id":1214129114,"properties":{"addr:district":"บางรัก","addr:housenumber":"306","addr:postcode":"10500","addr:province":"กรุงเทพมหานคร","addr:street":"ซอยสีลม 30","addr:subdistrict":"สุริยวงศ์","building":"yes","building:levels":"11","name":"เซ็นทรัล สีลม ทาวเวอร์","name:en":"Central Silom Tower","name:th":"เซ็นทรัล สีลม ทาวเวอร์","shop":"mall","@type":"way","@id":1214129114},"geometry":{"type":"Point","coordinates":[100.520382,13.7238275]}},{"type":"Feature","id":1216875457,"properties":{"addr:district":"ยานนาวา","addr:postcode":"10120","addr:province":"กรุงเทพมหานคร","addr:subdistrict":"ช่องนนทรี","building":"yes","name":"@Area","shop":"mall","@type":"way","@id":1216875457},"geometry":{"type":"Point","coordinates":[100.5420732,13.6940527]}},{"type":"Feature","id":1222804930,"properties":{"addr:district":"ยานนาวา","addr:postcode":"10120","addr:province":"กรุงเทพมหานคร","addr:subdistrict":"ช่องนนทรี","building":"retail","name":"มาร์เก็ตเพลส นางลิ้นจี่","name:en":"Market Place Nanglinchee","name:th":"มาร์เก็ตเพลส นางลิ้นจี่","shop":"mall","@type":"way","@id":1222804930},"geometry":{"type":"Point","coordinates":[100.542683,13.7102916]}},{"type":"Feature","id":1231334530,"properties":{"addr:district":"บางรัก","addr:district:en":"Bang Rak","addr:district:th":"บางรัก","addr:housenumber":"126","addr:postcode":"10500","addr:province":"กรุงเทพมหานคร","addr:street":"ซอยศาลาแดง 1","addr:subdistrict":"สีลม","building":"yes","contact:facebook":"https://www.facebook.com/thecommonssaladaeng","description":"theCOMMONS is a gathering ground for quality producers who take pride in what they do and do it with utmost care. Our intention is simple. We want to bring people together and build wholesome, meaningful communities in this beautiful city that we love.","email":"info@thecommonsbkk.com","name":"The Commons Saladaeng","name:en":"The Commons Saladaeng","name:th":"เดอะคอมมอนส์ ศาลาแดง","phone":"+66 84 091 5421","shop":"mall","website":"https://www.thecommonsbkk.com/saladaeng","@type":"way","@id":1231334530},"geometry":{"type":"Point","coordinates":[100.53857,13.725969]}},{"type":"Feature","id":1232407770,"properties":{"addr:district":"บางรัก","addr:housenumber":"1266","addr:postcode":"10500","addr:province":"กรุงเทพมหานคร","addr:street":"ถนนเจริญกรุง","addr:subdistrict":"บางรัก","building":"commercial","building:levels":"4","email":"centraltheoriginalstore@central.co.th","name":"Central: The Original Store","name:en":"Central: The Original Store","name:th":"เซ็นทรัล: ดิ ออริจินัล สโตร์","phone":"+662 267 0412","shop":"mall","website":"https://www.centraltheoriginalstore.com/","@type":"way","@id":1232407770},"geometry":{"type":"Point","coordinates":[100.5161976,13.7244851]}},{"type":"Feature","id":1232561877,"properties":{"addr:district":"สัมพันธวงศ์","addr:postcode":"10100","addr:province":"กรุงเทพมหานคร","addr:subdistrict":"ตลาดน้อย","alt_name":"ชัยพัฒนศิลป์","alt_name:en":"The Corner House","building":"yes","building:levels":"4","historic":"building","name":"อาคารชัยพัฒนศิลป์","name:en":"Chai Phatthanasilp Building","name:th":"อาคารชัยพัฒนศิลป์","shop":"mall","@type":"way","@id":1232561877},"geometry":{"type":"Point","coordinates":[100.5150785,13.7320541]}},{"type":"Feature","id":1234514616,"properties":{"addr:district":"บางรัก","addr:district:en":"Bang Rak","addr:district:th":"บางรัก","addr:flats":"1/3-9","addr:postcode":"10500","addr:province":"กรุงเทพมหานคร","addr:subdistrict":"สีลม","building":"yes","name":"WOOF PACK","name:en":"WOOF PACK","shop":"mall","@type":"way","@id":1234514616},"geometry":{"type":"Point","coordinates":[100.5417644,13.72693]}},{"type":"Feature","id":1235161355,"properties":{"addr:district":"สัมพันธวงศ์","addr:postcode":"10100","addr:province":"กรุงเทพมหานคร","addr:subdistrict":"ตลาดน้อย","building":"commercial","height":"7","name":"ห้างพัฒนาการบิลเลียด","name:en":"Pattanakarn Billiard Mall","name:th":"ห้างพัฒนาการบิลเลียด","shop":"mall","@type":"way","@id":1235161355},"geometry":{"type":"Point","coordinates":[100.5145638,13.7325158]}},{"type":"Feature","id":1237792120,"properties":{"addr:district":"บางรัก","addr:district:en":"Bang Rak","addr:district:th":"บางรัก","addr:postcode":"10500","addr:province":"กรุงเทพมหานคร","addr:subdistrict":"สีลม","building":"commercial","building:levels":"2","name":"Silom Connect","shop":"mall","@type":"way","@id":1237792120},"geometry":{"type":"Point","coordinates":[100.5293191,13.7246513]}},{"type":"Feature","id":1239588030,"properties":{"addr:district":"บางคอแหลม","addr:housenumber":"88/8","addr:postcode":"10120","addr:province":"กรุงเทพมหานคร","addr:street":"ซอยจันทน์ 43","addr:subdistrict":"บางโคล่","building":"yes","contact:facebook":"https://www.facebook.com/GreenPlacePlaza/","name":"Green Place","name:en":"Green Place","name:th":"กรีนเพลส","shop":"mall","@type":"way","@id":1239588030},"geometry":{"type":"Point","coordinates":[100.5220969,13.7025124]}},{"type":"Feature","id":1242277447,"properties":{"building":"yes","name":"น้ำพุพลาซ่า","shop":"mall","@type":"way","@id":1242277447},"geometry":{"type":"Point","coordinates":[100.2772733,13.5478132]}},{"type":"Feature","id":1262103253,"properties":{"building":"commercial","contact:facebook":"https://www.facebook.com/profile.php?id=100086462084180","name":"เดอะ ฟอร์เรสต์ พหลโยธิน","name:en":"The ForRest Phaholyothin","name:th":"เดอะ ฟอร์เรสต์ พหลโยธิน","phone":"+66 92 614 6194","shop":"mall","@type":"way","@id":1262103253},"geometry":{"type":"Point","coordinates":[100.6153721,14.0427817]}},{"type":"Feature","id":1264152503,"properties":{"addr:district":"ปทุมวัน","addr:postcode":"10330","addr:province":"กรุงเทพมหานคร","addr:subdistrict":"ลุมพินี","building":"retail","building:levels":"9","name":"Parade","name:en":"Parade","name:th":"พาเหรด","shop":"mall","@type":"way","@id":1264152503},"geometry":{"type":"Point","coordinates":[100.5472592,13.7260137]}},{"type":"Feature","id":1264152505,"properties":{"addr:district":"ปทุมวัน","addr:postcode":"10330","addr:province":"กรุงเทพมหานคร","addr:subdistrict":"ลุมพินี","building":"yes","name":"Post 1928","shop":"mall","@type":"way","@id":1264152505},"geometry":{"type":"Point","coordinates":[100.5466949,13.7282401]}},{"type":"Feature","id":1264788914,"properties":{"building":"yes","name":"GO Wholesale","shop":"mall","@type":"way","@id":1264788914},"geometry":{"type":"Point","coordinates":[100.6168152,13.9974372]}},{"type":"Feature","id":1267036401,"properties":{"landuse":"retail","name":"NinjaPark","shop":"mall","@type":"way","@id":1267036401},"geometry":{"type":"Point","coordinates":[100.2529373,13.6517563]}},{"type":"Feature","id":1274783724,"properties":{"addr:district":"วัฒนา","addr:postcode":"10110","addr:province":"กรุงเทพมหานคร","addr:subdistrict":"คลองเตยเหนือ","building":"yes","name":"Grand5 Shopping Mall","name:en":"Grand 5 Shopping Mall","name:th":"แกนรด์ ไฟฟ์ ชอปปิง มอลล์","opening_hours":"Mo-Su 10:00-02:00","shop":"mall","@type":"way","@id":1274783724},"geometry":{"type":"Point","coordinates":[100.5543903,13.7418132]}},{"type":"Feature","id":1300952649,"properties":{"addr:postcode":"10250","addr:province":"กรุงเทพมหานคร","addr:street":"ซอยพัฒนาการ 42","amenity":"place_of_worship","building":"yes","name":"Anne's Place","shop":"mall","@type":"way","@id":1300952649},"geometry":{"type":"Point","coordinates":[100.629273,13.7362288]}},{"type":"Feature","id":1300952658,"properties":{"building":"yes","name":"London Street","name:en":"London Street","name:th":"ลอนดอน สตรีท","name:zh":"倫敦風情街","shop":"mall","@type":"way","@id":1300952658},"geometry":{"type":"Point","coordinates":[100.6345164,13.7367134]}},{"type":"Feature","id":1303281801,"properties":{"landuse":"retail","name":"Siam Premium Outlets Bangkok","shop":"mall","@type":"way","@id":1303281801},"geometry":{"type":"Point","coordinates":[100.831294,13.6938506]}},{"type":"Feature","id":1307430049,"properties":{"addr:district":"เมืองปทุมธานี","addr:housenumber":"99","addr:postcode":"12000","addr:province":"ปทุมธานี","addr:street":"ถนนติวานนท์","addr:subdistrict":"บางกะดี","building":"retail","name":"The Nine Center Tiwanon","name:en":"The Nine Center Tiwanon","name:th":"เดอะไนน์ เซ็นเตอร์ ติวานนท์","shop":"mall","@type":"way","@id":1307430049},"geometry":{"type":"Point","coordinates":[100.5499458,13.9797779]}},{"type":"Feature","id":1307917120,"properties":{"landuse":"retail","name":"เดอะบริโอ้ สาย 4","shop":"mall","@type":"way","@id":1307917120},"geometry":{"type":"Point","coordinates":[100.3299232,13.7856387]}},{"type":"Feature","id":1316341572,"properties":{"building":"yes","shop":"mall","@type":"way","@id":1316341572},"geometry":{"type":"Point","coordinates":[100.4426225,13.6650104]}},{"type":"Feature","id":1319840898,"properties":{"addr:district":"ปทุมวัน","addr:postcode":"10330","addr:province":"กรุงเทพมหานคร","addr:subdistrict":"รองเมือง","building":"yes","name":"โบ๊เบ๊สเตชั่น","name:en":"Bobae Station","name:th":"โบ๊เบ๊สเตชั่น","shop":"mall","@type":"way","@id":1319840898},"geometry":{"type":"Point","coordinates":[100.5178577,13.7511891]}},{"type":"Feature","id":1324084977,"properties":{"addr:district":"คลองเตย","addr:housenumber":"628","addr:postcode":"10110","addr:province":"กรุงเทพมหานคร","addr:street":"ถนนสุขุมวิท","addr:subdistrict":"คลองตัน","air_conditioning":"yes","building":"yes","name":"EM TOWER at EMSPHERE","name:en":"EM TOWER at EMSPHERE","opening_hours":"10.00 - 22.00","phone":"022691000","shop":"mall","start_date":"2023-12-01","toilets":"yes","website":"https://emsphere.co.th","wheelchair":"yes","@type":"way","@id":1324084977},"geometry":{"type":"Point","coordinates":[100.5666982,13.7312253]}},{"type":"Feature","id":1330586529,"properties":{"building":"commercial","building:levels":"2","name":"North Park 21","shop":"mall","@type":"way","@id":1330586529},"geometry":{"type":"Point","coordinates":[100.5577923,13.8697344]}},{"type":"Feature","id":1346389305,"properties":{"addr:district":"คลองเตย","addr:postcode":"10110","addr:province":"กรุงเทพมหานคร","addr:subdistrict":"คลองเตย","building":"yes","name":"Korean Town","shop":"mall","@type":"way","@id":1346389305},"geometry":{"type":"Point","coordinates":[100.5578953,13.7381294]}},{"type":"Feature","id":1354933660,"properties":{"building":"yes","name":"The Storeys","name:en":"The Storeys","name:th":"เดอะ สตอรี่ส์","shop":"mall","@type":"way","@id":1354933660},"geometry":{"type":"Point","coordinates":[100.545949,13.7271152]}},{"type":"Feature","id":1370266007,"properties":{"building":"yes","name":"Happitat","shop":"mall","@type":"way","@id":1370266007},"geometry":{"type":"Point","coordinates":[100.6661117,13.6564042]}},{"type":"Feature","id":1370803919,"properties":{"addr:district":"พญาไท","addr:housenumber":"4","addr:postcode":"10400","addr:province":"กรุงเทพมหานคร","addr:street":"ซอยสายลม 1","addr:subdistrict":"สามเสนใน","building":"yes","building:levels":"2","name":"ธนชาญวิศิษฐ์","name:th":"ธนชาญวิศิษฐ์","shop":"mall","@type":"way","@id":1370803919},"geometry":{"type":"Point","coordinates":[100.5494329,13.7810915]}},{"type":"Feature","id":1375530839,"properties":{"addr:district":"ยานนาวา","addr:housenumber":"223/66","addr:postcode":"10120","addr:province":"กรุงเทพมหานคร","addr:street":"ถนนพระรามที่ 3","addr:subdistrict":"บางโพงพาง","landuse":"retail","name":"บางกอกสแควร์","name:en":"Bangkok Square","name:th":"บางกอกสแควร์","shop":"mall","@type":"way","@id":1375530839},"geometry":{"type":"Point","coordinates":[100.5340896,13.6730529]}},{"type":"Feature","id":1382955986,"properties":{"addr:district":"ดุุสิต","addr:housenumber":"1024","addr:postcode":"10300","addr:province":"กรุุงเทพมหานคร","addr:street":"ถนนสามเสน","addr:subdistrict":"ถนนนครไชยศรี","building":"yes","name":"ศูนย์การค้าสุพรีม","name:en":"Supreme","name:th":"ศูนย์การค้าสุพรีม","shop":"mall","@type":"way","@id":1382955986},"geometry":{"type":"Point","coordinates":[100.5154923,13.7896088]}},{"type":"Feature","id":1382955993,"properties":{"building":"yes","name":"เอดิสัน","name:th":"เอดิสัน","shop":"mall","@type":"way","@id":1382955993},"geometry":{"type":"Point","coordinates":[100.5112752,13.7837943]}},{"type":"Feature","id":1386057109,"properties":{"amenity":"marketplace","landuse":"retail","name":"ศูนย์การค้าลาซาลสแควร์","name:th":"ศูนย์การค้าลาซาลสแควร์","shop":"mall","@type":"way","@id":1386057109},"geometry":{"type":"Point","coordinates":[100.6383689,13.6589156]}},{"type":"Feature","id":1423494591,"properties":{"building":"mall","contact:email":"Call_Center@centralpattana.co.th","contact:facebook":"https://www.facebook.com/CentralParkBangkok","contact:phone":"+66 2 407 0111","contact:website":"https://www.centralparkbangkok.com","name":"Central Park Bangkok","name:en":"Central Park Bangkok","name:th":"เซ็นทรัล พาร์ค","opening_date":"2025-09-04","opening_hours":"Mo-Su 10:00-22:00","operator":"Central Pattana","operator:en":"Central Pattana","operator:th":"เซ็นทรัลพัฒนา","operator:wikidata":"Q5061633","shop":"mall","@type":"way","@id":1423494591},"geometry":{"type":"Point","coordinates":[100.5375665,13.7284262]}},{"type":"Feature","id":1427711804,"properties":{"addr:district":"พญาไท","addr:housenumber":"105","addr:postcode":"10400","addr:province":"กรุงเทพมหานคร","addr:street":"ซอยพหลโยธิน 5","addr:subdistrict":"สามเสนใน","building":"commercial","name":"feast","phone":"66 82 874 1455","shop":"mall","website":"https://feastbkk.com","@type":"way","@id":1427711804},"geometry":{"type":"Point","coordinates":[100.5431152,13.7775084]}},{"type":"Feature","id":1452541941,"properties":{"building":"commercial","name":"Vanit Village","name:en":"Vanit Village","shop":"mall","@type":"way","@id":1452541941},"geometry":{"type":"Point","coordinates":[100.5438415,13.7767227]}},{"type":"Feature","id":1453806860,"properties":{"addr:postcode":"10100","addr:street":"531 ถ. เจริญกรุง แขวง","building":"commercial","name":"แอมไชน่าทาวน์","name:en":"I’m Chinatown","name:th":"แอมไชน่าทาวน์","opening_hours":"Mo-Fr 10:00-21:00; Su,Sa 10:00-22:00","shop":"mall","toilets":"yes","toilets:access":"yes","toilets:disposal":"flush","toilets:hands_drying":"yes","toilets:handwashing":"yes","toilets:paper_supplied":"yes","toilets:position":"seated;urinal","toilets:wheelchair":"limited","website":"https://iamchinatownbkk.com/","@type":"way","@id":1453806860},"geometry":{"type":"Point","coordinates":[100.5113351,13.7416399]}},{"type":"Feature","id":1463973282,"properties":{"building":"yes","building:levels":"2","shop":"mall","@type":"way","@id":1463973282},"geometry":{"type":"Point","coordinates":[100.6083732,13.8965827]}},{"type":"Feature","id":1490293227,"properties":{"building":"yes","name":"Aree Garden","name:en":"Aree Garden","shop":"mall","@type":"way","@id":1490293227},"geometry":{"type":"Point","coordinates":[100.5351419,13.7803199]}},{"type":"Feature","id":1493003770,"properties":{"building":"yes","shop":"mall","@type":"way","@id":1493003770},"geometry":{"type":"Point","coordinates":[100.6271372,13.8291576]}},{"type":"Feature","id":1502429692,"properties":{"addr:district":"พญาไท","addr:postcode":"10400","addr:province":"กรุงเทพมหานคร","addr:street":"ถนนพหลโยธิน","addr:subdistrict":"สามเสนใน","building":"retail","building:levels":"6","name":"Café Amazon Experience","name:en":"Café Amazon Experience","not:brand:wikidata":"Q43247503","shop":"mall","@type":"way","@id":1502429692},"geometry":{"type":"Point","coordinates":[100.5447353,13.7788819]}},{"type":"Feature","id":1562804273,"properties":{"addr:district":"ราชเทวี","addr:housenumber":"567","addr:place":"Ratchaprarop Rd","addr:postcode":"10400","addr:province":"กรุงเทพมหานคร","addr:street":"ถนนราชปรารภ","addr:subdistrict":"มักกะสัน","building":"mall","layer":"1","name":"Watergate Pavillion","name:en":"Watergate Pavillion","name:th":"วอเตอร์เกท พาวิลเลียน​","shop":"mall","@type":"way","@id":1562804273},"geometry":{"type":"Point","coordinates":[100.5423027,13.7514832]}},{"type":"Feature","id":1564881124,"properties":{"building":"yes","name":"แฮปปี้มอลล์ ร่มเกล้า","name:en":"Happy Mall Romklao","name:th":"แฮปปี้มอลล์ ร่มเกล้า","shop":"mall","@type":"way","@id":1564881124},"geometry":{"type":"Point","coordinates":[100.7217652,13.760844]}},{"type":"Feature","id":2815069307,"properties":{"name":"Power Buy","shop":"mall","@type":"node","@id":2815069307},"geometry":{"type":"Point","coordinates":[100.976885,13.345461]}},{"type":"Feature","id":3447253883,"properties":{"addr:street":"ถนนพัทยาสายหนึ่ง","name":"Serene Plaza","shop":"mall","@type":"node","@id":3447253883},"geometry":{"type":"Point","coordinates":[100.8754969,12.9278392]}},{"type":"Feature","id":5076745935,"properties":{"name":"Freiluft-Markt","shop":"mall","@type":"node","@id":5076745935},"geometry":{"type":"Point","coordinates":[101.9131845,12.5623409]}},{"type":"Feature","id":5235819824,"properties":{"name":"Makro food service","shop":"mall","toilets:wheelchair":"yes","wheelchair":"yes","@type":"node","@id":5235819824},"geometry":{"type":"Point","coordinates":[101.4436548,12.6296994]}},{"type":"Feature","id":11816750692,"properties":{"name":"The Princess Mall","shop":"mall","@type":"node","@id":11816750692},"geometry":{"type":"Point","coordinates":[101.6059962,12.654305]}},{"type":"Feature","id":11898403705,"properties":{"name":"Kings Birds Nest Outlet Mall. Closed?","shop":"mall","@type":"node","@id":11898403705},"geometry":{"type":"Point","coordinates":[100.9488459,12.7927738]}},{"type":"Feature","id":12078566020,"properties":{"name":"Robinson Lifestyle Bowin","shop":"mall","@type":"node","@id":12078566020},"geometry":{"type":"Point","coordinates":[101.0828214,13.0404568]}},{"type":"Feature","id":12090553603,"properties":{"shop":"mall","@type":"node","@id":12090553603},"geometry":{"type":"Point","coordinates":[100.8989716,12.8783649]}},{"type":"Feature","id":13793761137,"properties":{"name":"เพลินการ์เด้น","shop":"mall","@type":"node","@id":13793761137},"geometry":{"type":"Point","coordinates":[101.079594,13.0416822]}},{"type":"Feature","id":27444939,"properties":{"building":"yes","name":"Mike Shopping Mall","opening_hours":"Mo-Su 10:00-22:00","shop":"mall","website":"https://www.mikethailand.com/","wikidata":"Q6848812","@type":"way","@id":27444939},"geometry":{"type":"Point","coordinates":[100.8808124,12.9318991]}},{"type":"Feature","id":27464545,"properties":{"building":"yes","contact:email":"Prom.PTC@centralpattana.co.th","contact:facebook":"https://www.facebook.com/CentralMarinaOutlet","contact:phone":"+66 33 003 888","contact:website":"https://www.centralmarinaoutlet.com/ru/home","name":"Central Marina Outlet","opening_hours":"Mo-Su 11:00-22:00","operator":"Central Pattana","operator:en":"Central Pattana","operator:th":"เซ็นทรัลพัฒนา","operator:wikidata":"Q5061633","shop":"mall","wikidata":"Q5060537","@type":"way","@id":27464545},"geometry":{"type":"Point","coordinates":[100.890005,12.9456788]}},{"type":"Feature","id":27486202,"properties":{"building":"yes","name":"Royal Garden Plaza","name:ja":"ロイヤルガーデンプラザ","name:zh":"皇家花園廣場","opening_hours":"Mo-Su 11:00-23:00","shop":"mall","website":"https://www.royalgardenplaza.co.th/pattaya/","@type":"way","@id":27486202},"geometry":{"type":"Point","coordinates":[100.8781515,12.9293037]}},{"type":"Feature","id":27487671,"properties":{"building":"yes","name":"The Avenue","name:ja":"ザ アベニュー","shop":"mall","@type":"way","@id":27487671},"geometry":{"type":"Point","coordinates":[100.8813587,12.9293704]}},{"type":"Feature","id":35067707,"properties":{"branch":"Pattaya","building":"yes","building:levels":"6","name":"Tukcom","phone":"+6638724162","shop":"mall","website":"https://tukcom.com/","wheelchair":"yes","@type":"way","@id":35067707},"geometry":{"type":"Point","coordinates":[100.8786705,12.9236464]}},{"type":"Feature","id":35609419,"properties":{"building":"yes","name":"Big C Place","shop":"mall","@type":"way","@id":35609419},"geometry":{"type":"Point","coordinates":[100.8944919,12.9352379]}},{"type":"Feature","id":151000011,"properties":{"building":"retail","building:levels":"6","contact:email":"prom.cpb@centralpattana.co.th","contact:facebook":"https://www.facebook.com/CentralPattayaBeach","contact:phone":"+66 33 003 999","contact:website":"https://www.centralpattaya.com/en/home","name":"Central Pattaya","name:ja":"セントラルフェスティバル・パタヤビーチ","name:ko":"센트럴 페스티벌","opening_hours":"Fr-Su 11:00-23:00; Mo-Th 11:00-22:00","operator":"Central Pattana","operator:en":"Central Pattana","operator:th":"เซ็นทรัลพัฒนา","operator:wikidata":"Q5061633","shop":"mall","wikidata":"Q5060204","@type":"way","@id":151000011},"geometry":{"type":"Point","coordinates":[100.8835015,12.9346215]}},{"type":"Feature","id":155131600,"properties":{"alt_name":"Plus Mall Amata Nakom","building":"yes","name":"Plus Mall","opening_hours":"Mo-Su 08:00-23:00","shop":"mall","source":"Bing","@type":"way","@id":155131600},"geometry":{"type":"Point","coordinates":[101.0045109,13.4256077]}},{"type":"Feature","id":259504185,"properties":{"addr:housenumber":"78/34 Moo 9","addr:postcode":"20150","addr:street":"2nd pattaya rd, Nongprue","building":"yes","email":"mkt1artinparadise@gmail.com","name":"Focus Pattaya Shopping Arcade","opening_hours":"Mo-Su 09:00-22:30","phone":"+66038424500","shop":"mall","source":"Bing (adjusted)","website":"https://www.artinparadise.co.th/","@type":"way","@id":259504185},"geometry":{"type":"Point","coordinates":[100.8891374,12.9480666]}},{"type":"Feature","id":260649074,"properties":{"building":"yes","contact:email":"prom.cpc@centralpattana.co.th","contact:facebook":"https://www.facebook.com/CentralChonburiFanpage","contact:phone":"+66 33 003 333","contact:website":"https://shoppingcenter.centralpattana.co.th/th/branch/central-chonburi","name":"เซ็นทรัลชลบุรี","name:en":"Central Chonburi","name:th":"เซ็นทรัลชลบุรี","opening_hours":"Mo-Fr 10:30-21:30; Sa 10:00-22:00; Su 10:00-21:30","operator":"Central Pattana","operator:en":"Central Pattana","operator:th":"เซ็นทรัลพัฒนา","operator:wikidata":"Q5061633","shop":"mall","wikidata":"Q5060210","@type":"way","@id":260649074},"geometry":{"type":"Point","coordinates":[100.9698702,13.3370635]}},{"type":"Feature","id":263956807,"properties":{"building":"yes","fixme":"aerial outdated. Building up to the street. rough outline","name":"Laemtong Bangsaen","shop":"mall","wheelchair":"yes","@type":"way","@id":263956807},"geometry":{"type":"Point","coordinates":[100.926592,13.2870728]}},{"type":"Feature","id":265504964,"properties":{"addr:street":"ถนนสุขุมวิท","building":"yes","building:levels":"5","name":"ศูนย์การค้าแปซิฟิคพาร์ค","name:en":"Pacific Park Shopping Center","name:ja":"パシフィック パーク ショッピング センター","opening_hours":"Mo-Su 11:00-21:00","shop":"mall","@type":"way","@id":265504964},"geometry":{"type":"Point","coordinates":[100.9306497,13.1681146]}},{"type":"Feature","id":322288204,"properties":{"name":"The Village Shopping Centre","shop":"mall","website":"http://www.thevillagepattaya.com/","@type":"way","@id":322288204},"geometry":{"type":"Point","coordinates":[100.8974199,12.8822518]}},{"type":"Feature","id":336046315,"properties":{"building":"yes","name":"Harbor Mall","shop":"mall","@type":"way","@id":336046315},"geometry":{"type":"Point","coordinates":[100.9211147,13.0794288]}},{"type":"Feature","id":339535933,"properties":{"building":"yes","name":"ห้างแฟร์ริท","name:en":"Fairrit Shopping Center","shop":"mall","website":"http://www.fairritshoppingplaza.com","@type":"way","@id":339535933},"geometry":{"type":"Point","coordinates":[100.8820546,12.9234482]}},{"type":"Feature","id":349155419,"properties":{"addr:city":"Mueang Rayong","addr:housenumber":"99","addr:postcode":"21000","addr:street":"Bang Na-Trat Rd","building":"yes","contact:email":"prom.ryg@centralpattana.co.th","contact:facebook":"https://www.facebook.com/CentralRayongFanpage","contact:phone":"+66 33 013 333","contact:website":"https://shoppingcenter.centralpattana.co.th/th/branch/central-rayong","name":"Central Rayong","opening_hours":"Mo-Su 10:00-21:00","operator":"Central Pattana","operator:en":"Central Pattana","operator:th":"เซ็นทรัลพัฒนา","operator:wikidata":"Q5061633","shop":"mall","@type":"way","@id":349155419},"geometry":{"type":"Point","coordinates":[101.2683791,12.6960182]}},{"type":"Feature","id":377250879,"properties":{"building":"yes","name":"King Power Pattaya Duty Free","name:ru":"Королевский Duty Free","name:th":"คิง เพาเวอร์ พัทยา","shop":"mall","website":"https://www.kingpower.com/","@type":"way","@id":377250879},"geometry":{"type":"Point","coordinates":[100.8990219,12.9303482]}},{"type":"Feature","id":407694993,"properties":{"building":"yes","name":"Harbor Mall Pattaya","name:ru":"Харбор торговый центр","shop":"mall","website":"https://www.harbor.co.th/","@type":"way","@id":407694993},"geometry":{"type":"Point","coordinates":[100.8977938,12.934565]}},{"type":"Feature","id":412478346,"properties":{"alt_name":"Outlet Mall Pattaya","name":"Premium Outlet Pattaya","name:ru":"Ночной рынок","shop":"mall","website":"https://www.outletmallthailand.com/our_branch/1","@type":"way","@id":412478346},"geometry":{"type":"Point","coordinates":[100.8947067,12.9081464]}},{"type":"Feature","id":414325894,"properties":{"name":"Amatio Chill Park","shop":"mall","@type":"way","@id":414325894},"geometry":{"type":"Point","coordinates":[100.9992267,13.4182784]}},{"type":"Feature","id":435582282,"properties":{"building":"yes","int_name":"Tukcom IT Mall","name":"ตึกคอม","name:ja":"トゥッコム","shop":"mall","website":"https://tukcom.com/","@type":"way","@id":435582282},"geometry":{"type":"Point","coordinates":[100.9285782,13.1619102]}},{"type":"Feature","id":435582472,"properties":{"building":"yes","name":"Tukcom","shop":"mall","website":"https://tukcom.com/","@type":"way","@id":435582472},"geometry":{"type":"Point","coordinates":[100.9732828,13.3410882]}},{"type":"Feature","id":485639761,"properties":{"building":"retail","name":"pure park","shop":"mall","source":"Bing","@type":"way","@id":485639761},"geometry":{"type":"Point","coordinates":[101.0300096,13.4431954]}},{"type":"Feature","id":651015521,"properties":{"addr:city":"Na Kluea, Bang Lamung, Pattaya","addr:postcode":"20150","addr:street":"ถนนพัทยาเหนือ","building":"retail","building:levels":"4","building:part":"yes","email":"terminal21pattaya@gmail.com","name":"Terminal 21 Pattaya","name:en":"Terminal 21 Pattaya","name:th":"เทอร์มินอล 21 พัทยา","opening_hours":"Mo-Th 11:00-22:00; Fr-Su 11:00-23:00","phone":"+66 33 079 777","shop":"mall","toilets":"yes","toilets:wheelchair":"yes","website":"https://www.terminal21.co.th/pattaya/en/home-en/","wheelchair":"yes","@type":"way","@id":651015521},"geometry":{"type":"Point","coordinates":[100.8896924,12.9498403]}},{"type":"Feature","id":723838127,"properties":{"building":"yes","building:levels":"3","name":"The Bay","shop":"mall","@type":"way","@id":723838127},"geometry":{"type":"Point","coordinates":[100.8852217,12.9435277]}},{"type":"Feature","id":730330932,"properties":{"landuse":"retail","shop":"mall","@type":"way","@id":730330932},"geometry":{"type":"Point","coordinates":[100.9675888,13.3369712]}},{"type":"Feature","id":733399370,"properties":{"addr:street":"ถนนสุขุมวิท","building":"yes","name":"Index Living Mall","shop":"mall","@type":"way","@id":733399370},"geometry":{"type":"Point","coordinates":[100.9555511,13.313155]}},{"type":"Feature","id":753673000,"properties":{"building":"yes","building:levels":"1","name":"The Station","note":"Big roofed area with some shops inside. ","shop":"mall","@type":"way","@id":753673000},"geometry":{"type":"Point","coordinates":[100.9918054,13.3695334]}},{"type":"Feature","id":766648887,"properties":{"building":"yes","name":"อิออนมอลล์","name:en":"Aeon Mall","name:ja":"イオンモール","shop":"mall","@type":"way","@id":766648887},"geometry":{"type":"Point","coordinates":[100.9349045,13.1670799]}},{"type":"Feature","id":1080976073,"properties":{"building":"retail","contact:email":"prom.SRC@centralpattana.co.th","contact:facebook":"https://www.facebook.com/CentralSiRacha","contact:phone":"+66 33 253 555","contact:website":"https://www.centralsiracha.com","name":"เซ็นทรัลศรีราชา","name:en":"Central Siracha","name:ja":"セントラル シラチャー","opening_hours":"Mo-Su 10:00-21:00","operator":"Central Pattana","operator:en":"Central Pattana","operator:th":"เซ็นทรัลพัฒนา","operator:wikidata":"Q5061633","shop":"mall","toilets":"yes","@type":"way","@id":1080976073},"geometry":{"type":"Point","coordinates":[100.930756,13.1790085]}},{"type":"Feature","id":1218464774,"properties":{"building":"yes","name":"The Chilled","shop":"mall","@type":"way","@id":1218464774},"geometry":{"type":"Point","coordinates":[100.9110776,12.922665]}},{"type":"Feature","id":1220268018,"properties":{"building":"yes","shop":"mall","@type":"way","@id":1220268018},"geometry":{"type":"Point","coordinates":[100.9022016,12.753786]}},{"type":"Feature","id":1225345467,"properties":{"building":"yes","name":"Robinson Lifestyle Ban Chang","shop":"mall","@type":"way","@id":1225345467},"geometry":{"type":"Point","coordinates":[101.0805111,12.7398979]}},{"type":"Feature","id":1326196696,"properties":{"building":"yes","building:levels":"4","name":"พลาซ่าเซ็นเตอร์","name:th":"พลาซ่าเซ็นเตอร์","shop":"mall","@type":"way","@id":1326196696},"geometry":{"type":"Point","coordinates":[101.077308,13.6902646]}},{"type":"Feature","id":4748575007,"properties":{"name":"Premium Outlet Cha-am","name:en":"Premium Outlet Cha-am","name:th":"พรีเมี่ยมเอาท์เล็ท ชะอำ","shop":"mall","@type":"node","@id":4748575007},"geometry":{"type":"Point","coordinates":[99.924447,12.8515913]}},{"type":"Feature","id":196830389,"properties":{"building":"public","contact:phone":"(087) 977-7272","name":"อัมพวาครับ","shop":"mall","@type":"way","@id":196830389},"geometry":{"type":"Point","coordinates":[99.9561341,13.426343]}},{"type":"Feature","id":196835555,"properties":{"building":"public","name":"โครงการอัมพวาชัยพัฒนานุรักษ์","shop":"mall","@type":"way","@id":196835555},"geometry":{"type":"Point","coordinates":[99.9557753,13.4267317]}},{"type":"Feature","id":196845126,"properties":{"building":"public","contact:phone":"(081) 791-9601","name":"บ้านแม่หนู อัมพวา","shop":"mall","@type":"way","@id":196845126},"geometry":{"type":"Point","coordinates":[99.9571154,13.4267338]}},{"type":"Feature","id":196855670,"properties":{"shop":"mall","@type":"way","@id":196855670},"geometry":{"type":"Point","coordinates":[99.9562831,13.4268928]}},{"type":"Feature","id":208650785,"properties":{"building":"retail","building:levels":"3","check_date":"2024-03-03","name":"Hua Hin Market Village","name:en":"Hua Hin Market Village","name:th":"หัวหินมาร์เก็ตวิลเลจ","opening_hours":"Su-Th 10:30-21:00; Fr,Sa 10:30-22:00","roof:levels":"0","shop":"mall","toilets":"yes","wheelchair":"yes","wikidata":"Q5924869","@type":"way","@id":208650785},"geometry":{"type":"Point","coordinates":[99.9592301,12.5576609]}},{"type":"Feature","id":243656116,"properties":{"building":"yes","shop":"mall","@type":"way","@id":243656116},"geometry":{"type":"Point","coordinates":[99.9349792,13.108981]}},{"type":"Feature","id":243656118,"properties":{"building":"yes","shop":"mall","@type":"way","@id":243656118},"geometry":{"type":"Point","coordinates":[99.9388789,13.1031203]}},{"type":"Feature","id":243656253,"properties":{"building":"yes","shop":"mall","@type":"way","@id":243656253},"geometry":{"type":"Point","coordinates":[99.9389187,13.1025492]}},{"type":"Feature","id":284406707,"properties":{"building":"yes","name":"FN Outlet","name:en":"FN Outlet","name:th":"เอฟเอ็น เอ๊าท์เลท","shop":"mall","source":"Bing Satellite","@type":"way","@id":284406707},"geometry":{"type":"Point","coordinates":[99.9515067,12.6662341]}},{"type":"Feature","id":394782947,"properties":{"building":"yes","name":"Blúport Hua Hin","name:en":"Blúport Hua Hin","name:th":"บลูพอร์ต หัวหิน","opening_hours":"Su-Th 10:00-21:00; Fr-Sa 10:00-22:00","shop":"mall","toilets:wheelchair":"yes","website":"https://www.bluporthuahin.com/","wheelchair":"yes","wikidata":"Q31347459","@type":"way","@id":394782947},"geometry":{"type":"Point","coordinates":[99.9616357,12.5479846]}},{"type":"Feature","id":8909569895,"properties":{"name":"Robinson Lifestyle Lopburi","opening_hours":"Mo-Su,PH 10:00-21:00","phone":"(036)-687-700-09","shop":"mall","toilets":"yes","website":"http://store.robinson.co.th/store-lopburi-en.html","wheelchair":"yes","@type":"node","@id":8909569895},"geometry":{"type":"Point","coordinates":[100.6926765,14.7753323]}},{"type":"Feature","id":9553547983,"properties":{"name":"พรีเมี่ยม เอาท์เล็ท อยุธยา","name:en":"Premium Outlet Ayutthaya","name:th":"พรีเมี่ยม เอาท์เล็ท อยุธยา","shop":"mall","@type":"node","@id":9553547983},"geometry":{"type":"Point","coordinates":[100.6103801,14.2101206]}},{"type":"Feature","id":9848223847,"properties":{"check_date":"2025-08-28","name":"Tesco Lotus","opening_hours":"08:00-21:00","shop":"mall","@type":"node","@id":9848223847},"geometry":{"type":"Point","coordinates":[102.1275318,14.9491602]}},{"type":"Feature","id":133128086,"properties":{"addr:housenumber":"59/99","addr:place":"หมู่ที่ 1","building":"yes","name":"The Sky Ayutthaya","name:en":"The Sky Ayutthaya","name:th":"เดอะสกาย อยุธยา","shop":"mall","source":"Bing","@type":"way","@id":133128086},"geometry":{"type":"Point","coordinates":[100.6098067,14.3454734]}},{"type":"Feature","id":133128147,"properties":{"building":"yes","name":"Big C Supercenter","name:en":"Big C Supercenter","shop":"mall","source":"Bing","@type":"way","@id":133128147},"geometry":{"type":"Point","coordinates":[100.6111705,14.3194626]}},{"type":"Feature","id":150811170,"properties":{"building":"yes","name":"Lotus","opening_hours":"Mo-Su 08:00-23:00","operator":"Lotus","shop":"mall","source":"Bing","toilets":"yes","@type":"way","@id":150811170},"geometry":{"type":"Point","coordinates":[100.9220727,14.5220471]}},{"type":"Feature","id":150811203,"properties":{"shop":"mall","@type":"way","@id":150811203},"geometry":{"type":"Point","coordinates":[100.9178221,14.5237473]}},{"type":"Feature","id":217790221,"properties":{"building":"commercial","name":"Big C Supercenter","shop":"mall","@type":"way","@id":217790221},"geometry":{"type":"Point","coordinates":[100.6170717,14.1226243]}},{"type":"Feature","id":334736739,"properties":{"brand":"The Mall Group","brand:en":"The Mall Group","brand:th":"เดอะมอลล์กรุ๊ป","brand:wikidata":"Q4924063","building":"yes","check_date":"2025-09-03","name":"The Mall","name:en":"The Mall","name:th":"เดอะมอลล์","opening_hours":"Mo-Su,PH 10:00-21:00","operator":"The Mall Group","shop":"mall","toilets":"yes","toilets:wheelchair":"yes","wheelchair":"yes","@type":"way","@id":334736739},"geometry":{"type":"Point","coordinates":[102.0768355,14.9806219]}},{"type":"Feature","id":363719867,"properties":{"building":"yes","check_date":"2025-09-11","internet_access":"wlan","name":"Terminal 21 Korat","name:en":"Terminal 21 Korat","name:th":"เทอมินอล 21 โคราช","shop":"mall","toilets:wheelchair":"yes","website":"http://www.terminal21korat.in.th","wheelchair":"yes","wikidata":"Q3278033","wikipedia":"en:Terminal 21","@type":"way","@id":363719867},"geometry":{"type":"Point","coordinates":[102.0901135,14.982466]}},{"type":"Feature","id":424019356,"properties":{"building":"yes","name":"Big C","shop":"mall","website":"https://www.bigc.co.th/","@type":"way","@id":424019356},"geometry":{"type":"Point","coordinates":[100.6719234,14.7943298]}},{"type":"Feature","id":546498849,"properties":{"addr:city":"Nakhon Ratchasima","amenity":"marketplace","building":"retail","contact:email":"prom.nkm@centralpattana.co.th","contact:facebook":"https://www.facebook.com/CentralKoratFanpage","contact:phone":"+66 44 001 555","contact:website":"https://shoppingcenter.centralpattana.co.th/th/branch/central-korat","name":"Central Korat","name:en":"Central Korat","name:th":"เซ็นทรัล โคราช","opening_hours":"Mo-Su 10:00-21:00","operator":"Central Pattana","operator:en":"Central Pattana","operator:th":"เซ็นทรัลพัฒนา","operator:wikidata":"Q5061633","shop":"mall","wikidata":"Q20575495","wikipedia":"th:เซ็นทรัล โคราช","@type":"way","@id":546498849},"geometry":{"type":"Point","coordinates":[102.1163439,14.9961235]}},{"type":"Feature","id":722877870,"properties":{"addr:housenumber":"126","addr:place":"หมู่ที่ 3","building":"retail","layer":"1","name":"Ayutthaya City Park","name:en":"Ayutthaya City Park","name:th":"อยุธยาซิตี้พาร์ค","shop":"mall","toilets:wheelchair":"yes","wheelchair":"yes","@type":"way","@id":722877870},"geometry":{"type":"Point","coordinates":[100.6102949,14.3363997]}},{"type":"Feature","id":730807202,"properties":{"addr:place":"หมู่ที่ 1","building":"yes","layer":"1","name":"ตลาดแกรนด์ไนท์พลาซ่า","name:en":"Talat Grand Night Plaza","shop":"mall","@type":"way","@id":730807202},"geometry":{"type":"Point","coordinates":[100.60516,14.3503719]}},{"type":"Feature","id":947325870,"properties":{"building":"retail","contact:email":"prom.AYY@centralpattana.co.th","contact:facebook":"https://www.facebook.com/CentralAyutthaya","contact:phone":"+66 35 952 555","contact:website":"https://shoppingcenter.centralpattana.co.th/th/branch/central-ayutthaya","name":"Central Ayutthaya","name:en":"Central Ayutthaya","name:th":"เซ็นทรัล อยุธยา","opening_hours":"Fr-Sa 10:00-22:00; Mo-Th,Su 10:00-21:00","shop":"mall","toilets":"yes","@type":"way","@id":947325870},"geometry":{"type":"Point","coordinates":[100.6107438,14.3316546]}},{"type":"Feature","id":1312714560,"properties":{"addr:district":"อำเภอเมือง","addr:housenumber":"179/5","addr:postcode":"18000","addr:province":"จังหวัดสระบุรี","addr:street":"ถนนสุดบรรทัด","addr:subdistrict":"ตำบลปากเพรียว","building":"yes","name":"ลานกิจกรรม สุขอนันต์ ปาร์ค สระบุรี","operator":"สุขอนันต์ ปาร์ค สระบุรี","shop":"mall","@type":"way","@id":1312714560},"geometry":{"type":"Point","coordinates":[100.9250705,14.5246413]}},{"type":"Feature","id":1562200151,"properties":{"building":"retail","name":"พรีเมี่ยมเอาท์เล็ท เขาใหญ่","name:en":"Premium Outlet KhaoYai","name:th":"พรีเมี่ยมเอาท์เล็ท เขาใหญ่","shop":"mall","@type":"way","@id":1562200151},"geometry":{"type":"Point","coordinates":[101.3925297,14.6585609]}}]}