{"type":"FeatureCollection","features":[{"type":"Feature","id":893975266,"properties":{"amenity":"marketplace","name":"ตลาดท่าทราย","@type":"node","@id":893975266},"geometry":{"type":"Point","coordinates":[100.554535,13.873153]}},{"type":"Feature","id":942310585,"properties":{"addr:district":"หลักสี่","addr:province":"กรุงเทพมหานคร","addr:subdistrict":"ทุ่งสองห้อง","amenity":"marketplace","name":"ตลาดเมืองทอง 1","name:en":"Talat Mueang Thong 1","name:th":"ตลาดเมืองทอง 1","@type":"node","@id":942310585},"geometry":{"type":"Point","coordinates":[100.5616046,13.8956724]}},{"type":"Feature","id":1102897666,"properties":{"addr:country":"Thailand","addr:district":"เมืองสมุทรสาคร","addr:postcode":"74000","addr:province":"สมุุทรสาคร","addr:subdistrict":"มหาชัย","amenity":"marketplace","description":"ตลาดมหาชัย ตลาดที่ขึ้นชื่อในเรื่องอาหารทะเล และของกินของฝากคุณภาพที่ได้รับความนิยม มีจุดชมวิวที่สวยงาม การเดินทางสะดวก  Mahachai Market Samutsakhon province is hub of seafood of Thailand , souvenir and food market, street food,\ntourist attraction;ตลาดมหาช","name":"ตลาดมหาชัย","name:en":"Mahachai Market","name:th":"ตลาดมหาชัย","@type":"node","@id":1102897666},"geometry":{"type":"Point","coordinates":[100.2762867,13.5453937]}},{"type":"Feature","id":1157481788,"properties":{"amenity":"marketplace","@type":"node","@id":1157481788},"geometry":{"type":"Point","coordinates":[100.4212026,13.7046933]}},{"type":"Feature","id":1255818005,"properties":{"amenity":"marketplace","name":"ตลาดน้ำคลองลัดมะยม","name:en":"Khlong Lat Mayom Floating Market","name:th":"floating market","opening_hours":"Sa-Su 08:00-17:00","@type":"node","@id":1255818005},"geometry":{"type":"Point","coordinates":[100.4156999,13.7610789]}},{"type":"Feature","id":1496839207,"properties":{"amenity":"marketplace","name":"ตลาดชัยกูล","@type":"node","@id":1496839207},"geometry":{"type":"Point","coordinates":[100.453921,13.6754221]}},{"type":"Feature","id":1512566431,"properties":{"amenity":"marketplace","name":"ตลาดรุ่งเจริญ","@type":"node","@id":1512566431},"geometry":{"type":"Point","coordinates":[100.4428857,13.6552274]}},{"type":"Feature","id":1592068403,"properties":{"amenity":"marketplace","name":"ตลาดสดเอกชัย","@type":"node","@id":1592068403},"geometry":{"type":"Point","coordinates":[100.4266163,13.6748853]}},{"type":"Feature","id":1625414970,"properties":{"alt_name":"ตลาดน้ำวัดนิมมานรดี","amenity":"marketplace","name":"ตลาดน้ำคลองภาษีเจริญ วัดนิมมานรดี","@type":"node","@id":1625414970},"geometry":{"type":"Point","coordinates":[100.427125,13.707524]}},{"type":"Feature","id":1627884610,"properties":{"amenity":"marketplace","name":"วิน วิน พลาซ่า","name:en":"Win Win Plaza","name:th":"วิน วิน พลาซ่า","@type":"node","@id":1627884610},"geometry":{"type":"Point","coordinates":[100.4096502,13.7110019]}},{"type":"Feature","id":1654273117,"properties":{"amenity":"marketplace","name":"Bon Marché Market Park","@type":"node","@id":1654273117},"geometry":{"type":"Point","coordinates":[100.5509121,13.8391641]}},{"type":"Feature","id":1801775559,"properties":{"amenity":"marketplace","name":"ตลาดประชานิเวศน์ 1","name:en":"Pracha Niwet 1 Market","name:th":"ตลาดประชานิเวศน์ 1","name:zh":"周末市场","@type":"node","@id":1801775559},"geometry":{"type":"Point","coordinates":[100.5450615,13.84055]}},{"type":"Feature","id":1858889425,"properties":{"amenity":"marketplace","name":"ตลาดศาลายา","name:en":"Sala Ya Market","name:th":"ตลาดศาลายา","@type":"node","@id":1858889425},"geometry":{"type":"Point","coordinates":[100.3261387,13.8018738]}},{"type":"Feature","id":2064798506,"properties":{"amenity":"marketplace","level":"0","name":"ตลาดนัด","@type":"node","@id":2064798506},"geometry":{"type":"Point","coordinates":[100.6107877,13.8341425]}},{"type":"Feature","id":2099171796,"properties":{"amenity":"marketplace","name":"ร้านข้าวต้มซี่โครงหมู","@type":"node","@id":2099171796},"geometry":{"type":"Point","coordinates":[100.5506137,13.8392706]}},{"type":"Feature","id":2099171798,"properties":{"amenity":"marketplace","@type":"node","@id":2099171798},"geometry":{"type":"Point","coordinates":[100.5506284,13.8392094]}},{"type":"Feature","id":2103267687,"properties":{"amenity":"marketplace","name":"ตลาดน้ำพิมาลราช","@type":"node","@id":2103267687},"geometry":{"type":"Point","coordinates":[100.4288905,13.9077837]}},{"type":"Feature","id":2109117507,"properties":{"amenity":"marketplace","@type":"node","@id":2109117507},"geometry":{"type":"Point","coordinates":[100.5514464,13.8393711]}},{"type":"Feature","id":2109117517,"properties":{"amenity":"marketplace","@type":"node","@id":2109117517},"geometry":{"type":"Point","coordinates":[100.5513364,13.8393803]}},{"type":"Feature","id":2109117520,"properties":{"amenity":"marketplace","name":"ร้านขายอาหารปิ้งย่าง","@type":"node","@id":2109117520},"geometry":{"type":"Point","coordinates":[100.5512224,13.839392]}},{"type":"Feature","id":2109136589,"properties":{"amenity":"marketplace","@type":"node","@id":2109136589},"geometry":{"type":"Point","coordinates":[100.5513358,13.8393275]}},{"type":"Feature","id":2109253576,"properties":{"amenity":"marketplace","@type":"node","@id":2109253576},"geometry":{"type":"Point","coordinates":[100.5511078,13.8391712]}},{"type":"Feature","id":2112444955,"properties":{"amenity":"marketplace","facebook":"westone","level":"1","name":"west one","opening_hours":"11:00-21:00","parking":"yes","payment:credit_cards":"yes","type":"luxury bag","@type":"node","@id":2112444955},"geometry":{"type":"Point","coordinates":[100.5741254,13.7279394]}},{"type":"Feature","id":2156104165,"properties":{"amenity":"marketplace","name":"ตลาดกลางคืนพัฒน์พงษ์","name:en":"Patpong Night Market","name:th":"ตลาดกลางคืนพัฒน์พงษ์","opening_hours":"Mo-Su 18:00-00:00","@type":"node","@id":2156104165},"geometry":{"type":"Point","coordinates":[100.5318283,13.7286838]}},{"type":"Feature","id":2156126350,"properties":{"amenity":"marketplace","name":"Soi 38 Nightmarket","@type":"node","@id":2156126350},"geometry":{"type":"Point","coordinates":[100.578726,13.7236559]}},{"type":"Feature","id":2373599662,"properties":{"amenity":"marketplace","name":"ตลาดนัดอินเตอร์โซน","name:en":"Interzone Flea Market","name:th":"ตลาดนัดอินเตอร์โซน","opening_hours":"Mo,Th 15.00-20.00","@type":"node","@id":2373599662},"geometry":{"type":"Point","coordinates":[100.5979444,14.0759483]}},{"type":"Feature","id":2439974805,"properties":{"amenity":"marketplace","name":"Big C Samrong","name:th":"บิ๊กซี สำโรง","@type":"node","@id":2439974805},"geometry":{"type":"Point","coordinates":[100.5965543,13.6499699]}},{"type":"Feature","id":2558452831,"properties":{"amenity":"marketplace","name":"ตลาดหทัยมิตร","@type":"node","@id":2558452831},"geometry":{"type":"Point","coordinates":[100.7229875,13.8602353]}},{"type":"Feature","id":2987127004,"properties":{"amenity":"marketplace","@type":"node","@id":2987127004},"geometry":{"type":"Point","coordinates":[100.5635981,13.7567507]}},{"type":"Feature","id":3096831601,"properties":{"addr:housenumber":"303/20","addr:postcode":"10120","addr:province":"กรุงเทพมหานคร","addr:street":"ถนนรัชดาภิเษก","amenity":"marketplace","name":"Homegate Real Estate Co. Ltd.","office":"estate_agent","phone":"+66 922 5454 58","source":"Owner","website":"http://www.homegate.co.th","@type":"node","@id":3096831601},"geometry":{"type":"Point","coordinates":[100.5369207,13.7012505]}},{"type":"Feature","id":3103270270,"properties":{"amenity":"marketplace","name":"ตลาดสดศิริชัย","@type":"node","@id":3103270270},"geometry":{"type":"Point","coordinates":[100.4262965,13.6733735]}},{"type":"Feature","id":3662465076,"properties":{"amenity":"marketplace","name":"ตลาดน้ำบึงพระยาสุเรนทร์","name:en":"Bueng Phraya Floating Market","name:th":"ตลาดน้ำบึงพระยาสุเรนทร์","@type":"node","@id":3662465076},"geometry":{"type":"Point","coordinates":[100.685582,13.8733209]}},{"type":"Feature","id":3667974665,"properties":{"amenity":"marketplace","name":"ตลาดสดสมุทรปราการ","@type":"node","@id":3667974665},"geometry":{"type":"Point","coordinates":[100.5962378,13.5945714]}},{"type":"Feature","id":3724152155,"properties":{"amenity":"marketplace","name":"ตลาดสดเกียรติทงชัย","name:en":"Kiat Thongchai Market","name:th":"ตลาดสดเกียรติทงชัย","@type":"node","@id":3724152155},"geometry":{"type":"Point","coordinates":[100.5711482,13.7792638]}},{"type":"Feature","id":3742274015,"properties":{"amenity":"marketplace","designation":"Night market","name":"Siam Gypsy Market","@type":"node","@id":3742274015},"geometry":{"type":"Point","coordinates":[100.5323531,13.8222209]}},{"type":"Feature","id":3752913483,"properties":{"amenity":"marketplace","name":"ร้านบิ๊กหอย หัวท่อ","@type":"node","@id":3752913483},"geometry":{"type":"Point","coordinates":[100.4484384,13.5419864]}},{"type":"Feature","id":3752940271,"properties":{"amenity":"marketplace","name":"ตลาดสดสำโรง","@type":"node","@id":3752940271},"geometry":{"type":"Point","coordinates":[100.59394,13.6498349]}},{"type":"Feature","id":3971793710,"properties":{"amenity":"marketplace","@type":"node","@id":3971793710},"geometry":{"type":"Point","coordinates":[100.5197097,13.728547]}},{"type":"Feature","id":3977890869,"properties":{"amenity":"marketplace","name:en":"Market - telephone parts","@type":"node","@id":3977890869},"geometry":{"type":"Point","coordinates":[100.5072785,13.745024]}},{"type":"Feature","id":3977891081,"properties":{"amenity":"marketplace","name:en":"Street food market","@type":"node","@id":3977891081},"geometry":{"type":"Point","coordinates":[100.5034318,13.7596228]}},{"type":"Feature","id":3977891361,"properties":{"amenity":"marketplace","note":"Vegetables market","@type":"node","@id":3977891361},"geometry":{"type":"Point","coordinates":[100.5106099,13.7421448]}},{"type":"Feature","id":4228110892,"properties":{"amenity":"marketplace","name:en":"Bang Phrom Market","opening_hours":"Su, Tu, Fr","@type":"node","@id":4228110892},"geometry":{"type":"Point","coordinates":[100.454519,13.7559614]}},{"type":"Feature","id":4527517188,"properties":{"amenity":"marketplace","name":"ตลาดคุณตาพลอย","@type":"node","@id":4527517188},"geometry":{"type":"Point","coordinates":[100.3538918,13.6840041]}},{"type":"Feature","id":4527735484,"properties":{"amenity":"marketplace","name":"ตลาดภู่ยอดยิ่ง","@type":"node","@id":4527735484},"geometry":{"type":"Point","coordinates":[100.3262975,13.6762075]}},{"type":"Feature","id":4532243704,"properties":{"amenity":"marketplace","name":"Na Krung Thewes","@type":"node","@id":4532243704},"geometry":{"type":"Point","coordinates":[100.5050172,13.7678986]}},{"type":"Feature","id":4548468400,"properties":{"amenity":"marketplace","@type":"node","@id":4548468400},"geometry":{"type":"Point","coordinates":[100.5861489,13.7429703]}},{"type":"Feature","id":4605865763,"properties":{"amenity":"marketplace","name":"Market","@type":"node","@id":4605865763},"geometry":{"type":"Point","coordinates":[100.5172326,13.7380924]}},{"type":"Feature","id":4608882560,"properties":{"amenity":"marketplace","name":"ตลาดน้ำบางคูลัด","@type":"node","@id":4608882560},"geometry":{"type":"Point","coordinates":[100.3635122,13.8424512]}},{"type":"Feature","id":5273247521,"properties":{"amenity":"marketplace","name":"ตลาดยิ่งรวยยิ่งรวย","@type":"node","@id":5273247521},"geometry":{"type":"Point","coordinates":[100.44822,13.653701]}},{"type":"Feature","id":5313270376,"properties":{"amenity":"marketplace","@type":"node","@id":5313270376},"geometry":{"type":"Point","coordinates":[100.5614592,13.7321444]}},{"type":"Feature","id":6108554835,"properties":{"amenity":"marketplace","name":"ตลาดนัดกรีนเดย์ไนท์","name:en":"Greenday Night Market","name:th":"ตลาดนัดกรีนเดย์ไนท์","@type":"node","@id":6108554835},"geometry":{"type":"Point","coordinates":[100.4414328,13.664382]}},{"type":"Feature","id":6282419893,"properties":{"amenity":"marketplace","name":"ตลาดน้ำวัดสุคันฯ","@type":"node","@id":6282419893},"geometry":{"type":"Point","coordinates":[100.8593539,13.632011]}},{"type":"Feature","id":6372474518,"properties":{"amenity":"marketplace","description":"This market stall sell fresh food.\nIt's open in the morning; close around late morning.","name":"Morning market stall","@type":"node","@id":6372474518},"geometry":{"type":"Point","coordinates":[100.5102371,13.6973759]}},{"type":"Feature","id":6547358278,"properties":{"amenity":"marketplace","name":"The Paseo Food Mall","opening_hours":"PH,Mo-Su 08:00-19:00","@type":"node","@id":6547358278},"geometry":{"type":"Point","coordinates":[100.7268839,13.7219346]}},{"type":"Feature","id":7041806402,"properties":{"amenity":"marketplace","name:en":"Amulet Market","@type":"node","@id":7041806402},"geometry":{"type":"Point","coordinates":[100.5047921,13.7544392]}},{"type":"Feature","id":7097582652,"properties":{"addr:city":"บางแม่นาง","addr:street":"ถนนกาญจนาภิเษก (ด้านตะวันตก)","amenity":"marketplace","cuisine":"regional","description":"ร้านค้า คลาดนัด อาหารสด","name":"ตลาดพระปิ่น 3","@type":"node","@id":7097582652},"geometry":{"type":"Point","coordinates":[100.4098071,13.8578899]}},{"type":"Feature","id":7141808836,"properties":{"amenity":"marketplace","name":"ตลาดวัดน้อยนพคุณ","wheelchair":"yes","@type":"node","@id":7141808836},"geometry":{"type":"Point","coordinates":[100.520735,13.7839247]}},{"type":"Feature","id":7231919792,"properties":{"addr:city":"แขวงบางแค","addr:postcode":"10160","addr:street":"บางแค 4","amenity":"marketplace","name":"ตลาดสองคุณจ่า","opening_hours":"10:00-22:00","@type":"node","@id":7231919792},"geometry":{"type":"Point","coordinates":[100.4198519,13.7039951]}},{"type":"Feature","id":7626493602,"properties":{"amenity":"marketplace","name":"ตลาดพงษ์เพชร","@type":"node","@id":7626493602},"geometry":{"type":"Point","coordinates":[100.546391,13.8553186]}},{"type":"Feature","id":7684784433,"properties":{"amenity":"marketplace","name":"ไมอามี่ บางปู","name:en":"Maiami Bazaar Bang Pu","name:th":"ไมอามี่ บางปู","@type":"node","@id":7684784433},"geometry":{"type":"Point","coordinates":[100.6189012,13.5417793]}},{"type":"Feature","id":9457255019,"properties":{"amenity":"marketplace","description":"Local food market/Cafeteria","name":"Talat Sai 2","@type":"node","@id":9457255019},"geometry":{"type":"Point","coordinates":[100.3961351,13.7201134]}},{"type":"Feature","id":9465720313,"properties":{"amenity":"marketplace","description":"Morning Fresh Market, Evening Food Market","name":"ตลาดสี่แยกทศกัณฑ์","name:en":"Thosakan Fresh Market","name:th":"ตลาดสี่แยกทศกัณฑ์","@type":"node","@id":9465720313},"geometry":{"type":"Point","coordinates":[100.3950921,13.7451498]}},{"type":"Feature","id":10292742342,"properties":{"amenity":"marketplace","name":"ตลาดปัฐวิกรณ์","name:en":"Patthavikorn Market","name:th":"ตลาดปัฐวิกรณ์","@type":"node","@id":10292742342},"geometry":{"type":"Point","coordinates":[100.6525895,13.8137834]}},{"type":"Feature","id":10750002883,"properties":{"amenity":"marketplace","name":"The Street Ratchada Night Market","opening_hours":"Mo-Su 17:00-23:00","wheelchair":"limited","@type":"node","@id":10750002883},"geometry":{"type":"Point","coordinates":[100.5726439,13.7700421]}},{"type":"Feature","id":10958212086,"properties":{"amenity":"marketplace","name":"ตลาดนัดจุฬา","name:en":"Chula Flea Market","name:th":"ตลาดนัดจุฬา","seasonal":"yes","@type":"node","@id":10958212086},"geometry":{"type":"Point","coordinates":[100.5315082,13.7359365]}},{"type":"Feature","id":11189886758,"properties":{"amenity":"marketplace","check_date":"2023-09-14","name":"Fashion walk","@type":"node","@id":11189886758},"geometry":{"type":"Point","coordinates":[100.5384608,13.7636533]}},{"type":"Feature","id":11265419029,"properties":{"amenity":"marketplace","name":"Yaek Lam Luk Ka Market","name:th":"ตลาดสดแยกลำลูกกา","@type":"node","@id":11265419029},"geometry":{"type":"Point","coordinates":[100.6231281,13.9498274]}},{"type":"Feature","id":11369871949,"properties":{"amenity":"marketplace","name":"ตลาดนัดเลียบด่วนแดนเนรมิต","name:en":"Liabduan Danneramit Night Market","name:th":"ตลาดนัดเลียบด่วนแดนเนรมิต","opening_hours":"Mo-Su 16:00-00:00","@type":"node","@id":11369871949},"geometry":{"type":"Point","coordinates":[100.5649875,13.8205192]}},{"type":"Feature","id":11575695730,"properties":{"amenity":"marketplace","@type":"node","@id":11575695730},"geometry":{"type":"Point","coordinates":[100.5148461,13.7564465]}},{"type":"Feature","id":11575695731,"properties":{"amenity":"marketplace","@type":"node","@id":11575695731},"geometry":{"type":"Point","coordinates":[100.5035117,13.76933]}},{"type":"Feature","id":11575740659,"properties":{"amenity":"marketplace","@type":"node","@id":11575740659},"geometry":{"type":"Point","coordinates":[100.504304,13.7702225]}},{"type":"Feature","id":11575743173,"properties":{"amenity":"marketplace","@type":"node","@id":11575743173},"geometry":{"type":"Point","coordinates":[100.502767,13.7685483]}},{"type":"Feature","id":11632208088,"properties":{"amenity":"marketplace","building":"roof","name":"ตลาดกรมชลประทาน","name:en":"Chonprathan Market","name:th":"ตลาดกรมชลประทาน","@type":"node","@id":11632208088},"geometry":{"type":"Point","coordinates":[100.5103205,13.8916324]}},{"type":"Feature","id":11703060914,"properties":{"amenity":"marketplace","name":"Street food and fruits","@type":"node","@id":11703060914},"geometry":{"type":"Point","coordinates":[100.5105076,13.745555]}},{"type":"Feature","id":12210708407,"properties":{"addr:district":"ดินแดง","addr:postcode":"10400","addr:province":"กรุงเทพมหานคร","addr:street":"ซอยวิภาวดีรังสิต 10","addr:subdistrict":"รัชดาภิเษก","amenity":"marketplace","building":"detached","currency:THB":"yes","email":"boltring99@gmail.com","name":"BoltRing - BoltKey","name:en":"BoltRing - BoltKey","payment:lightning":"yes","payment:onchain":"yes","survey:date":"2024-09-30","website":"https://geyser.fund/project/boltring","@type":"node","@id":12210708407},"geometry":{"type":"Point","coordinates":[100.5622975,13.7899076]}},{"type":"Feature","id":12428810731,"properties":{"amenity":"marketplace","name":"Living animals","@type":"node","@id":12428810731},"geometry":{"type":"Point","coordinates":[100.5492874,13.8028148]}},{"type":"Feature","id":12438400244,"properties":{"amenity":"marketplace","@type":"node","@id":12438400244},"geometry":{"type":"Point","coordinates":[100.3387904,13.6774486]}},{"type":"Feature","id":12468584279,"properties":{"amenity":"marketplace","name":"ตลาดน้ำบางกอกน้อย","name:en":"Bangkok Noi Floating Market","name:th":"ตลาดน้ำบางกอกน้อย","@type":"node","@id":12468584279},"geometry":{"type":"Point","coordinates":[100.4771577,13.7639377]}},{"type":"Feature","id":12491825247,"properties":{"amenity":"marketplace","name":"ตลาดบางพัฒนา","name:th":"ตลาดบางพัฒนา","@type":"node","@id":12491825247},"geometry":{"type":"Point","coordinates":[100.4899341,13.7838688]}},{"type":"Feature","id":12509850647,"properties":{"amenity":"marketplace","name":"ตลาดวัดกลาง","name:en":"Wat Klang Market","name:th":"ตลาดวัดกลาง","opening_hours":"Mo-Su 04:00-16:00","@type":"node","@id":12509850647},"geometry":{"type":"Point","coordinates":[100.4809559,13.7230343]}},{"type":"Feature","id":12516843543,"properties":{"amenity":"marketplace","name":"ตลาดเก่าหัวตะเข้","name:en":"Hua Takhe Old Market","name:th":"ตลาดเก่าหัวตะเข้","@type":"node","@id":12516843543},"geometry":{"type":"Point","coordinates":[100.7884039,13.7242112]}},{"type":"Feature","id":12548689611,"properties":{"amenity":"marketplace","name":"ตลาดสดเทศบาลเมืองพระประแดง","@type":"node","@id":12548689611},"geometry":{"type":"Point","coordinates":[100.5330807,13.6585328]}},{"type":"Feature","id":12603485901,"properties":{"addr:street":"ซอยรามอินทรา 73/1","amenity":"marketplace","name":"ตลาดสายเนตร","opening_hours":"24/7","@type":"node","@id":12603485901},"geometry":{"type":"Point","coordinates":[100.6638996,13.8395821]}},{"type":"Feature","id":12608820101,"properties":{"amenity":"marketplace","@type":"node","@id":12608820101},"geometry":{"type":"Point","coordinates":[100.7297061,13.8116699]}},{"type":"Feature","id":12619823328,"properties":{"amenity":"marketplace","name":"ตลาดเอี่ยมสมบัติ","@type":"node","@id":12619823328},"geometry":{"type":"Point","coordinates":[100.6427105,13.7136653]}},{"type":"Feature","id":12651721701,"properties":{"amenity":"marketplace","name:en":"Food market","@type":"node","@id":12651721701},"geometry":{"type":"Point","coordinates":[100.4992699,13.7505363]}},{"type":"Feature","id":12655908301,"properties":{"amenity":"marketplace","name:en":"Fruit market","@type":"node","@id":12655908301},"geometry":{"type":"Point","coordinates":[100.517852,13.7562446]}},{"type":"Feature","id":12662990977,"properties":{"amenity":"marketplace","name":"ตลาดไทยรุ่งทิพย์","@type":"node","@id":12662990977},"geometry":{"type":"Point","coordinates":[100.8172693,13.5093188]}},{"type":"Feature","id":12731416537,"properties":{"amenity":"marketplace","check_date":"2025-04-05","@type":"node","@id":12731416537},"geometry":{"type":"Point","coordinates":[100.6009953,13.7052196]}},{"type":"Feature","id":12763486241,"properties":{"addr:district":"หนองเสือ","addr:postcode":"12170","addr:province":"ปทุมธานี","addr:subdistrict":"บึงบอน","amenity":"marketplace","check_date":"2025-08-21","check_date:currency:XBT":"2025-08-21","contact:facebook":"https://www.facebook.com/porntisan6/","currency:XBT":"yes","name":"ตลาดนัดพรธิสาร6","opening_hours":"Mo-Su 15:00-21:00","payment:lightning":"yes","payment:lightning_contactless":"no","payment:onchain":"no","phone":"+66 96 535 1626","@type":"node","@id":12763486241},"geometry":{"type":"Point","coordinates":[100.7559884,14.0492334]}},{"type":"Feature","id":12915497488,"properties":{"amenity":"marketplace","name":"ตลาดตรอกหม้อ","name:en":"Trok Mor Morning Market","opening_hours":"Mo-Su 05:00-10:00","@type":"node","@id":12915497488},"geometry":{"type":"Point","coordinates":[100.4992409,13.7495816]}},{"type":"Feature","id":13039128401,"properties":{"amenity":"marketplace","name":"Indy Market Pinklao","name:th":"ตลาดอินดี้ ปิ่นเกล้า","@type":"node","@id":13039128401},"geometry":{"type":"Point","coordinates":[100.484452,13.7772797]}},{"type":"Feature","id":13587105125,"properties":{"amenity":"marketplace","@type":"node","@id":13587105125},"geometry":{"type":"Point","coordinates":[100.5917878,13.7098453]}},{"type":"Feature","id":13608698353,"properties":{"amenity":"marketplace","@type":"node","@id":13608698353},"geometry":{"type":"Point","coordinates":[100.656699,13.7505785]}},{"type":"Feature","id":13714186001,"properties":{"addr:postcode":"10510","addr:street":"ถนนเลียบคลองสอง","amenity":"marketplace","name":"ตลาดนัดพระพรหมคลองสอง","@type":"node","@id":13714186001},"geometry":{"type":"Point","coordinates":[100.6935138,13.8597745]}},{"type":"Feature","id":13720951201,"properties":{"addr:housenumber":"95/2","addr:postcode":"74000","addr:street":"ถนนบางปลา","amenity":"marketplace","name":"ตลาดวีวัน","@type":"node","@id":13720951201},"geometry":{"type":"Point","coordinates":[100.2658125,13.5898125]}},{"type":"Feature","id":13865862557,"properties":{"addr:district":"เมืองสมุทรสาคร","addr:postcode":"74000","addr:province":"สมุทรสาคร","addr:street":"ถนนสุขาภิบาล","addr:subdistrict":"มหาชัย","amenity":"marketplace","description":"อาหารทะเลแห้ง อาหารแห้ง ตลาดอาหารทะเลที่มีชื่อเสียระดับประเทศ","name":"อาหารทะเลแห้ง","name:en":"Dried seafood market","reg_name":"ของแห้ง","@type":"node","@id":13865862557},"geometry":{"type":"Point","coordinates":[100.2766454,13.5457709]}},{"type":"Feature","id":13865902999,"properties":{"addr:district":"เมืองสมุทรสาคร","addr:province":"สมุทรสาคร","addr:subdistrict":"มหาชัย","amenity":"marketplace","name":"ตลาดอาหารทะเล","name:en":"Fish Market","operator":"มหาชัย","@type":"node","@id":13865902999},"geometry":{"type":"Point","coordinates":[100.2765879,13.5457447]}},{"type":"Feature","id":14023966454,"properties":{"amenity":"marketplace","fixme":"please add name:th, name:en, opening_hours","@type":"node","@id":14023966454},"geometry":{"type":"Point","coordinates":[100.7469382,13.7272559]}},{"type":"Feature","id":14038808477,"properties":{"addr:country":"Thailand","addr:district":"พระนคร","addr:postcode":"10200","addr:province":"กรุงเทพมหานคร","addr:province:en":"Bangkok","addr:street":"ถนนจักรเพชร","addr:street:en":"Chakphet road","addr:subdistrict":"วังบูรพาภิรมย์","amenity":"marketplace","country":"ไทย","description":"Pak Khlong Talat Flower Market","name":"Flower Market","@type":"node","@id":14038808477},"geometry":{"type":"Point","coordinates":[100.496444,13.7420787]}},{"type":"Feature","id":14067706401,"properties":{"amenity":"marketplace","name":"Song Klong Floating Market","@type":"node","@id":14067706401},"geometry":{"type":"Point","coordinates":[100.4581577,13.7777724]}},{"type":"Feature","id":14118807788,"properties":{"amenity":"marketplace","name":"ตลาดน้ำวัดตะเคียน","name:en":"Wat Takien Floating Market","@type":"node","@id":14118807788},"geometry":{"type":"Point","coordinates":[100.4227527,13.8274007]}},{"type":"Feature","id":14118881607,"properties":{"amenity":"marketplace","name":"ตลาดน้ำบางคูเวียง","name:en":"Bang Khu Wiang Floating Market","@type":"node","@id":14118881607},"geometry":{"type":"Point","coordinates":[100.4300799,13.8320642]}},{"type":"Feature","id":14136272501,"properties":{"addr:postcode":"10160","amenity":"marketplace","name":"เจ้าสัว 69","name:en":"ChaoSua 69","@type":"node","@id":14136272501},"geometry":{"type":"Point","coordinates":[100.3823985,13.6882108]}},{"type":"Feature","id":14181812129,"properties":{"amenity":"marketplace","name":"ตลาดน้ำดอนหวาย","name:en":"Don Wai Floating Market","@type":"node","@id":14181812129},"geometry":{"type":"Point","coordinates":[100.2838542,13.7703171]}},{"type":"Feature","id":14212659337,"properties":{"amenity":"marketplace","@type":"node","@id":14212659337},"geometry":{"type":"Point","coordinates":[100.6841901,13.7001252]}},{"type":"Feature","id":14239312948,"properties":{"amenity":"marketplace","@type":"node","@id":14239312948},"geometry":{"type":"Point","coordinates":[100.7461517,13.7496369]}},{"type":"Feature","id":25744320,"properties":{"amenity":"marketplace","@type":"way","@id":25744320},"geometry":{"type":"Point","coordinates":[100.5560734,13.7233779]}},{"type":"Feature","id":37911198,"properties":{"alt_name":"จตุจักร","alt_name:en":"JJ Market;Chatuchak Weekend Market","alt_name:th":"จตุจักร","amenity":"marketplace","landuse":"retail","name":"ตลาดนัดจตุจักร","name:en":"Chatuchak Market","name:es":"Mercado Chatuchak","name:fr":"Chatuchak Market","name:ja":"チャトチャック ウィークエンドマーケット","name:km":"ផ្សារចតុចក្រ","name:ko":"짜뚜짝 시장","name:pt":"Chatuchak","name:ru":"рынок Чатучак","name:th":"ตลาดนัดจตุจักร","name:zh":"恰圖恰假日市集","opening_hours":"Sa-Su 09:00-18:00; We-Th 07:00-18:00; Fr 18:00-00:00","tourism":"attraction","website":"https://www.chatuchakmarket.org","wikidata":"Q1068311","wikimedia_commons":"Category:Jatujak Market","wikipedia":"th:ตลาดนัดจตุจักร","@type":"way","@id":37911198},"geometry":{"type":"Point","coordinates":[100.5503771,13.8003894]}},{"type":"Feature","id":44365822,"properties":{"amenity":"marketplace","building":"yes","name":"ตลาดค้าส่งนัมเบอร์วัน-ราม2","name:en":"Number One Market","@type":"way","@id":44365822},"geometry":{"type":"Point","coordinates":[100.683419,13.6699589]}},{"type":"Feature","id":44365823,"properties":{"amenity":"marketplace","building":"yes","name":"อาคาร 2 ตลาดสดนัมเบอร์วัน-ราม2","name:en":"Number One Market","@type":"way","@id":44365823},"geometry":{"type":"Point","coordinates":[100.6837222,13.6708013]}},{"type":"Feature","id":44365824,"properties":{"amenity":"marketplace","building":"yes","name":"อาคาร 1 ตลาดสดนัมเบอร์วัน-ราม2","name:en":"Number One Market","@type":"way","@id":44365824},"geometry":{"type":"Point","coordinates":[100.6838386,13.6711318]}},{"type":"Feature","id":47062931,"properties":{"amenity":"marketplace","check_date:opening_hours":"2023-05-22","landuse":"retail","name":"Victory Point","opening_hours:signed":"no","source":"survey;Bing","@type":"way","@id":47062931},"geometry":{"type":"Point","coordinates":[100.5384083,13.7638683]}},{"type":"Feature","id":99183813,"properties":{"amenity":"marketplace","name":"ตลาดธนบุรี สนามหลวง 2","name:en":"Thon Buri Sanamluang 2 Market","name:th":"ตลาดธนบุรี สนามหลวง 2","@type":"way","@id":99183813},"geometry":{"type":"Point","coordinates":[100.3522441,13.7473593]}},{"type":"Feature","id":99345139,"properties":{"amenity":"marketplace","building":"yes","name":"ตลาดบางมด","name:en":"Bang Mot Market","name:th":"ตลาดบางมด","@type":"way","@id":99345139},"geometry":{"type":"Point","coordinates":[100.455823,13.6730706]}},{"type":"Feature","id":99450842,"properties":{"amenity":"marketplace","building":"yes","name":"ตลาดนัดพิบูลย์วิทย์ 4","@type":"way","@id":99450842},"geometry":{"type":"Point","coordinates":[100.4402144,13.6638095]}},{"type":"Feature","id":103670923,"properties":{"amenity":"marketplace","name":"ตลาดสดแสงจันทร์","name:en":"Saeng Chan Fresh Market","@type":"way","@id":103670923},"geometry":{"type":"Point","coordinates":[100.5180843,13.710984]}},{"type":"Feature","id":104629093,"properties":{"amenity":"marketplace","information":"Fishmarket, night","@type":"way","@id":104629093},"geometry":{"type":"Point","coordinates":[100.51146,13.7139842]}},{"type":"Feature","id":113107209,"properties":{"addr:district":"วัฒนา","addr:province":"กรุงเทพมหานคร","addr:subdistrict":"พระโขนงเหนือ","amenity":"marketplace","building":"roof","name":"ตลาดอ่อนนุช","name:en":"On Nut Fresh Market","name:th":"ตลาดอ่อนนุช","@type":"way","@id":113107209},"geometry":{"type":"Point","coordinates":[100.6006696,13.7101782]}},{"type":"Feature","id":149583882,"properties":{"amenity":"marketplace","building":"yes","name":"ตลาดใหม่บางแค","@type":"way","@id":149583882},"geometry":{"type":"Point","coordinates":[100.423054,13.7113191]}},{"type":"Feature","id":149584636,"properties":{"amenity":"marketplace","building":"yes","name":"ตลาดสดแสงฟ้า (5 แพะ) บางแค","@type":"way","@id":149584636},"geometry":{"type":"Point","coordinates":[100.4246368,13.7109391]}},{"type":"Feature","id":151991140,"properties":{"addr:district":"ปทุมวัน","addr:postcode":"10330","addr:province":"กรุงเทพมหานคร","addr:subdistrict":"วังใหม่","amenity":"marketplace","building":"yes","building:levels":"3","name":"ตลาดสามย่าน","name:en":"Sam Yan Market","name:th":"ตลาดสามย่าน","wikidata":"Q132527391","@type":"way","@id":151991140},"geometry":{"type":"Point","coordinates":[100.5241003,13.7370037]}},{"type":"Feature","id":152823472,"properties":{"amenity":"marketplace","building":"yes","name":"ตลาดประชานิเวศน์ 3","source":"Bing;local knowledge","@type":"way","@id":152823472},"geometry":{"type":"Point","coordinates":[100.530076,13.8762954]}},{"type":"Feature","id":153174724,"properties":{"amenity":"marketplace","@type":"way","@id":153174724},"geometry":{"type":"Point","coordinates":[100.5991206,13.735178]}},{"type":"Feature","id":153174725,"properties":{"amenity":"marketplace","@type":"way","@id":153174725},"geometry":{"type":"Point","coordinates":[100.5988574,13.7352512]}},{"type":"Feature","id":153174726,"properties":{"amenity":"marketplace","@type":"way","@id":153174726},"geometry":{"type":"Point","coordinates":[100.5998384,13.7352731]}},{"type":"Feature","id":156639205,"properties":{"addr:housenumber":"101","addr:street":"ถนนพหลโยธิน","alt_name:th":"ตลาด อตก","amenity":"marketplace","building":"yes","fax":"+66 2 279 2080;+66 2 279 2081;+66 2 279 2082;+66 2 279 2083;+66 2 279 2084;+66 2 279 2085;+66 2 279 2086;+66 2 279 2087;+66 2 279 2088;+66 2 279 2089","name":"ตลาด อ.ต.ก.","name:en":"Or Tor Kor Market","name:th":"ตลาด อ.ต.ก.","official_name:en":"Marketing Organization for Farmers","official_name:th":"องค์การตลาดเพื่อเกษตรกร","opening_hours":"Mo-Su 06:00-20:00","phone":"+66 2 790 4545","short_name:en":"MOF","short_name:th":"อตก","website":"http://www.ortorkor.com/","wikidata":"Q13023506","wikipedia":"th:องค์การตลาดเพื่อเกษตรกร","@type":"way","@id":156639205},"geometry":{"type":"Point","coordinates":[100.5475747,13.7971301]}},{"type":"Feature","id":157074878,"properties":{"amenity":"marketplace","name":"Afternoon Market","opening_hours":"Mo-Su 16:00-21:00; Tu off; Th off; Fr 16:00-21:15; Sa off","@type":"way","@id":157074878},"geometry":{"type":"Point","coordinates":[100.5868784,13.7938427]}},{"type":"Feature","id":158916747,"properties":{"amenity":"marketplace","building":"yes","source":"Bing","@type":"way","@id":158916747},"geometry":{"type":"Point","coordinates":[100.5485849,13.8112815]}},{"type":"Feature","id":163727394,"properties":{"addr:district":"สาทร","addr:postcode":"10120","addr:province":"กรุงเทพมหานคร","addr:subdistrict":"ทุ่งมหาเมฆ","alt_name":"สวนพลูคลาด;ตลาดสดสวนพลู","amenity":"marketplace","building":"yes","name":"ตลาดสวนพลู","name:en":"Suan Phlu Market","name:th":"ตลาดสวนพลู","website":"https://itgroup4.wixsite.com/suanphlu/about1-c14k2","@type":"way","@id":163727394},"geometry":{"type":"Point","coordinates":[100.538327,13.7190277]}},{"type":"Feature","id":164040643,"properties":{"amenity":"marketplace","check_date":"2025-10-19","name":"ตลาดพลู","@type":"way","@id":164040643},"geometry":{"type":"Point","coordinates":[100.4770219,13.7213926]}},{"type":"Feature","id":183388226,"properties":{"amenity":"marketplace","name":"เก้าอี้ไม้","@type":"way","@id":183388226},"geometry":{"type":"Point","coordinates":[100.5202616,13.9056242]}},{"type":"Feature","id":187179977,"properties":{"amenity":"marketplace","building":"yes","name":"ตลาดลาดปลาเค้า","name:en":"Lad Pla Khao Market","name:th":"ตลาดลาดปลาเค้า","@type":"way","@id":187179977},"geometry":{"type":"Point","coordinates":[100.614888,13.8622317]}},{"type":"Feature","id":196080599,"properties":{"amenity":"marketplace","name":"ตลาดสด (O)","@type":"way","@id":196080599},"geometry":{"type":"Point","coordinates":[100.551137,13.8392701]}},{"type":"Feature","id":196107455,"properties":{"addr:city":"กรุงเทพมหานคร","addr:country":"TH","alt_name":"Asiatique: The Riverfront","amenity":"marketplace","designation":"community mall","image_1":"http://www.flickr.com/photos/92264318@N06/8384228136/in/photostream/","is_in:city":"Bangkok","is_in:country":"Thailand","is_in:country_code":"TH","is_in:iso_3166_2":"TH-10","landuse":"retail","name":"Asiatique The Riverfront","name:en":"Asiatique The Riverfront","name:he":"מתחם בילויים אסיאנטיק","name:ja":"アジアティーク","name:th":"เอเชียทีค เดอะ ริเวอร์ฟร้อนท์","name:zh":"河滨码头夜市","shop":"mall","start_date":"2012","website":"https://web.archive.org/web/20141105061449/http://www.thaiasiatique.com/index.php/en","wikidata":"Q13026076","wikimedia_commons":"Category:Asiatique","wikipedia":"th:เอเชียทีค เดอะ ริเวอร์ฟร้อนท์","wikipedia:en":"Asiatique","@type":"way","@id":196107455},"geometry":{"type":"Point","coordinates":[100.5027687,13.7041944]}},{"type":"Feature","id":196824069,"properties":{"amenity":"marketplace","name":"Bonmarche Market","@type":"way","@id":196824069},"geometry":{"type":"Point","coordinates":[100.5507652,13.838469]}},{"type":"Feature","id":198401461,"properties":{"amenity":"marketplace","landuse":"retail","name":"ตลาดพรานนก","name:en":"Phran Nok Market","name:th":"ตลาดพรานนก","@type":"way","@id":198401461},"geometry":{"type":"Point","coordinates":[100.4784337,13.7551068]}},{"type":"Feature","id":199925675,"properties":{"amenity":"marketplace","name":"ศูนย์อาหาร","@type":"way","@id":199925675},"geometry":{"type":"Point","coordinates":[100.5506116,13.8392518]}},{"type":"Feature","id":199926216,"properties":{"amenity":"marketplace","name":"ส่วนที่นั่งรับประทานอาหาร (O)","@type":"way","@id":199926216},"geometry":{"type":"Point","coordinates":[100.5506284,13.8392137]}},{"type":"Feature","id":199926217,"properties":{"amenity":"marketplace","name":"ร้านข้าวต้มเลือดหมู (O)","@type":"way","@id":199926217},"geometry":{"type":"Point","coordinates":[100.5506136,13.839269]}},{"type":"Feature","id":199931877,"properties":{"amenity":"marketplace","image":"http://i.imgur.com/MHzU1.jpg","opening_hours":"Mo,Tu,Th 8:00-15:00","@type":"way","@id":199931877},"geometry":{"type":"Point","coordinates":[100.61415,14.0741086]}},{"type":"Feature","id":200944880,"properties":{"amenity":"marketplace","building":"yes","layer":"1","name":"ศูนย์อาหารและตลาดสด","name:en":"Bon Marché","@type":"way","@id":200944880},"geometry":{"type":"Point","coordinates":[100.5509924,13.8392597]}},{"type":"Feature","id":200954980,"properties":{"amenity":"marketplace","name":"ร้านขายชานม","@type":"way","@id":200954980},"geometry":{"type":"Point","coordinates":[100.5511044,13.8393968]}},{"type":"Feature","id":201389284,"properties":{"amenity":"marketplace","image":"http://www.flickr.com/photos/92264318@N06/8384022868/in/photostream/","image_1":"http://www.flickr.com/photos/92264318@N06/8384036244/in/photostream/","image_2":"http://www.flickr.com/photos/92264318@N06/8382956391/in/photostream/","name":"The Harbour  Market","parking":"yes","@type":"way","@id":201389284},"geometry":{"type":"Point","coordinates":[100.5031826,13.7045922]}},{"type":"Feature","id":207797224,"properties":{"amenity":"marketplace","building":"roof","name":"ตลาดพิชัย","@type":"way","@id":207797224},"geometry":{"type":"Point","coordinates":[100.4960474,13.914968]}},{"type":"Feature","id":207797225,"properties":{"amenity":"marketplace","building":"roof","name":"ตลาดศรีปากเกร็ด","@type":"way","@id":207797225},"geometry":{"type":"Point","coordinates":[100.4969908,13.913547]}},{"type":"Feature","id":207797226,"properties":{"amenity":"marketplace","building":"roof","name":"ตลาดสดเทศบาลนครปากเกร็ด","@type":"way","@id":207797226},"geometry":{"type":"Point","coordinates":[100.4974538,13.9127526]}},{"type":"Feature","id":208342681,"properties":{"amenity":"marketplace","name":"ตลาดสดเทศบาลเมืองบางบัวทอง","name:en":"Mueang Bang Bua Thong Market","name:th":"ตลาดสดเทศบาลเมืองบางบัวทอง","@type":"way","@id":208342681},"geometry":{"type":"Point","coordinates":[100.4206233,13.917139]}},{"type":"Feature","id":214152293,"properties":{"alt_name:th":"ตลาดเทเวศร์;เทเวศร์;เทวราช","amenity":"marketplace","landuse":"retail","name":"ตลาดเทวราช","name:en":"Thewaraj Market","name:th":"ตลาดเทวราช","@type":"way","@id":214152293},"geometry":{"type":"Point","coordinates":[100.5034014,13.7703568]}},{"type":"Feature","id":221951343,"properties":{"amenity":"marketplace","name":"ตลาดสดแยกลำลูกกา","@type":"way","@id":221951343},"geometry":{"type":"Point","coordinates":[100.6230413,13.9496625]}},{"type":"Feature","id":222131519,"properties":{"amenity":"marketplace","building":"yes","name":"ตลาดทรัพย์สินพัฒนา","@type":"way","@id":222131519},"geometry":{"type":"Point","coordinates":[100.5177818,13.7572025]}},{"type":"Feature","id":231405195,"properties":{"addr:district":"บางรัก","addr:postcode":"10500","addr:province":"กรุงเทพมหานคร","addr:subdistrict":"สุริยวงศ์","amenity":"marketplace","building":"yes","name":"สีลม สแควร์","name:en":"Silom Square","name:th":"สีลม สแควร์","@type":"way","@id":231405195},"geometry":{"type":"Point","coordinates":[100.5286728,13.7276252]}},{"type":"Feature","id":231405237,"properties":{"addr:district":"บางรัก","addr:postcode":"10500","addr:province":"กรุงเทพมหานคร","addr:subdistrict":"บางรัก","amenity":"marketplace","building":"yes","name":"ตลาดบางรัก","name:en":"Bang Rak Market","name:th":"ตลาดบางรัก","@type":"way","@id":231405237},"geometry":{"type":"Point","coordinates":[100.515263,13.7204966]}},{"type":"Feature","id":231732621,"properties":{"addr:city":"บางเขน","addr:housenumber":"651","addr:postcode":"10220","addr:street":"ถนนพหลโยธิน","amenity":"marketplace","landuse":"retail","name":"ตลาดยิ่งเจริญ","name:de":"Ying Charoen Markt","name:en":"Ying Charoen Market","name:th":"ตลาดยิ่งเจริญ","phone":"+66 2 972 3405","website":"https://www.yingcharoen.co.th/","@type":"way","@id":231732621},"geometry":{"type":"Point","coordinates":[100.6086747,13.8972568]}},{"type":"Feature","id":242431544,"properties":{"amenity":"marketplace","@type":"way","@id":242431544},"geometry":{"type":"Point","coordinates":[100.6334864,13.8457196]}},{"type":"Feature","id":251467591,"properties":{"amenity":"marketplace","building":"roof","name":"ตลาคส้ม (1)","@type":"way","@id":251467591},"geometry":{"type":"Point","coordinates":[100.618941,13.9618657]}},{"type":"Feature","id":251467592,"properties":{"amenity":"marketplace","@type":"way","@id":251467592},"geometry":{"type":"Point","coordinates":[100.6142782,14.00728]}},{"type":"Feature","id":256162460,"properties":{"amenity":"marketplace","landuse":"retail","name":"ตลาดน้ำตลิ่งชัน","name:en":"Taling Chan Floating Market","name:th":"ตลาดน้ำตลิ่งชัน","url":"https://youtu.be/GE1Rv2v40M0","wikidata":"Q13014947","wikimedia_commons":"Category:Taling Chan Floating Market","@type":"way","@id":256162460},"geometry":{"type":"Point","coordinates":[100.4562759,13.7764076]}},{"type":"Feature","id":260608406,"properties":{"addr:district":"Sam Phran","addr:postcode":"73110","addr:province":"Nakhon Pathom","addr:subdistrict":"Bang Krathuek","amenity":"marketplace","name":"ตลาดน้ำดอนหวาย","name:en":"Don Wai Market","name:th":"ตลาดน้ำดอนหวาย","opening_hours":"Mo-Fr 08:00-17:00,Sa-Su 07:00-18:30","wikidata":"Q16353815","wikimedia_commons":"Category:Talat Nam Don Wai","wikipedia":"th:ตลาดน้ำดอนหวาย","@type":"way","@id":260608406},"geometry":{"type":"Point","coordinates":[100.2846321,13.7700296]}},{"type":"Feature","id":301927675,"properties":{"amenity":"marketplace","name":"ตลาดศรีดินแดง","@type":"way","@id":301927675},"geometry":{"type":"Point","coordinates":[100.5498494,13.7602584]}},{"type":"Feature","id":304092131,"properties":{"amenity":"marketplace","building":"yes","name":"ปิ่นเงิน พลาซ่า","name:en":"Pin Ngan Plaza","@type":"way","@id":304092131},"geometry":{"type":"Point","coordinates":[100.4773352,13.7791112]}},{"type":"Feature","id":304092132,"properties":{"amenity":"marketplace","building":"yes","name":"ปิ่นทองพลาซ่า","name:en":"Pintong Plaza","@type":"way","@id":304092132},"geometry":{"type":"Point","coordinates":[100.477503,13.7790048]}},{"type":"Feature","id":305102085,"properties":{"amenity":"marketplace","area":"retail","landuse":"retail","@type":"way","@id":305102085},"geometry":{"type":"Point","coordinates":[100.5136972,13.7312718]}},{"type":"Feature","id":305663953,"properties":{"amenity":"marketplace","building":"yes","@type":"way","@id":305663953},"geometry":{"type":"Point","coordinates":[100.4271395,13.6726936]}},{"type":"Feature","id":316166705,"properties":{"amenity":"marketplace","name":"ตะวันนาบางกะปิ","name:en":"Tawanna shopping park","name:th":"ตะวันนาบางกะปิ","opening_hours":"ทุกวัน 10.00 - 22.00","@type":"way","@id":316166705},"geometry":{"type":"Point","coordinates":[100.6413133,13.7665107]}},{"type":"Feature","id":316420741,"properties":{"amenity":"marketplace","building":"yes","name":"ตลาดอินทรารักษ์","@type":"way","@id":316420741},"geometry":{"type":"Point","coordinates":[100.6509338,13.7943684]}},{"type":"Feature","id":318460613,"properties":{"amenity":"marketplace","name":"ตลาดคุณยิ้ม","name:en":"Khun-Yim Market","name:th":"ตลาดคุณยิ้ม","@type":"way","@id":318460613},"geometry":{"type":"Point","coordinates":[100.6101426,13.6795344]}},{"type":"Feature","id":319158844,"properties":{"amenity":"marketplace","landuse":"commercial","name":"สวนหลวงสแควร์","name:en":"Suanluang Square","name:th":"สวนหลวงสแควร์","operator":"สำนักงานจัดการทรัพย์สิน จุฬาลงกรณ์มหาวิทยาลัย","website":"https://pmcu.co.th/?page_id=9880","@type":"way","@id":319158844},"geometry":{"type":"Point","coordinates":[100.5247767,13.7428125]}},{"type":"Feature","id":320501167,"properties":{"amenity":"marketplace","@type":"way","@id":320501167},"geometry":{"type":"Point","coordinates":[100.6987739,13.8286411]}},{"type":"Feature","id":331795213,"properties":{"addr:district":"ดินแดง","addr:postcode":"10400","addr:province":"กรุงเทพมหานคร","addr:subdistrict":"ดินแดง","amenity":"marketplace","building":"yes","name":"ตลาดห้วยขวาง","name:en":"Huai Khwang Market","name:th":"ตลาดห้วยขวาง","@type":"way","@id":331795213},"geometry":{"type":"Point","coordinates":[100.5684882,13.7776626]}},{"type":"Feature","id":337817488,"properties":{"amenity":"marketplace","name":"ตลาดวัดสุทธาราม","@type":"way","@id":337817488},"geometry":{"type":"Point","coordinates":[100.4927661,13.7131935]}},{"type":"Feature","id":338019625,"properties":{"amenity":"marketplace","name":"ตลาด","@type":"way","@id":338019625},"geometry":{"type":"Point","coordinates":[100.4995592,13.7164837]}},{"type":"Feature","id":340063160,"properties":{"addr:district":"สาทร","addr:postcode":"10120","addr:province":"กรุงเทพมหานคร","addr:subdistrict":"ทุ่งวัดดอน","amenity":"marketplace","building":"yes","@type":"way","@id":340063160},"geometry":{"type":"Point","coordinates":[100.5270994,13.7059284]}},{"type":"Feature","id":340108299,"properties":{"amenity":"marketplace","area":"yes","name":"Banyutsup Village","source":"local_knowledge","@type":"way","@id":340108299},"geometry":{"type":"Point","coordinates":[100.7395039,13.7218727]}},{"type":"Feature","id":340108300,"properties":{"amenity":"marketplace","area":"yes","name":"Banyutsup Village (Food Market)","@type":"way","@id":340108300},"geometry":{"type":"Point","coordinates":[100.7390927,13.7220392]}},{"type":"Feature","id":340791543,"properties":{"amenity":"marketplace","building":"yes","@type":"way","@id":340791543},"geometry":{"type":"Point","coordinates":[100.3938215,13.7092432]}},{"type":"Feature","id":345530159,"properties":{"amenity":"marketplace","name":"ตลาดนัดสุวรรณภูมิ","name:en":"Suvarnabhumi Flea Market","name:th":"ตลาดนัดสุวรรณภูมิ","@type":"way","@id":345530159},"geometry":{"type":"Point","coordinates":[100.7786912,13.7206905]}},{"type":"Feature","id":349606263,"properties":{"amenity":"marketplace","landuse":"retail","name":"สนามพระท่าพระจันทร์","name:en":"Tha Phra Chan market","name:ru":"Рынок амулетов","name:th":"สนามพระท่าพระจันทร์","name:th-Latn":"Sanam Tha Phra Chan","@type":"way","@id":349606263},"geometry":{"type":"Point","coordinates":[100.4890846,13.7558401]}},{"type":"Feature","id":352102197,"properties":{"amenity":"marketplace","building":"yes","name":"ตลาดสดวงเวียนใหญ่","@type":"way","@id":352102197},"geometry":{"type":"Point","coordinates":[100.4930801,13.7244661]}},{"type":"Feature","id":352117271,"properties":{"amenity":"marketplace","building":"yes","name":"ตลาดสดสำเหร่","@type":"way","@id":352117271},"geometry":{"type":"Point","coordinates":[100.4878486,13.7125654]}},{"type":"Feature","id":352252037,"properties":{"amenity":"marketplace","area":"yes","name":"Market","source":"local_knowledge","@type":"way","@id":352252037},"geometry":{"type":"Point","coordinates":[100.7385244,13.7218526]}},{"type":"Feature","id":355409821,"properties":{"addr:city":"Samut Prakarn","addr:housenumber":"79 Moo 1","addr:postcode":"10540","addr:street":"Bangna-Trat Road","amenity":"marketplace","building:levels":"1","name":"ตลาดกิ่งแก้ว","@type":"way","@id":355409821},"geometry":{"type":"Point","coordinates":[100.7113052,13.6345467]}},{"type":"Feature","id":364953206,"properties":{"amenity":"marketplace","landuse":"retail","name":"Thewet market","@type":"way","@id":364953206},"geometry":{"type":"Point","coordinates":[100.5024159,13.7712376]}},{"type":"Feature","id":368893104,"properties":{"alt_name":"ตลาดนัดรถไฟ รัชดา","alt_name:en":"Tarad Rot Fi Train Night Market Ratchada","amenity":"marketplace","name":"ตลาดนัดรถไฟรัชดา","name:en":"Train Night Market Ratchada","name:th":"ตลาดนัดรถไฟรัชดา","name:zh":"拉差達火車夜市","opening_hours":"Mo-Su 17:00-01:00","@type":"way","@id":368893104},"geometry":{"type":"Point","coordinates":[100.5685054,13.7671461]}},{"type":"Feature","id":371442592,"properties":{"addr:city":"ลำลูกกา","addr:postcode":"12130","amenity":"marketplace","name":"ตลาดนานาเจริญ","name:en":"Nana Charoen Market","name:th":"ตลาดนานาเจริญ","@type":"way","@id":371442592},"geometry":{"type":"Point","coordinates":[100.6479991,13.9699883]}},{"type":"Feature","id":371744218,"properties":{"amenity":"marketplace","@type":"way","@id":371744218},"geometry":{"type":"Point","coordinates":[100.5940266,13.6497648]}},{"type":"Feature","id":377879331,"properties":{"addr:postcode":"11130","amenity":"marketplace","name":"ตลาดพระราม 5","name:en":"Pharam 5 Market","name:th":"ตลาดพระราม 5","@type":"way","@id":377879331},"geometry":{"type":"Point","coordinates":[100.4359101,13.8239126]}},{"type":"Feature","id":377896484,"properties":{"amenity":"marketplace","building":"yes","name":"ตลาดนครหลวง","name:en":"Nakhon Luang Market","name:th":"ตลาดนครหลวง","@type":"way","@id":377896484},"geometry":{"type":"Point","coordinates":[100.4687852,13.7530827]}},{"type":"Feature","id":378153792,"properties":{"addr:district":"ทุ่งครุ","addr:postcode":"10140","addr:province":"กรุงเทพมหานคร","amenity":"marketplace","building":"yes","name":"ตลาดใหม่ทุ่งครุ","organic":"no","@type":"way","@id":378153792},"geometry":{"type":"Point","coordinates":[100.4993591,13.6450334]}},{"type":"Feature","id":379337391,"properties":{"amenity":"marketplace","building":"yes","name":"ตลาดฉัตรสาคร วังหิน","@type":"way","@id":379337391},"geometry":{"type":"Point","coordinates":[100.5913804,13.8317302]}},{"type":"Feature","id":383396206,"properties":{"amenity":"marketplace","name":"สนามหลวง 2 ส่วนขยาย","name:en":"Sanam Luang 2 Extension","name:th":"สนามหลวง 2","@type":"way","@id":383396206},"geometry":{"type":"Point","coordinates":[100.3501372,13.7452617]}},{"type":"Feature","id":383397969,"properties":{"air_conditioning":"yes","amenity":"marketplace","building":"commercial","name":"รัฐประชามาร์เก็ต","name:th":"รัฐประชามาร์เก็ต","@type":"way","@id":383397969},"geometry":{"type":"Point","coordinates":[100.3514966,13.7453594]}},{"type":"Feature","id":383399843,"properties":{"amenity":"marketplace","building":"no","food":"Vegetable","@type":"way","@id":383399843},"geometry":{"type":"Point","coordinates":[100.3519116,13.7479773]}},{"type":"Feature","id":387351110,"properties":{"amenity":"marketplace","landuse":"commercial","@type":"way","@id":387351110},"geometry":{"type":"Point","coordinates":[100.5960064,13.704972]}},{"type":"Feature","id":390232213,"properties":{"amenity":"marketplace","landuse":"retail","name":"Suan Lum Night Bazaar","wikipedia":"th:สวนลุมไนท์บาซาร์ รัชดาภิเษก","@type":"way","@id":390232213},"geometry":{"type":"Point","coordinates":[100.5744487,13.803198]}},{"type":"Feature","id":391929732,"properties":{"amenity":"marketplace","building":"roof","name":"One food market","opening_hours":"Mo-Su 05:30-23:30","@type":"way","@id":391929732},"geometry":{"type":"Point","coordinates":[100.5390233,13.753634]}},{"type":"Feature","id":428711879,"properties":{"amenity":"marketplace","building":"yes","@type":"way","@id":428711879},"geometry":{"type":"Point","coordinates":[100.3619581,13.7061917]}},{"type":"Feature","id":443159424,"properties":{"amenity":"marketplace","building":"yes","name":"Pattanakarn Market","name:en":"Pattanakarn Market","name:th":"ตลาดสดพัฒนาการ","@type":"way","@id":443159424},"geometry":{"type":"Point","coordinates":[100.6542307,13.7289683]}},{"type":"Feature","id":455893325,"properties":{"amenity":"marketplace","building":"yes","name":"ตลาดสดเพชรเกษม 79","@type":"way","@id":455893325},"geometry":{"type":"Point","coordinates":[100.3497985,13.7054477]}},{"type":"Feature","id":455981219,"properties":{"amenity":"marketplace","building":"yes","name":"ตลาดใหม่รังสิต","@type":"way","@id":455981219},"geometry":{"type":"Point","coordinates":[100.6140425,13.9860109]}},{"type":"Feature","id":455981220,"properties":{"amenity":"marketplace","building":"yes","name":"ตลาดสดรังสิต","name:en":"Rangsit Market","@type":"way","@id":455981220},"geometry":{"type":"Point","coordinates":[100.6135734,13.9859262]}},{"type":"Feature","id":464039433,"properties":{"amenity":"marketplace","building":"yes","@type":"way","@id":464039433},"geometry":{"type":"Point","coordinates":[100.3242596,13.7035082]}},{"type":"Feature","id":468346244,"properties":{"amenity":"marketplace","building":"yes","name":"ตลาดโพธิ์สุวรรณ","source":"http://www.mapillary.com/map/im/xGuCQKT6DUKuxpNQLaBKyw/photo","@type":"way","@id":468346244},"geometry":{"type":"Point","coordinates":[100.638425,13.8330545]}},{"type":"Feature","id":471999029,"properties":{"amenity":"marketplace","building":"roof","layer":"1","name":"ตลาด กม.4","name:en":"Talad Kor Mor 4","@type":"way","@id":471999029},"geometry":{"type":"Point","coordinates":[100.6271667,13.858365]}},{"type":"Feature","id":490320289,"properties":{"addr:district":"พระนคร","addr:postcode":"10200","addr:province":"กรุงเทพมหานคร","addr:subdistrict":"บวรนิเวศ","amenity":"marketplace","name":"ตลาดนัดชุมชนหลังวัดราชนัดดา","name:en":"Lang Wat Ratchanatda Community Flea Market","name:th":"ตลาดนัดชุมชนหลังวัดราชนัดดา","@type":"way","@id":490320289},"geometry":{"type":"Point","coordinates":[100.5018082,13.7548771]}},{"type":"Feature","id":494017572,"properties":{"amenity":"marketplace","@type":"way","@id":494017572},"geometry":{"type":"Point","coordinates":[100.5314244,13.7228352]}},{"type":"Feature","id":527215339,"properties":{"amenity":"marketplace","building":"yes","name":"ตลาดท่าดินแดง","name:en":"Tha Din Daeng Market","name:th":"ตลาดท่าดินแดง","@type":"way","@id":527215339},"geometry":{"type":"Point","coordinates":[100.5023713,13.7338595]}},{"type":"Feature","id":541294082,"properties":{"amenity":"marketplace","building":"yes","name":"ตลาด อบต คลองสาม","source":"DigitalGlobe-Standard","@type":"way","@id":541294082},"geometry":{"type":"Point","coordinates":[100.6620786,14.0284627]}},{"type":"Feature","id":543460273,"properties":{"amenity":"marketplace","name":"ตลาดนนทบุรี","name:en":"Nonthaburi Market","name:th":"ตลาดนนทบุรี","@type":"way","@id":543460273},"geometry":{"type":"Point","coordinates":[100.4950349,13.8421788]}},{"type":"Feature","id":544285946,"properties":{"amenity":"marketplace","building":"yes","building:levels":"1","name":"ตลาดสะพาน 2","name:en":"Saphansong Market","@type":"way","@id":544285946},"geometry":{"type":"Point","coordinates":[100.5903218,13.7970776]}},{"type":"Feature","id":544291968,"properties":{"amenity":"marketplace","@type":"way","@id":544291968},"geometry":{"type":"Point","coordinates":[100.5711072,13.7978316]}},{"type":"Feature","id":545381012,"properties":{"amenity":"marketplace","building":"yes","name":"U-Park Avenue","@type":"way","@id":545381012},"geometry":{"type":"Point","coordinates":[100.5890116,13.9649011]}},{"type":"Feature","id":556777287,"properties":{"amenity":"marketplace","name":"ตลาดนัดหมู่บ้านเอื้ออาทร","@type":"way","@id":556777287},"geometry":{"type":"Point","coordinates":[100.6705529,13.7872805]}},{"type":"Feature","id":556871177,"properties":{"addr:district":"บึงกุ่ม","addr:postcode":"10240","addr:province":"กรุงเทพมหานคร","addr:subdistrict":"คลองกุ่ม","amenity":"marketplace","building":"yes","@type":"way","@id":556871177},"geometry":{"type":"Point","coordinates":[100.6691346,13.7814086]}},{"type":"Feature","id":556966110,"properties":{"amenity":"marketplace","@type":"way","@id":556966110},"geometry":{"type":"Point","coordinates":[100.6685891,13.7899893]}},{"type":"Feature","id":557316380,"properties":{"amenity":"marketplace","@type":"way","@id":557316380},"geometry":{"type":"Point","coordinates":[100.6707961,13.7865957]}},{"type":"Feature","id":562402651,"properties":{"amenity":"marketplace","building":"roof","name":"ตลาดธารทอง","@type":"way","@id":562402651},"geometry":{"type":"Point","coordinates":[100.4509412,13.7384317]}},{"type":"Feature","id":564680452,"properties":{"amenity":"marketplace","building":"yes","@type":"way","@id":564680452},"geometry":{"type":"Point","coordinates":[100.7234303,13.9295934]}},{"type":"Feature","id":583370164,"properties":{"amenity":"marketplace","building":"roof","name":"ตลาด 2 - 5","@type":"way","@id":583370164},"geometry":{"type":"Point","coordinates":[100.6186104,13.9624662]}},{"type":"Feature","id":596101383,"properties":{"amenity":"marketplace","landuse":"retail","opening_hours":"Sa-Su 08:00-17:00","@type":"way","@id":596101383},"geometry":{"type":"Point","coordinates":[100.4156334,13.762043]}},{"type":"Feature","id":596101384,"properties":{"addr:district":"Taling Chan","addr:housenumber":"30/1","addr:place":"หมู่ที่ 15","addr:postcode":"10170","addr:province":"Bangkok","addr:street":"Bang Ramat Rd","addr:subdistrict":"Bang Ramat","alt_name:en":"Khlong Lat Mae Floating Market","amenity":"marketplace","landuse":"retail","name":"ตลาดน้ำคลองลัดมะยม","name:en":"Khlong Lat Mae Zom Floating Market","name:th":"ตลาดน้ำคลองลัดมะยม","name:th-Latn":"Talat Nam Khlong Lat Mayom","opening_hours":"Sa-Su 08:00-17:00","@type":"way","@id":596101384},"geometry":{"type":"Point","coordinates":[100.4155152,13.7607111]}},{"type":"Feature","id":605769195,"properties":{"amenity":"marketplace","building":"yes","name":"ตลาดบางเขน","name:en":"Bang Khen Market","name:th":"ตลาดบางเขน","@type":"way","@id":605769195},"geometry":{"type":"Point","coordinates":[100.5734336,13.8342886]}},{"type":"Feature","id":605784726,"properties":{"amenity":"marketplace","name":"ตลาดสายสัมพันธ์","@type":"way","@id":605784726},"geometry":{"type":"Point","coordinates":[100.6597013,13.9367919]}},{"type":"Feature","id":617542036,"properties":{"amenity":"marketplace","name":"ตลาดรับลมรันเวย์","name:en":"Runway Night Market","name:th":"รับลมรันเวย์","@type":"way","@id":617542036},"geometry":{"type":"Point","coordinates":[100.7478039,13.7399074]}},{"type":"Feature","id":637381858,"properties":{"amenity":"marketplace","name":"ตลาดสดกิ่งเพชร","name:en":"KingPetch Fresh Market","note":"Fresh/Wet Market [Local]. Varieties from Fresh Pork/ Beef/ Fish/ Seafood/ Vetgetable/ Fruits. [Mostly speak Thai only, very local]","@type":"way","@id":637381858},"geometry":{"type":"Point","coordinates":[100.5283101,13.7528983]}},{"type":"Feature","id":655307324,"properties":{"amenity":"marketplace","name:en":"Thai Market Lam Lukka","source":"survey","@type":"way","@id":655307324},"geometry":{"type":"Point","coordinates":[100.7524341,13.9376317]}},{"type":"Feature","id":657553982,"properties":{"amenity":"marketplace","name":"ตลาดสิริมงคล","name:en":"Sirimongkol Market","name:th":"ตลาดสิริมงคล","opening_hours":"Mo-Su 15:00-20:00","@type":"way","@id":657553982},"geometry":{"type":"Point","coordinates":[100.4714178,13.8353038]}},{"type":"Feature","id":657555916,"properties":{"amenity":"marketplace","name":"ตลาดชาวสยาม","name:en":"Chao Siam Market","name:th":"ตลาดชาวสยาม","opening_hours":"Mo-Fr 12:00-21:00; Sa-Su 08:00-21:00","phone":"0851337430, 0791174909","@type":"way","@id":657555916},"geometry":{"type":"Point","coordinates":[100.4720557,13.8358526]}},{"type":"Feature","id":658718222,"properties":{"amenity":"marketplace","building":"roof","name":"ตลาดสดดอนพรหม","name:en":"Don Phrom Market","name:th":"ตลาดสดดอนพรหม","@type":"way","@id":658718222},"geometry":{"type":"Point","coordinates":[100.4404957,13.8454772]}},{"type":"Feature","id":660638676,"properties":{"alt_name":"ตลาดเช้าวัดพุฒิปรางค์ปราโมทย์","alt_name:en":"Wat Putthiprangpramote Morning Market","alt_name:th":"ตลาดเช้าวัดพุฒิปรางค์ปราโมทย์","amenity":"marketplace","name":"ตลาดเช้าทุกวัน","name:en":"Chao Tuk Wan Morning Market","name:th":"ตลาดเช้าทุกวัน","phone":"0618270444","@type":"way","@id":660638676},"geometry":{"type":"Point","coordinates":[100.4729725,13.8366964]}},{"type":"Feature","id":661623726,"properties":{"addr:district":"พระนคร","addr:postcode":"10200","addr:province":"กรุงเทพมหานคร","addr:subdistrict":"ตลาดยอด","amenity":"marketplace","building":"roof","name":"ตลาดนรรัตน์","name:en":"Norrarat Market","name:th":"ตลาดนรรัตน์","@type":"way","@id":661623726},"geometry":{"type":"Point","coordinates":[100.4987982,13.7622662]}},{"type":"Feature","id":664348105,"properties":{"amenity":"marketplace","name":"ตลาดนัดเรนโบว์","name:en":"Rainbow Flea Market","name:th":"ตลาดนัดเรนโบว์","@type":"way","@id":664348105},"geometry":{"type":"Point","coordinates":[100.5618403,13.7726076]}},{"type":"Feature","id":673531876,"properties":{"amenity":"marketplace","name":"ตลาดนำโชคทวี","name:en":"Numchoketawee Market","name:th":"ตลาดนำโชคทวี","@type":"way","@id":673531876},"geometry":{"type":"Point","coordinates":[100.4779058,13.8245797]}},{"type":"Feature","id":684178111,"properties":{"addr:street":"Soi On Nut 46","amenity":"marketplace","contact:phone":"+66 81 827 5885;+66 86 126 7787;+66 81 732 8778;+66 81 752 5588","name":"ตลาดนัดรถไฟ ศรีนครินทร์","name:en":"Train Night Market Srinakarin","opening_hours":"Th-Su 17:00-01:00","wheelchair":"yes","@type":"way","@id":684178111},"geometry":{"type":"Point","coordinates":[100.6510906,13.6942327]}},{"type":"Feature","id":697558275,"properties":{"amenity":"marketplace","building":"yes","name":"Minburi Market","@type":"way","@id":697558275},"geometry":{"type":"Point","coordinates":[100.7284233,13.8135348]}},{"type":"Feature","id":707208340,"properties":{"amenity":"marketplace","name":"ตลาดน้ำวัดโตนด","name:en":"Wat Tanod Floating Market","name:th":"ตลาดน้ำวัดโตนด","opening_hours":"Mo-Fr 08:00-14:00; Sa-Su 08:00-15:00","website":"https://thailandtourismdirectory.go.th/th/info/attraction/detail/itemid/21867","@type":"way","@id":707208340},"geometry":{"type":"Point","coordinates":[100.4669737,13.8480848]}},{"type":"Feature","id":707315951,"properties":{"amenity":"marketplace","name":"ตลาดบางศรีเมือง","name:en":"Bang Si Mueang Market","name:th":"ตลาดบางศรีเมือง","@type":"way","@id":707315951},"geometry":{"type":"Point","coordinates":[100.47801,13.8397585]}},{"type":"Feature","id":719108840,"properties":{"amenity":"marketplace","building":"roof","name":"ตลาดนัดโรงพยาบาลยันฮี","name:en":"Yanhee Hospital Marketplace","name:th":"ตลาดนัดโรงพยาบาลยันฮี","@type":"way","@id":719108840},"geometry":{"type":"Point","coordinates":[100.5111445,13.8003899]}},{"type":"Feature","id":726526143,"properties":{"addr:district":"คลองเตย","addr:postcode":"10110","addr:province":"กรุงเทพมหานคร","addr:subdistrict":"คลองเตย","amenity":"marketplace","building":"yes","name":"ตลาดสุนทรโกษา","name:en":"Sunthon Kosa Market","name:th":"ตลาดสุนทรโกษา","@type":"way","@id":726526143},"geometry":{"type":"Point","coordinates":[100.5583942,13.7194815]}},{"type":"Feature","id":756669665,"properties":{"amenity":"marketplace","name":"ตลาดนัดธรรมสุขใจ รังสิต คลอง1","@type":"way","@id":756669665},"geometry":{"type":"Point","coordinates":[100.6269135,13.9716608]}},{"type":"Feature","id":779435916,"properties":{"amenity":"marketplace","landuse":"retail","name":"ตลาดเจ้าพระยา บางใหญ่","name:en":"Chao Phra Ya Market Bangyai","name:th":"ตลาดเจ้าพระยา บางใหญ่","@type":"way","@id":779435916},"geometry":{"type":"Point","coordinates":[100.4402989,13.8439041]}},{"type":"Feature","id":780662653,"properties":{"amenity":"marketplace","building":"roof","name":"ตลาดสดรวมใจ","name:en":"Ruamjai Fresh Market","name:th":"ตลาดสดรวมใจ","@type":"way","@id":780662653},"geometry":{"type":"Point","coordinates":[100.5541784,13.9131176]}},{"type":"Feature","id":803391154,"properties":{"amenity":"marketplace","@type":"way","@id":803391154},"geometry":{"type":"Point","coordinates":[100.6483671,13.6908277]}},{"type":"Feature","id":823099676,"properties":{"amenity":"marketplace","name":"ตลาดฟิน แพรกษา","@type":"way","@id":823099676},"geometry":{"type":"Point","coordinates":[100.6700855,13.5673567]}},{"type":"Feature","id":863619151,"properties":{"amenity":"marketplace","@type":"way","@id":863619151},"geometry":{"type":"Point","coordinates":[100.5795178,13.8885769]}},{"type":"Feature","id":890265111,"properties":{"amenity":"marketplace","name":"TT Market Bearing","@type":"way","@id":890265111},"geometry":{"type":"Point","coordinates":[100.6189863,13.6521556]}},{"type":"Feature","id":890839063,"properties":{"amenity":"marketplace","name":"ตลาดนัดแอทแบริ่ง","@type":"way","@id":890839063},"geometry":{"type":"Point","coordinates":[100.6221711,13.6550747]}},{"type":"Feature","id":892466761,"properties":{"amenity":"marketplace","building":"roof","@type":"way","@id":892466761},"geometry":{"type":"Point","coordinates":[100.6197093,13.651123]}},{"type":"Feature","id":895652079,"properties":{"amenity":"marketplace","name":"บางพลีสตรีทมาร์เก็ต","@type":"way","@id":895652079},"geometry":{"type":"Point","coordinates":[100.7103829,13.6349612]}},{"type":"Feature","id":895692329,"properties":{"amenity":"marketplace","name":"ตลาดบันได","@type":"way","@id":895692329},"geometry":{"type":"Point","coordinates":[100.7153321,13.6498831]}},{"type":"Feature","id":895692330,"properties":{"amenity":"marketplace","name":"ตลาดนัดกิ่งแก้ว ซอย 10","@type":"way","@id":895692330},"geometry":{"type":"Point","coordinates":[100.7148191,13.6479597]}},{"type":"Feature","id":904167968,"properties":{"amenity":"marketplace","name":"Nong Chok Market","@type":"way","@id":904167968},"geometry":{"type":"Point","coordinates":[100.8664032,13.8562506]}},{"type":"Feature","id":946926454,"properties":{"amenity":"marketplace","building":"yes","name":"ตลาดสุชาติ (รังสิต)","@type":"way","@id":946926454},"geometry":{"type":"Point","coordinates":[100.6057953,13.9857384]}},{"type":"Feature","id":946926455,"properties":{"amenity":"marketplace","building":"yes","name":"ตลาดพรพัฒน์","@type":"way","@id":946926455},"geometry":{"type":"Point","coordinates":[100.6075343,13.984115]}},{"type":"Feature","id":950315091,"properties":{"amenity":"marketplace","name":"ถนนคนเดินคลองโอ่งอ่าง","name:en":"Khlong Ong Ang Walking Street","name:th":"ถนนคนเดินคลองโอ่งอ่าง","opening_hours":"Fr-Su 16:00-22:00","@type":"way","@id":950315091},"geometry":{"type":"Point","coordinates":[100.5027807,13.7446857]}},{"type":"Feature","id":952282158,"properties":{"amenity":"marketplace","name":"ตลาดนัดเซียร์ รังสิต","@type":"way","@id":952282158},"geometry":{"type":"Point","coordinates":[100.6213025,13.9600487]}},{"type":"Feature","id":952865190,"properties":{"amenity":"marketplace","building":"yes","level":"1","name":"ตลาดบางใหญ่","name:en":"Bangyai Market","phone":"+66989554152","@type":"way","@id":952865190},"geometry":{"type":"Point","coordinates":[100.408389,13.8779385]}},{"type":"Feature","id":983080655,"properties":{"amenity":"marketplace","landuse":"retail","name":"ตลาดนัดมะลิ","name:en":"Mali Market","opening_hours":"Mo-Su 17:00-00:00","@type":"way","@id":983080655},"geometry":{"type":"Point","coordinates":[100.5437606,13.9272602]}},{"type":"Feature","id":986167997,"properties":{"amenity":"marketplace","name":"ตลาดมโนรมย์","@type":"way","@id":986167997},"geometry":{"type":"Point","coordinates":[100.7091701,13.8610095]}},{"type":"Feature","id":1004865014,"properties":{"amenity":"marketplace","building":"yes","name":"ตลาดล็อตเตอรี่ศาลเจ้าพ่อเสือ","name:en":"San Chao Pho Suea Lottery Market","name:th":"ตลาดล็อตเตอรี่ศาลเจ้าพ่อเสือ","@type":"way","@id":1004865014},"geometry":{"type":"Point","coordinates":[100.498198,13.7540362]}},{"type":"Feature","id":1061404414,"properties":{"amenity":"marketplace","name":"ตลาดเพชรอารี","name:en":"Petch Aree Fresh market","name:th":"ตลาดเพชรอารี","@type":"way","@id":1061404414},"geometry":{"type":"Point","coordinates":[100.6900976,13.5628151]}},{"type":"Feature","id":1066302915,"properties":{"amenity":"marketplace","building":"tent","name":"ตลาดนัดคุณตุ๊ก","name:th":"ตลาดนัดคุณตุ๊ก","@type":"way","@id":1066302915},"geometry":{"type":"Point","coordinates":[100.6543217,13.8219136]}},{"type":"Feature","id":1066302916,"properties":{"amenity":"marketplace","@type":"way","@id":1066302916},"geometry":{"type":"Point","coordinates":[100.6548767,13.8218406]}},{"type":"Feature","id":1068544089,"properties":{"amenity":"marketplace","name":"ตลาดทรัพย์บุญชัย","@type":"way","@id":1068544089},"geometry":{"type":"Point","coordinates":[100.6225995,13.5997909]}},{"type":"Feature","id":1068544090,"properties":{"amenity":"marketplace","name":"ตลาดทรัพย์บุญชัย","@type":"way","@id":1068544090},"geometry":{"type":"Point","coordinates":[100.6227236,13.599529]}},{"type":"Feature","id":1069931134,"properties":{"amenity":"marketplace","name":"มิตรมาร์เก็ต ดอนเมือง","name:en":"MITR Market Donmueang","name:th":"มิตรมาร์เก็ต ดอนเมือง","@type":"way","@id":1069931134},"geometry":{"type":"Point","coordinates":[100.6252366,13.9284027]}},{"type":"Feature","id":1071196209,"properties":{"amenity":"marketplace","name":"ตลาดคอกม้า","name:en":"Talad Khok Ma","name:th":"ตลาดคอกม้า","@type":"way","@id":1071196209},"geometry":{"type":"Point","coordinates":[100.4735475,13.8267159]}},{"type":"Feature","id":1087621068,"properties":{"addr:district":"ทุ่งครุ","addr:housenumber":"76","addr:postcode":"10140","addr:province":"กรุงเทพมหานคร","addr:street":"ถนนประชาอุทิศ","amenity":"marketplace","building":"yes","name":"ตลาดยิ่งรวย 76","@type":"way","@id":1087621068},"geometry":{"type":"Point","coordinates":[100.5053062,13.6265454]}},{"type":"Feature","id":1087630189,"properties":{"addr:district":"คลองเตย","addr:postcode":"10110","addr:province":"กรุงเทพมหานคร","addr:subdistrict":"คลองเตย","amenity":"marketplace","building":"roof","name":"ตลาดเทพประทาน","name:en":"Thepprathan Market","name:th":"ตลาดเทพประทาน","@type":"way","@id":1087630189},"geometry":{"type":"Point","coordinates":[100.5562988,13.7227293]}},{"type":"Feature","id":1103682675,"properties":{"addr:district":"บางรัก","addr:postcode":"10500","addr:province":"กรุงเทพมหานคร","addr:subdistrict":"สุริยวงศ์","amenity":"marketplace","building":"residential","name":"ตลาดนัดซอย 10","name:th":"ตลาดนัดซอย 10","@type":"way","@id":1103682675},"geometry":{"type":"Point","coordinates":[100.5284568,13.7275598]}},{"type":"Feature","id":1121209474,"properties":{"amenity":"marketplace","@type":"way","@id":1121209474},"geometry":{"type":"Point","coordinates":[100.6632042,13.7721311]}},{"type":"Feature","id":1124382693,"properties":{"amenity":"marketplace","@type":"way","@id":1124382693},"geometry":{"type":"Point","coordinates":[100.6053269,13.6727127]}},{"type":"Feature","id":1125558140,"properties":{"amenity":"marketplace","@type":"way","@id":1125558140},"geometry":{"type":"Point","coordinates":[100.6523524,13.8113759]}},{"type":"Feature","id":1125560413,"properties":{"amenity":"marketplace","building":"yes","name":"ตลาดปัฐวิกรณ์","name:en":"Patthavikorn Market","name:th":"ตลาดปัฐวิกรณ์","@type":"way","@id":1125560413},"geometry":{"type":"Point","coordinates":[100.6522543,13.8132293]}},{"type":"Feature","id":1125561787,"properties":{"amenity":"marketplace","building":"yes","name":"ตลาดปัฐวิกรณ์","name:en":"Patthavikorn Market","name:th":"ตลาดปัฐวิกรณ์","@type":"way","@id":1125561787},"geometry":{"type":"Point","coordinates":[100.6526019,13.8142973]}},{"type":"Feature","id":1125561790,"properties":{"amenity":"marketplace","building":"yes","@type":"way","@id":1125561790},"geometry":{"type":"Point","coordinates":[100.6532993,13.8155124]}},{"type":"Feature","id":1125561793,"properties":{"amenity":"marketplace","building":"yes","layer":"1","name":"ตลาดปัฐวิกรณ์","name:en":"Patthavikorn Market","name:th":"ตลาดปัฐวิกรณ์","@type":"way","@id":1125561793},"geometry":{"type":"Point","coordinates":[100.6533716,13.8141513]}},{"type":"Feature","id":1125979572,"properties":{"amenity":"marketplace","@type":"way","@id":1125979572},"geometry":{"type":"Point","coordinates":[100.6752836,13.7859576]}},{"type":"Feature","id":1132451130,"properties":{"amenity":"marketplace","name":"พัฒนะ","@type":"way","@id":1132451130},"geometry":{"type":"Point","coordinates":[100.6312857,13.6247177]}},{"type":"Feature","id":1133246782,"properties":{"amenity":"marketplace","@type":"way","@id":1133246782},"geometry":{"type":"Point","coordinates":[100.6315627,13.6248396]}},{"type":"Feature","id":1137756972,"properties":{"amenity":"marketplace","@type":"way","@id":1137756972},"geometry":{"type":"Point","coordinates":[100.4462376,13.7390098]}},{"type":"Feature","id":1144696047,"properties":{"amenity":"marketplace","building":"yes","@type":"way","@id":1144696047},"geometry":{"type":"Point","coordinates":[100.4379899,13.7371318]}},{"type":"Feature","id":1146855182,"properties":{"amenity":"marketplace","name":"Aim  Charoen Market","@type":"way","@id":1146855182},"geometry":{"type":"Point","coordinates":[100.6833482,13.6076298]}},{"type":"Feature","id":1151915604,"properties":{"amenity":"marketplace","@type":"way","@id":1151915604},"geometry":{"type":"Point","coordinates":[100.5960043,13.5931252]}},{"type":"Feature","id":1154800425,"properties":{"amenity":"marketplace","name":"ตลาดสิริทรัพย์","@type":"way","@id":1154800425},"geometry":{"type":"Point","coordinates":[100.6321549,13.9712381]}},{"type":"Feature","id":1155377643,"properties":{"amenity":"marketplace","name":"Fresh market","@type":"way","@id":1155377643},"geometry":{"type":"Point","coordinates":[100.385033,13.8935364]}},{"type":"Feature","id":1155750096,"properties":{"addr:district":"บางพลี","addr:postcode":"10540","addr:province":"สมุทรปราการ","addr:subdistrict":"บางพลีใหญ่","amenity":"marketplace","name":"ตลาดโบราณบางพลี","name:en":"Bangplee Old Market","name:th":"ตลาดโบราณบางพลี","@type":"way","@id":1155750096},"geometry":{"type":"Point","coordinates":[100.7102591,13.6039801]}},{"type":"Feature","id":1156864731,"properties":{"amenity":"marketplace","name:th":"ตลาดนัคลาดสวาย","@type":"way","@id":1156864731},"geometry":{"type":"Point","coordinates":[100.6799606,13.9611718]}},{"type":"Feature","id":1158498412,"properties":{"amenity":"marketplace","name":"ตลาดแสงสีนิล","@type":"way","@id":1158498412},"geometry":{"type":"Point","coordinates":[100.6599869,13.9415011]}},{"type":"Feature","id":1158719599,"properties":{"amenity":"marketplace","area":"yes","name":"Mix Market","opening_hours":"Mo-Su 16:00-24:00","wheelchair":"limited","@type":"way","@id":1158719599},"geometry":{"type":"Point","coordinates":[100.5641088,13.7495131]}},{"type":"Feature","id":1158743373,"properties":{"amenity":"marketplace","name":"ตลาดสดซอย25","@type":"way","@id":1158743373},"geometry":{"type":"Point","coordinates":[100.6423297,13.9370849]}},{"type":"Feature","id":1158992370,"properties":{"amenity":"marketplace","@type":"way","@id":1158992370},"geometry":{"type":"Point","coordinates":[100.7396515,13.9354615]}},{"type":"Feature","id":1164295390,"properties":{"amenity":"marketplace","name":"Sammakorn Market Muang Ake","opening_hours":"Mo-Su 09:00-21:00","@type":"way","@id":1164295390},"geometry":{"type":"Point","coordinates":[100.594279,13.9643791]}},{"type":"Feature","id":1172639710,"properties":{"amenity":"marketplace","@type":"way","@id":1172639710},"geometry":{"type":"Point","coordinates":[100.3415215,13.5677973]}},{"type":"Feature","id":1189209076,"properties":{"amenity":"marketplace","landuse":"commercial","name":"ชุมชนตลาดสดเพชรพลอย","name:en":"Phet Ploy Market Community","name:th":"ชุมชนตลาดสดเพชรพลอย","@type":"way","@id":1189209076},"geometry":{"type":"Point","coordinates":[100.5193847,13.7292999]}},{"type":"Feature","id":1189209078,"properties":{"addr:district":"บางรัก","addr:postcode":"10500","addr:province":"กรุงเทพมหานคร","addr:subdistrict":"สี่พระยา","amenity":"marketplace","building":"yes","name":"ตลาดหมอเพชรหมอพลอย","name:en":"Mor Petch Mor Ploy Market","name:th":"ตลาดหมอเพชรหมอพลอย","@type":"way","@id":1189209078},"geometry":{"type":"Point","coordinates":[100.5199322,13.729289]}},{"type":"Feature","id":1190762374,"properties":{"amenity":"marketplace","landuse":"commercial","name":"ตลาดนครอินทร์ - บางไผ่","name:en":"Talad Nakorn-In - Bang Phai","name:th":"ตลาดนครอินทร์ - บางไผ่","@type":"way","@id":1190762374},"geometry":{"type":"Point","coordinates":[100.4862983,13.8283873]}},{"type":"Feature","id":1196405769,"properties":{"amenity":"marketplace","landuse":"retail","name":"สำเพ็ง ท่าดินแดง","name:en":"Samphen Tha-Din Daeng","name:th":"สำเพ็ง ท่าดินแดง","@type":"way","@id":1196405769},"geometry":{"type":"Point","coordinates":[100.504103,13.7360284]}},{"type":"Feature","id":1203025125,"properties":{"amenity":"marketplace","name":"ตลาด ส.รุ่งเรือง","name:en":"S. Rungrueang Market","@type":"way","@id":1203025125},"geometry":{"type":"Point","coordinates":[100.4908311,13.9553134]}},{"type":"Feature","id":1203034856,"properties":{"amenity":"marketplace","@type":"way","@id":1203034856},"geometry":{"type":"Point","coordinates":[100.4913251,13.9571234]}},{"type":"Feature","id":1206333660,"properties":{"amenity":"marketplace","building":"retail","name":"ตลาดไทยสมบูรณ์","name:en":"Thai Somboon Market","@type":"way","@id":1206333660},"geometry":{"type":"Point","coordinates":[100.5203338,13.6539794]}},{"type":"Feature","id":1207412717,"properties":{"amenity":"marketplace","building":"yes","name":"ตลาดทะเลไทย ท่าจีน","name:en":"Talay Thai Market","@type":"way","@id":1207412717},"geometry":{"type":"Point","coordinates":[100.2564191,13.5498202]}},{"type":"Feature","id":1211828725,"properties":{"alt_name":"ตลาดวัดแขก","alt_name:en":"Wat Khaek Market","alt_name:th":"ตลาดวัดแขก","amenity":"marketplace","landuse":"retail","name":"ตลาดซอยประชุม","name:en":"Soi Prachum Market","name:th":"ตลาดซอยประชุม","@type":"way","@id":1211828725},"geometry":{"type":"Point","coordinates":[100.5228941,13.7251137]}},{"type":"Feature","id":1215821149,"properties":{"amenity":"marketplace","building":"commercial","name":"ตลาดอิ่มทรัพย์","name:en":"Im Sub Market","name:th":"ตลาดอิ่มทรัพย์","opening_hours":"Mo-Su 07:00-23:00","@type":"way","@id":1215821149},"geometry":{"type":"Point","coordinates":[100.6433069,13.9631723]}},{"type":"Feature","id":1216596433,"properties":{"amenity":"marketplace","@type":"way","@id":1216596433},"geometry":{"type":"Point","coordinates":[100.6536526,13.8443077]}},{"type":"Feature","id":1216765081,"properties":{"amenity":"marketplace","name":"ตลาดนัด รามอินทรา 67","@type":"way","@id":1216765081},"geometry":{"type":"Point","coordinates":[100.6528647,13.8473289]}},{"type":"Feature","id":1219295797,"properties":{"addr:district":"สาทร","addr:postcode":"10120","addr:province":"กรุงเทพมหานคร","addr:subdistrict":"ทุ่งมหาเมฆ","amenity":"marketplace","building":"yes","landuse":"retail","name":"ตลาดคุณมาย","name:en":"Khan Mind Marketplace","name:th":"ตลาดคุณมาย","@type":"way","@id":1219295797},"geometry":{"type":"Point","coordinates":[100.5388508,13.7182411]}},{"type":"Feature","id":1222676252,"properties":{"amenity":"marketplace","name":"ตลาดนางลิ้นจี่","name:en":"Nang Linchi Fresh Market","name:th":"ตลาดนางลิ้นจี่","@type":"way","@id":1222676252},"geometry":{"type":"Point","coordinates":[100.5435978,13.7078455]}},{"type":"Feature","id":1224798747,"properties":{"addr:district":"บางรัก","addr:district:en":"Bang Rak","addr:district:th":"บางรัก","addr:postcode":"10500","addr:province":"กรุงเทพมหานคร","addr:subdistrict":"สีลม","amenity":"marketplace","building":"yes","name":"ตลาดร่มเขียว","name:en":"Rom Khiao Market","name:th":"ตลาดร่มเขียว","@type":"way","@id":1224798747},"geometry":{"type":"Point","coordinates":[100.5370156,13.7265604]}},{"type":"Feature","id":1224798749,"properties":{"addr:district":"บางรัก","addr:district:en":"Bang Rak","addr:district:th":"บางรัก","addr:postcode":"10500","addr:province":"กรุงเทพมหานคร","addr:subdistrict":"สีลม","amenity":"marketplace","building":"yes","name":"ตลาดกลางซอย","name:en":"Klang Soi Market","name:th":"ตลาดกลางซอย","@type":"way","@id":1224798749},"geometry":{"type":"Point","coordinates":[100.5382001,13.7271079]}},{"type":"Feature","id":1229625907,"properties":{"amenity":"marketplace","@type":"way","@id":1229625907},"geometry":{"type":"Point","coordinates":[100.3973182,13.7857632]}},{"type":"Feature","id":1229911130,"properties":{"amenity":"marketplace","name":"ตลาดหัวถนน","@type":"way","@id":1229911130},"geometry":{"type":"Point","coordinates":[100.6764268,13.6082702]}},{"type":"Feature","id":1229911131,"properties":{"amenity":"marketplace","name":"ตลาดรถไฟขจรวิทย์","@type":"way","@id":1229911131},"geometry":{"type":"Point","coordinates":[100.6756998,13.6088059]}},{"type":"Feature","id":1230259743,"properties":{"amenity":"marketplace","name":"ตลาดนัดหลังศาลากลางฯ","name:th":"ตลาดนัดหลังศาลากลางฯ","opening_hours":"Mo-Su 07:00-11:00","@type":"way","@id":1230259743},"geometry":{"type":"Point","coordinates":[100.5018888,13.7546864]}},{"type":"Feature","id":1231340064,"properties":{"amenity":"marketplace","landuse":"retail","name":"เต้นท์ชมพู","name:en":"The Pink Garden","name:th":"เต้นท์ชมพู","@type":"way","@id":1231340064},"geometry":{"type":"Point","coordinates":[100.5408158,13.7262644]}},{"type":"Feature","id":1231407640,"properties":{"amenity":"marketplace","name":"ตลาดราชา","@type":"way","@id":1231407640},"geometry":{"type":"Point","coordinates":[100.5976683,13.5924903]}},{"type":"Feature","id":1235084966,"properties":{"amenity":"marketplace","landuse":"retail","surface":"paving_stones","@type":"way","@id":1235084966},"geometry":{"type":"Point","coordinates":[100.5135806,13.732033]}},{"type":"Feature","id":1236765197,"properties":{"addr:district":"บางรัก","addr:district:en":"Bang Rak","addr:district:th":"บางรัก","addr:postcode":"10500","addr:province":"กรุงเทพมหานคร","addr:subdistrict":"สีลม","amenity":"marketplace","building":"yes","name":"ตลาดละลายทรัพย์","name:en":"Lalai Sap Market","name:th":"ตลาดละลายทรัพย์","@type":"way","@id":1236765197},"geometry":{"type":"Point","coordinates":[100.5296756,13.7259856]}},{"type":"Feature","id":1239588053,"properties":{"amenity":"marketplace","name":"ตลาดนัดวัดไผ่เงิน","name:en":"Wat Phai Ngoen Flee Market","name:th":"ตลาดนัดวัดไผ่เงิน","@type":"way","@id":1239588053},"geometry":{"type":"Point","coordinates":[100.524414,13.7009762]}},{"type":"Feature","id":1239857626,"properties":{"access":"private","amenity":"marketplace","name":"ตลาดนัดสาธุ","name:en":"Sathu Flea Market","name:th":"ตลาดนัดสาธุ","@type":"way","@id":1239857626},"geometry":{"type":"Point","coordinates":[100.5301324,13.7040892]}},{"type":"Feature","id":1241667805,"properties":{"addr:district":"สายไหม","addr:housenumber":"1/130","addr:postcode":"10220","addr:province":"กรุงเทพมหานคร","addr:street":"พหลโยธิน 54/2","addr:subdistrict":"สายไหม","amenity":"marketplace","name":"ตลาดเซฟวัน Go","name:en":"Save One Go Market","name:th":"ตลาดเซฟวัน Go","opening_hours":"16:00-24:00","@type":"way","@id":1241667805},"geometry":{"type":"Point","coordinates":[100.6282961,13.9263324]}},{"type":"Feature","id":1242277449,"properties":{"amenity":"marketplace","@type":"way","@id":1242277449},"geometry":{"type":"Point","coordinates":[100.2778237,13.5472606]}},{"type":"Feature","id":1242439499,"properties":{"amenity":"marketplace","@type":"way","@id":1242439499},"geometry":{"type":"Point","coordinates":[100.3069873,13.713647]}},{"type":"Feature","id":1243122262,"properties":{"addr:district":"บึงกุ่ม","addr:postcode":"10240","addr:province":"กรุงเทพมหานคร","addr:subdistrict":"คลองกุ่ม","amenity":"marketplace","building":"residential","@type":"way","@id":1243122262},"geometry":{"type":"Point","coordinates":[100.6514193,13.7965235]}},{"type":"Feature","id":1243380787,"properties":{"amenity":"marketplace","landuse":"retail","name":"ตลาดคลองเชิงตาแพ","name:en":"Khlong Chenrg Ta Phae Marketplace","name:th":"ตลาดคลองเชิงตาแพ","@type":"way","@id":1243380787},"geometry":{"type":"Point","coordinates":[100.4194691,13.5580275]}},{"type":"Feature","id":1244115794,"properties":{"amenity":"marketplace","@type":"way","@id":1244115794},"geometry":{"type":"Point","coordinates":[100.6515534,13.7963391]}},{"type":"Feature","id":1244115796,"properties":{"amenity":"marketplace","@type":"way","@id":1244115796},"geometry":{"type":"Point","coordinates":[100.6514102,13.7964161]}},{"type":"Feature","id":1244639393,"properties":{"amenity":"marketplace","name":"ตลาดนัด ศูนย์การแพทย์ปัญญานันทภิกขุ ชลประทาน","operator":"ศูนย์การแพทย์ปัญญานันทภิกขุ ชลประทาน","@type":"way","@id":1244639393},"geometry":{"type":"Point","coordinates":[100.5025553,13.8985499]}},{"type":"Feature","id":1248807028,"properties":{"addr:district":"บางขุนเทียน","addr:postcode":"10150","addr:province":"กรุงเทพมหานคร","addr:subdistrict":"ท่าข้าม","amenity":"marketplace","building":"yes","@type":"way","@id":1248807028},"geometry":{"type":"Point","coordinates":[100.4217355,13.5276839]}},{"type":"Feature","id":1250152337,"properties":{"amenity":"marketplace","landuse":"residential","name":"ตลาดนัดปากซอยพัฒนาชนบท 3","name:th":"ตลาดนัดปากซอยพัฒนาชนบท 3","@type":"way","@id":1250152337},"geometry":{"type":"Point","coordinates":[100.7153829,13.7322972]}},{"type":"Feature","id":1250230016,"properties":{"addr:district":"บางขุนเทียน","addr:postcode":"10150","addr:province":"กรุงเทพมหานคร","addr:subdistrict":"ท่าข้าม","amenity":"marketplace","building":"yes","name":"ตลาดดีเทียนทะเล","name:th":"ตลาดดีเทียนทะเล","@type":"way","@id":1250230016},"geometry":{"type":"Point","coordinates":[100.4374332,13.6119422]}},{"type":"Feature","id":1253282999,"properties":{"amenity":"marketplace","@type":"way","@id":1253282999},"geometry":{"type":"Point","coordinates":[100.6662163,13.6255277]}},{"type":"Feature","id":1253286053,"properties":{"amenity":"marketplace","@type":"way","@id":1253286053},"geometry":{"type":"Point","coordinates":[100.6565576,13.6507058]}},{"type":"Feature","id":1254928505,"properties":{"addr:district":"เมืองสมุทรสาคร","addr:postcode":"74000","addr:province":"สมุุทรสาคร","addr:street":"ถนนสุขาภิบาล","addr:subdistrict":"มหาชัย","amenity":"marketplace","building":"roof","name":"ตลาดสดมหาชัย","@type":"way","@id":1254928505},"geometry":{"type":"Point","coordinates":[100.2767405,13.5454175]}},{"type":"Feature","id":1263618470,"properties":{"amenity":"marketplace","name":"ตลาดนัดลุงออม","@type":"way","@id":1263618470},"geometry":{"type":"Point","coordinates":[100.3914642,13.8141366]}},{"type":"Feature","id":1266067466,"properties":{"amenity":"marketplace","name":"Tipgaysorn","@type":"way","@id":1266067466},"geometry":{"type":"Point","coordinates":[100.7703314,13.636009]}},{"type":"Feature","id":1267036396,"properties":{"amenity":"marketplace","building":"yes","@type":"way","@id":1267036396},"geometry":{"type":"Point","coordinates":[100.2527086,13.6525431]}},{"type":"Feature","id":1268414736,"properties":{"amenity":"marketplace","@type":"way","@id":1268414736},"geometry":{"type":"Point","coordinates":[100.595821,13.6327381]}},{"type":"Feature","id":1270928624,"properties":{"amenity":"marketplace","@type":"way","@id":1270928624},"geometry":{"type":"Point","coordinates":[100.4740393,13.7399174]}},{"type":"Feature","id":1270934034,"properties":{"amenity":"marketplace","name":"ตลาดน้ำคลองบางหลวง","name:de":"Schwimmender Markt Khlong Bang Luang","name:en":"Floating Market Khlong Bang Luang","@type":"way","@id":1270934034},"geometry":{"type":"Point","coordinates":[100.4637225,13.7304884]}},{"type":"Feature","id":1285921509,"properties":{"amenity":"marketplace","name":"ตลาดธรรมสาโรจน์","@type":"way","@id":1285921509},"geometry":{"type":"Point","coordinates":[100.5975844,13.6515784]}},{"type":"Feature","id":1285921512,"properties":{"amenity":"marketplace","name":"ตลาดสดสำโรง","@type":"way","@id":1285921512},"geometry":{"type":"Point","coordinates":[100.5970349,13.6483519]}},{"type":"Feature","id":1285921516,"properties":{"amenity":"marketplace","name":"ตลาดคลองถมสำโรง","@type":"way","@id":1285921516},"geometry":{"type":"Point","coordinates":[100.5961768,13.6492318]}},{"type":"Feature","id":1286210639,"properties":{"amenity":"marketplace","@type":"way","@id":1286210639},"geometry":{"type":"Point","coordinates":[100.5357807,13.7280849]}},{"type":"Feature","id":1287616956,"properties":{"amenity":"marketplace","name":"ตลาดเทิดไทย","name:en":"Terdthai Market","name:th":"ตลาดเทิดไทย","@type":"way","@id":1287616956},"geometry":{"type":"Point","coordinates":[100.8515283,13.6972539]}},{"type":"Feature","id":1292786473,"properties":{"amenity":"marketplace","landuse":"retail","name":"ตลาดเศรษฐี","name:en":"Setthi Flea Market","name:th":"ตลาดเศรษฐี","@type":"way","@id":1292786473},"geometry":{"type":"Point","coordinates":[100.5136604,13.60759]}},{"type":"Feature","id":1293425919,"properties":{"amenity":"marketplace","building":"yes","name":"เดอะแคมป์ แฟร์","name:en":"The Camp Vintage Flea Market","name:th":"เดอะแคมป์ แฟร์","@type":"way","@id":1293425919},"geometry":{"type":"Point","coordinates":[100.5480015,13.7981998]}},{"type":"Feature","id":1296355245,"properties":{"addr:district":"ทุ่งครุ","addr:postcode":"10140","addr:province":"กรุงเทพมหานคร","amenity":"marketplace","building":"roof","name":"ตลาดประชาอุทิศ 90","name:en":"Pracha Uthit 90 Market","name:th":"ตลาดประชาอุทิศ 90","@type":"way","@id":1296355245},"geometry":{"type":"Point","coordinates":[100.5075437,13.6081636]}},{"type":"Feature","id":1300063479,"properties":{"amenity":"marketplace","name":"ตลาดเทวา","@type":"way","@id":1300063479},"geometry":{"type":"Point","coordinates":[100.6200172,13.6308961]}},{"type":"Feature","id":1300141347,"properties":{"amenity":"marketplace","landuse":"retail","name":"ตลาด BTS ตลาดพลู","@type":"way","@id":1300141347},"geometry":{"type":"Point","coordinates":[100.4763224,13.7143914]}},{"type":"Feature","id":1303833085,"properties":{"amenity":"marketplace","building":"yes","name":"ตลาดไชยทิศ","name:en":"Chai Thit Market","name:th":"ตลาดไชยทิศ","@type":"way","@id":1303833085},"geometry":{"type":"Point","coordinates":[100.4638511,13.7691323]}},{"type":"Feature","id":1303835962,"properties":{"amenity":"marketplace","name":"ตลาดบุญเรือง","name:en":"Boonruang Market","name:th":"ตลาดบุญเรือง","@type":"way","@id":1303835962},"geometry":{"type":"Point","coordinates":[100.6633188,13.6772295]}},{"type":"Feature","id":1305541227,"properties":{"amenity":"marketplace","building":"yes","name":"M Market","@type":"way","@id":1305541227},"geometry":{"type":"Point","coordinates":[100.7938121,13.576346]}},{"type":"Feature","id":1308823369,"properties":{"amenity":"marketplace","name":"ตลาดน้ำวัดโบสถ์บน","name:en":"Wat Bot Bon Floating Market","@type":"way","@id":1308823369},"geometry":{"type":"Point","coordinates":[100.4264013,13.8349347]}},{"type":"Feature","id":1313952865,"properties":{"amenity":"marketplace","name":"ตลาดเลียบทางด่วน รามอินทรา","name:en":"Liab Duan Night Market","@type":"way","@id":1313952865},"geometry":{"type":"Point","coordinates":[100.6389708,13.8464672]}},{"type":"Feature","id":1316341576,"properties":{"amenity":"marketplace","@type":"way","@id":1316341576},"geometry":{"type":"Point","coordinates":[100.4414229,13.6644168]}},{"type":"Feature","id":1316963752,"properties":{"amenity":"marketplace","@type":"way","@id":1316963752},"geometry":{"type":"Point","coordinates":[100.4434153,13.6690748]}},{"type":"Feature","id":1319566307,"properties":{"amenity":"marketplace","name":"ตลาดอินดี้ ดาวคะนอง","@type":"way","@id":1319566307},"geometry":{"type":"Point","coordinates":[100.4802865,13.6907721]}},{"type":"Feature","id":1319867501,"properties":{"amenity":"marketplace","name":"ตลาดดินแดง","name:en":"Din","name:th":"ตลาดดินแดง","@type":"way","@id":1319867501},"geometry":{"type":"Point","coordinates":[100.5559626,13.7654164]}},{"type":"Feature","id":1319871943,"properties":{"addr:district":"ดินแดง","addr:postcode":"10400","addr:province":"กรุงเทพมหานคร","addr:subdistrict":"รัชดาภิเษก","amenity":"marketplace","building":"yes","@type":"way","@id":1319871943},"geometry":{"type":"Point","coordinates":[100.556066,13.7722559]}},{"type":"Feature","id":1320697040,"properties":{"amenity":"marketplace","name":"ตลาดสินทวี","name:th":"ตลาดสินทวี","@type":"way","@id":1320697040},"geometry":{"type":"Point","coordinates":[100.4579467,13.6658603]}},{"type":"Feature","id":1321842558,"properties":{"amenity":"marketplace","@type":"way","@id":1321842558},"geometry":{"type":"Point","coordinates":[100.4506003,13.6199491]}},{"type":"Feature","id":1328879259,"properties":{"addr:district":"ดินแดง","addr:postcode":"10400","addr:province":"กรุงเทพมหานคร","addr:subdistrict":"ดินแดง","amenity":"marketplace","building":"yes","name":"ตลาดขวัญพัฒนา","name:th":"ตลาดขวัญพัฒนา","@type":"way","@id":1328879259},"geometry":{"type":"Point","coordinates":[100.5588989,13.7588129]}},{"type":"Feature","id":1330370652,"properties":{"amenity":"marketplace","name":"ตลาดขวัญพัฒนา 2","name:th":"ตลาดขวัญพัฒนา 2","@type":"way","@id":1330370652},"geometry":{"type":"Point","coordinates":[100.5580621,13.756354]}},{"type":"Feature","id":1330850468,"properties":{"amenity":"marketplace","name":"K-avenue Rangsit","name:en":"K-avenue Rangsit","name:th":"เค อเวนิว รังสิต","@type":"way","@id":1330850468},"geometry":{"type":"Point","coordinates":[100.6309689,13.9693683]}},{"type":"Feature","id":1331925616,"properties":{"amenity":"marketplace","name":"จ๊อดแฟร์ รัชดา","name:en":"Jodd Fairs Ratchada","name:th":"จ๊อดแฟร์ รัชดา","@type":"way","@id":1331925616},"geometry":{"type":"Point","coordinates":[100.5709393,13.7683248]}},{"type":"Feature","id":1342286869,"properties":{"amenity":"marketplace","name":"ตลาดท้ายบ้าน","name:th":"ตลาดท้ายบ้าน","@type":"way","@id":1342286869},"geometry":{"type":"Point","coordinates":[100.5945385,13.5816977]}},{"type":"Feature","id":1347119077,"properties":{"alt_name":"ตลาดนัดวัดชัยฉิมพลี","amenity":"marketplace","name":"ตลาดไชยฉิมพลี","name:en":"Chai Chimphli Market","name:th":"ตลาดไชยฉิมพลี","@type":"way","@id":1347119077},"geometry":{"type":"Point","coordinates":[100.4323596,13.7357714]}},{"type":"Feature","id":1347572316,"properties":{"amenity":"marketplace","building":"yes","name":"ตลาดเคหะออเงิน","@type":"way","@id":1347572316},"geometry":{"type":"Point","coordinates":[100.6738467,13.9068501]}},{"type":"Feature","id":1349586326,"properties":{"amenity":"marketplace","name":"ตลาดเทพประทาน","@type":"way","@id":1349586326},"geometry":{"type":"Point","coordinates":[100.6495487,13.617188]}},{"type":"Feature","id":1349586333,"properties":{"amenity":"marketplace","name":"ตลาดทรัพย์สุวรรณ","@type":"way","@id":1349586333},"geometry":{"type":"Point","coordinates":[100.6484385,13.6179098]}},{"type":"Feature","id":1349586336,"properties":{"amenity":"marketplace","@type":"way","@id":1349586336},"geometry":{"type":"Point","coordinates":[100.6473466,13.6186411]}},{"type":"Feature","id":1349586340,"properties":{"amenity":"marketplace","building":"yes","@type":"way","@id":1349586340},"geometry":{"type":"Point","coordinates":[100.6469866,13.6185516]}},{"type":"Feature","id":1349588992,"properties":{"amenity":"marketplace","building":"yes","@type":"way","@id":1349588992},"geometry":{"type":"Point","coordinates":[100.6501901,13.6188487]}},{"type":"Feature","id":1349898751,"properties":{"amenity":"marketplace","building":"yes","name":"ตลาดออเงิน","name:en":"Or Ngern Market","name:th":"ตลาดออเงิน","@type":"way","@id":1349898751},"geometry":{"type":"Point","coordinates":[100.6603485,13.8963356]}},{"type":"Feature","id":1352051896,"properties":{"amenity":"marketplace","building":"roof","name":"ตลาดครูหวี","name:th":"ตลาดครูหวี","@type":"way","@id":1352051896},"geometry":{"type":"Point","coordinates":[100.5463935,13.6761241]}},{"type":"Feature","id":1356233464,"properties":{"amenity":"marketplace","name":"ตลาดไทรน้อย","name:th":"ตลาดไทรน้อย","@type":"way","@id":1356233464},"geometry":{"type":"Point","coordinates":[100.3211151,13.9824167]}},{"type":"Feature","id":1356352387,"properties":{"amenity":"marketplace","area":"yes","name":"ตลาดน้ำบางน้ำผึ้ง","name:en":"Bang Nam Phueng Floating Market","name:th":"ตลาดน้ำบางน้ำผึ้ง","wikidata":"Q18398194","wikipedia":"th:ตลาดน้ำบางน้ำผึ้ง","@type":"way","@id":1356352387},"geometry":{"type":"Point","coordinates":[100.5743299,13.680295]}},{"type":"Feature","id":1358535462,"properties":{"amenity":"marketplace","name":"ตลาดตรงข้ามหมู่บ้านเสรี","@type":"way","@id":1358535462},"geometry":{"type":"Point","coordinates":[100.6538139,13.7167408]}},{"type":"Feature","id":1359344777,"properties":{"amenity":"marketplace","name":"ตลาด SW1","name:en":"SW1 Market","name:th":"ตลาด SW1","@type":"way","@id":1359344777},"geometry":{"type":"Point","coordinates":[100.5583566,13.737893]}},{"type":"Feature","id":1362288522,"properties":{"amenity":"marketplace","name":"ตลาดบางซ่อน","name:en":"Bangson Market","name:th":"ตลาดบางซ่อน","@type":"way","@id":1362288522},"geometry":{"type":"Point","coordinates":[100.5318969,13.821768]}},{"type":"Feature","id":1364029936,"properties":{"amenity":"marketplace","name":"ตลาดนกฮูก","name:en":"The Owl Market","name:th":"ตลาดนกฮูก","name:th-Latn":"Talad Nokhook","opening_hours":"Mo-Su 17:00-00:00","tourism":"attraction","@type":"way","@id":1364029936},"geometry":{"type":"Point","coordinates":[100.4939835,13.8697029]}},{"type":"Feature","id":1364065320,"properties":{"addr:district":"ดินแดง","addr:postcode":"10400","addr:province":"กรุงเทพมหานคร","addr:subdistrict":"รัชดาภิเษก","amenity":"marketplace","building":"yes","@type":"way","@id":1364065320},"geometry":{"type":"Point","coordinates":[100.561409,13.7788988]}},{"type":"Feature","id":1370279804,"properties":{"addr:postcode":"10220","addr:street":"พหลโยธิน 58","amenity":"marketplace","building":"marketplace","building:levels":"0","name":"ตลาดนัดแอนเนกซ์","name:en":"Annex Market","official_name":"ตลาดนัด พหลโยธิน 58","official_name:en":"Pahon Yothin 58 Market","@type":"way","@id":1370279804},"geometry":{"type":"Point","coordinates":[100.6319471,13.9370232]}},{"type":"Feature","id":1374667455,"properties":{"addr:district":"พญาไท","addr:housenumber":"73","addr:postcode":"10400","addr:province":"กรุงเทพมหานคร","addr:street":"ซอยพิบูลวัฒนา 5","addr:subdistrict":"พญาไท","amenity":"marketplace","building":"yes","name":"คลาดแม่ฟุ้ง","@type":"way","@id":1374667455},"geometry":{"type":"Point","coordinates":[100.5375557,13.7820429]}},{"type":"Feature","id":1378299804,"properties":{"amenity":"marketplace","@type":"way","@id":1378299804},"geometry":{"type":"Point","coordinates":[100.5634228,13.5803816]}},{"type":"Feature","id":1382638055,"properties":{"amenity":"marketplace","name":"ตลาดส่งเสริมเกษตรไทย","name:en":"I.C.P. Flower market","name:th":"ตลาดส่งเสริมเกษตรไทย","@type":"way","@id":1382638055},"geometry":{"type":"Point","coordinates":[100.496246,13.7432089]}},{"type":"Feature","id":1382638064,"properties":{"amenity":"marketplace","building":"yes","name":"ตลาดส่งเสริมเกษตรไทย","name:th":"ตลาดส่งเสริมเกษตรไทย","@type":"way","@id":1382638064},"geometry":{"type":"Point","coordinates":[100.4968559,13.7427425]}},{"type":"Feature","id":1382821611,"properties":{"amenity":"marketplace","building":"yes","@type":"way","@id":1382821611},"geometry":{"type":"Point","coordinates":[100.3248071,13.7447163]}},{"type":"Feature","id":1382955988,"properties":{"amenity":"marketplace","name":"ตลาดนครชัยศรี","name:th":"ตลาดนครชัยศรี","@type":"way","@id":1382955988},"geometry":{"type":"Point","coordinates":[100.5122668,13.7854554]}},{"type":"Feature","id":1382955989,"properties":{"amenity":"marketplace","name":"ตลาดศรีย่าน","name:th":"ตลาดศรีย่าน","@type":"way","@id":1382955989},"geometry":{"type":"Point","coordinates":[100.512057,13.7846787]}},{"type":"Feature","id":1386057109,"properties":{"amenity":"marketplace","landuse":"retail","name":"ศูนย์การค้าลาซาลสแควร์","name:th":"ศูนย์การค้าลาซาลสแควร์","shop":"mall","@type":"way","@id":1386057109},"geometry":{"type":"Point","coordinates":[100.6383689,13.6589156]}},{"type":"Feature","id":1387734046,"properties":{"amenity":"marketplace","building":"roof","name":"ตลาดนัดบ่อปลา","name:th":"ตลาดนัดบ่อปลา","@type":"way","@id":1387734046},"geometry":{"type":"Point","coordinates":[100.6309904,13.6948771]}},{"type":"Feature","id":1392039114,"properties":{"amenity":"marketplace","landuse":"commercial","name":"ตลาด เอ.ซ๊.สายไหม","name:th":"ตลาด เอ.ซ๊.สายไหม","@type":"way","@id":1392039114},"geometry":{"type":"Point","coordinates":[100.6428897,13.9243865]}},{"type":"Feature","id":1394942603,"properties":{"amenity":"marketplace","name":"Red Bridge Market","name:th":"ตลาดสะพานแดง","@type":"way","@id":1394942603},"geometry":{"type":"Point","coordinates":[100.6252806,13.9851839]}},{"type":"Feature","id":1396734623,"properties":{"amenity":"marketplace","name":"ตลาดหลังกระทรวงการคลัง","name:en":"Ministry of Finance Back Flea Market","name:th":"ตลาดหลังกระทรวงการคลัง","@type":"way","@id":1396734623},"geometry":{"type":"Point","coordinates":[100.5368841,13.7823174]}},{"type":"Feature","id":1396734624,"properties":{"addr:district":"พญาไท","addr:postcode":"10400","addr:province":"กรุงเทพมหานคร","addr:subdistrict":"พญาไท","amenity":"marketplace","building":"yes","@type":"way","@id":1396734624},"geometry":{"type":"Point","coordinates":[100.5371114,13.7820547]}},{"type":"Feature","id":1408713073,"properties":{"amenity":"marketplace","name":"ตลาดนัดลาซาล 48","@type":"way","@id":1408713073},"geometry":{"type":"Point","coordinates":[100.6330938,13.6580921]}},{"type":"Feature","id":1415647515,"properties":{"amenity":"marketplace","name":"ตลาดเอราวัล","@type":"way","@id":1415647515},"geometry":{"type":"Point","coordinates":[100.5918337,13.6212631]}},{"type":"Feature","id":1415648734,"properties":{"amenity":"marketplace","name":"ตลาดฤกษ์เมือง","@type":"way","@id":1415648734},"geometry":{"type":"Point","coordinates":[100.6002328,13.6214802]}},{"type":"Feature","id":1418076585,"properties":{"addr:district":"ดุสิต","addr:postcode":"10300","addr:province":"กรุงเทพมหานคร","addr:street":"ซอยราชวิถี 38","addr:subdistrict":"ดุสิต","amenity":"marketplace","building":"yes","@type":"way","@id":1418076585},"geometry":{"type":"Point","coordinates":[100.5108693,13.7784198]}},{"type":"Feature","id":1423232717,"properties":{"amenity":"marketplace","building":"yes","name":"ตลาดราชวัตร","name:en":"Ratchawat Market","name:th":"ตลาดราชวัตร","@type":"way","@id":1423232717},"geometry":{"type":"Point","coordinates":[100.5239303,13.7780118]}},{"type":"Feature","id":1423814928,"properties":{"addr:district":"พระนคร","addr:postcode":"10200","addr:province":"กรุงเทพมหานคร","addr:street":"สน พระราชวัง ปาก คลองตลาด","addr:subdistrict":"วังบูรพาภิรมย์","amenity":"marketplace","description":"Pak Khlong Talad Fresh Market, Flower market Thailand","description:de":"Blumenmarkt","description:en":"Flower Market","description:ru":"Рынок цветов","layer":"-1","name":"ปากคลองตลาด","name:de":"Pak Khlong Talad","name:en":"Pak Khlong Talat","opening_hours":"Mo-Su 09:00-17:00","@type":"way","@id":1423814928},"geometry":{"type":"Point","coordinates":[100.4963172,13.7416754]}},{"type":"Feature","id":1427963085,"properties":{"amenity":"marketplace","@type":"way","@id":1427963085},"geometry":{"type":"Point","coordinates":[100.54444,13.7801351]}},{"type":"Feature","id":1429708149,"properties":{"amenity":"marketplace","name":"ตลาดเดินเล่นกรุงเทพกรีฑา","name:th":"ตลาดเดินเล่นกรุงเทพกรีฑา","@type":"way","@id":1429708149},"geometry":{"type":"Point","coordinates":[100.6746051,13.7516502]}},{"type":"Feature","id":1429709416,"properties":{"amenity":"marketplace","name":"ตลาดศาลาน้ำเย็น","@type":"way","@id":1429709416},"geometry":{"type":"Point","coordinates":[100.4745891,13.7606707]}},{"type":"Feature","id":1431671105,"properties":{"amenity":"marketplace","name":"ตลาดมิ่งขวัญบ้านนา","name:th":"ตลาดมิ่งขวัญบ้านนา","short_name":"ตลาดมิ่งขวัญ","@type":"way","@id":1431671105},"geometry":{"type":"Point","coordinates":[100.5586407,13.7889165]}},{"type":"Feature","id":1431706434,"properties":{"amenity":"marketplace","name":"ตลาดทุ่งเศรษฐี","@type":"way","@id":1431706434},"geometry":{"type":"Point","coordinates":[100.6976094,13.6679098]}},{"type":"Feature","id":1436724045,"properties":{"amenity":"marketplace","area":"yes","name":"ตลาดสดลาซาล 2000","name:en":"Lasalle 2K Market","name:th":"ตลาดสดลาซาล 2000","@type":"way","@id":1436724045},"geometry":{"type":"Point","coordinates":[100.616371,13.6635535]}},{"type":"Feature","id":1436724059,"properties":{"amenity":"marketplace","name":"ตลาดดวงพลอย","name:en":"Duangploy Market","name:th":"ตลาดดวงพลอย","@type":"way","@id":1436724059},"geometry":{"type":"Point","coordinates":[100.6185501,13.6630288]}},{"type":"Feature","id":1441991429,"properties":{"amenity":"marketplace","name":"ตลาดปากซอย(หทัยราษฎร์)","@type":"way","@id":1441991429},"geometry":{"type":"Point","coordinates":[100.7208311,13.8173292]}},{"type":"Feature","id":1443518222,"properties":{"amenity":"marketplace","building":"yes","name":"Gemmo Seafood","@type":"way","@id":1443518222},"geometry":{"type":"Point","coordinates":[100.7019818,13.6829267]}},{"type":"Feature","id":1444930242,"properties":{"amenity":"marketplace","name":"อมรพันธ์","name:en":"Amon Phan","name:th":"อมรพันธ์","@type":"way","@id":1444930242},"geometry":{"type":"Point","coordinates":[100.5739463,13.8395386]}},{"type":"Feature","id":1445095840,"properties":{"amenity":"marketplace","name":"โคลัมเบีย","name:en":"Columbia","name:th":"โคลัมเบีย","@type":"way","@id":1445095840},"geometry":{"type":"Point","coordinates":[100.5710153,13.8338181]}},{"type":"Feature","id":1450663491,"properties":{"amenity":"marketplace","name":"ตลาดชุมชนบ้านสาขลานาเกลือ","@type":"way","@id":1450663491},"geometry":{"type":"Point","coordinates":[100.4997604,13.5474358]}},{"type":"Feature","id":1454840894,"properties":{"amenity":"marketplace","building":"yes","name":"ตลาดรุ่งเจริญ","name:th":"ตลาดรุ่งเจริญ","@type":"way","@id":1454840894},"geometry":{"type":"Point","coordinates":[100.5872395,13.6433992]}},{"type":"Feature","id":1460284242,"properties":{"amenity":"marketplace","name":"ตลาดชัชวาลคลอง7","@type":"way","@id":1460284242},"geometry":{"type":"Point","coordinates":[100.7478869,13.9646603]}},{"type":"Feature","id":1460284243,"properties":{"amenity":"marketplace","@type":"way","@id":1460284243},"geometry":{"type":"Point","coordinates":[100.7283234,13.9647874]}},{"type":"Feature","id":1460285273,"properties":{"amenity":"marketplace","@type":"way","@id":1460285273},"geometry":{"type":"Point","coordinates":[100.696457,13.8202309]}},{"type":"Feature","id":1463171513,"properties":{"amenity":"marketplace","name":"ตลาดคลองสี่เมืองใหม่","@type":"way","@id":1463171513},"geometry":{"type":"Point","coordinates":[100.6885097,14.0179925]}},{"type":"Feature","id":1464306026,"properties":{"amenity":"marketplace","name":"ตลาดบางกะปิ","name:en":"Bangkapi Market","name:th":"ตลาดบางกะปิ","@type":"way","@id":1464306026},"geometry":{"type":"Point","coordinates":[100.6458175,13.7669133]}},{"type":"Feature","id":1465524852,"properties":{"amenity":"marketplace","name":"ตลาดเอสทีเพิ่มสิน","name:en":"ST Phoemsin Market","name:th":"ตลาดเอสทีเพิ่มสิน","@type":"way","@id":1465524852},"geometry":{"type":"Point","coordinates":[100.6357821,13.9015443]}},{"type":"Feature","id":1467500069,"properties":{"amenity":"marketplace","building":"retail","name":"ตลาดเหรียญทอง","name:en":"Rien Thong Market","name:th":"ตลาดเหรียญทอง","@type":"way","@id":1467500069},"geometry":{"type":"Point","coordinates":[100.7328668,14.0360731]}},{"type":"Feature","id":1471557069,"properties":{"amenity":"marketplace","landuse":"retail","name":"ตลาดออเงิน","name:en":"Or Ngern Market","name:th":"ตลาดออเงิน","@type":"way","@id":1471557069},"geometry":{"type":"Point","coordinates":[100.6597748,13.8964975]}},{"type":"Feature","id":1471861567,"properties":{"amenity":"marketplace","building":"tent","@type":"way","@id":1471861567},"geometry":{"type":"Point","coordinates":[100.6544763,13.822098]}},{"type":"Feature","id":1484579848,"properties":{"amenity":"marketplace","name":"ตลาดนัดคุ้มเกล้า","@type":"way","@id":1484579848},"geometry":{"type":"Point","coordinates":[100.7742508,13.7534167]}},{"type":"Feature","id":1489509208,"properties":{"amenity":"marketplace","name":"ตลาดโพธิ์สามต้น","name:en":"Pho Sam Ton market","name:th":"ตลาดโพธิ์สามต้น","@type":"way","@id":1489509208},"geometry":{"type":"Point","coordinates":[100.4832421,13.7404811]}},{"type":"Feature","id":1489671571,"properties":{"amenity":"marketplace","building":"tent","name":"ตลาดนวลจันทร์ 38","@type":"way","@id":1489671571},"geometry":{"type":"Point","coordinates":[100.6400608,13.8281183]}},{"type":"Feature","id":1489673896,"properties":{"amenity":"marketplace","building":"yes","@type":"way","@id":1489673896},"geometry":{"type":"Point","coordinates":[100.6379455,13.8328402]}},{"type":"Feature","id":1489673898,"properties":{"amenity":"marketplace","building":"yes","@type":"way","@id":1489673898},"geometry":{"type":"Point","coordinates":[100.6387081,13.8333555]}},{"type":"Feature","id":1489673903,"properties":{"amenity":"marketplace","building":"yes","@type":"way","@id":1489673903},"geometry":{"type":"Point","coordinates":[100.6378794,13.8320901]}},{"type":"Feature","id":1498869503,"properties":{"amenity":"marketplace","name":"ตลาดพาหุรัด","name:en":"Pahurat Market","name:th":"ตลาดพาหุรัด","tourism":"attraction","@type":"way","@id":1498869503},"geometry":{"type":"Point","coordinates":[100.5007266,13.7442745]}},{"type":"Feature","id":1498964901,"properties":{"amenity":"marketplace","name":"ตลาดพระโขนง","name:en":"Phra Khanong Market","name:th":"ตลาดพระโขนง","@type":"way","@id":1498964901},"geometry":{"type":"Point","coordinates":[100.5960008,13.7127191]}},{"type":"Feature","id":1499360624,"properties":{"amenity":"marketplace","name":"ตลาดรวยรุ่งเรือง","@type":"way","@id":1499360624},"geometry":{"type":"Point","coordinates":[100.4761074,13.729974]}},{"type":"Feature","id":1499360634,"properties":{"amenity":"marketplace","name":"ตลาดชาติชาย","name:en":"Chat Chai Market","name:th":"ตลาดชาติชาย","@type":"way","@id":1499360634},"geometry":{"type":"Point","coordinates":[100.4716781,13.74068]}},{"type":"Feature","id":1499793281,"properties":{"amenity":"marketplace","name":"ตลาดนัดวัดพลมานีย์","name:th":"ตลาดนัดวัดพลมานีย์","@type":"way","@id":1499793281},"geometry":{"type":"Point","coordinates":[100.7956382,13.7209431]}},{"type":"Feature","id":1502742124,"properties":{"amenity":"marketplace","@type":"way","@id":1502742124},"geometry":{"type":"Point","coordinates":[100.7292723,14.0284697]}},{"type":"Feature","id":1509458397,"properties":{"amenity":"marketplace","name":"ตลาดพิบูลย์วิทย์ 6","name:th":"ตลาดพิบูลย์วิทย์ 6","@type":"way","@id":1509458397},"geometry":{"type":"Point","coordinates":[100.4537145,13.6913376]}},{"type":"Feature","id":1510812671,"properties":{"amenity":"marketplace","name":"Talat Kao","name:en":"Talat Kao","name:ru":"Талат Као","tourism":"attraction","@type":"way","@id":1510812671},"geometry":{"type":"Point","coordinates":[100.509941,13.7426844]}},{"type":"Feature","id":1511272914,"properties":{"amenity":"marketplace","building":"yes","name":"ตลาดพิบูลย์วิทย์","@type":"way","@id":1511272914},"geometry":{"type":"Point","coordinates":[100.4439153,13.6868565]}},{"type":"Feature","id":1511272937,"properties":{"amenity":"marketplace","landuse":"retail","name":"ตลาดน้ำวัดไทร","name:en":"Wat Sai floating market","name:th":"ตลาดน้ำวัดไทร","@type":"way","@id":1511272937},"geometry":{"type":"Point","coordinates":[100.4572519,13.6897749]}},{"type":"Feature","id":1524815696,"properties":{"amenity":"marketplace","@type":"way","@id":1524815696},"geometry":{"type":"Point","coordinates":[100.499549,13.788372]}},{"type":"Feature","id":1524815706,"properties":{"amenity":"marketplace","name":"ตลาดอาหารจีน","name:en":"Chinese food market","name:ru":"Рынок китайское еды","tourism":"attraction","@type":"way","@id":1524815706},"geometry":{"type":"Point","coordinates":[100.5089538,13.7418421]}},{"type":"Feature","id":1525861045,"properties":{"amenity":"marketplace","landuse":"retail","@type":"way","@id":1525861045},"geometry":{"type":"Point","coordinates":[100.5434599,13.7515227]}},{"type":"Feature","id":1529509899,"properties":{"addr:country":"Thailand","addr:district":"เมืองสมุทรสาคร","addr:postcode":"74000","addr:province":"สมุุุทรสาคร","addr:subdistrict":"มหาชัย","amenity":"marketplace","boundary":"place","country":"ไทย","name":"ตลาดมหาชัย","name:en":"Mahachai market","name:th":"ตลาดมหาชัย","@type":"way","@id":1529509899},"geometry":{"type":"Point","coordinates":[100.2760354,13.5453444]}},{"type":"Feature","id":1530178204,"properties":{"amenity":"marketplace","@type":"way","@id":1530178204},"geometry":{"type":"Point","coordinates":[100.6988991,13.8282248]}},{"type":"Feature","id":1530850052,"properties":{"amenity":"marketplace","building":"commercial","@type":"way","@id":1530850052},"geometry":{"type":"Point","coordinates":[100.6147246,13.5849642]}},{"type":"Feature","id":1531845635,"properties":{"amenity":"marketplace","@type":"way","@id":1531845635},"geometry":{"type":"Point","coordinates":[100.5846862,13.7143292]}},{"type":"Feature","id":1542855061,"properties":{"addr:district":"ตลิ่งชั่น","addr:postcode":"10170","addr:province":"กรุงเทพมหานคร","addr:street":"พรานนก - พุทธมณฑลสาย 4","addr:subdistrict":"บางพรม","amenity":"marketplace","name":"ตลาดกลางดอกไม้ปากคลองตลาดใหม่","name:th":"ตลาดกลางดอกไม้ปากคลองตลาดใหม่","@type":"way","@id":1542855061},"geometry":{"type":"Point","coordinates":[100.4446577,13.7501716]}},{"type":"Feature","id":1544567739,"properties":{"amenity":"marketplace","name:en":"Siwa Market Phraeksa","name:th":"ตลาดนัดศิวะ แพรกษา","@type":"way","@id":1544567739},"geometry":{"type":"Point","coordinates":[100.6263213,13.5778738]}},{"type":"Feature","id":1552218896,"properties":{"amenity":"marketplace","country":"Thailand","name":"ตลาดกลางกุ้งจังหวัดสมุทรสาคร","name:th":"ตลาดกลางกุ้งจังหวัดสมุทรสาคร","@type":"way","@id":1552218896},"geometry":{"type":"Point","coordinates":[100.2702813,13.5583753]}},{"type":"Feature","id":1556480174,"properties":{"addr:country":"Thailand","addr:district":"เมืองสมุทรสาคร","addr:postcode":"74000","addr:province":"สมุทรสาคร","addr:subdistrict":"โคกขาม","amenity":"marketplace","country":"Thailand","name":"ตลาดนัดซอยวัดโคก","name:en":"Soi Wat Khok Flea Market","name:th":"ตลาดนัดซอยวัดโคก","province":"สมุทรสาคร","@type":"way","@id":1556480174},"geometry":{"type":"Point","coordinates":[100.2980163,13.5627211]}},{"type":"Feature","id":1556596888,"properties":{"amenity":"marketplace","@type":"way","@id":1556596888},"geometry":{"type":"Point","coordinates":[100.2709786,13.569605]}},{"type":"Feature","id":1556615067,"properties":{"amenity":"marketplace","name":"ตลาดสดมหาชัยพาเพลิน","name:th":"ตลาดสดมหาชัยพาเพลิน","@type":"way","@id":1556615067},"geometry":{"type":"Point","coordinates":[100.2764099,13.5789045]}},{"type":"Feature","id":1556623507,"properties":{"addr:country":"Thailand","addr:district":"เมืองสมุทรสาคร","addr:postcode":"74000","addr:province":"สมุทรสาคร","addr:subdistrict":"นาดี","amenity":"marketplace","country":"ไทย","name":"ตลาดนัดรุ่งเมธา หมู่4นาดี","name:en":"Rungmetha Flea Market Nadi","name:th":"ตลาดนัดรุ่งเมธา หมู่4นาดี","@type":"way","@id":1556623507},"geometry":{"type":"Point","coordinates":[100.2911742,13.5806201]}},{"type":"Feature","id":1559149267,"properties":{"amenity":"marketplace","name":"ตลาดโอโซนวัน","name:en":"Ozone One Market","name:th":"ตลาดโอโซนวัน","@type":"way","@id":1559149267},"geometry":{"type":"Point","coordinates":[100.5763735,13.928724]}},{"type":"Feature","id":1559853562,"properties":{"amenity":"marketplace","building":"commercial","@type":"way","@id":1559853562},"geometry":{"type":"Point","coordinates":[100.5850935,13.8996881]}},{"type":"Feature","id":1559853563,"properties":{"amenity":"marketplace","building":"commercial","@type":"way","@id":1559853563},"geometry":{"type":"Point","coordinates":[100.5846282,13.8994747]}},{"type":"Feature","id":1559917524,"properties":{"amenity":"marketplace","name":"ตลาดโกสุมรวมใจ","name:en":"Kosum Ruam Chai Market","name:th":"ตลาดโกสุมรวมใจ","@type":"way","@id":1559917524},"geometry":{"type":"Point","coordinates":[100.5783964,13.910525]}},{"type":"Feature","id":1564107224,"properties":{"amenity":"marketplace","@type":"way","@id":1564107224},"geometry":{"type":"Point","coordinates":[100.7456054,13.7495592]}},{"type":"Feature","id":1564862341,"properties":{"addr:street":"ซอยเคหะร่มเกล้า 33","amenity":"marketplace","building":"retail","name":"ตลาดสดเกรียงไกร","name:th":"ตลาดสดเกรียงไกร","@type":"way","@id":1564862341},"geometry":{"type":"Point","coordinates":[100.7287185,13.7619128]}},{"type":"Feature","id":1564864776,"properties":{"addr:district":"กระทุ่มแบน","addr:postcode":"74130","addr:province":"สมุทรสาคร","addr:subdistrict":"อ้อมน้อย","amenity":"marketplace","building":"yes","name":"ตลาดสดเก้าแสน","@type":"way","@id":1564864776},"geometry":{"type":"Point","coordinates":[100.2992385,13.7081795]}},{"type":"Feature","id":1564866941,"properties":{"amenity":"marketplace","building":"retail","name":"ตลาดบ้านเอื้อาทรร่มเกล้า 2","name:th":"ตลาดบ้านเอื้อาทรร่มเกล้า 2","@type":"way","@id":1564866941},"geometry":{"type":"Point","coordinates":[100.722741,13.7610715]}},{"type":"Feature","id":370283205,"properties":{"amenity":"marketplace","name":"ตลาดแหลมฉบัง","name:en":"Laem Chabang Market","name:th":"ตลาดแหลมฉบัง","source":"GPS; sign","@type":"node","@id":370283205},"geometry":{"type":"Point","coordinates":[100.9205807,13.0908444]}},{"type":"Feature","id":1812787288,"properties":{"addr:country":"Thailand","addr:district":"เมืองระยอง","addr:postcode":"21000","addr:province":"ระยอง","addr:subdistrict":"ท่าประดู่","amenity":"marketplace","country":"ไทย","name":"ตลาดสดสตาร์","name:en":"Star Freshmarket","name:th":"ตลาดสดสตาร์","@type":"node","@id":1812787288},"geometry":{"type":"Point","coordinates":[101.2721738,12.6862271]}},{"type":"Feature","id":2119072203,"properties":{"amenity":"marketplace","name":"fresh market","@type":"node","@id":2119072203},"geometry":{"type":"Point","coordinates":[100.9391707,12.9439845]}},{"type":"Feature","id":2579306237,"properties":{"amenity":"marketplace","name":"Nong Mong Market","@type":"node","@id":2579306237},"geometry":{"type":"Point","coordinates":[100.9362865,13.2792256]}},{"type":"Feature","id":2696414016,"properties":{"amenity":"marketplace","name":"ตลาดหนองมน","name:en":"Nong Mon Market","@type":"node","@id":2696414016},"geometry":{"type":"Point","coordinates":[100.93621,13.2812839]}},{"type":"Feature","id":2696414017,"properties":{"amenity":"marketplace","@type":"node","@id":2696414017},"geometry":{"type":"Point","coordinates":[100.9356927,13.2813019]}},{"type":"Feature","id":2751448353,"properties":{"amenity":"marketplace","name":"ตลาดเปี่ยมทรัพย์","@type":"node","@id":2751448353},"geometry":{"type":"Point","coordinates":[101.2718324,12.6632739]}},{"type":"Feature","id":2815019397,"properties":{"amenity":"marketplace","name":"ตลาดนัด","@type":"node","@id":2815019397},"geometry":{"type":"Point","coordinates":[100.9345079,13.2988209]}},{"type":"Feature","id":2815077079,"properties":{"amenity":"marketplace","name":"ตลาดไฟฟ้า","@type":"node","@id":2815077079},"geometry":{"type":"Point","coordinates":[100.9517339,13.3304139]}},{"type":"Feature","id":2881831225,"properties":{"amenity":"marketplace","name:en":"Market","name:ru":"Рынок","opening_hours":"Mo-Su 13:00-19:00","shop":"greengrocer","@type":"node","@id":2881831225},"geometry":{"type":"Point","coordinates":[100.86473,12.9135]}},{"type":"Feature","id":2923417215,"properties":{"amenity":"marketplace","name":"ตลาดสุรชัย","name:en":"Sura Chai Market","name:th":"ตลาดสุรชัย","@type":"node","@id":2923417215},"geometry":{"type":"Point","coordinates":[101.4009022,12.6412581]}},{"type":"Feature","id":3122586568,"properties":{"amenity":"marketplace","@type":"node","@id":3122586568},"geometry":{"type":"Point","coordinates":[100.9402102,12.8023498]}},{"type":"Feature","id":3408195167,"properties":{"amenity":"marketplace","name":"ตลาดสดยิ่งรวย","@type":"node","@id":3408195167},"geometry":{"type":"Point","coordinates":[101.0397494,13.4266492]}},{"type":"Feature","id":3408196150,"properties":{"amenity":"marketplace","name":"ตลาดทรัพย์รุ่งอรุณ(หน้าวัดศรี)","@type":"node","@id":3408196150},"geometry":{"type":"Point","coordinates":[101.0175448,13.4531102]}},{"type":"Feature","id":3969139854,"properties":{"amenity":"marketplace","name":"market","name:en":"Fruit market","name:ru":"Фруктовый рынок","opening_hours":"Mo, Th 14:00-18:30","@type":"node","@id":3969139854},"geometry":{"type":"Point","coordinates":[101.4366135,12.6298188]}},{"type":"Feature","id":3970792709,"properties":{"amenity":"marketplace","@type":"node","@id":3970792709},"geometry":{"type":"Point","coordinates":[100.9158487,12.8588394]}},{"type":"Feature","id":3984025191,"properties":{"amenity":"marketplace","@type":"node","@id":3984025191},"geometry":{"type":"Point","coordinates":[100.947173,12.8640225]}},{"type":"Feature","id":4036163583,"properties":{"amenity":"marketplace","@type":"node","@id":4036163583},"geometry":{"type":"Point","coordinates":[100.9281773,12.8923651]}},{"type":"Feature","id":4510265274,"properties":{"amenity":"marketplace","opening_hours":"Mo-Su 09:00-20:00","@type":"node","@id":4510265274},"geometry":{"type":"Point","coordinates":[100.8786645,12.9205771]}},{"type":"Feature","id":4594310001,"properties":{"amenity":"marketplace","@type":"node","@id":4594310001},"geometry":{"type":"Point","coordinates":[101.4384844,13.283134]}},{"type":"Feature","id":4623993858,"properties":{"amenity":"marketplace","@type":"node","@id":4623993858},"geometry":{"type":"Point","coordinates":[101.4900014,12.7891554]}},{"type":"Feature","id":4624016297,"properties":{"amenity":"marketplace","@type":"node","@id":4624016297},"geometry":{"type":"Point","coordinates":[101.3948357,12.7721494]}},{"type":"Feature","id":4626805437,"properties":{"addr:country":"Thailand","addr:district":"เมืองระยอง","addr:postcode":"21000","addr:province":"ระยอง","addr:subdistrict":"ท่าประดู่","amenity":"marketplace","country":"ไทย","name":"ตลาดชัยพร","name:en":"Chaiphon Market","name:th":"ตลาดชัยพร","@type":"node","@id":4626805437},"geometry":{"type":"Point","coordinates":[101.2752659,12.6823538]}},{"type":"Feature","id":6694377947,"properties":{"amenity":"marketplace","name":"ืNong Rai Market","@type":"node","@id":6694377947},"geometry":{"type":"Point","coordinates":[100.9209374,13.0917976]}},{"type":"Feature","id":6754003385,"properties":{"amenity":"marketplace","name":"ตลาดโดม","@type":"node","@id":6754003385},"geometry":{"type":"Point","coordinates":[100.9160086,13.1143308]}},{"type":"Feature","id":6783982246,"properties":{"amenity":"marketplace","name":"Suchada Super","phone":"085-5215542","@type":"node","@id":6783982246},"geometry":{"type":"Point","coordinates":[100.9028564,12.675252]}},{"type":"Feature","id":6786732137,"properties":{"amenity":"marketplace","name":"ตลาดสหชัยพัฒนา","@type":"node","@id":6786732137},"geometry":{"type":"Point","coordinates":[100.9023026,12.6727764]}},{"type":"Feature","id":7128660641,"properties":{"amenity":"marketplace","@type":"node","@id":7128660641},"geometry":{"type":"Point","coordinates":[101.9404312,13.0783652]}},{"type":"Feature","id":9674828566,"properties":{"amenity":"marketplace","@type":"node","@id":9674828566},"geometry":{"type":"Point","coordinates":[100.9727151,13.0944289]}},{"type":"Feature","id":9808625595,"properties":{"amenity":"marketplace","@type":"node","@id":9808625595},"geometry":{"type":"Point","coordinates":[101.7386391,12.8590488]}},{"type":"Feature","id":11361612270,"properties":{"amenity":"marketplace","name":"ตาลาดชุมชนจีนโบราณบ้านชากแง้ว","name:en":"Ban Chak Ngaeo Antique Chinese Market","name:ru":"Китайский рынок","opening_hours":"Sa 17:00-23:00","@type":"node","@id":11361612270},"geometry":{"type":"Point","coordinates":[100.9652482,12.8333706]}},{"type":"Feature","id":11703514762,"properties":{"amenity":"marketplace","name":"Chill House","@type":"node","@id":11703514762},"geometry":{"type":"Point","coordinates":[100.9333992,13.0524538]}},{"type":"Feature","id":11708223138,"properties":{"amenity":"marketplace","@type":"node","@id":11708223138},"geometry":{"type":"Point","coordinates":[100.9267837,13.0491069]}},{"type":"Feature","id":11773916240,"properties":{"amenity":"marketplace","@type":"node","@id":11773916240},"geometry":{"type":"Point","coordinates":[100.9686724,13.3191613]}},{"type":"Feature","id":11794989390,"properties":{"amenity":"marketplace","name":"Crab, shrimp market","@type":"node","@id":11794989390},"geometry":{"type":"Point","coordinates":[101.2015621,12.6691602]}},{"type":"Feature","id":11799367202,"properties":{"amenity":"marketplace","name":"Big Market","@type":"node","@id":11799367202},"geometry":{"type":"Point","coordinates":[100.9598507,13.1435716]}},{"type":"Feature","id":11799377650,"properties":{"amenity":"marketplace","@type":"node","@id":11799377650},"geometry":{"type":"Point","coordinates":[100.959987,13.1430734]}},{"type":"Feature","id":11812692217,"properties":{"amenity":"marketplace","@type":"node","@id":11812692217},"geometry":{"type":"Point","coordinates":[100.9994588,13.1254376]}},{"type":"Feature","id":11816789552,"properties":{"amenity":"marketplace","@type":"node","@id":11816789552},"geometry":{"type":"Point","coordinates":[101.6119993,12.6520982]}},{"type":"Feature","id":11838873129,"properties":{"amenity":"marketplace","@type":"node","@id":11838873129},"geometry":{"type":"Point","coordinates":[101.9363599,12.7257054]}},{"type":"Feature","id":11853986226,"properties":{"amenity":"marketplace","@type":"node","@id":11853986226},"geometry":{"type":"Point","coordinates":[101.6715354,12.9888238]}},{"type":"Feature","id":11879536286,"properties":{"amenity":"marketplace","@type":"node","@id":11879536286},"geometry":{"type":"Point","coordinates":[100.9144415,12.8843493]}},{"type":"Feature","id":11923014434,"properties":{"amenity":"marketplace","@type":"node","@id":11923014434},"geometry":{"type":"Point","coordinates":[100.8898477,12.7271281]}},{"type":"Feature","id":12304060331,"properties":{"amenity":"marketplace","name":"Primo Market","@type":"node","@id":12304060331},"geometry":{"type":"Point","coordinates":[100.9068091,12.8950657]}},{"type":"Feature","id":12546482501,"properties":{"amenity":"marketplace","name:en":"Night market","opening_hours":"Mo-Su 16:00-21:00","@type":"node","@id":12546482501},"geometry":{"type":"Point","coordinates":[101.0661508,13.6824816]}},{"type":"Feature","id":12801651318,"properties":{"addr:country":"Thailand","addr:district":"บ้านฉาง","addr:postcode":"21130","addr:province":"ระยอง","addr:subdistrict":"บ้านฉาง","alt_name":"Banchang Market","amenity":"marketplace","country":"ไทย","name":"ตลาดกลางบ้านฉาง","name:en":"Banchang Market","name:th":"ตลาดกลางบ้านฉาง","province":"ระยอง","@type":"node","@id":12801651318},"geometry":{"type":"Point","coordinates":[101.0631808,12.7280552]}},{"type":"Feature","id":13404196760,"properties":{"amenity":"marketplace","name":"Amon City Market","name:en":"Amon City Market","name:ru":"Ночной рынок на Наклуа","@type":"node","@id":13404196760},"geometry":{"type":"Point","coordinates":[100.9067148,12.9710397]}},{"type":"Feature","id":13793775551,"properties":{"amenity":"marketplace","name":"ตลาดนัดโป่งสเก็ต","@type":"node","@id":13793775551},"geometry":{"type":"Point","coordinates":[101.070615,13.0087568]}},{"type":"Feature","id":13961815637,"properties":{"amenity":"marketplace","name":"Star night bazaar","opening_hours":"16:00-22:00","@type":"node","@id":13961815637},"geometry":{"type":"Point","coordinates":[101.2710094,12.6838171]}},{"type":"Feature","id":13981850001,"properties":{"amenity":"marketplace","name":"Star night bazaar","@type":"node","@id":13981850001},"geometry":{"type":"Point","coordinates":[101.2711548,12.683741]}},{"type":"Feature","id":14128767739,"properties":{"amenity":"marketplace","name":"ตลาดสดนายายอาม","name:en":"Na Yai Am Fresh Market","opening_hours":"Mo-So 09:00-17:00","@type":"node","@id":14128767739},"geometry":{"type":"Point","coordinates":[101.8228549,12.7805665]}},{"type":"Feature","id":14159395971,"properties":{"amenity":"marketplace","name":"ตลาดชากแง้ว วันเสาร์","name:de":"Chak Ngaeo Samstagsmarkt","name:en":"Chak Ngaeo Saturday Market","opening_hours":"Sa 16:00-20:00","@type":"node","@id":14159395971},"geometry":{"type":"Point","coordinates":[100.9643393,12.8331407]}},{"type":"Feature","id":14181577210,"properties":{"addr:country":"Thailand","addr:district":"บ้านฉาง","addr:postcode":"21130","addr:province":"ระยอง","addr:subdistrict":"บ้านฉาง","alt_name":"ตลาดนัดไททนุ","alt_name:th":"ตลาดนัดไททนุ","amenity":"marketplace","country":"ไทย","description":"ตลาดสด(บ่าย)ไททนุบ้านฉาง Thai Tanu Market, Ban Chang ตลาดนัดมีบางวัน เช่น เสาร์ อาทิตย์ จันทร์ พฤหัส ศุกร์","name":"ตลาดสดไททนุบ้านฉาง","name:en":"Thai Tanu Market","name:th":"ตลาดสดไททนุบ้านฉาง","@type":"node","@id":14181577210},"geometry":{"type":"Point","coordinates":[101.0620372,12.7264139]}},{"type":"Feature","id":27487186,"properties":{"addr:street":"พัทยาสายสอง","amenity":"marketplace","building":"yes","name":"ตลาดหงตุลา","name:en":"Hong Tu La Night Market","@type":"way","@id":27487186},"geometry":{"type":"Point","coordinates":[100.8883632,12.9473815]}},{"type":"Feature","id":115741954,"properties":{"amenity":"marketplace","building":"yes","@type":"way","@id":115741954},"geometry":{"type":"Point","coordinates":[101.1813572,13.4444973]}},{"type":"Feature","id":115877585,"properties":{"amenity":"marketplace","building":"yes","@type":"way","@id":115877585},"geometry":{"type":"Point","coordinates":[101.1809078,13.4443822]}},{"type":"Feature","id":143952397,"properties":{"amenity":"marketplace","@type":"way","@id":143952397},"geometry":{"type":"Point","coordinates":[100.8803748,12.9147892]}},{"type":"Feature","id":153537963,"properties":{"addr:housenumber":"13","addr:postcode":"20150","addr:street":"พัทยา 13","amenity":"marketplace","building":"yes","name":"Windy Plaza","name:th":"วิสดี้ พลาซ่า","@type":"way","@id":153537963},"geometry":{"type":"Point","coordinates":[100.8794324,12.9314007]}},{"type":"Feature","id":155403366,"properties":{"amenity":"marketplace","building":"roof","name":"ตลาดสดสิรัชชา","source":"Bing","@type":"way","@id":155403366},"geometry":{"type":"Point","coordinates":[101.0409381,13.4257183]}},{"type":"Feature","id":165977248,"properties":{"amenity":"marketplace","building":"yes","name":"Pattaya Night Bazaar","name:ja":"パタヤ ナイト バザール","name:ko":"라호르의 파타야 바자","name:ru":"Паттайя Найт Базар","name:th":"พัทยาไนท์บาซาร์","name:zh":"芭堤雅夜市","opening_hours":"Mo-Su 11:00-23:00","website":"https://www.pattayanightbazaar.com/","@type":"way","@id":165977248},"geometry":{"type":"Point","coordinates":[100.8845093,12.9323225]}},{"type":"Feature","id":167314167,"properties":{"amenity":"marketplace","building":"yes","name":"Made In Thailand Night Plaza","name:ja":"メイド・イン・タイランド ナイト プラザ","@type":"way","@id":167314167},"geometry":{"type":"Point","coordinates":[100.8846829,12.9325478]}},{"type":"Feature","id":170594051,"properties":{"addr:street":"Soi Buakhao","alt_name":"Soi Buakhao Market","amenity":"marketplace","building":"roof","name":"Bua Khao Market","opening_hours":"Th-Fr 10:00-16:00","@type":"way","@id":170594051},"geometry":{"type":"Point","coordinates":[100.8798532,12.9246217]}},{"type":"Feature","id":200085658,"properties":{"amenity":"marketplace","building":"roof","level":"1","name":"Duck Square","@type":"way","@id":200085658},"geometry":{"type":"Point","coordinates":[100.892668,12.9168188]}},{"type":"Feature","id":265495479,"properties":{"amenity":"marketplace","area":"yes","@type":"way","@id":265495479},"geometry":{"type":"Point","coordinates":[101.2614672,12.6640736]}},{"type":"Feature","id":270429687,"properties":{"amenity":"marketplace","note":"fruit market","@type":"way","@id":270429687},"geometry":{"type":"Point","coordinates":[101.3492816,12.6468595]}},{"type":"Feature","id":275677822,"properties":{"amenity":"marketplace","building":"roof","name":"Grand Hall Market","opening_hours":"Mo-Su 09:00-17:00","shop":"second_hand","@type":"way","@id":275677822},"geometry":{"type":"Point","coordinates":[100.8788958,12.9245839]}},{"type":"Feature","id":278903890,"properties":{"amenity":"marketplace","name":"Wang Muk Market","name:th":"ตลาดนัดวังมุขแลนด์","@type":"way","@id":278903890},"geometry":{"type":"Point","coordinates":[100.9299437,13.2871089]}},{"type":"Feature","id":305417056,"properties":{"amenity":"marketplace","name":"Thepprasit Night Market","name:ru":"Ночной рынок","name:th":"ตลาดเทพประสิทธิ์","opening_hours":"Fr-Su 17:00-23:00","organic":"yes","tourism":"yes","@type":"way","@id":305417056},"geometry":{"type":"Point","coordinates":[100.8930075,12.9083941]}},{"type":"Feature","id":307546382,"properties":{"amenity":"marketplace","name":"Rom Pho Market","@type":"way","@id":307546382},"geometry":{"type":"Point","coordinates":[100.872929,12.898508]}},{"type":"Feature","id":307546385,"properties":{"amenity":"marketplace","landuse":"retail","name":"Jomtien Night Market","tourism":"yes","@type":"way","@id":307546385},"geometry":{"type":"Point","coordinates":[100.8745967,12.8917424]}},{"type":"Feature","id":311526146,"properties":{"amenity":"marketplace","name":"Sopon market","@type":"way","@id":311526146},"geometry":{"type":"Point","coordinates":[100.8789615,12.9199463]}},{"type":"Feature","id":311526196,"properties":{"amenity":"marketplace","building":"roof","layer":"1","name":"ตลาดวัดชัยมงคล","name:en":"Wat Chai Mongkhon Market","name:ru":"Рынок у храма Монгхон","@type":"way","@id":311526196},"geometry":{"type":"Point","coordinates":[100.8764425,12.9243703]}},{"type":"Feature","id":311769651,"properties":{"amenity":"marketplace","building":"roof","@type":"way","@id":311769651},"geometry":{"type":"Point","coordinates":[100.9090341,12.8390663]}},{"type":"Feature","id":319067083,"properties":{"amenity":"marketplace","name":"Wadtham Market","name:th":"วัดตลาด","organic":"yes","@type":"way","@id":319067083},"geometry":{"type":"Point","coordinates":[100.897778,12.9162475]}},{"type":"Feature","id":319371429,"properties":{"amenity":"marketplace","@type":"way","@id":319371429},"geometry":{"type":"Point","coordinates":[100.8832996,12.9190204]}},{"type":"Feature","id":321636751,"properties":{"amenity":"marketplace","building":"yes","name:en":"Night market","@type":"way","@id":321636751},"geometry":{"type":"Point","coordinates":[100.891173,12.9650074]}},{"type":"Feature","id":322203165,"properties":{"amenity":"marketplace","building":"roof","name":"Fruit Market","name:ja":"果物市場","@type":"way","@id":322203165},"geometry":{"type":"Point","coordinates":[100.8817932,12.9312031]}},{"type":"Feature","id":322432100,"properties":{"amenity":"marketplace","building:levels":"1","name":"Market","@type":"way","@id":322432100},"geometry":{"type":"Point","coordinates":[100.9432133,13.0188819]}},{"type":"Feature","id":336954442,"properties":{"amenity":"marketplace","food_court":"yes","opening_hours":"17:00-22:00","@type":"way","@id":336954442},"geometry":{"type":"Point","coordinates":[100.8837784,12.8896238]}},{"type":"Feature","id":336979642,"properties":{"amenity":"marketplace","organic":"yes","@type":"way","@id":336979642},"geometry":{"type":"Point","coordinates":[100.9126759,12.8407194]}},{"type":"Feature","id":338786753,"properties":{"amenity":"marketplace","building":"commercial","name":"Ratanakorn Market Thepprasit","name:ru":"Рынок Ратанакорн","opening_hours":"Mo-Su 05:00-18:00","@type":"way","@id":338786753},"geometry":{"type":"Point","coordinates":[100.8769644,12.9039657]}},{"type":"Feature","id":352306910,"properties":{"addr:street":"ถนนสุขุมวิท","amenity":"marketplace","name":"ตลาดสดบางพระ","@type":"way","@id":352306910},"geometry":{"type":"Point","coordinates":[100.9426301,13.2134164]}},{"type":"Feature","id":363719863,"properties":{"amenity":"marketplace","building":"yes","name":"LanPao Naklua Market","name:en":"Lan Pho Market","name:ko":"나끄아 수산시장","name:ru":"Рыбный рынок","name:th":"ตลาดลานโพธิ์นาเกลือ","@type":"way","@id":363719863},"geometry":{"type":"Point","coordinates":[100.9064243,12.9734398]}},{"type":"Feature","id":393715409,"properties":{"amenity":"marketplace","building":"yes","@type":"way","@id":393715409},"geometry":{"type":"Point","coordinates":[101.442061,12.6281899]}},{"type":"Feature","id":415467999,"properties":{"amenity":"marketplace","name":"Naklua Fresh Market","name:ru":"рынок Наклуа","@type":"way","@id":415467999},"geometry":{"type":"Point","coordinates":[100.9070648,12.9694931]}},{"type":"Feature","id":441124927,"properties":{"amenity":"marketplace","name":"Market","@type":"way","@id":441124927},"geometry":{"type":"Point","coordinates":[100.9326667,13.0189073]}},{"type":"Feature","id":445321130,"properties":{"amenity":"marketplace","name":"Flea Market","name:ru":"Блошиный рынок","opening_hours":"Fr-Su 18:00-23:00","second_hand":"yes","@type":"way","@id":445321130},"geometry":{"type":"Point","coordinates":[100.8888998,12.9081902]}},{"type":"Feature","id":460984637,"properties":{"amenity":"marketplace","name":"ตลาดนัดคลองถม พัทยา","name:en":"Khlong Thom Market Pattaya","name:th":"ตลาดนัดคลองถม พัทยา","opening_hours":"Sa-Su","@type":"way","@id":460984637},"geometry":{"type":"Point","coordinates":[100.9084387,12.9564961]}},{"type":"Feature","id":465344046,"properties":{"amenity":"marketplace","name":"ตลาดโรงเพชร","name:th":"ตลาดโรงเพชร","@type":"way","@id":465344046},"geometry":{"type":"Point","coordinates":[100.9045949,12.9085749]}},{"type":"Feature","id":465349386,"properties":{"amenity":"marketplace","@type":"way","@id":465349386},"geometry":{"type":"Point","coordinates":[100.9174441,12.8164909]}},{"type":"Feature","id":465570907,"properties":{"amenity":"marketplace","@type":"way","@id":465570907},"geometry":{"type":"Point","coordinates":[100.9023931,12.882757]}},{"type":"Feature","id":465570910,"properties":{"amenity":"marketplace","@type":"way","@id":465570910},"geometry":{"type":"Point","coordinates":[100.9033288,12.8815667]}},{"type":"Feature","id":473001373,"properties":{"amenity":"marketplace","building":"retail","name":"Market Photisarn","name:th":"ตลาดโพธิสาร","@type":"way","@id":473001373},"geometry":{"type":"Point","coordinates":[100.8986751,12.9554148]}},{"type":"Feature","id":473001374,"properties":{"amenity":"marketplace","building":"retail","@type":"way","@id":473001374},"geometry":{"type":"Point","coordinates":[100.8984943,12.9555523]}},{"type":"Feature","id":485642452,"properties":{"amenity":"marketplace","building":"roof","name":"ตลาดศรีเจริญทอง","source":"Bing","@type":"way","@id":485642452},"geometry":{"type":"Point","coordinates":[101.030218,13.4424972]}},{"type":"Feature","id":611001479,"properties":{"amenity":"marketplace","name":"ตลาดอาหารทะเลอ่างศิลา","name:en":"Angsila Seafood Market","name:th":"ตลาดอาหารทะเลอ่างศิลา","@type":"way","@id":611001479},"geometry":{"type":"Point","coordinates":[100.9242632,13.3382879]}},{"type":"Feature","id":707450629,"properties":{"amenity":"marketplace","building":"yes","name":"Olida Market","@type":"way","@id":707450629},"geometry":{"type":"Point","coordinates":[101.2860006,12.6853264]}},{"type":"Feature","id":730028400,"properties":{"amenity":"marketplace","name":"ตลาดโต้รุ่ง เทศบ้นเทิง","@type":"way","@id":730028400},"geometry":{"type":"Point","coordinates":[101.2806758,12.6823246]}},{"type":"Feature","id":730226338,"properties":{"amenity":"marketplace","area":"commercial","name":"ตลาดธนา","name:en":"Thana Market Center","name:th":"ตลาดธนา","@type":"way","@id":730226338},"geometry":{"type":"Point","coordinates":[100.9703509,13.3491856]}},{"type":"Feature","id":730819377,"properties":{"amenity":"marketplace","name":"Chor Supermarket","@type":"way","@id":730819377},"geometry":{"type":"Point","coordinates":[100.9684532,13.3384347]}},{"type":"Feature","id":756917252,"properties":{"amenity":"marketplace","building":"yes","name":"ตลาดสดเทศบาลเมืองศรีราชา","name:ja":"スリラチャ市営生鮮市場","@type":"way","@id":756917252},"geometry":{"type":"Point","coordinates":[100.9230675,13.1644717]}},{"type":"Feature","id":756917334,"properties":{"amenity":"marketplace","name":"ตลาดสดศรีราชา","name:ja":"シラチャ生鮮市場","@type":"way","@id":756917334},"geometry":{"type":"Point","coordinates":[100.9225532,13.1638185]}},{"type":"Feature","id":761772287,"properties":{"amenity":"marketplace","name":"ตลาดวรกิจพลาซ่า 2","name:en":"Worakit Plaza Market 2","@type":"way","@id":761772287},"geometry":{"type":"Point","coordinates":[100.9339446,13.1508126]}},{"type":"Feature","id":771224546,"properties":{"amenity":"marketplace","building:levels":"1","name":"น้องแนนกุ้งสด","name:en":"Nong Nan Fresh Shrimp","@type":"way","@id":771224546},"geometry":{"type":"Point","coordinates":[100.9235905,13.3317039]}},{"type":"Feature","id":771228738,"properties":{"amenity":"marketplace","building":"retail","building:levels":"1","@type":"way","@id":771228738},"geometry":{"type":"Point","coordinates":[100.9231179,13.3296936]}},{"type":"Feature","id":800542422,"properties":{"amenity":"marketplace","name":"ตลาดนัดชากค้อ","opening_hours":"Th,Su 14:45-20:00","organic":"no","@type":"way","@id":800542422},"geometry":{"type":"Point","coordinates":[100.9584014,13.1472224]}},{"type":"Feature","id":807580452,"properties":{"amenity":"marketplace","building":"yes","fixme:name":"the name might not be correct","layer":"1","location":"surface","name":"Ban Phe Supermarket","source":"Bing","@type":"way","@id":807580452},"geometry":{"type":"Point","coordinates":[101.4262226,12.6217582]}},{"type":"Feature","id":822483486,"properties":{"addr:district":"Bang Bo","addr:postcode":"24140","addr:province":"Samut Prakan","addr:subdistrict":"Khlong Suan","amenity":"marketplace","building":"house","name":"ตลาดคลองสวน๑๐๐ปี สมุทรปราการ","name:en":"Hundred Years Market","@type":"way","@id":822483486},"geometry":{"type":"Point","coordinates":[100.9538577,13.6624905]}},{"type":"Feature","id":951357124,"properties":{"amenity":"marketplace","@type":"way","@id":951357124},"geometry":{"type":"Point","coordinates":[101.0542992,13.6934631]}},{"type":"Feature","id":951487722,"properties":{"amenity":"marketplace","@type":"way","@id":951487722},"geometry":{"type":"Point","coordinates":[101.0656852,13.6749146]}},{"type":"Feature","id":1012471862,"properties":{"amenity":"marketplace","name":"เดอะบิ๊กมาร์เก็ต","name:en":"The Big Market Jomtien","name:ru":"Большой Джомтьеновский рынок","name:th":"เดอะบิ๊กมาร์เก็ต","opening_hours":"Mo-Su 17:00-23:00","@type":"way","@id":1012471862},"geometry":{"type":"Point","coordinates":[100.8901997,12.8737431]}},{"type":"Feature","id":1134550298,"properties":{"amenity":"marketplace","building":"pavilion","name":"ตลาดทรัพย์สินพระมหากษัตริย์","@type":"way","@id":1134550298},"geometry":{"type":"Point","coordinates":[101.0792389,13.6910917]}},{"type":"Feature","id":1135456902,"properties":{"addr:city":"ชุมแสง","addr:country":"ไทย","addr:district":"วังจันทร์","addr:postcode":"21210","addr:province":"ระยอง","addr:street":"ถนนบ้านบึง-แกลง","addr:subdistrict":"ชุมแสง","amenity":"marketplace","country":"ไทย","name":"ตลาดสดชุมแสง","name:en":"Chum Saeng Market","name:th":"ตลาดสดชุมแสง","opening_hours":"sunrise-sunset","@type":"way","@id":1135456902},"geometry":{"type":"Point","coordinates":[101.5235103,12.9387668]}},{"type":"Feature","id":1148463842,"properties":{"amenity":"marketplace","building":"roof","name":"ตลาดรัตนากรวนาสินธิ์","name:en":"Rattanakornwanasin Market","@type":"way","@id":1148463842},"geometry":{"type":"Point","coordinates":[100.9212432,12.9399058]}},{"type":"Feature","id":1151431029,"properties":{"amenity":"marketplace","building":"yes","building:levels":"1","name":"ตลาดสดชุมแสง","opening_hours":"sunrise-sunset","@type":"way","@id":1151431029},"geometry":{"type":"Point","coordinates":[101.5232375,12.9389377]}},{"type":"Feature","id":1151431056,"properties":{"addr:country":"Thailand","addr:district":"วังจันทร์","addr:postcode":"21210","addr:province":"ระยอง","addr:province:en":"Rayong","addr:subdistrict":"ชุมแสง","amenity":"marketplace","country":"ไทย","name":"ตลาดวังจันทร์","name:th":"ตลาดวังจันทร์","opening_hours":"sunrise-sunset","province":"ระยอง","@type":"way","@id":1151431056},"geometry":{"type":"Point","coordinates":[101.5243461,12.9329687]}},{"type":"Feature","id":1198860039,"properties":{"amenity":"marketplace","name":"เขาตาโลพลาซ่า","name:en":"Khaotalo Plaza","@type":"way","@id":1198860039},"geometry":{"type":"Point","coordinates":[100.9112363,12.9070299]}},{"type":"Feature","id":1199983658,"properties":{"amenity":"marketplace","name":"Night Market","@type":"way","@id":1199983658},"geometry":{"type":"Point","coordinates":[100.9146808,12.8212391]}},{"type":"Feature","id":1199983661,"properties":{"amenity":"marketplace","building":"roof","name":"Food Market","@type":"way","@id":1199983661},"geometry":{"type":"Point","coordinates":[100.9145915,12.8207602]}},{"type":"Feature","id":1200967778,"properties":{"amenity":"marketplace","@type":"way","@id":1200967778},"geometry":{"type":"Point","coordinates":[100.8865364,12.9651642]}},{"type":"Feature","id":1201734797,"properties":{"amenity":"marketplace","name":"New Plaza","@type":"way","@id":1201734797},"geometry":{"type":"Point","coordinates":[100.8875106,12.9344114]}},{"type":"Feature","id":1201734798,"properties":{"amenity":"marketplace","name":"Buakhao Market","@type":"way","@id":1201734798},"geometry":{"type":"Point","coordinates":[100.8865376,12.9329235]}},{"type":"Feature","id":1201740796,"properties":{"amenity":"marketplace","name":"Ginplern Night Market","@type":"way","@id":1201740796},"geometry":{"type":"Point","coordinates":[100.8929201,12.9288152]}},{"type":"Feature","id":1202712500,"properties":{"amenity":"marketplace","name":"ตลาดสวัสดี","name:en":"Sawadee Market","@type":"way","@id":1202712500},"geometry":{"type":"Point","coordinates":[100.898544,12.9377205]}},{"type":"Feature","id":1205439246,"properties":{"amenity":"marketplace","name":"ใหญ่มากมาร์เก็ต","name:en":"Yai Mak Market","name:ru":"Новый ночной рынок","name:th":"ใหญ่มากมาร์เก็ต","@type":"way","@id":1205439246},"geometry":{"type":"Point","coordinates":[100.8812096,12.884085]}},{"type":"Feature","id":1206323236,"properties":{"amenity":"marketplace","building":"retail","name":"Villa Market","@type":"way","@id":1206323236},"geometry":{"type":"Point","coordinates":[100.9045326,12.9356226]}},{"type":"Feature","id":1219461595,"properties":{"amenity":"marketplace","building":"roof","name":"เสื้อผ้าไร่วนาสิน","name:en":"Rai Vanasin Night Market","@type":"way","@id":1219461595},"geometry":{"type":"Point","coordinates":[100.9198844,12.9400086]}},{"type":"Feature","id":1241949491,"properties":{"amenity":"marketplace","name":"ตลาดนัดหน้าวัดใหม่สำราญ","name:en":"Na Wat Market","name:th":"ตลาดนัดหน้าวัดใหม่สำราญ","@type":"way","@id":1241949491},"geometry":{"type":"Point","coordinates":[100.7877125,12.9212021]}},{"type":"Feature","id":1259402922,"properties":{"amenity":"marketplace","landuse":"retail","name":"ตลาดใหม่ชลบุรี","name:th":"ตลาดใหม่ชลบุรี","@type":"way","@id":1259402922},"geometry":{"type":"Point","coordinates":[100.9913456,13.3743049]}},{"type":"Feature","id":1259402923,"properties":{"amenity":"marketplace","landuse":"retail","name":"ตลาดใหม่พงษ์ศักดิ์ (โต้รุ่ง)","@type":"way","@id":1259402923},"geometry":{"type":"Point","coordinates":[100.9892488,13.3746008]}},{"type":"Feature","id":1265984509,"properties":{"amenity":"marketplace","name":"Food market","@type":"way","@id":1265984509},"geometry":{"type":"Point","coordinates":[101.2037955,12.6888966]}},{"type":"Feature","id":1306083318,"properties":{"amenity":"marketplace","name":"Pratamnak Night Market","@type":"way","@id":1306083318},"geometry":{"type":"Point","coordinates":[100.8634404,12.9125462]}},{"type":"Feature","id":1326196698,"properties":{"amenity":"marketplace","name":"ตลาดบ่อบัว","name:th":"ตลาดบ่อบัว","@type":"way","@id":1326196698},"geometry":{"type":"Point","coordinates":[101.0791938,13.6926588]}},{"type":"Feature","id":1337367850,"properties":{"amenity":"marketplace","landuse":"retail","name":"ตลาดทรงชัย","name:th":"ตลาดทรงชัย","@type":"way","@id":1337367850},"geometry":{"type":"Point","coordinates":[101.0562953,13.6708359]}},{"type":"Feature","id":1408384369,"properties":{"amenity":"marketplace","name":"ตลาดโต้รุ่งอ่าวอุดม","name:en":"Ao Udom Night Market","name:th":"ตลาดโต้รุ่งอ่าวอุดม","@type":"way","@id":1408384369},"geometry":{"type":"Point","coordinates":[100.917667,13.1158769]}},{"type":"Feature","id":1408575675,"properties":{"amenity":"marketplace","building":"roof","name":"ตลาดหมู่ย้านอรรถพร","@type":"way","@id":1408575675},"geometry":{"type":"Point","coordinates":[100.9352999,12.9830135]}},{"type":"Feature","id":1410005829,"properties":{"amenity":"marketplace","name":"ตลาดล่าง","name:th":"ตลาดล่าง","@type":"way","@id":1410005829},"geometry":{"type":"Point","coordinates":[100.9852704,13.5037635]}},{"type":"Feature","id":1410027786,"properties":{"amenity":"marketplace","building":"yes","name":"ตลาดลาว","name:en":"Lao Market","name:th":"ตลาดลาว","@type":"way","@id":1410027786},"geometry":{"type":"Point","coordinates":[101.0045536,13.4904012]}},{"type":"Feature","id":1414404092,"properties":{"amenity":"marketplace","name":"ศรีราชา ไนท์ มาร์เก็ต","name:en":"Si Racha Night Market","@type":"way","@id":1414404092},"geometry":{"type":"Point","coordinates":[100.9327019,13.1750319]}},{"type":"Feature","id":1447355227,"properties":{"amenity":"marketplace","@type":"way","@id":1447355227},"geometry":{"type":"Point","coordinates":[101.1173438,13.3952359]}},{"type":"Feature","id":1447355228,"properties":{"amenity":"marketplace","name":"ตลาดนัดสยามนินจา","@type":"way","@id":1447355228},"geometry":{"type":"Point","coordinates":[101.1177591,13.3953078]}},{"type":"Feature","id":1511171558,"properties":{"amenity":"marketplace","name":"ตลดบ่อบัว","@type":"way","@id":1511171558},"geometry":{"type":"Point","coordinates":[101.0790316,13.6928407]}},{"type":"Feature","id":1534662183,"properties":{"amenity":"marketplace","building":"retail","source":"survey;Esri","@type":"way","@id":1534662183},"geometry":{"type":"Point","coordinates":[101.2838142,13.1623276]}},{"type":"Feature","id":1555857164,"properties":{"amenity":"marketplace","name":"ตลาดของฝากอ่างศิลา","name:en":"Ang Sila Local Souvenier Market","@type":"way","@id":1555857164},"geometry":{"type":"Point","coordinates":[100.9241918,13.3374758]}},{"type":"Feature","id":1558938771,"properties":{"addr:country":"ไทย","addr:district":"บ้านฉาง","addr:postcode":"21130","addr:province":"ระยอง","addr:street":"ถนนเทศบาล 31","addr:subdistrict":"บ้านฉาง","alt_name":"Banchang Market","alt_name:en":"Banchang Market","amenity":"marketplace","loc_name":"ตลาดบ้านฉาง","loc_name:th":"ตลาดบ้านฉาง","name":"ตลาดเทพจินดา","name:en":"Thep Chinda Market","name:th":"ตลาดเทพจินดา","@type":"way","@id":1558938771},"geometry":{"type":"Point","coordinates":[101.0541396,12.7249897]}},{"type":"Feature","id":1558939600,"properties":{"addr:country":"Thailand","addr:district":"นิคมพัฒนา","addr:postcode":"21180","addr:province":"ระยอง","addr:subdistrict":"นิคมพัฒนา","alt_name":"Nikhom Phatthana Market","amenity":"marketplace","country":"ไทย","name":"ตลาดใหม่นิคมพัฒนา","name:en":"Nikhom Phatthana Market","name:th":"ตลาดใหม่นิคมพัฒนา","@type":"way","@id":1558939600},"geometry":{"type":"Point","coordinates":[101.204892,12.8325095]}},{"type":"Feature","id":1559887302,"properties":{"addr:country":"Thailand","addr:district":"นิคมพัฒนา","addr:postcode":"21180","addr:province":"ระยอง","addr:subdistrict":"นิคมพัฒนา","amenity":"marketplace","name":"ตลาดสดรุ่งเจริญ 4","name:th":"ตลาดสดรุ่งเจริญ 4","@type":"way","@id":1559887302},"geometry":{"type":"Point","coordinates":[101.1700747,12.8486797]}},{"type":"Feature","id":1561283333,"properties":{"addr:country":"Thailand","addr:district":"ปลวกแดง","addr:postcode":"21140","addr:province":"ระยอง","addr:subdistrict":"มาบยางพร","addr:subdistrict:en":"Map Yang Phon","alt_name":"Map Yang Phon market","amenity":"marketplace","country":"ไทย","name":"ตลาดมาบยางพร","name:en":"Map Yang Phon market","name:th":"ตลาดมาบยางพร","@type":"way","@id":1561283333},"geometry":{"type":"Point","coordinates":[101.1340997,12.9880029]}},{"type":"Feature","id":1564860010,"properties":{"amenity":"marketplace","name":"ตลาดวัดลุ่ม","name:en":"Wat Lum Market","@type":"way","@id":1564860010},"geometry":{"type":"Point","coordinates":[101.2806157,12.6791123]}},{"type":"Feature","id":1572087156,"properties":{"amenity":"marketplace","name":"ตลาดสด","name:en":"Fresh Market","name:th":"ตลาดสด","@type":"node","@id":1572087156},"geometry":{"type":"Point","coordinates":[99.9449223,13.4614253]}},{"type":"Feature","id":1937623995,"properties":{"amenity":"marketplace","name":"ตลาดสดวัดต้นสน","@type":"node","@id":1937623995},"geometry":{"type":"Point","coordinates":[99.9818957,13.2114584]}},{"type":"Feature","id":3973523281,"properties":{"amenity":"marketplace","name":"Cha-am Night Market","opening_hours":"We 17:00-22:00","tourism":"attraction","@type":"node","@id":3973523281},"geometry":{"type":"Point","coordinates":[99.9667798,12.7991378]}},{"type":"Feature","id":4063219058,"properties":{"amenity":"marketplace","name":"ตลาดฉัตรศิลา","name:en":"Chatsila Market","name:th":"ตลาดฉัตรศิลา","tourism":"attraction","@type":"node","@id":4063219058},"geometry":{"type":"Point","coordinates":[99.9560959,12.5710649]}},{"type":"Feature","id":4733488526,"properties":{"amenity":"marketplace","name":"ตลาดนัด","name:en":"Market Fair","name:th":"ตลาดนัด","@type":"node","@id":4733488526},"geometry":{"type":"Point","coordinates":[99.9853859,12.3894364]}},{"type":"Feature","id":4742318222,"properties":{"amenity":"marketplace","@type":"node","@id":4742318222},"geometry":{"type":"Point","coordinates":[99.9292859,12.8315204]}},{"type":"Feature","id":4750061978,"properties":{"amenity":"marketplace","name":"ตลาดสดเทศบาลตำบลนายาง","name:en":"Fresh Market Na Yang","name:th":"ตลาดสดเทศบาลตำบลนายาง","@type":"node","@id":4750061978},"geometry":{"type":"Point","coordinates":[99.9326504,12.8392774]}},{"type":"Feature","id":4750390272,"properties":{"amenity":"marketplace","@type":"node","@id":4750390272},"geometry":{"type":"Point","coordinates":[99.9547611,12.7185814]}},{"type":"Feature","id":5177633519,"properties":{"amenity":"marketplace","@type":"node","@id":5177633519},"geometry":{"type":"Point","coordinates":[99.9014846,12.5682624]}},{"type":"Feature","id":7076938557,"properties":{"amenity":"marketplace","fuel:cng":"yes","@type":"node","@id":7076938557},"geometry":{"type":"Point","coordinates":[99.8260483,13.3047433]}},{"type":"Feature","id":9234277619,"properties":{"amenity":"marketplace","@type":"node","@id":9234277619},"geometry":{"type":"Point","coordinates":[99.5333704,12.5838903]}},{"type":"Feature","id":11886375816,"properties":{"amenity":"marketplace","name":"ตลาดอาหารทะเลปูชัก","name:en":"Pu Chak Seafood Market","name:th":"ตลาดอาหารทะเลปูชัก","@type":"node","@id":11886375816},"geometry":{"type":"Point","coordinates":[99.9921572,12.8177436]}},{"type":"Feature","id":12148823902,"properties":{"amenity":"marketplace","name:en":"Night market","opening_hours":"Sa 17:00-22:00","@type":"node","@id":12148823902},"geometry":{"type":"Point","coordinates":[99.9494496,13.0991682]}},{"type":"Feature","id":12999319003,"properties":{"amenity":"marketplace","name":"ตลาดวัดหนองส้ม","name:en":"Wat Nong Som Market","name:th":"ตลาดวัดหนองส้ม","@type":"node","@id":12999319003},"geometry":{"type":"Point","coordinates":[99.8251795,13.2651106]}},{"type":"Feature","id":13512084149,"properties":{"addr:district":"Mueang Samut Songkhram","addr:postcode":"75000","addr:province":"Samut Songkhram","addr:subdistrict":"Mae Klong","amenity":"marketplace","name":"ตลาดรถไฟแม่กลอง","name:en":"Maeklong Railway Market","opening_hours":"Mo-Su 07:00-16:00","@type":"node","@id":13512084149},"geometry":{"type":"Point","coordinates":[99.9984791,13.4075514]}},{"type":"Feature","id":205714164,"properties":{"amenity":"marketplace","building":"yes","name":"ตลาดสดเทศบาล","name:th":"ตลาดสดเทศบาล","@type":"way","@id":205714164},"geometry":{"type":"Point","coordinates":[99.9995021,13.4071416]}},{"type":"Feature","id":244789067,"properties":{"amenity":"marketplace","building":"roof","name:signed":"no","@type":"way","@id":244789067},"geometry":{"type":"Point","coordinates":[99.9472368,13.1117095]}},{"type":"Feature","id":244793151,"properties":{"amenity":"marketplace","building":"roof","@type":"way","@id":244793151},"geometry":{"type":"Point","coordinates":[99.9497621,13.1071537]}},{"type":"Feature","id":244793159,"properties":{"amenity":"marketplace","@type":"way","@id":244793159},"geometry":{"type":"Point","coordinates":[99.9495563,13.1061615]}},{"type":"Feature","id":281983337,"properties":{"amenity":"marketplace","area":"yes","name":"ตลาดนัดหัวนา","name:en":"Hua Na Market","name:th":"ตลาดนัดหัวนา","@type":"way","@id":281983337},"geometry":{"type":"Point","coordinates":[99.9599119,12.532756]}},{"type":"Feature","id":302549532,"properties":{"amenity":"marketplace","building":"yes","name":"Nong Phlap fresh market","opening_hours":"\"tue: 06:00-09:00, thu: 15:00-18:00, sat: 15:00-18:00\"","@type":"way","@id":302549532},"geometry":{"type":"Point","coordinates":[99.7323628,12.5878332]}},{"type":"Feature","id":312971398,"properties":{"amenity":"marketplace","building":"yes","name":"ตลาดรถไฟ","name:en":"Rotfai Market","name:th":"ตลาดรถไฟ","@type":"way","@id":312971398},"geometry":{"type":"Point","coordinates":[99.9285163,12.3878371]}},{"type":"Feature","id":339888290,"properties":{"amenity":"marketplace","building":"roof","layer":"1","name":"ตลาดฉัตรไชย","name:en":"Chatchai Market","name:th":"ตลาดฉัตรไชย","@type":"way","@id":339888290},"geometry":{"type":"Point","coordinates":[99.9558505,12.571858]}},{"type":"Feature","id":387801832,"properties":{"amenity":"marketplace","building":"yes","name":"ตลาดมีสุข","name:en":"Me Sook Fresh Market","name:th":"ตลาดมีสุข","@type":"way","@id":387801832},"geometry":{"type":"Point","coordinates":[99.9780473,12.8075798]}},{"type":"Feature","id":399264491,"properties":{"amenity":"marketplace","@type":"way","@id":399264491},"geometry":{"type":"Point","coordinates":[99.9505589,13.120861]}},{"type":"Feature","id":409227613,"properties":{"amenity":"marketplace","building":"roof","name":"ตลาดใหม่ไดโนเสาร์","name:en":"New Dinosaur Market","name:th":"ตลาดใหม่ไดโนเสาร์","@type":"way","@id":409227613},"geometry":{"type":"Point","coordinates":[99.9471231,12.5853998]}},{"type":"Feature","id":409227614,"properties":{"amenity":"marketplace","name":"ตลาดนัดแพไม้","name:en":"Phae Mai Market","name:th":"ตลาดนัดแพไม้","@type":"way","@id":409227614},"geometry":{"type":"Point","coordinates":[99.951286,12.5757043]}},{"type":"Feature","id":430460350,"properties":{"amenity":"marketplace","building":"yes","name":"ตลาดสดชะอำ","name:en":"Cha-am Fresh Market","name:th":"ตลาดสดชะอำ","@type":"way","@id":430460350},"geometry":{"type":"Point","coordinates":[99.9668374,12.7956378]}},{"type":"Feature","id":440690743,"properties":{"amenity":"marketplace","name:en":"Afternoon Market","source":"survey","@type":"way","@id":440690743},"geometry":{"type":"Point","coordinates":[99.9808692,13.4199365]}},{"type":"Feature","id":446038518,"properties":{"amenity":"marketplace","building":"roof","@type":"way","@id":446038518},"geometry":{"type":"Point","coordinates":[99.9541794,12.5720446]}},{"type":"Feature","id":451486555,"properties":{"alt_name:th":"ตลาดจั๊กจั่น","amenity":"marketplace","name":"Cicada Market","name:en":"Cicada Market","name:th":"ซิเคด้า มาร์เก็ต","opening_hours":"Fr-Su 16:00-23:00","shop:art":"yes","shop:bags":"yes","shop:clothes":"yes","shop:kiosk":"yes","shop:shoes":"yes","tourism":"attraction","website":"https://www.cicadamarket.com/","wheelchair":"yes","@type":"way","@id":451486555},"geometry":{"type":"Point","coordinates":[99.9662421,12.5344325]}},{"type":"Feature","id":492219951,"properties":{"amenity":"marketplace","building":"yes","name":"ตลาดโต้รุ่ง","name:en":"Night Market","name:th":"ตลาดโต้รุ่ง","@type":"way","@id":492219951},"geometry":{"type":"Point","coordinates":[99.9915869,12.4028057]}},{"type":"Feature","id":492219952,"properties":{"amenity":"marketplace","building":"yes","name":"ตลาดสด","name:en":"Fresh Market","name:th":"ตลาดสด","@type":"way","@id":492219952},"geometry":{"type":"Point","coordinates":[99.9913873,12.4022964]}},{"type":"Feature","id":499351150,"properties":{"amenity":"marketplace","name":"ตลาดร่มหุบ","name:en":"Maeklong Railway Market","name:en1":"Maeklong Railway Market","name:es":"Mae klong. Mercado del tren","name:ru":"Рынок Маеклонг","name:th":"ตลาดร่มหุบ","name:zh":"美功鐵道市場","tourism":"attraction","wikidata":"Q112117516","@type":"way","@id":499351150},"geometry":{"type":"Point","coordinates":[100.0001812,13.407762]}},{"type":"Feature","id":509129426,"properties":{"amenity":"marketplace","building":"yes","name":"ตลาดฉัตรแก้ว","name:en":"Chat Kaeo Market","name:th":"ตลาดฉัตรแก้ว","@type":"way","@id":509129426},"geometry":{"type":"Point","coordinates":[99.9025539,12.3873807]}},{"type":"Feature","id":509129427,"properties":{"amenity":"marketplace","building":"yes","name":"ตลาดโต้รุ่งโก๊แก้ว","name:en":"Ko Kaeo Night Market","name:th":"ตลาดโต้รุ่งโก๊แก้ว","@type":"way","@id":509129427},"geometry":{"type":"Point","coordinates":[99.9029572,12.3850924]}},{"type":"Feature","id":538289604,"properties":{"amenity":"marketplace","name":"ตลาดน้ำท่าค่า","@type":"way","@id":538289604},"geometry":{"type":"Point","coordinates":[99.9950756,13.4716082]}},{"type":"Feature","id":549627984,"properties":{"amenity":"marketplace","name":"ตลาดอาหารทะเลเขาตะเกียบ","name:en":"Khao Takiab Seafood Market","name:th":"ตลาดอาหารทะเลเขาตะเกียบ","@type":"way","@id":549627984},"geometry":{"type":"Point","coordinates":[99.9794631,12.5163842]}},{"type":"Feature","id":981475836,"properties":{"amenity":"marketplace","name":"ตลาดโต้รุ่งหัวหิน","name:en":"Hua Hin Night Market","name:th":"ตลาดโต้รุ่งหัวหิน","name:zh":"華欣夜市","opening_hours":"Mo-Su 16:00-22:00","tourism":"attraction","@type":"way","@id":981475836},"geometry":{"type":"Point","coordinates":[99.9552069,12.571018]}},{"type":"Feature","id":1146131955,"properties":{"amenity":"marketplace","name:en":"Open Air Market","@type":"way","@id":1146131955},"geometry":{"type":"Point","coordinates":[99.8263396,12.556705]}},{"type":"Feature","id":1286332160,"properties":{"amenity":"marketplace","@type":"way","@id":1286332160},"geometry":{"type":"Point","coordinates":[99.7958252,12.8136894]}},{"type":"Feature","id":1355176201,"properties":{"amenity":"marketplace","building":"roof","name":"ตลาดนัดบ่อนไก่","name:en":"Bon Kai Market","name:th":"ตลาดนัดบ่อนไก่","@type":"way","@id":1355176201},"geometry":{"type":"Point","coordinates":[99.9533104,12.5609989]}},{"type":"Feature","id":1358537245,"properties":{"amenity":"marketplace","name":"ตลาดนัดไดโนเสาร์เก่า","name:en":"Old Dinosaur Market","name:th":"ตลาดนัดไดโนเสาร์เก่า","@type":"way","@id":1358537245},"geometry":{"type":"Point","coordinates":[99.9421809,12.5815799]}},{"type":"Feature","id":1426009537,"properties":{"amenity":"marketplace","building":"yes","layer":"1","@type":"way","@id":1426009537},"geometry":{"type":"Point","coordinates":[99.9484482,13.1073261]}},{"type":"Feature","id":2283723118,"properties":{"amenity":"marketplace","name":"ร้านขายของ","@type":"node","@id":2283723118},"geometry":{"type":"Point","coordinates":[102.0965327,14.925482]}},{"type":"Feature","id":2283723124,"properties":{"amenity":"marketplace","name":"ร้านขายของ ป้าจวน","@type":"node","@id":2283723124},"geometry":{"type":"Point","coordinates":[102.1002556,14.9223797]}},{"type":"Feature","id":2283723126,"properties":{"amenity":"marketplace","name":"Siri","@type":"node","@id":2283723126},"geometry":{"type":"Point","coordinates":[102.0952365,14.9243604]}},{"type":"Feature","id":2283723131,"properties":{"amenity":"marketplace","name":"ร้านขายของ","@type":"node","@id":2283723131},"geometry":{"type":"Point","coordinates":[102.0944272,14.9221024]}},{"type":"Feature","id":2679829460,"properties":{"amenity":"marketplace","name":"Morning Market","@type":"node","@id":2679829460},"geometry":{"type":"Point","coordinates":[102.0233335,14.7242724]}},{"type":"Feature","id":2679829473,"properties":{"amenity":"marketplace","name":"Evening Market","@type":"node","@id":2679829473},"geometry":{"type":"Point","coordinates":[102.0184515,14.7259493]}},{"type":"Feature","id":3744331182,"properties":{"amenity":"marketplace","@type":"node","@id":3744331182},"geometry":{"type":"Point","coordinates":[101.2562829,14.6365292]}},{"type":"Feature","id":3900487218,"properties":{"amenity":"marketplace","name":"Khon Buri market","@type":"node","@id":3900487218},"geometry":{"type":"Point","coordinates":[102.246715,14.5214454]}},{"type":"Feature","id":3933240309,"properties":{"amenity":"marketplace","@type":"node","@id":3933240309},"geometry":{"type":"Point","coordinates":[101.2039709,14.2098518]}},{"type":"Feature","id":4236497449,"properties":{"amenity":"marketplace","fixme":"Survey opening and closing time.","opening_hours":"Th-Fr","@type":"node","@id":4236497449},"geometry":{"type":"Point","coordinates":[100.6778325,14.7844018]}},{"type":"Feature","id":4541216392,"properties":{"amenity":"marketplace","name:en":"Pakchong Night Bazaar","@type":"node","@id":4541216392},"geometry":{"type":"Point","coordinates":[101.4130441,14.7040824]}},{"type":"Feature","id":5023366821,"properties":{"amenity":"marketplace","name:en":"Night Market","@type":"node","@id":5023366821},"geometry":{"type":"Point","coordinates":[100.6325266,14.8012874]}},{"type":"Feature","id":5448426047,"properties":{"amenity":"marketplace","@type":"node","@id":5448426047},"geometry":{"type":"Point","coordinates":[100.7798753,14.1313927]}},{"type":"Feature","id":6160452054,"properties":{"amenity":"marketplace","name":"ตลาดแป้นพัฒน์","@type":"node","@id":6160452054},"geometry":{"type":"Point","coordinates":[100.8915952,14.4048819]}},{"type":"Feature","id":6187441586,"properties":{"addr:district":"Mueang Nakhon Ratchasima","addr:postcode":"30000","addr:province":"Nakhon Ratchasima","addr:subdistrict":"Nai Mueang","amenity":"marketplace","check_date":"2026-01-19","name":"ตลาดไนท์บ้านเกาะ","name:en":"Nightbaankoh market","official_name":"Nightbaankoh Night Bazaar","opening_hours":"Mo-Su 13:00-21:00","tourism":"attraction","@type":"node","@id":6187441586},"geometry":{"type":"Point","coordinates":[102.1234961,14.9932897]}},{"type":"Feature","id":6369552988,"properties":{"amenity":"marketplace","@type":"node","@id":6369552988},"geometry":{"type":"Point","coordinates":[101.3158764,14.1504294]}},{"type":"Feature","id":7142145793,"properties":{"amenity":"marketplace","name":"ร้านขายของ","@type":"node","@id":7142145793},"geometry":{"type":"Point","coordinates":[102.0976034,14.9246898]}},{"type":"Feature","id":7142145799,"properties":{"amenity":"marketplace","name":"อันอัน มินิมาร์ท","@type":"node","@id":7142145799},"geometry":{"type":"Point","coordinates":[102.1043322,14.9279633]}},{"type":"Feature","id":7142145803,"properties":{"amenity":"marketplace","name":"ร้านขายของ/ถ่ายเอกสาร","@type":"node","@id":7142145803},"geometry":{"type":"Point","coordinates":[102.1021596,14.9226429]}},{"type":"Feature","id":7142145808,"properties":{"amenity":"marketplace","name":"ร้านขายของ","@type":"node","@id":7142145808},"geometry":{"type":"Point","coordinates":[102.1063966,14.9225316]}},{"type":"Feature","id":7142145809,"properties":{"amenity":"marketplace","name":"ร้านขายของ","@type":"node","@id":7142145809},"geometry":{"type":"Point","coordinates":[102.1046874,14.9200226]}},{"type":"Feature","id":7142145810,"properties":{"amenity":"marketplace","name":"ร้านขายของ","@type":"node","@id":7142145810},"geometry":{"type":"Point","coordinates":[102.093338,14.9161654]}},{"type":"Feature","id":7142145811,"properties":{"amenity":"marketplace","name":"ร้านขายของ","@type":"node","@id":7142145811},"geometry":{"type":"Point","coordinates":[102.0931472,14.9171294]}},{"type":"Feature","id":7142145813,"properties":{"amenity":"marketplace","name":"ร้านขายของ","@type":"node","@id":7142145813},"geometry":{"type":"Point","coordinates":[102.0947856,14.9220242]}},{"type":"Feature","id":7142145815,"properties":{"amenity":"marketplace","name":"ร้านขายส่ง","@type":"node","@id":7142145815},"geometry":{"type":"Point","coordinates":[102.0982849,14.928546]}},{"type":"Feature","id":7142145820,"properties":{"amenity":"marketplace","name":"ร้านขายส่ง","@type":"node","@id":7142145820},"geometry":{"type":"Point","coordinates":[102.1023727,14.9279789]}},{"type":"Feature","id":7142145822,"properties":{"amenity":"marketplace","name":"ร้านขายของ","@type":"node","@id":7142145822},"geometry":{"type":"Point","coordinates":[102.0984884,14.9280491]}},{"type":"Feature","id":7965318297,"properties":{"amenity":"marketplace","@type":"node","@id":7965318297},"geometry":{"type":"Point","coordinates":[102.0765675,14.9834503]}},{"type":"Feature","id":8269237235,"properties":{"amenity":"marketplace","name":"ตลาดหนองหรือ","@type":"node","@id":8269237235},"geometry":{"type":"Point","coordinates":[102.1052513,14.9437125]}},{"type":"Feature","id":9167252576,"properties":{"amenity":"marketplace","name":"ร้านขายของ","@type":"node","@id":9167252576},"geometry":{"type":"Point","coordinates":[102.1009616,14.9195896]}},{"type":"Feature","id":9629063214,"properties":{"addr:city":"ตำบลลำตาเสา","addr:postcode":"13170","addr:street":"ถนนโรจนะ","amenity":"marketplace","description":"ตลาดสด, ตลาดนัด","name":"ตลาดสี่ขวาพัฒนา","name:en":"Si Khwa Market","opening_hours":"Mo-Su 09:00-20:00","@type":"node","@id":9629063214},"geometry":{"type":"Point","coordinates":[100.683063,14.2746101]}},{"type":"Feature","id":9665502964,"properties":{"amenity":"marketplace","name":"Lotus's go fresh","@type":"node","@id":9665502964},"geometry":{"type":"Point","coordinates":[102.1056535,14.9442259]}},{"type":"Feature","id":9665502965,"properties":{"amenity":"marketplace","name":"ตลาดหนองหรือ","@type":"node","@id":9665502965},"geometry":{"type":"Point","coordinates":[102.1055732,14.9436874]}},{"type":"Feature","id":11446300086,"properties":{"amenity":"marketplace","@type":"node","@id":11446300086},"geometry":{"type":"Point","coordinates":[100.674048,14.7952142]}},{"type":"Feature","id":11642006056,"properties":{"amenity":"marketplace","@type":"node","@id":11642006056},"geometry":{"type":"Point","coordinates":[102.2232484,14.7434811]}},{"type":"Feature","id":11686822777,"properties":{"addr:district":"Pak Chong","addr:postcode":"30130","addr:province":"Nakhon Ratchasima","amenity":"marketplace","name":"ตลาดเทศบาลตำบลปากช่อง","name:en":"Thetsaban Tambon Pakchong Market","@type":"node","@id":11686822777},"geometry":{"type":"Point","coordinates":[101.4139723,14.7058091]}},{"type":"Feature","id":11998852071,"properties":{"amenity":"marketplace","name":"Night market","opening_hours":"Fr-Su 17:00-22:00","@type":"node","@id":11998852071},"geometry":{"type":"Point","coordinates":[100.917758,14.5279817]}},{"type":"Feature","id":12058531769,"properties":{"amenity":"marketplace","name:en":"Night market","opening_hours":"Th 17:00-22:00","@type":"node","@id":12058531769},"geometry":{"type":"Point","coordinates":[100.6136434,14.8004129]}},{"type":"Feature","id":12104167771,"properties":{"amenity":"marketplace","name":"ตลาด ช.2","@type":"node","@id":12104167771},"geometry":{"type":"Point","coordinates":[102.1062451,14.9076787]}},{"type":"Feature","id":12459206423,"properties":{"amenity":"marketplace","@type":"node","@id":12459206423},"geometry":{"type":"Point","coordinates":[101.7667148,15.2000141]}},{"type":"Feature","id":12570612201,"properties":{"amenity":"marketplace","name:en":"Night Market","opening_hours":"Mo-Su 17:00-21:00","@type":"node","@id":12570612201},"geometry":{"type":"Point","coordinates":[101.2132559,14.2026689]}},{"type":"Feature","id":12593557066,"properties":{"amenity":"marketplace","@type":"node","@id":12593557066},"geometry":{"type":"Point","coordinates":[100.8534521,15.0778853]}},{"type":"Feature","id":12642713301,"properties":{"amenity":"marketplace","@type":"node","@id":12642713301},"geometry":{"type":"Point","coordinates":[101.3031857,14.6521722]}},{"type":"Feature","id":13029733900,"properties":{"addr:district":"Chok Chai","addr:postcode":"30190","addr:province":"Nakhon Ratchasima","addr:subdistrict":"Dan Kwian","amenity":"marketplace","name":"Many Pottery Stores","@type":"node","@id":13029733900},"geometry":{"type":"Point","coordinates":[102.1911525,14.8459337]}},{"type":"Feature","id":13064778580,"properties":{"amenity":"marketplace","check_date":"2025-08-12","@type":"node","@id":13064778580},"geometry":{"type":"Point","coordinates":[102.1312011,15.0356387]}},{"type":"Feature","id":13076911012,"properties":{"amenity":"marketplace","check_date":"2025-08-16","@type":"node","@id":13076911012},"geometry":{"type":"Point","coordinates":[102.25959,15.0803451]}},{"type":"Feature","id":13076934045,"properties":{"amenity":"marketplace","check_date":"2025-09-13","description":"Morning market","name:th":"ตลาดหัวรถไฟ","@type":"node","@id":13076934045},"geometry":{"type":"Point","coordinates":[102.0807529,14.9738082]}},{"type":"Feature","id":13119011366,"properties":{"amenity":"marketplace","fixme":"Add the right name and opening hours for the market","name":"Night market","@type":"node","@id":13119011366},"geometry":{"type":"Point","coordinates":[102.1118275,14.9750351]}},{"type":"Feature","id":13119074077,"properties":{"amenity":"marketplace","@type":"node","@id":13119074077},"geometry":{"type":"Point","coordinates":[102.0724483,14.9727026]}},{"type":"Feature","id":13120699634,"properties":{"amenity":"marketplace","check_date":"2025-08-30","@type":"node","@id":13120699634},"geometry":{"type":"Point","coordinates":[102.0242707,14.9489065]}},{"type":"Feature","id":13277507618,"properties":{"addr:district":"Mueang Nakhon Ratchasima","addr:housenumber":"1485 1","addr:postcode":"30000","addr:province":"Nakhon Ratchasima","addr:street":"Thanon Mittraphap","addr:subdistrict":"Ban Mai","amenity":"marketplace","name":"Save One Korat","opening_hours":"Mo-Su 14:00-22:00","website":"https://www.saveone.co.th/","@type":"node","@id":13277507618},"geometry":{"type":"Point","coordinates":[102.0440228,14.956904]}},{"type":"Feature","id":13463900688,"properties":{"amenity":"marketplace","check_date":"2026-01-18","description":"Seafood market","@type":"node","@id":13463900688},"geometry":{"type":"Point","coordinates":[102.1065734,14.9955306]}},{"type":"Feature","id":13915821036,"properties":{"amenity":"marketplace","check_date":"2026-05-31","@type":"node","@id":13915821036},"geometry":{"type":"Point","coordinates":[101.9524583,14.9512518]}},{"type":"Feature","id":14024324970,"properties":{"amenity":"marketplace","check_date":"2026-07-03","@type":"node","@id":14024324970},"geometry":{"type":"Point","coordinates":[102.2511518,15.1768111]}},{"type":"Feature","id":14024324977,"properties":{"amenity":"marketplace","check_date":"2026-07-03","@type":"node","@id":14024324977},"geometry":{"type":"Point","coordinates":[102.2515626,15.1761482]}},{"type":"Feature","id":14040994201,"properties":{"amenity":"marketplace","name":"ตลาดนัดพฤหัสช่วงบ่าย บิ๊กซีหนองม่วง","@type":"node","@id":14040994201},"geometry":{"type":"Point","coordinates":[100.6644055,15.2168258]}},{"type":"Feature","id":14085231001,"properties":{"amenity":"marketplace","name":"ตลาดนัดจันทร์ พฤหัสช่วงบ่าย บิ๊กซีหนองม่วง","opening_hours":"Mo, Th 13:00-18:00","@type":"node","@id":14085231001},"geometry":{"type":"Point","coordinates":[100.664406,15.2168418]}},{"type":"Feature","id":14134297275,"properties":{"amenity":"marketplace","check_date":"2026-08-12","description":"Fruit and vegetable market","name:en":"Suranari Market","name:th":"ตลาด สุรนารี","product":"fruit","@type":"node","@id":14134297275},"geometry":{"type":"Point","coordinates":[102.0984028,14.9891933]}},{"type":"Feature","id":14177374337,"properties":{"amenity":"marketplace","check_date":"2026-08-12","description":"Fruit and vegetable market","name:en":"Suranari Market","name:th":"ตลาด สุรนารี","product":"fruit","@type":"node","@id":14177374337},"geometry":{"type":"Point","coordinates":[102.0984028,14.9891933]}},{"type":"Feature","id":40195151,"properties":{"amenity":"marketplace","name":"Fruit Market","@type":"way","@id":40195151},"geometry":{"type":"Point","coordinates":[101.1990608,14.2008674]}},{"type":"Feature","id":132780056,"properties":{"amenity":"marketplace","building":"yes","name":"ตลาดสดแกรนด์","name:en":"Grand Fresh-Food Market","@type":"way","@id":132780056},"geometry":{"type":"Point","coordinates":[100.606208,14.3494532]}},{"type":"Feature","id":219753052,"properties":{"amenity":"marketplace","name":"ตลาด ช.2","@type":"way","@id":219753052},"geometry":{"type":"Point","coordinates":[102.1061584,14.9077027]}},{"type":"Feature","id":392905301,"properties":{"amenity":"marketplace","@type":"way","@id":392905301},"geometry":{"type":"Point","coordinates":[101.2002827,14.645548]}},{"type":"Feature","id":424062007,"properties":{"amenity":"marketplace","@type":"way","@id":424062007},"geometry":{"type":"Point","coordinates":[100.6745782,14.7907324]}},{"type":"Feature","id":460497544,"properties":{"amenity":"marketplace","landuse":"retail","name":"Food Market","source":"survey","source:date":"2016-12-18","@type":"way","@id":460497544},"geometry":{"type":"Point","coordinates":[102.1356167,14.9646995]}},{"type":"Feature","id":545162380,"properties":{"amenity":"marketplace","building":"yes","check_date":"2025-09-13","name":"ตลาดย่าโม","name:en":"Yamo Market","name:th":"ตลาดย่าโม","@type":"way","@id":545162380},"geometry":{"type":"Point","coordinates":[102.0793772,14.9772091]}},{"type":"Feature","id":546498849,"properties":{"addr:city":"Nakhon Ratchasima","amenity":"marketplace","building":"retail","contact:email":"prom.nkm@centralpattana.co.th","contact:facebook":"https://www.facebook.com/CentralKoratFanpage","contact:phone":"+66 44 001 555","contact:website":"https://shoppingcenter.centralpattana.co.th/th/branch/central-korat","name":"Central Korat","name:en":"Central Korat","name:th":"เซ็นทรัล โคราช","opening_hours":"Mo-Su 10:00-21:00","operator":"Central Pattana","operator:en":"Central Pattana","operator:th":"เซ็นทรัลพัฒนา","operator:wikidata":"Q5061633","shop":"mall","wikidata":"Q20575495","wikipedia":"th:เซ็นทรัล โคราช","@type":"way","@id":546498849},"geometry":{"type":"Point","coordinates":[102.1163439,14.9961235]}},{"type":"Feature","id":549481760,"properties":{"amenity":"marketplace","building":"yes","name":"ตลาดเทศบาล ๕","@type":"way","@id":549481760},"geometry":{"type":"Point","coordinates":[102.1078574,14.9705275]}},{"type":"Feature","id":550807719,"properties":{"amenity":"marketplace","building":"yes","name":"ตลาดร่วมใจ  ปตท.-กองทัพบก","@type":"way","@id":550807719},"geometry":{"type":"Point","coordinates":[102.0950931,14.9574424]}},{"type":"Feature","id":551793190,"properties":{"amenity":"marketplace","building":"yes","name":"7-Eleven","@type":"way","@id":551793190},"geometry":{"type":"Point","coordinates":[102.0942112,14.9580246]}},{"type":"Feature","id":551793193,"properties":{"amenity":"marketplace","building":"yes","name":"ตลาดใหม่แม่กิมเฮง","@type":"way","@id":551793193},"geometry":{"type":"Point","coordinates":[102.0957242,14.9757789]}},{"type":"Feature","id":570063630,"properties":{"amenity":"marketplace","name":"Market","@type":"way","@id":570063630},"geometry":{"type":"Point","coordinates":[101.0458642,15.0799222]}},{"type":"Feature","id":579806929,"properties":{"amenity":"marketplace","name":"ตลาดสดทวีกิจ","@type":"way","@id":579806929},"geometry":{"type":"Point","coordinates":[101.1352574,15.2072229]}},{"type":"Feature","id":666107864,"properties":{"addr:district":"Mueang Nakhon Ratchasima","addr:postcode":"30000","addr:province":"Nakhon Ratchasima","addr:subdistrict":"Ban Mai","amenity":"marketplace","name":"ตลาดเซฟวัน","name:en":"Save One Night Market","tourism":"attraction","@type":"way","@id":666107864},"geometry":{"type":"Point","coordinates":[102.0457324,14.9556338]}},{"type":"Feature","id":729123454,"properties":{"amenity":"marketplace","name":"ตลาดนัดแกรนด์","name:en":"Grand Market","name:ja":"グランド市場","name:zh":"格兰市场","name:zh-Hant":"格蘭市場","@type":"way","@id":729123454},"geometry":{"type":"Point","coordinates":[100.6063128,14.352084]}},{"type":"Feature","id":746174455,"properties":{"amenity":"marketplace","building":"yes","name":"ตลาดกลางเพื่อเกษตรกร","name:en":"Klang Market","name:ja":"農民中央市場 (エビ市場)","name:zh":"农产品中心市场","name:zh-Hant":"農產品中心市場","@type":"way","@id":746174455},"geometry":{"type":"Point","coordinates":[100.6118583,14.3705361]}},{"type":"Feature","id":758857589,"properties":{"amenity":"marketplace","name":"Mayfair Market Park","@type":"way","@id":758857589},"geometry":{"type":"Point","coordinates":[102.057467,14.9799007]}},{"type":"Feature","id":839325735,"properties":{"amenity":"marketplace","@type":"way","@id":839325735},"geometry":{"type":"Point","coordinates":[101.8693292,14.6462265]}},{"type":"Feature","id":839325736,"properties":{"amenity":"marketplace","@type":"way","@id":839325736},"geometry":{"type":"Point","coordinates":[101.8693004,14.6459585]}},{"type":"Feature","id":888815034,"properties":{"amenity":"marketplace","check_date":"2026-07-16","name":"ตลาดหนองไผ่ล้อม","@type":"way","@id":888815034},"geometry":{"type":"Point","coordinates":[102.0820212,14.9659565]}},{"type":"Feature","id":912472360,"properties":{"amenity":"marketplace","name":"ตลาดภาชี","@type":"way","@id":912472360},"geometry":{"type":"Point","coordinates":[100.723316,14.4515237]}},{"type":"Feature","id":979459782,"properties":{"amenity":"marketplace","name":"ตลาดศรีสุวรรณ","@type":"way","@id":979459782},"geometry":{"type":"Point","coordinates":[101.0232889,14.9787744]}},{"type":"Feature","id":1102409850,"properties":{"amenity":"marketplace","name":"@Ayutthaya","name:th":"แอท อยุธยา","website":"https://www.facebook.com/profile.php?id=100075919040022","@type":"way","@id":1102409850},"geometry":{"type":"Point","coordinates":[100.6054526,14.3157331]}},{"type":"Feature","id":1149369754,"properties":{"addr:district":"Pak Chong","addr:housenumber":"777","addr:place":"Moo 5","addr:postcode":"30450","addr:province":"Nakhon Ratchasima","amenity":"marketplace","name":"ตลาดไนท์มาร์เก็ต เขาใหญ่","name:en":"Night Market Khao Yai","@type":"way","@id":1149369754},"geometry":{"type":"Point","coordinates":[101.3781908,14.5360247]}},{"type":"Feature","id":1193779564,"properties":{"amenity":"marketplace","name":"Rong Kluea Nakhon Nayok Market","name:th":"ตลาดนัดโรงเกลือนครนายก","@type":"way","@id":1193779564},"geometry":{"type":"Point","coordinates":[101.2424028,14.2338747]}},{"type":"Feature","id":1193779565,"properties":{"amenity":"marketplace","name":"Theng Thoet Thoeng Market","name:th":"ตลาดเท่งเถิดเทิง","@type":"way","@id":1193779565},"geometry":{"type":"Point","coordinates":[101.2519336,14.24678]}},{"type":"Feature","id":1193878643,"properties":{"amenity":"marketplace","name":"ตลาดองครักษ์","name:en":"Ongkharak Market","name:th":"ตลาดองครักษ์","@type":"way","@id":1193878643},"geometry":{"type":"Point","coordinates":[101.0015695,14.1216656]}},{"type":"Feature","id":1193924669,"properties":{"amenity":"marketplace","name":"Ongkharak Old Market","name:th":"ตลาดเก่าองครักษ์","@type":"way","@id":1193924669},"geometry":{"type":"Point","coordinates":[100.9962544,14.1212836]}},{"type":"Feature","id":1241796365,"properties":{"amenity":"marketplace","building":"yes","name":"ตลาดสดเทศบาล 1","name:en":"Municipal 1 Food Market","@type":"way","@id":1241796365},"geometry":{"type":"Point","coordinates":[100.6112524,14.8014726]}},{"type":"Feature","id":1249001311,"properties":{"amenity":"marketplace","building":"yes","name":"ตลาดสดโคกสำโรง","name:th":"ตลาดสดโคกสำโรง","@type":"way","@id":1249001311},"geometry":{"type":"Point","coordinates":[100.7208969,15.067363]}},{"type":"Feature","id":1286224701,"properties":{"amenity":"marketplace","building":"yes","@type":"way","@id":1286224701},"geometry":{"type":"Point","coordinates":[100.7184263,14.2320046]}},{"type":"Feature","id":1312477491,"properties":{"amenity":"marketplace","building":"hospital","name":"ตลาดนัดโรงพยาบาลนครนายก","name:en":"Nakhon Nayok Hospital Marketplace","@type":"way","@id":1312477491},"geometry":{"type":"Point","coordinates":[101.2138653,14.2082872]}},{"type":"Feature","id":1314590422,"properties":{"amenity":"marketplace","building":"retail","name":"โอเค พลาซ่า","name:en":"O.K. Plaza","@type":"way","@id":1314590422},"geometry":{"type":"Point","coordinates":[101.0018714,14.1219419]}},{"type":"Feature","id":1314590424,"properties":{"amenity":"marketplace","@type":"way","@id":1314590424},"geometry":{"type":"Point","coordinates":[101.0021607,14.1221501]}},{"type":"Feature","id":1445993146,"properties":{"addr:district":"Chok Chai","addr:postcode":"30190","addr:province":"Nakhon Ratschasima","addr:subdistrict":"Tha Ang","amenity":"marketplace","craft":"sculptor","name":"หมู่บ้านศิลปหัตถกรรมงานหล่อหินทราย บ้านหนองโสน","name:de":"Bildhauerdorf Ban Nong Sano","name:en":"Stone Cutter Vilage Ban Nong Salo","@type":"way","@id":1445993146},"geometry":{"type":"Point","coordinates":[102.1781309,14.7978718]}},{"type":"Feature","id":1446729043,"properties":{"addr:district":"Pak Chong","addr:housenumber":"87","addr:postcode":"30320","addr:province":"Nakhon Ratchasima","addr:street":"Thanon Mittraphap","addr:subdistrict":"Klang Dong","amenity":"marketplace","name":"ตลาดกลางดง","name:en":"Klang Dong Market","name:th":"ตลาดกลางดง","@type":"way","@id":1446729043},"geometry":{"type":"Point","coordinates":[101.2627861,14.6385862]}},{"type":"Feature","id":1447146572,"properties":{"addr:district":"Pak Chong","addr:housenumber":"242","addr:postcode":"30130","addr:province":"Nakhon Ratchasima","addr:street":"ถ. ธนะรัชต์ตำบล หมูสี","addr:subdistrict":"หมูสี","amenity":"marketplace","name":"ตีนเขา ไนท์มาร์เก็ต เขาใหญ่","name:en":"Foothill Night Market Khao Yai","opening_hours":"Mo-Di 16:00-24:00; Mi-Sa 16:00-24:00","@type":"way","@id":1447146572},"geometry":{"type":"Point","coordinates":[101.3705772,14.5216198]}}]}