{"type":"FeatureCollection","features":[{"type":"Feature","id":31952588,"properties":{"aeroway":"aerodrome","landuse":"military","military":"airfield","name":"หน่วยบินทหารบกยุทธวิธีที่ 2","name:en":"2nd Tactical Army Aviation Unit","name:th":"หน่วยบินทหารบกยุทธวิธีที่ 2","@type":"way","@id":31952588,"branch":"airforce"},"geometry":{"type":"Polygon","coordinates":[[[102.0811188,14.9568812],[102.0810255,14.9569438],[102.0779941,14.956025],[102.0776307,14.9559534],[102.076662,14.9556781],[102.0717623,14.9545519],[102.0670918,14.953763],[102.0669286,14.9537034],[102.0662138,14.9535793],[102.0663778,14.9517685],[102.0672362,14.9518259],[102.0767437,14.9546656],[102.0770967,14.9548719],[102.078075,14.955146],[102.0811375,14.955985],[102.0811188,14.9568812]]]}},{"type":"Feature","id":31952701,"properties":{"aeroway":"aerodrome","icao":"VTUN","landuse":"military","military":"airfield","@type":"way","@id":31952701,"branch":"airforce"},"geometry":{"type":"Polygon","coordinates":[[[102.0955383,14.9385257],[102.0955667,14.9387255],[102.0955476,14.9389143],[102.0954877,14.9391251],[102.0936297,14.9425546],[102.0923752,14.9447936],[102.0915808,14.9461663],[102.0899687,14.9482679],[102.085929,14.9426064],[102.0819072,14.9374642],[102.0701998,14.9324011],[102.0655649,14.9347232],[102.0576092,14.9312476],[102.0568904,14.9308594],[102.0597515,14.9264242],[102.0623379,14.922335],[102.0623805,14.9223573],[102.0636089,14.9229693],[102.0640874,14.9229124],[102.0650889,14.9222386],[102.0654569,14.9222053],[102.0685962,14.9237428],[102.0945448,14.937007],[102.0946645,14.9372535],[102.09482,14.9374684],[102.09505,14.937651],[102.0952228,14.9378749],[102.0954342,14.938281],[102.0955383,14.9385257]]]}},{"type":"Feature","id":33557521,"properties":{"barrier":"wall","landuse":"military","military":"base","military_service":"army","name":"ค่ายศรีพัชรินทร","name:en":"Fort Sripatcharin","name:th":"ค่ายศรีพัชรินทร","source":"Bing;sign","website":"https://mtb23.rta.mi.th","@type":"way","@id":33557521,"branch":"other"},"geometry":{"type":"Polygon","coordinates":[[[102.8448352,16.45631],[102.8451915,16.4569809],[102.8441065,16.4575469],[102.845694,16.4604127],[102.8457269,16.4604722],[102.8489407,16.4665164],[102.8491555,16.4668101],[102.8494393,16.467032],[102.8561441,16.4706942],[102.8571776,16.4653215],[102.8570256,16.4653063],[102.855406,16.4646542],[102.8538524,16.4629774],[102.8509665,16.4549923],[102.8459025,16.45351],[102.8448352,16.45631]]]}},{"type":"Feature","id":34125723,"properties":{"barrier":"wall","landuse":"military","military":"base","military_service":"army","name":"ค่ายสีหราชเดโชไชย","name:en":"Fort Siharat Decho Chai","source":"Bing","@type":"way","@id":34125723,"branch":"other"},"geometry":{"type":"Polygon","coordinates":[[[102.7901274,16.4779136],[102.7879208,16.4799063],[102.7888391,16.4832362],[102.7889024,16.4837428],[102.789027,16.48474],[102.7892705,16.4862669],[102.7924951,16.484461],[102.7930589,16.4821392],[102.7957231,16.482303],[102.7999847,16.4837966],[102.8000454,16.4828787],[102.8000568,16.482706],[102.8000748,16.4799528],[102.8001713,16.4799429],[102.8025423,16.4796671],[102.8024697,16.4789556],[102.8021107,16.4740399],[102.8017946,16.4691291],[102.8017665,16.4690331],[102.8016947,16.4689979],[102.8003512,16.4691277],[102.8002624,16.4620147],[102.8002445,16.4619724],[102.8002144,16.4619419],[102.8001727,16.4619363],[102.800128,16.4619397],[102.7992469,16.4621508],[102.7991759,16.462222],[102.7990633,16.4622527],[102.7989439,16.4622934],[102.7988135,16.4622336],[102.7976721,16.462533],[102.7975562,16.4648274],[102.7975212,16.4653371],[102.7975078,16.4657851],[102.7974939,16.4661953],[102.7974658,16.4666028],[102.7973124,16.4693736],[102.7971753,16.4693667],[102.7953712,16.4691965],[102.7953733,16.4692237],[102.7955543,16.4723419],[102.7942248,16.4733586],[102.7933206,16.47405],[102.7909812,16.4757444],[102.7923432,16.477751],[102.7907225,16.478736],[102.7901274,16.4779136]]]}},{"type":"Feature","id":40543806,"properties":{"landuse":"military","name":"Sa Pran Nak Army Airbase","@type":"way","@id":40543806,"branch":"airforce"},"geometry":{"type":"Polygon","coordinates":[[[100.6373395,14.9563043],[100.6306785,14.9441247],[100.6383616,14.9402206],[100.6490522,14.9400658],[100.6566581,14.9400897],[100.656368,14.954769],[100.6558486,14.9562399],[100.6499723,14.9632906],[100.6497279,14.963463],[100.6491992,14.9636663],[100.6489868,14.9636673],[100.6487605,14.9636078],[100.6373395,14.9563043]]]}},{"type":"Feature","id":48753040,"properties":{"alt_name":"Ko Klung Badan","landuse":"military","name":"เกาะกลึงบาดาล","name:en":"Ko Klueng Badan","name:th":"เกาะกลึงบาดาล","natural":"coastline","place":"islet","source":"bing","@type":"way","@id":48753040,"branch":"other"},"geometry":{"type":"Polygon","coordinates":[[[100.6778711,12.9059277],[100.6774913,12.9054801],[100.6773335,12.9044971],[100.6773968,12.9037368],[100.6775159,12.9032944],[100.6778475,12.903079],[100.6780599,12.9031533],[100.6787768,12.9027981],[100.6792326,12.9022204],[100.6794793,12.9014319],[100.6793999,12.900567],[100.6795094,12.899995],[100.679931,12.8995798],[100.6803689,12.8998406],[100.6808097,12.9006245],[100.6808941,12.9015431],[100.6807797,12.9024651],[100.6801424,12.9026732],[100.6793602,12.9033091],[100.6788882,12.9044365],[100.6780502,12.9052302],[100.6778711,12.9059277]]]}},{"type":"Feature","id":48753044,"properties":{"alt_name":"Ko Manrawichai","landuse":"military","name":"เกาะมารวิชัย","name:en":"Ko Man Wichai","natural":"coastline","place":"islet","source":"bing","@type":"way","@id":48753044,"branch":"other"},"geometry":{"type":"Polygon","coordinates":[[[100.6734983,12.8830945],[100.6733033,12.8832793],[100.673109,12.8829852],[100.6731209,12.8827286],[100.672887,12.8826267],[100.6727101,12.8823657],[100.6725683,12.8812205],[100.6723635,12.880772],[100.6721912,12.880196],[100.6721215,12.8794362],[100.6727813,12.878121],[100.6733907,12.8766818],[100.6730082,12.8763121],[100.6727411,12.8763184],[100.6724707,12.8757959],[100.6726263,12.8750978],[100.6730983,12.8737224],[100.6731139,12.8733553],[100.6727346,12.8731582],[100.6724975,12.8728161],[100.6723291,12.8726075],[100.6721161,12.870148],[100.6718849,12.8695319],[100.6715008,12.8694671],[100.6711543,12.869101],[100.6709671,12.8688249],[100.6711596,12.868657],[100.6711205,12.8682663],[100.6714139,12.8675854],[100.6716966,12.8675938],[100.6719402,12.8675316],[100.6722443,12.8680744],[100.6723715,12.8682136],[100.6726982,12.8682339],[100.6730409,12.8679348],[100.6730586,12.8681994],[100.6727958,12.8686544],[100.6728843,12.8689734],[100.6730452,12.8691732],[100.6734427,12.8716159],[100.6735661,12.8722461],[100.6734996,12.8727387],[100.6734004,12.8730734],[100.6739438,12.8736644],[100.6739744,12.8738767],[100.6742501,12.874031],[100.6742624,12.8742407],[100.673969,12.874784],[100.6738494,12.8749728],[100.6737737,12.8751982],[100.6738531,12.8753844],[100.6741299,12.875741],[100.6743381,12.875741],[100.6745274,12.8759601],[100.6747742,12.8762232],[100.6747222,12.876458],[100.674941,12.8766729],[100.6752468,12.8766201],[100.6752913,12.8768225],[100.6751551,12.8774077],[100.6749695,12.877403],[100.6747704,12.8778015],[100.6746524,12.8782993],[100.6747157,12.8786633],[100.6746443,12.879012],[100.6747227,12.879694],[100.6745628,12.8798718],[100.6745199,12.8801009],[100.6743257,12.8803487],[100.6742066,12.8807598],[100.6740221,12.8810338],[100.6737513,12.882099],[100.6736289,12.8828531],[100.6734983,12.8830945]]]}},{"type":"Feature","id":90572810,"properties":{"access":"permissive","highway":"service","military":"danger_area","source":"bing/knowledge","@type":"way","@id":90572810,"branch":"other"},"geometry":{"type":"LineString","coordinates":[[98.9608854,18.776722],[98.960881,18.7764246],[98.9608911,18.775855],[98.9609193,18.7744441],[98.96092,18.7742107],[98.9609234,18.7731543],[98.9609246,18.7727832],[98.9609297,18.7725093],[98.960933,18.7723317],[98.9609515,18.7713306],[98.9609515,18.7712141],[98.9609515,18.7704824],[98.9609568,18.7696903],[98.9609354,18.7691062],[98.9608174,18.768451],[98.9606618,18.7675367],[98.9606189,18.766978],[98.9606117,18.7663],[98.9606081,18.7652663],[98.9606081,18.7633311],[98.9605706,18.7631584],[98.960592,18.7617768],[98.960576,18.7599279],[98.9605823,18.7587061]]}},{"type":"Feature","id":93904253,"properties":{"landuse":"military","name:en":"7th Artillery Battalion","source":"Sign, Bing","@type":"way","@id":93904253,"branch":"other"},"geometry":{"type":"Polygon","coordinates":[[[98.965247,18.8399153],[98.967793,18.8408603],[98.9724925,18.8425748],[98.9725244,18.8427083],[98.9719972,18.843937],[98.9708303,18.8468881],[98.970723,18.8469186],[98.9706157,18.846878],[98.9666675,18.8447153],[98.9662598,18.8446746],[98.9657233,18.844766],[98.9653478,18.8447762],[98.9650796,18.8447254],[98.9648221,18.8445325],[98.9644895,18.8441162],[98.9643071,18.8439233],[98.9639745,18.8437608],[98.9632986,18.8435577],[98.9632343,18.8434257],[98.9652727,18.8420854],[98.9654015,18.8418925],[98.9655302,18.8414863],[98.9651882,18.8399487],[98.965247,18.8399153]]]}},{"type":"Feature","id":124849773,"properties":{"addr:district":"พญาไท","addr:housenumber":"195","addr:postcode":"10400","addr:province":"กรุงเทพมหานคร","addr:street":"ถนนวิภาวดีรังสิต","addr:subdistrict":"สามเสนใน","landuse":"military","leisure":"sports_centre","name":"สโมสรทหารบกวิภาวดี","name:en":"Army Club Viphavadi","name:th":"สโมสรทหารบกวิภาวดี","wikidata":"Q132860475","@type":"way","@id":124849773,"branch":"army"},"geometry":{"type":"Polygon","coordinates":[[[100.5590322,13.7847496],[100.5586488,13.7849604],[100.5587164,13.7851339],[100.5583562,13.7851451],[100.5578755,13.7852244],[100.5568623,13.7850379],[100.5568468,13.7844551],[100.5568532,13.7844033],[100.5568571,13.7843721],[100.5569114,13.7839313],[100.556468,13.7839688],[100.5562897,13.7840002],[100.5561669,13.7840259],[100.5558441,13.7840786],[100.555458,13.7841228],[100.5553833,13.7841313],[100.5554015,13.7831213],[100.5554524,13.7830801],[100.5553864,13.782246],[100.5553598,13.7819109],[100.5554448,13.7816799],[100.5559429,13.7814525],[100.5559681,13.7814412],[100.5560482,13.7814053],[100.5568716,13.7810358],[100.5569519,13.7809998],[100.5570756,13.7812281],[100.5571094,13.7812904],[100.5575393,13.7820834],[100.5578073,13.7825777],[100.5578498,13.7826561],[100.5578782,13.7827086],[100.5579288,13.7827988],[100.5584733,13.7837698],[100.5585415,13.7838737],[100.5585777,13.7839182],[100.5588483,13.7844183],[100.5590322,13.7847496]]]}},{"type":"Feature","id":152947526,"properties":{"barrier":"wall","landuse":"military","name":"จังหวัดทหารบกบุรีรัมย์","name:en":"Army Province Buri Ram 26th Military Circle","source":"Bing; sign","@type":"way","@id":152947526,"branch":"army"},"geometry":{"type":"Polygon","coordinates":[[[103.0844623,14.9301035],[103.0900447,14.9272491],[103.0948135,14.9248406],[103.0887427,14.9128254],[103.0805542,14.9168256],[103.0783876,14.9178513],[103.0785955,14.9182817],[103.0798322,14.9207627],[103.0811426,14.9234969],[103.0822319,14.9257192],[103.0830116,14.9273013],[103.0844623,14.9301035]]]}},{"type":"Feature","id":173118629,"properties":{"landuse":"military","military_service":"army","name":"กรมยุทธโยธาทหารบก","name:en":"Post Engineer Department","name:th":"กรมยุทธโยธาทหารบก","wikidata":"Q13012507","wikipedia":"th:กรมยุทธโยธาทหารบก","@type":"way","@id":173118629,"branch":"army"},"geometry":{"type":"Polygon","coordinates":[[[100.5795889,13.8402162],[100.579842,13.8392083],[100.5800753,13.8380774],[100.5774403,13.8374679],[100.5769789,13.8373734],[100.5769076,13.8376961],[100.5766783,13.8386472],[100.5761113,13.8385503],[100.5760595,13.8387786],[100.5766109,13.8388941],[100.5765498,13.8391362],[100.5760091,13.8390221],[100.5758889,13.8394065],[100.5759409,13.8394227],[100.5759281,13.8394622],[100.5759122,13.8395071],[100.5759954,13.8395275],[100.5760928,13.8395535],[100.5762203,13.8395895],[100.5768754,13.8397624],[100.5781658,13.8399838],[100.5782606,13.8399989],[100.5784307,13.8400232],[100.5789048,13.8400676],[100.5795889,13.8402162]]]}},{"type":"Feature","id":174248084,"properties":{"landuse":"military","name":"กรมยุทธศึกษาทหารเรือ","name:en":"Naval Education Department","@type":"way","@id":174248084,"branch":"navy"},"geometry":{"type":"Polygon","coordinates":[[[100.3068656,13.7990375],[100.3066885,13.8000846],[100.306356,13.802189],[100.3074366,13.8021044],[100.3075292,13.8020972],[100.3093576,13.8019541],[100.3094695,13.8019454],[100.3103816,13.801874],[100.3103464,13.8014163],[100.3107407,13.8013825],[100.310685,13.7984175],[100.3113017,13.7939781],[100.3077389,13.7927275],[100.3060555,13.7918065],[100.305841,13.7921816],[100.3078204,13.7932652],[100.3074262,13.795571],[100.3071297,13.7973857],[100.3071177,13.797459],[100.3069299,13.7986676],[100.3068656,13.7990375]]]}},{"type":"Feature","id":175683949,"properties":{"amenity":"college","education":"college","landuse":"military","name":"โรงเรียนเสนาธิการทหารบก","name:en":"Royal Thai Army Command and General Staff College","name:th":"โรงเรียนเสนาธิการทหารบก","wikidata":"Q13027435","wikipedia":"th:โรงเรียนเสนาธิการทหารบก","@type":"way","@id":175683949,"branch":"army"},"geometry":{"type":"Polygon","coordinates":[[[100.5250138,13.7842338],[100.5250541,13.784309],[100.525284,13.7847379],[100.5253727,13.7849034],[100.5256469,13.7854149],[100.525888,13.7858686],[100.5259149,13.7859193],[100.5268626,13.7855488],[100.527413,13.7853364],[100.5278971,13.7851604],[100.5280941,13.7856327],[100.5281252,13.7857074],[100.5280873,13.7857229],[100.5275586,13.785939],[100.5278726,13.7866355],[100.5280166,13.786574],[100.5285468,13.7863476],[100.52867,13.786295],[100.5286067,13.7861337],[100.5288242,13.7860415],[100.5287048,13.7857385],[100.5285802,13.7854223],[100.5285343,13.7853057],[100.5281224,13.7842602],[100.5279682,13.7843101],[100.5279277,13.7842085],[100.5278882,13.7841093],[100.5275448,13.7832472],[100.5274324,13.7829648],[100.5273811,13.7828359],[100.5271765,13.7829066],[100.5267319,13.7830603],[100.5262417,13.7832298],[100.5263207,13.7834701],[100.5264208,13.7837746],[100.5261866,13.7838514],[100.5255195,13.7840702],[100.5254377,13.7840971],[100.5251487,13.7841903],[100.5250138,13.7842338]]]}},{"type":"Feature","id":175762553,"properties":{"landuse":"military","military":"base","name":"กรมทหารราบที่ 11 มหาดเล็กราชวัลลภรักษาพระองค์","name:en":"11th Infantry Regiment","name:th":"กรมทหารราบที่ 11 มหาดเล็กราชวัลลภรักษาพระองค์","wikidata":"Q16304194","wikipedia":"th:กรมทหารราบที่ 11 มหาดเล็กราชวัลลภรักษาพระองค์","@type":"way","@id":175762553,"branch":"army"},"geometry":{"type":"Polygon","coordinates":[[[100.594912,13.8707504],[100.595359,13.8709858],[100.5961632,13.8705641],[100.5964012,13.8709408],[100.5978084,13.8731669],[100.6038679,13.8699549],[100.6002813,13.8637728],[100.5990303,13.8644571],[100.5957331,13.858968],[100.5960857,13.858776],[100.5960274,13.8584931],[100.5965987,13.8581535],[100.5971309,13.8577582],[100.5972089,13.8575384],[100.5972153,13.8572785],[100.6000609,13.8556637],[100.5990265,13.8537282],[100.600809,13.8527935],[100.6001395,13.8516411],[100.6000923,13.8516627],[100.5989349,13.8497475],[100.5988343,13.8497232],[100.5987806,13.8496366],[100.5965596,13.8461188],[100.5961941,13.8460198],[100.5958619,13.8459866],[100.5952513,13.8458942],[100.5948968,13.8458154],[100.5936584,13.8455197],[100.5926007,13.8451312],[100.5919323,13.8448508],[100.5915047,13.8446777],[100.59134,13.8446115],[100.591213,13.8445686],[100.5911185,13.8445464],[100.5909696,13.8445205],[100.590817,13.8445155],[100.5906308,13.8445282],[100.5904204,13.8445693],[100.5902358,13.8446605],[100.5900439,13.844792],[100.5898795,13.8449504],[100.5897183,13.8451365],[100.5895581,13.8454648],[100.5894465,13.8457262],[100.5893427,13.8460843],[100.5892152,13.8465384],[100.589127,13.8469992],[100.5890516,13.8476022],[100.5890565,13.8477772],[100.5889051,13.8484691],[100.5887614,13.8490118],[100.5883232,13.8510671],[100.5880575,13.8518961],[100.5880615,13.8520065],[100.5880659,13.8520999],[100.588084,13.8521985],[100.588137,13.8523587],[100.5882551,13.8525325],[100.5884624,13.8528349],[100.5886881,13.8531864],[100.589005,13.8539581],[100.5895108,13.855143],[100.5875584,13.8562135],[100.5874834,13.8566534],[100.5873102,13.8570716],[100.5869609,13.8577822],[100.5867214,13.8582202],[100.5868377,13.8585075],[100.5868755,13.8584885],[100.586917,13.858489],[100.5869597,13.8584961],[100.5870224,13.8585545],[100.5872034,13.8590289],[100.5873903,13.8589956],[100.5875038,13.8589596],[100.5876173,13.8589076],[100.5878699,13.8587672],[100.5880357,13.8586296],[100.5881117,13.8585559],[100.5881852,13.858477],[100.5882558,13.8583942],[100.5883536,13.8582582],[100.5884021,13.858177],[100.5884607,13.858041],[100.5885606,13.85783],[100.5886528,13.8576189],[100.5888268,13.8576897],[100.5887235,13.8579104],[100.588634,13.8580985],[100.5885686,13.858241],[100.5884846,13.8583786],[100.5883845,13.8585065],[100.5882871,13.8586212],[100.5881684,13.8587405],[100.5880377,13.8588538],[100.5878377,13.8589818],[100.5876747,13.8590831],[100.5876674,13.8590955],[100.5873845,13.8592539],[100.5873446,13.8593629],[100.5874057,13.859495],[100.5875921,13.8598224],[100.5876829,13.8599716],[100.5892174,13.8625785],[100.5938317,13.8704509],[100.5938862,13.87044],[100.5939448,13.8705501],[100.5946245,13.8701696],[100.5949954,13.8707211],[100.594912,13.8707504]]]}},{"type":"Feature","id":175803684,"properties":{"landuse":"military","military_service":"air_force","name":"กรมช่างอากาศ","name:en":"Directorate of Aeronautical Engineering","name:th":"กรมช่างอากาศ","@type":"way","@id":175803684,"branch":"other"},"geometry":{"type":"Polygon","coordinates":[[[100.5341576,13.7959113],[100.5337665,13.7952125],[100.5341319,13.7950201],[100.5354381,13.7943325],[100.5354997,13.7943001],[100.5347784,13.792681],[100.5347274,13.7926903],[100.5337985,13.79286],[100.5325874,13.7930812],[100.5325151,13.7930944],[100.5313992,13.7932982],[100.5305436,13.7934545],[100.5306437,13.7936496],[100.5304796,13.793752],[100.5302549,13.793865],[100.5315219,13.7962006],[100.5317949,13.7967104],[100.5321249,13.7973266],[100.5324151,13.7978686],[100.5326021,13.7982177],[100.5327743,13.7981945],[100.5334967,13.7980974],[100.5336635,13.7980505],[100.5341672,13.7979087],[100.5346529,13.7978612],[100.5345086,13.7975815],[100.5342369,13.7970549],[100.5342942,13.7970234],[100.5346012,13.7968545],[100.5341896,13.7959793],[100.5341576,13.7959113]]]}},{"type":"Feature","id":175803685,"properties":{"landuse":"military","military_service":"army","name":"กรมการขนส่งทหารบก","name:en":"Army Transportation Department","name:th":"กรมการขนส่งทหารบก","website":"https://matulee.rta.mi.th/web/","@type":"way","@id":175803685,"branch":"army"},"geometry":{"type":"Polygon","coordinates":[[[100.5309019,13.7896253],[100.5307257,13.789685],[100.5305151,13.7888632],[100.5292205,13.78931],[100.529122,13.7893436],[100.5284658,13.7895673],[100.5287643,13.7901182],[100.5284574,13.7902095],[100.5282989,13.7902567],[100.5282881,13.7902599],[100.528647,13.7909138],[100.5288224,13.7912367],[100.5288737,13.7912943],[100.5292872,13.7917583],[100.5300156,13.7931012],[100.5300676,13.7931324],[100.5301071,13.7931491],[100.5309329,13.7929844],[100.5309617,13.7929786],[100.5311123,13.7929508],[100.5318652,13.7928119],[100.5322561,13.7927399],[100.5322846,13.7927346],[100.5323181,13.7927284],[100.532373,13.7927183],[100.5323876,13.7927158],[100.5320292,13.7919798],[100.5313485,13.7905821],[100.5312563,13.7903846],[100.5309624,13.7897548],[100.5309019,13.7896253]]]}},{"type":"Feature","id":176359249,"properties":{"landuse":"military","name":"กองบัญชาการกองทัพภาคที่ 1","name:en":"1st Army Area Headquarters","name:th":"กองบัญชาการกองทัพภาคที่ 1","@type":"way","@id":176359249,"branch":"army"},"geometry":{"type":"Polygon","coordinates":[[[100.511857,13.7679323],[100.5127978,13.7674906],[100.5130308,13.7673813],[100.5121323,13.7654687],[100.5119912,13.7651684],[100.5118466,13.7648605],[100.5115331,13.7651303],[100.5107398,13.7658128],[100.5107317,13.7658407],[100.5107508,13.7659181],[100.5110611,13.7665563],[100.5111056,13.7666479],[100.5113793,13.7672108],[100.5114228,13.7673001],[100.511662,13.7677921],[100.5117494,13.7678933],[100.511857,13.7679323]]]}},{"type":"Feature","id":176359251,"properties":{"landuse":"military","name":"กองพลที่ 1 รักษาพระองค์","name:en":"1st Division, the King's Guard","name:th":"กองพลที่ 1 รักษาพระองค์","@type":"way","@id":176359251,"branch":"army"},"geometry":{"type":"Polygon","coordinates":[[[100.5082598,13.7695133],[100.5094334,13.7689905],[100.5093572,13.768838],[100.5090798,13.7682794],[100.5091681,13.7682313],[100.5088114,13.7675197],[100.507732,13.7684337],[100.5082598,13.7695133]]]}},{"type":"Feature","id":176755822,"properties":{"alt_name":"โรงเรียนนายร้อยพระจุลจอมเกล้า (เดิม)","landuse":"military","name":"กองบัญชาการกองทัพบก","name:en":"Royal Thai Army Headquarters","name:th":"กองบัญชาการกองทัพบก","@type":"way","@id":176755822,"branch":"army"},"geometry":{"type":"Polygon","coordinates":[[[100.505324,13.7639554],[100.5065514,13.7627422],[100.5068361,13.7629983],[100.506982,13.7628399],[100.5071248,13.7629668],[100.5075884,13.7627092],[100.5077541,13.7626128],[100.5084282,13.7622796],[100.5078264,13.7609403],[100.5072385,13.7611802],[100.5059754,13.7617619],[100.5045186,13.7623895],[100.5044871,13.7624834],[100.5048338,13.7630873],[100.505324,13.7639554]]]}},{"type":"Feature","id":178788074,"properties":{"landuse":"military","@type":"way","@id":178788074,"branch":"other"},"geometry":{"type":"Polygon","coordinates":[[[100.5322237,13.7639546],[100.532997,13.765476],[100.5333269,13.7653178],[100.5331007,13.7648728],[100.5325536,13.7637964],[100.5322237,13.7639546]]]}},{"type":"Feature","id":183615983,"properties":{"alt_name":"Bamboo Island","landuse":"military","name":"เกาะไผ่","name:en":"Ko Phai","name:ru":"остров Пхай","name:th":"เกาะไผ่","natural":"coastline","place":"island","wikidata":"Q750846","wikipedia":"th:เกาะไผ่","@type":"way","@id":183615983,"branch":"other"},"geometry":{"type":"Polygon","coordinates":[[[100.6714098,12.9472799],[100.6711023,12.9472567],[100.6705974,12.9471548],[100.6703233,12.9470634],[100.6700708,12.9470001],[100.6699482,12.947081],[100.6697354,12.947088],[100.6696488,12.9471759],[100.6694757,12.9471583],[100.6691367,12.9471548],[100.6690393,12.9472216],[100.6690321,12.9471688],[100.669061,12.9469755],[100.6690429,12.9469087],[100.6689816,12.9468244],[100.6688662,12.9467963],[100.6688013,12.9468279],[100.6688518,12.9467049],[100.6688013,12.9465854],[100.6686282,12.9463956],[100.6684695,12.946139],[100.6682892,12.94603],[100.6681413,12.9460195],[100.6680403,12.9459562],[100.6679862,12.9458402],[100.6679033,12.9458578],[100.6677807,12.9458648],[100.6676761,12.9456961],[100.6657466,12.9453974],[100.6641957,12.9463956],[100.6629623,12.9456856],[100.6639794,12.9438965],[100.6636043,12.9425573],[100.6648413,12.9418297],[100.6651659,12.9398649],[100.6670774,12.9396434],[100.6670557,12.9354993],[100.6676256,12.9333621],[100.6676941,12.9329825],[100.6677482,12.9327927],[100.6678816,12.9324869],[100.6678167,12.9322514],[100.6679393,12.9319491],[100.6679646,12.931703],[100.6680764,12.9315694],[100.6680764,12.9314007],[100.6680908,12.9311968],[100.6681738,12.9310949],[100.6682351,12.9309543],[100.6683685,12.9308524],[100.6683252,12.9307785],[100.6683866,12.9306098],[100.668538,12.9305219],[100.6686787,12.9302724],[100.6688229,12.9298084],[100.668978,12.9295764],[100.6688229,12.9294639],[100.668841,12.9294041],[100.6689347,12.9294182],[100.6690069,12.9294006],[100.6691475,12.929376],[100.6691259,12.9292319],[100.6691151,12.9290597],[100.6691043,12.9289542],[100.6692161,12.9289753],[100.6692521,12.9288769],[100.6691764,12.9287187],[100.6693206,12.9286906],[100.6693827,12.9285396],[100.6693699,12.9283905],[100.6694362,12.9283731],[100.6695229,12.9281618],[100.6694847,12.9281196],[100.6695076,12.9280102],[100.6695663,12.9279058],[100.6696479,12.9278462],[100.6697372,12.9277865],[100.6698213,12.9276026],[100.669778,12.9275603],[100.6697958,12.9275255],[100.6698315,12.9274659],[100.6698366,12.9273888],[100.6699106,12.9272844],[100.6699208,12.927175],[100.6699233,12.9271477],[100.67001,12.9270707],[100.6699616,12.9268917],[100.670033,12.9267948],[100.6701477,12.9266108],[100.6702344,12.9266158],[100.6702829,12.9264045],[100.670339,12.9263598],[100.6703875,12.9264194],[100.6704232,12.9264343],[100.6704665,12.9263797],[100.670464,12.9261957],[100.6704869,12.9261783],[100.6706093,12.9261361],[100.6706935,12.9258129],[100.6706374,12.925726],[100.6705864,12.9256191],[100.6706348,12.9255321],[100.6705456,12.9255122],[100.6705328,12.925378],[100.6705507,12.9252686],[100.6706603,12.9252835],[100.6706909,12.9252388],[100.6706884,12.925025],[100.6707088,12.9249007],[100.6707674,12.9248311],[100.6707751,12.9246845],[100.6708184,12.9245851],[100.6708975,12.9244732],[100.6709842,12.9244111],[100.6709485,12.9244956],[100.6710403,12.9245055],[100.6710806,12.9243749],[100.671095,12.9242448],[100.6711672,12.9241534],[100.6712501,12.9241604],[100.6713078,12.9242553],[100.6713799,12.9241604],[100.6713331,12.9240726],[100.6714845,12.9239355],[100.6715458,12.9237702],[100.6716036,12.9237773],[100.6716144,12.9236402],[100.6715422,12.9236226],[100.6715422,12.9235453],[100.6716252,12.9235347],[100.6716829,12.923482],[100.671618,12.9234328],[100.6716432,12.9233414],[100.6717117,12.9233379],[100.6717262,12.9234328],[100.6717622,12.9235769],[100.6718199,12.9236542],[100.6718885,12.9236578],[100.6719895,12.9237421],[100.6719137,12.9238195],[100.6719281,12.9238757],[100.6720688,12.9238089],[100.6721842,12.9239671],[100.6722996,12.9241534],[100.6724655,12.9241815],[100.6727252,12.9241639],[100.6729344,12.9241112],[100.6729596,12.9237773],[100.673039,12.9237878],[100.6732049,12.9235734],[100.6732842,12.9234082],[100.6733419,12.9234715],[100.6735475,12.9233765],[100.6736088,12.9232887],[100.673479,12.923366],[100.6733744,12.9233449],[100.6734609,12.9233273],[100.6736665,12.9231481],[100.673919,12.9230039],[100.673854,12.9229512],[100.6739009,12.9228915],[100.6739947,12.9229688],[100.674074,12.9228915],[100.6740668,12.922793],[100.6740091,12.9228282],[100.6739334,12.9227368],[100.6739262,12.922663],[100.6740055,12.9227016],[100.6740416,12.922663],[100.6740019,12.9224696],[100.6740812,12.9223888],[100.6740776,12.9222376],[100.6740127,12.9222025],[100.6740344,12.9221322],[100.6740524,12.9219986],[100.6739947,12.921851],[100.6740055,12.9216928],[100.6740272,12.9214994],[100.6740524,12.9213096],[100.6739478,12.9213729],[100.6739478,12.921278],[100.673955,12.9211092],[100.6740849,12.9209968],[100.6741209,12.9209054],[100.6742111,12.9208491],[100.6743409,12.9209616],[100.6744203,12.9207999],[100.6743193,12.9207191],[100.6744744,12.9205714],[100.6746006,12.9203218],[100.6747304,12.9202445],[100.6747773,12.9199809],[100.6748603,12.9198824],[100.6750009,12.9198613],[100.6751127,12.9197629],[100.6752678,12.9198543],[100.6755058,12.9197629],[100.6755888,12.9198965],[100.6755816,12.9200441],[100.6756862,12.9200406],[100.6757114,12.920132],[100.6757403,12.9201812],[100.6757835,12.9205081],[100.6758147,12.9208489],[100.6758169,12.9210554],[100.675889,12.9211274],[100.6759017,12.9212663],[100.6759936,12.9213471],[100.6760333,12.9215106],[100.6761776,12.9216249],[100.6766987,12.9216987],[100.6774741,12.9216829],[100.6781161,12.9215774],[100.6784407,12.9214298],[100.6785615,12.9213682],[100.6786733,12.9212927],[100.6786444,12.9211433],[100.6787725,12.9211116],[100.6788699,12.9210413],[100.6789023,12.9209042],[100.6788572,12.9208445],[100.6789492,12.9208163],[100.6790267,12.9209077],[100.6792503,12.9208357],[100.6793459,12.9206617],[100.6793261,12.9205123],[100.6794253,12.9203436],[100.6794974,12.9202873],[100.6796399,12.9202451],[100.6796831,12.9201889],[100.6798184,12.9201801],[100.6798959,12.9201238],[100.6800312,12.9201906],[100.6800744,12.9202873],[100.6802187,12.9202768],[100.6802854,12.9202012],[100.6803702,12.9201906],[100.6804315,12.9202838],[100.6805018,12.9203295],[100.6807092,12.9203787],[100.6809364,12.9204596],[100.681032,12.9205228],[100.6811528,12.9205615],[100.6812718,12.9206125],[100.68138,12.9207847],[100.6814197,12.9209745],[100.6815098,12.9209939],[100.6815261,12.9211099],[100.6816217,12.9211696],[100.6817208,12.9211644],[100.6818254,12.9211644],[100.6818687,12.9213805],[100.6820274,12.9213261],[100.682058,12.9214737],[100.6821518,12.9216231],[100.6822239,12.9216055],[100.6823051,12.92166],[100.6823574,12.9217795],[100.6823844,12.921943],[100.6824367,12.9219008],[100.6824584,12.9220906],[100.6825197,12.9220889],[100.6824962,12.9222084],[100.6825612,12.9221732],[100.6826334,12.9223218],[100.6826513,12.9225927],[100.6827176,12.9227195],[100.6827278,12.9228674],[100.6827559,12.9229812],[100.6827938,12.9230076],[100.682819,12.9230392],[100.6828046,12.9231007],[100.6828172,12.9232009],[100.6828298,12.9232835],[100.6828803,12.9233626],[100.6829164,12.9235103],[100.6829957,12.9237001],[100.6830011,12.9239022],[100.6830228,12.9239795],[100.6830697,12.9240657],[100.6830967,12.9241553],[100.6831454,12.9241817],[100.6831057,12.9242695],[100.6831742,12.9243064],[100.6832915,12.9244681],[100.6832374,12.9245086],[100.683259,12.9245894],[100.6833329,12.9245754],[100.6833546,12.9246246],[100.6832752,12.9247019],[100.6833438,12.9247968],[100.6834429,12.9249005],[100.6835295,12.9249989],[100.6835349,12.9250657],[100.68358,12.9251518],[100.6836972,12.9253118],[100.6837134,12.9252327],[100.6837729,12.9252151],[100.6837874,12.9253329],[100.6838559,12.9254014],[100.6838739,12.9253171],[100.6839208,12.9253663],[100.683937,12.9254911],[100.6839659,12.9255244],[100.6840434,12.9254858],[100.6840651,12.9256018],[100.6841138,12.9258795],[100.6842977,12.9259217],[100.6843319,12.9260623],[100.6844077,12.9261097],[100.6844762,12.9261044],[100.6845231,12.926282],[100.6845538,12.9264103],[100.6845952,12.9264278],[100.6846133,12.9264894],[100.6845934,12.926579],[100.6846944,12.9266528],[100.6847413,12.9266054],[100.6847936,12.9265755],[100.6848369,12.9265966],[100.6848783,12.9267249],[100.6849397,12.9268215],[100.6849108,12.9269252],[100.6849595,12.926992],[100.6849324,12.9270904],[100.6849793,12.9271344],[100.6849703,12.9271959],[100.6850352,12.9272978],[100.6850388,12.9273646],[100.685028,12.9274613],[100.6850659,12.9275474],[100.685001,12.9275457],[100.6850136,12.9276054],[100.685046,12.927637],[100.6850515,12.9277407],[100.6850857,12.9277952],[100.6850551,12.9279165],[100.685019,12.9279165],[100.6850226,12.9281028],[100.6850515,12.9281749],[100.6850262,12.9282188],[100.6850316,12.9283489],[100.6849487,12.9284156],[100.6848531,12.9283348],[100.6848765,12.9283998],[100.6848837,12.9284596],[100.6848693,12.9285352],[100.6848044,12.928493],[100.6847665,12.9285826],[100.6847197,12.9286775],[100.6846926,12.9287953],[100.684716,12.928841],[100.6847215,12.9288867],[100.6846601,12.9288252],[100.6846313,12.9288427],[100.6845988,12.9289289],[100.6846151,12.9289763],[100.6846006,12.9290554],[100.6845339,12.9291046],[100.6845934,12.9291573],[100.6845736,12.9292118],[100.6845105,12.9291591],[100.684478,12.9292593],[100.6843933,12.9293577],[100.6843139,12.929254],[100.684276,12.929261],[100.6842201,12.9291679],[100.684231,12.9292452],[100.6842219,12.9293823],[100.6841823,12.9294087],[100.6842201,12.9294878],[100.6842075,12.9295018],[100.684121,12.9294052],[100.6841228,12.9294456],[100.6840849,12.9294544],[100.6840038,12.9293981],[100.6840182,12.9294755],[100.6839046,12.9294983],[100.6837729,12.9293753],[100.6836532,12.9293571],[100.6830299,12.9297654],[100.682258,12.9304556],[100.6819495,12.9312105],[100.6818845,12.9313347],[100.6819431,12.9314814],[100.6819176,12.9316852],[100.6819533,12.9318194],[100.6820503,12.9319039],[100.6820095,12.9319809],[100.6819482,12.9321301],[100.6819814,12.9322295],[100.6819661,12.9324209],[100.6820095,12.9324184],[100.682035,12.9325974],[100.6820758,12.9326222],[100.6820656,12.9327216],[100.6820656,12.9329702],[100.6820528,12.9330845],[100.6819891,12.9331193],[100.6820707,12.9332163],[100.6819916,12.9333206],[100.6819329,12.9333878],[100.682063,12.9333878],[100.6820783,12.9336189],[100.6820681,12.9337109],[100.6819865,12.9337034],[100.6819661,12.9338923],[100.6819329,12.9339495],[100.6819533,12.934024],[100.6819074,12.934126],[100.6818488,12.9342154],[100.681887,12.9342801],[100.6818054,12.9343049],[100.6818284,12.9343621],[100.681808,12.9344516],[100.6817595,12.9345187],[100.6817187,12.9346454],[100.6816779,12.9348915],[100.6816014,12.9348791],[100.6814663,12.9349586],[100.6814459,12.9350506],[100.6813438,12.9350655],[100.6813591,12.9352196],[100.6812597,12.935314],[100.6811118,12.935406],[100.6811679,12.9354159],[100.6811755,12.935483],[100.6811347,12.935575],[100.6810531,12.9356396],[100.6809409,12.9356769],[100.680946,12.9357167],[100.6810429,12.9356844],[100.6811526,12.9356173],[100.6811908,12.9357018],[100.6811449,12.9357813],[100.68115,12.9358683],[100.68115,12.9360274],[100.681071,12.936174],[100.6810404,12.9362361],[100.6809639,12.9362585],[100.6809154,12.9362212],[100.6808976,12.9361516],[100.6808415,12.9361442],[100.6807905,12.9362784],[100.6807318,12.936256],[100.6806935,12.9362784],[100.6807114,12.9363604],[100.68064,12.936425],[100.6805864,12.9364201],[100.680464,12.9365617],[100.6803442,12.936681],[100.6803238,12.9368675],[100.68026,12.9369221],[100.6803034,12.9369669],[100.6802702,12.9371284],[100.6802141,12.9372477],[100.6802524,12.9373223],[100.6802243,12.9374466],[100.6802422,12.9375932],[100.6801708,12.9378716],[100.6801274,12.9380257],[100.6800713,12.9381549],[100.6799999,12.9381251],[100.6799744,12.9382842],[100.6798418,12.9383562],[100.6797882,12.9384383],[100.6796378,12.9383389],[100.6794745,12.9382842],[100.6794618,12.9382096],[100.6794235,12.9382071],[100.6793674,12.93814],[100.6793088,12.938135],[100.6792603,12.9380282],[100.6791966,12.9378989],[100.6791405,12.9378442],[100.6791022,12.9377473],[100.6790257,12.937546],[100.6789313,12.9374391],[100.6788905,12.9372403],[100.6788625,12.937121],[100.6787681,12.9370265],[100.6785892,12.9370065],[100.6780871,12.9371462],[100.6774547,12.9374641],[100.6764451,12.9384428],[100.6761715,12.9391037],[100.6763403,12.9393355],[100.6764525,12.9394026],[100.6765137,12.9395667],[100.6765546,12.939855],[100.6765086,12.9399743],[100.6764908,12.9401284],[100.6765265,12.940193],[100.6764984,12.9404241],[100.6764398,12.9406429],[100.6763913,12.9409809],[100.6763633,12.9410902],[100.6762715,12.9412046],[100.6762842,12.9413164],[100.6761567,12.9413462],[100.6761924,12.9414258],[100.6760955,12.9414705],[100.6761313,12.9415364],[100.6761645,12.9422918],[100.6762922,12.9429851],[100.6766645,12.9437761],[100.6771473,12.9441562],[100.6771794,12.9441697],[100.6772814,12.9441548],[100.6773936,12.94411],[100.6775517,12.9440678],[100.6777557,12.944033],[100.6780158,12.9440802],[100.6781688,12.9440926],[100.6781637,12.9441498],[100.6782861,12.9441722],[100.6783269,12.9442194],[100.6784417,12.9442641],[100.6785514,12.9443685],[100.6785973,12.9443462],[100.6786712,12.9443561],[100.6786993,12.9444331],[100.6788803,12.9445127],[100.6790308,12.944535],[100.6790946,12.9444754],[100.6791405,12.9443586],[100.6791787,12.944371],[100.6792425,12.9445052],[100.6792195,12.9447065],[100.6792221,12.9448258],[100.6791175,12.944719],[100.6790563,12.9447562],[100.6790512,12.9449252],[100.6789364,12.9450619],[100.6789084,12.9453378],[100.678939,12.9455814],[100.6790849,12.9457678],[100.6790774,12.9459524],[100.6791081,12.945963],[100.6790756,12.9463057],[100.6791333,12.9463145],[100.6791568,12.946499],[100.6792271,12.9468452],[100.6792614,12.9470297],[100.679292,12.9473496],[100.679301,12.9475745],[100.6793407,12.9476378],[100.6792902,12.9477468],[100.6792722,12.9478997],[100.6792523,12.9481246],[100.6793227,12.9482494],[100.6793641,12.9484849],[100.6792938,12.9484708],[100.6792632,12.9485148],[100.679265,12.94868],[100.6791423,12.9487977],[100.6789927,12.9488434],[100.6789764,12.9489137],[100.678944,12.9491457],[100.6788953,12.9491263],[100.6788682,12.9491879],[100.6788682,12.9492494],[100.678825,12.9492529],[100.6787781,12.9493302],[100.6787781,12.9495675],[100.6787763,12.9496342],[100.678834,12.9496729],[100.6787979,12.9497239],[100.6787474,12.9498293],[100.6787907,12.9499154],[100.6787853,12.9499928],[100.6787168,12.9500033],[100.6786861,12.9501316],[100.6786446,12.9503425],[100.678632,12.9505868],[100.6785797,12.950708],[100.6785437,12.950715],[100.6784841,12.9508978],[100.6785022,12.9509927],[100.6784625,12.9511034],[100.6784048,12.9511069],[100.6783579,12.9513126],[100.6782876,12.9514971],[100.6782046,12.9514848],[100.6782064,12.9515533],[100.6781199,12.9515059],[100.6779684,12.951599],[100.6779179,12.951722],[100.6778494,12.9516465],[100.6778404,12.9516851],[100.6778169,12.9517361],[100.6777304,12.9517115],[100.6777358,12.9516201],[100.6776348,12.9515744],[100.6775212,12.9515885],[100.6775158,12.9516711],[100.6769189,12.9516922],[100.6766628,12.9515445],[100.6763076,12.9512018],[100.676102,12.9509119],[100.6757919,12.9504233],[100.6755214,12.9502265],[100.675296,12.9499629],[100.6752437,12.9497327],[100.6751083,12.9496836],[100.6746492,12.949276],[100.6742106,12.9491567],[100.673874,12.9492163],[100.6736597,12.9489678],[100.6731803,12.9483613],[100.6730375,12.9479637],[100.6728092,12.9477298],[100.672636,12.9477298],[100.6721888,12.9475048],[100.6714098,12.9472799]]]}},{"type":"Feature","id":190841241,"properties":{"landuse":"military","@type":"way","@id":190841241,"branch":"other"},"geometry":{"type":"Polygon","coordinates":[[[99.8094704,11.7861199],[99.8093582,11.7848075],[99.8092313,11.7847057],[99.8073413,11.7844476],[99.8068076,11.7843298],[99.8063486,11.7842061],[99.8058389,11.7840687],[99.8053409,11.7838766],[99.8047999,11.7836706],[99.8040547,11.7832497],[99.8040955,11.7838478],[99.8040695,11.7877232],[99.7983956,11.7865785],[99.7983335,11.7865651],[99.7982237,11.7865415],[99.7981663,11.7865292],[99.7895968,11.784687],[99.789404,11.7855664],[99.7893755,11.7856962],[99.7918736,11.7862533],[99.7984859,11.7877279],[99.8038809,11.788931],[99.8038241,11.7919342],[99.8023901,11.7933066],[99.8015297,11.79413],[99.8002739,11.7953496],[99.7994193,11.7950994],[99.7992347,11.7956014],[99.8004073,11.7959428],[99.8003964,11.7960194],[99.8013991,11.795926],[99.8024868,11.7964546],[99.8038939,11.7945871],[99.8051058,11.7934175],[99.8064201,11.7923301],[99.8082699,11.7910429],[99.8085871,11.7906986],[99.8102081,11.7880927],[99.8096264,11.7876588],[99.8094704,11.7861199]]]}},{"type":"Feature","id":191960351,"properties":{"landuse":"military","name":"กรมทหารปืนใหญ่ต่อสู้อากาศยานที่ 1","@type":"way","@id":191960351,"branch":"army"},"geometry":{"type":"Polygon","coordinates":[[[100.5673388,13.8909395],[100.5669589,13.8910698],[100.5669595,13.8911012],[100.5669795,13.8920657],[100.5645846,13.8925586],[100.5649105,13.8943406],[100.564998,13.8947959],[100.5662813,13.8947826],[100.5688409,13.8946693],[100.5688581,13.8952189],[100.5716613,13.8950557],[100.5716517,13.8945299],[100.5716351,13.8941893],[100.57139,13.8941799],[100.5713438,13.8928001],[100.5712906,13.89121],[100.5712663,13.8908402],[100.5702052,13.8907951],[100.5700891,13.8924092],[100.5670869,13.8923792],[100.567092,13.8920467],[100.56761,13.8920138],[100.5673388,13.8909395]]]}},{"type":"Feature","id":191960353,"properties":{"landuse":"military","name":"มณฑลทหารบกที่ 11","name:en":"11th Military Circle","name:th":"มณฑลทหารบกที่ 11","official_name":"กองพันทหารราบ มณฑลทหารบกที่ 11","official_name:en":"Infantry Battalion 11th Military Circle","official_name:th":"กองพันทหารราบ มณฑลทหารบกที่ 11","@type":"way","@id":191960353,"branch":"army"},"geometry":{"type":"Polygon","coordinates":[[[100.5546677,13.8949493],[100.5569207,13.8941862],[100.5579352,13.8938425],[100.5579214,13.8936132],[100.5578741,13.8928294],[100.5575815,13.8914838],[100.557498,13.8910997],[100.556652,13.8881108],[100.556253,13.8882363],[100.5557607,13.8883912],[100.5559386,13.8892015],[100.5560234,13.8894373],[100.5558225,13.8894688],[100.5561244,13.8905652],[100.5538445,13.8910323],[100.5546677,13.8949493]]]}},{"type":"Feature","id":191960355,"properties":{"landuse":"military","name":"กองร้อยลาดตระเวนระยะไกลที่ 1 กองพลที่ 1 รักษาพระองค์","@type":"way","@id":191960355,"branch":"army"},"geometry":{"type":"Polygon","coordinates":[[[100.5702052,13.8907951],[100.5698571,13.8907734],[100.5685805,13.8907083],[100.5685733,13.8909391],[100.5680468,13.8911087],[100.5678187,13.8911111],[100.5678017,13.8907813],[100.5673388,13.8909395],[100.56761,13.8920138],[100.567092,13.8920467],[100.5670869,13.8923792],[100.5700891,13.8924092],[100.5702052,13.8907951]]]}},{"type":"Feature","id":194555883,"properties":{"landuse":"military","name":"กองพันทหารราบที่ 3 กรมทหารมหาดเล็กราชวัลลภรักษาพระองค์ที่ 1","name:en":"3rd Infantry Battalion, 1st King's Own Bodyguard Regiment","name:th":"กองพันทหารราบที่ 3 กรมทหารมหาดเล็กราชวัลลภรักษาพระองค์ที่ 1","wikidata":"Q13012737","wikipedia":"th:กองพันทหารราบที่ 3 กรมทหารมหาดเล็กราชวัลลภรักษาพระองค์ที่ 1","@type":"way","@id":194555883,"branch":"army"},"geometry":{"type":"Polygon","coordinates":[[[100.525863,13.7888689],[100.5259954,13.7891033],[100.5253494,13.7893112],[100.5253244,13.7893184],[100.5247407,13.7894767],[100.5245176,13.7895327],[100.5243956,13.7895633],[100.524238,13.7896029],[100.5241847,13.7896163],[100.5240865,13.7896387],[100.5233752,13.7898014],[100.5232035,13.7898355],[100.5231898,13.7898382],[100.5230897,13.7898581],[100.5227052,13.7899345],[100.5226082,13.7899511],[100.5226598,13.7898058],[100.5226599,13.7896824],[100.522631,13.7892397],[100.5225222,13.7888265],[100.5221569,13.7874394],[100.5220468,13.7871777],[100.5220384,13.7871584],[100.5219949,13.7870582],[100.5219851,13.7869691],[100.5219139,13.7865684],[100.5219108,13.7865509],[100.5219098,13.786335],[100.5218643,13.7861053],[100.5218509,13.7860376],[100.5219545,13.7857839],[100.5220534,13.7848848],[100.522445,13.7846503],[100.522704,13.7844952],[100.5229836,13.7843277],[100.5242581,13.7835644],[100.5244316,13.7838811],[100.5248899,13.7847177],[100.5249446,13.7848175],[100.5253106,13.7854857],[100.5254707,13.7857779],[100.5255964,13.7860073],[100.5256795,13.7861591],[100.525803,13.7863846],[100.5260047,13.7867613],[100.5261782,13.7870853],[100.526265,13.7872474],[100.5263556,13.7874165],[100.5264776,13.7876444],[100.5262832,13.7877423],[100.5264503,13.7880742],[100.5266399,13.7884508],[100.5264178,13.7885765],[100.525863,13.7888689]]]}},{"type":"Feature","id":194755604,"properties":{"landuse":"military","name":"กรมพลาธิการทหารบก","name:en":"Quatermaster Department Royal Thai Army","name:th":"กรมพลาธิการทหารบก","@type":"way","@id":194755604,"branch":"army"},"geometry":{"type":"Polygon","coordinates":[[[100.514894,13.8773359],[100.5152888,13.8763924],[100.5152585,13.8762913],[100.5149721,13.876325],[100.5141726,13.8718624],[100.5138298,13.8718645],[100.5136973,13.8718793],[100.5128737,13.871971],[100.5129842,13.8724982],[100.5125946,13.8725518],[100.5126283,13.8729211],[100.512131,13.8729563],[100.512383,13.8750704],[100.5121039,13.8753397],[100.5121181,13.875394],[100.5124067,13.8765026],[100.5128332,13.8763927],[100.5128455,13.8764419],[100.5129759,13.876424],[100.5130926,13.8775468],[100.5131533,13.8777426],[100.514894,13.8773359]]]}},{"type":"Feature","id":194876463,"properties":{"landuse":"military","@type":"way","@id":194876463,"branch":"other"},"geometry":{"type":"Polygon","coordinates":[[[100.5894751,13.9023992],[100.5900595,13.9034335],[100.5916428,13.9063054],[100.5926727,13.9057497],[100.5902543,13.9014487],[100.5897302,13.9016713],[100.5892079,13.9019039],[100.5892803,13.9020679],[100.5894751,13.9023992]]]}},{"type":"Feature","id":199988154,"properties":{"landuse":"military","name":"กรมพลาธิการทหารบก","name:en":"Quartermaster Department, Royal Thai Army","source":"Bing","@type":"way","@id":199988154,"branch":"army"},"geometry":{"type":"Polygon","coordinates":[[[100.4964873,13.8839341],[100.4962543,13.8840828],[100.4964753,13.884605],[100.4959711,13.8847416],[100.4950608,13.8850301],[100.4952376,13.885492],[100.4954593,13.8865103],[100.4971411,13.8861586],[100.4971317,13.8862134],[100.4970527,13.8869456],[100.497064,13.8873181],[100.4971054,13.8876595],[100.4970283,13.8877417],[100.4965185,13.8878804],[100.4966352,13.8882328],[100.4956176,13.8885542],[100.4956646,13.888766],[100.4954204,13.8888168],[100.4948557,13.8890408],[100.4948889,13.8892344],[100.4945658,13.889339],[100.4946679,13.8897773],[100.4944779,13.8898412],[100.4945663,13.8902027],[100.4939569,13.8904894],[100.4937958,13.8899467],[100.4932804,13.8900635],[100.4932409,13.8900489],[100.4927669,13.8902114],[100.4926954,13.8901749],[100.4923155,13.8902406],[100.4919318,13.8902954],[100.4920108,13.8908614],[100.4919882,13.891758],[100.4915011,13.8919278],[100.4914258,13.8918],[100.491281,13.8918493],[100.4913713,13.8919698],[100.4915443,13.892072],[100.4917493,13.8920154],[100.4918716,13.8923861],[100.4923512,13.8922035],[100.4925299,13.8920957],[100.4926033,13.8919825],[100.4929794,13.8916612],[100.493207,13.8915188],[100.4937638,13.8913289],[100.4939613,13.8912138],[100.4944127,13.8910477],[100.4945331,13.8912157],[100.49496,13.8910477],[100.4953308,13.8908573],[100.4957093,13.8907133],[100.496235,13.8905571],[100.496514,13.8905154],[100.4965247,13.8903019],[100.496986,13.890229],[100.4973186,13.8902238],[100.4973264,13.8905657],[100.4980428,13.8906196],[100.4984958,13.8906334],[100.4987402,13.8906196],[100.4992791,13.8904876],[100.4996707,13.8905344],[100.5000652,13.8905311],[100.5004753,13.8904251],[100.5005856,13.8903175],[100.5010922,13.8902636],[100.5009206,13.8895867],[100.5008323,13.8891823],[100.5008942,13.8887359],[100.5009182,13.8885626],[100.5004461,13.8883855],[100.5002822,13.8883108],[100.5002369,13.8879012],[100.5006821,13.887745],[100.5005856,13.887344],[100.5006231,13.887167],[100.5004246,13.8861046],[100.5001189,13.8850631],[100.4996492,13.8835614],[100.49841,13.8839728],[100.4982145,13.8833654],[100.4978,13.8835072],[100.4973371,13.8836656],[100.496731,13.8821658],[100.4964281,13.8822822],[100.4963179,13.8819783],[100.4957975,13.8822335],[100.4964873,13.8839341]]]}},{"type":"Feature","id":200508339,"properties":{"landuse":"military","note":"approximate","@type":"way","@id":200508339,"branch":"other"},"geometry":{"type":"Polygon","coordinates":[[[100.5323336,13.9345757],[100.5329329,13.9334565],[100.5335675,13.9326723],[100.5312496,13.9307654],[100.5309058,13.9313285],[100.5302746,13.9310222],[100.5288274,13.9330725],[100.5286547,13.9329694],[100.5282973,13.9335659],[100.5281345,13.9337453],[100.5280376,13.9337007],[100.5277441,13.93411],[100.5280598,13.9343097],[100.5275598,13.9348659],[100.5272474,13.9350692],[100.5271538,13.9351886],[100.527391,13.935574],[100.5274117,13.935724],[100.5273995,13.9358918],[100.5274275,13.9359364],[100.5277717,13.9360639],[100.5275474,13.9362901],[100.5283549,13.9366938],[100.52891,13.9370156],[100.5288535,13.9374617],[100.5286993,13.9381286],[100.5284541,13.9387984],[100.5283312,13.9390427],[100.5287502,13.9393068],[100.5292754,13.9396839],[100.5300554,13.9400702],[100.5319666,13.9370145],[100.531464,13.9367768],[100.5317583,13.9361118],[100.5320236,13.9356595],[100.5322057,13.9354715],[100.5323247,13.9353015],[100.5321009,13.935149],[100.5323336,13.9345757]]]}},{"type":"Feature","id":201986862,"properties":{"landuse":"military","@type":"way","@id":201986862,"branch":"other"},"geometry":{"type":"Polygon","coordinates":[[[100.5680021,13.9338529],[100.5673756,13.9340914],[100.5679141,13.9357857],[100.5682384,13.9367745],[100.5697344,13.9410134],[100.5703802,13.9428594],[100.5709081,13.9443728],[100.570974,13.9443941],[100.5728543,13.9437916],[100.5768623,13.9427721],[100.5784587,13.9423652],[100.5788504,13.9422612],[100.5787327,13.9414054],[100.578413,13.9409928],[100.5780634,13.9404575],[100.5776573,13.9398059],[100.5769571,13.9387381],[100.5763153,13.9377573],[100.5756522,13.9367439],[100.5755432,13.9365623],[100.5755207,13.9364954],[100.5779554,13.9357405],[100.5798979,13.9351216],[100.58215,13.9344057],[100.5844867,13.9336891],[100.5850492,13.9334835],[100.5834103,13.9282118],[100.5822172,13.928593],[100.5789457,13.9296014],[100.5774237,13.9300676],[100.5761412,13.9304643],[100.5761096,13.930513],[100.5758214,13.9305983],[100.5757602,13.9305779],[100.5717898,13.9318219],[100.5685755,13.9327958],[100.5678239,13.9330301],[100.5677908,13.9330868],[100.5677706,13.9331339],[100.5680021,13.9338529]]]}},{"type":"Feature","id":202507396,"properties":{"landuse":"military","name":"โรงเรียนแผนที่ กรมแผนที่ทหาร","name:en":"Survey School, Royal Thai Survey Department","name:th":"โรงเรียนแผนที่ กรมแผนที่ทหาร","@type":"way","@id":202507396,"branch":"other"},"geometry":{"type":"Polygon","coordinates":[[[100.5074738,13.7601864],[100.507436,13.7601851],[100.5068581,13.7604592],[100.5072275,13.761145],[100.5078154,13.7609051],[100.5074738,13.7601864]]]}},{"type":"Feature","id":203132232,"properties":{"landuse":"military","@type":"way","@id":203132232,"branch":"other"},"geometry":{"type":"Polygon","coordinates":[[[98.4391319,9.8560721],[98.4387369,9.8562122],[98.438154,9.8561963],[98.4380179,9.8560272],[98.4379467,9.8556252],[98.4381475,9.8552295],[98.4385264,9.8550955],[98.4388761,9.854952],[98.4392323,9.8548754],[98.4393683,9.8548148],[98.4390672,9.85455],[98.4390898,9.8544223],[98.4392388,9.8543777],[98.4393975,9.854467],[98.4396015,9.8545978],[98.4396857,9.8546712],[98.4395372,9.8548356],[98.4391136,9.8556219],[98.4391319,9.8560721]]]}},{"type":"Feature","id":207659189,"properties":{"landuse":"military","name":"กรมการอุตสาหกรรมทหาร","name:th":"กรมการอุตสาหกรรมทหาร","@type":"way","@id":207659189,"branch":"other"},"geometry":{"type":"Polygon","coordinates":[[[100.5211056,13.7974582],[100.5212553,13.7975565],[100.5212082,13.7988333],[100.5212058,13.798899],[100.5205558,13.7991692],[100.5202104,13.7983166],[100.5200379,13.7978464],[100.5211056,13.7974582]]]}},{"type":"Feature","id":208241460,"properties":{"description":"Sub-Division 5, Special Training Division Border Patrol Police Bureau","landuse":"military","name":"ค่ายนเรศวรมหาราช","name:en":"Camp Naresuan","name:th":"ค่ายนเรศวรมหาราช","@type":"way","@id":208241460,"branch":"other"},"geometry":{"type":"Polygon","coordinates":[[[98.9639735,19.1824752],[98.9648413,19.1799935],[98.9651427,19.1792821],[98.96503,19.1785435],[98.9662636,19.1777908],[98.9669265,19.1775403],[98.9674447,19.1774663],[98.9696022,19.1766125],[98.9705132,19.178666],[98.9722905,19.1788801],[98.9729643,19.1793643],[98.9714222,19.1823044],[98.971374,19.1824354],[98.9707814,19.1827062],[98.9698854,19.1828793],[98.9688882,19.183072],[98.968739,19.1832855],[98.9683156,19.1833033],[98.9678395,19.1833887],[98.967262,19.1838587],[98.9666221,19.1840604],[98.9642658,19.1841486],[98.9633767,19.1841819],[98.9639735,19.1824752]]]}},{"type":"Feature","id":210246292,"properties":{"building":"yes","landuse":"military","military":"office","military_service":"navy","name":"กรมสารบรรณทหารเรือ","@type":"way","@id":210246292,"branch":"navy"},"geometry":{"type":"Polygon","coordinates":[[[100.4899151,13.7432795],[100.4899952,13.7431246],[100.4898188,13.7430379],[100.489349,13.7428091],[100.4892689,13.7429639],[100.4899151,13.7432795]]]}},{"type":"Feature","id":210246294,"properties":{"building":"yes","landuse":"military","military":"office","military_service":"navy","@type":"way","@id":210246294,"branch":"other"},"geometry":{"type":"Polygon","coordinates":[[[100.48896,13.7426882],[100.4892476,13.7428265],[100.4894092,13.7425092],[100.4891375,13.7423786],[100.4891208,13.7423707],[100.48896,13.7426882]]]}},{"type":"Feature","id":211196023,"properties":{"landuse":"military","military":"base","military_service":"navy","name":"หน่วยเรือรักษาความสงบเรียบร้อยตามลำแม่นํ้าโขง เขตเชียงราย","name:en":"Mae Khong Riverine Unit","@type":"way","@id":211196023,"branch":"other"},"geometry":{"type":"Polygon","coordinates":[[[100.0883526,20.2843663],[100.0891094,20.2841874],[100.0887072,20.2829079],[100.0885306,20.2829146],[100.088537,20.2825083],[100.0879475,20.2825266],[100.0879529,20.2828493],[100.0879964,20.2831798],[100.0880825,20.2835971],[100.0881774,20.2838998],[100.0883526,20.2843663]]]}},{"type":"Feature","id":220996209,"properties":{"landuse":"military","name":"ฐานปฏิบัติการช้างศึก","name:en":"Chang Suek Operations Base","operator":"กองร้อยตำรวจตระเวนชายแดนที่ 135","operator:en":"135th Border Patrol Police Company","@type":"way","@id":220996209,"branch":"other"},"geometry":{"type":"Polygon","coordinates":[[[98.3687636,14.6731538],[98.3690847,14.6732766],[98.369081,14.6729515],[98.3686591,14.6722256],[98.3684653,14.672243],[98.36827,14.67217],[98.3681384,14.6721637],[98.368132,14.672327],[98.3683119,14.6727962],[98.3687636,14.6731538]]]}},{"type":"Feature","id":221803610,"properties":{"landuse":"military","name":"กรมทหารต่อสู้อากาศยานรักษาพระองค์","name:en":"Military Anti-Aircraft Dept.","@type":"way","@id":221803610,"branch":"other"},"geometry":{"type":"Polygon","coordinates":[[[100.6223878,13.9523592],[100.6253242,13.9528572],[100.6244472,13.9581178],[100.6216657,13.9561839],[100.6223878,13.9523592]]]}},{"type":"Feature","id":222374444,"properties":{"landuse":"military","military":"office","name":"กรมวิทยาศาสตร์ทหารบก","name:en":"Chemical Department, Royal Thai Army","name:th":"กรมวิทยาศาสตร์ทหารบก","@type":"way","@id":222374444,"branch":"other"},"geometry":{"type":"Polygon","coordinates":[[[100.5873549,13.851838],[100.5878159,13.8499494],[100.5881822,13.8479209],[100.5883052,13.8477602],[100.5885084,13.8465448],[100.5884232,13.8464521],[100.5885014,13.8459401],[100.5892782,13.8442231],[100.5896101,13.8426588],[100.5883909,13.8426474],[100.5883106,13.8425172],[100.5873145,13.842459],[100.5872826,13.8428252],[100.5869236,13.842857],[100.5868387,13.8439959],[100.5868099,13.8444474],[100.5867443,13.8451077],[100.5865865,13.845079],[100.5863663,13.8458917],[100.5859999,13.8472237],[100.5858648,13.8478057],[100.585684,13.848901],[100.5851013,13.848736],[100.5851162,13.8486681],[100.5845884,13.8485397],[100.5840611,13.8484372],[100.5834485,13.848376],[100.5833939,13.8487321],[100.5823266,13.8486037],[100.5823743,13.8480193],[100.5806507,13.8479023],[100.5805899,13.8479016],[100.5821508,13.8506113],[100.5835735,13.849806],[100.5836561,13.8498124],[100.5838106,13.8499699],[100.5839319,13.8500327],[100.5840558,13.850137],[100.5850113,13.8515986],[100.5852369,13.8514475],[100.5853043,13.8515263],[100.5862663,13.8516557],[100.5873549,13.851838]]]}},{"type":"Feature","id":223894399,"properties":{"landuse":"military","name":"สถานีโทรคมนาคมทหารเขาเขียว","name:en":"Station green military telecommunications","source":"Bing;http://www.ratchakitcha.soc.go.th/DATA/PDF/2542/A/119/4.PDF","@type":"way","@id":223894399,"branch":"other"},"geometry":{"type":"Polygon","coordinates":[[[101.3784588,14.3571916],[101.3790042,14.3565574],[101.3761373,14.3546436],[101.3737909,14.3545414],[101.374096,14.3551909],[101.3756393,14.3560838],[101.3784588,14.3571916]]]}},{"type":"Feature","id":224729354,"properties":{"landuse":"military","source":"Bing","@type":"way","@id":224729354,"branch":"other"},"geometry":{"type":"Polygon","coordinates":[[[99.0492868,19.9608129],[99.0498859,19.9613031],[99.0504269,19.9606334],[99.0497861,19.9601755],[99.0492868,19.9608129]]]}},{"type":"Feature","id":232877294,"properties":{"landuse":"military","@type":"way","@id":232877294,"branch":"other"},"geometry":{"type":"Polygon","coordinates":[[[101.3784588,14.3571916],[101.3817802,14.3590698],[101.3857539,14.3611673],[101.3893199,14.3618829],[101.3916124,14.3627712],[101.3939813,14.3632401],[101.40002,14.3659053],[101.4002243,14.365479],[101.3941404,14.362781],[101.3933139,14.3623829],[101.3927701,14.3622424],[101.3917553,14.362309],[101.3894635,14.3614209],[101.3859266,14.3607111],[101.382024,14.3586512],[101.3790042,14.3565574],[101.3784588,14.3571916]]]}},{"type":"Feature","id":236030930,"properties":{"addr:district":"จตุจักร","addr:housenumber":"3/1","addr:postcode":"10900","addr:province":"กรุงเทพมหานคร","addr:street":"ซอยพหลโยธิน 30","addr:subdistrict":"จันทรเกษม","amenity":"college","education":"college","landuse":"military","name":"โรงเรียนช่างฝีมือทหาร","name:en":"Military Technical Training School","name:th":"โรงเรียนช่างฝีมือทหาร","operator":"กองบัญชาการกองทัพไทย","operator:type":"military","phone":"+66 2572 2884","website":"https://www.mtts.ac.th","wikidata":"Q13026958","wikipedia":"th:โรงเรียนช่างฝีมือทหาร","@type":"way","@id":236030930,"branch":"other"},"geometry":{"type":"Polygon","coordinates":[[[100.578175,13.8321762],[100.5785448,13.8301006],[100.5736064,13.8290101],[100.5734654,13.8298179],[100.5740711,13.8299476],[100.5740099,13.830265],[100.57421,13.8303181],[100.574143,13.8305664],[100.5767476,13.8312038],[100.5766496,13.8318639],[100.5766903,13.8318437],[100.5769695,13.831903],[100.5775186,13.8320332],[100.578175,13.8321762]]]}},{"type":"Feature","id":238776815,"properties":{"landuse":"military","@type":"way","@id":238776815,"branch":"other"},"geometry":{"type":"Polygon","coordinates":[[[100.5390042,13.8323536],[100.5381018,13.8318223],[100.5369907,13.8335584],[100.5378813,13.8340896],[100.5390042,13.8323536]]]}},{"type":"Feature","id":242713408,"properties":{"landuse":"military","name":"สถานีอุตุนิยมวิทยาเขาเขียว","source":"Bing;http://www.ratchakitcha.soc.go.th/DATA/PDF/2542/A/119/4.PDF","@type":"way","@id":242713408,"branch":"other"},"geometry":{"type":"Polygon","coordinates":[[[101.3933139,14.3623829],[101.3940934,14.3615576],[101.3934952,14.3607322],[101.3927701,14.3611888],[101.3927701,14.3622424],[101.3933139,14.3623829]]]}},{"type":"Feature","id":242730733,"properties":{"landuse":"military","note":"Khao Laem National Park - inner","source":"http://www.ratchakitcha.soc.go.th/DATA/PDF/2552/A/053/7.PDF;Bing","@type":"way","@id":242730733,"branch":"other"},"geometry":{"type":"Polygon","coordinates":[[[98.6098419,15.0731334],[98.6110794,15.0738177],[98.6114938,15.0735135],[98.6113492,15.0721448],[98.6109133,15.0714809],[98.6098419,15.0731334]]]}},{"type":"Feature","id":243246096,"properties":{"landuse":"military","name":"ฐานทัพเรือสงขลา","name:en":"Songkhla Naval Base","name:th":"ฐานทัพเรือสงขลา","wikidata":"Q128672300","@type":"way","@id":243246096,"branch":"navy"},"geometry":{"type":"Polygon","coordinates":[[[100.5803399,7.2167426],[100.5808188,7.2155761],[100.5808407,7.2155197],[100.5812106,7.2147391],[100.5812326,7.2146936],[100.5814724,7.2141967],[100.5812836,7.2140961],[100.5815968,7.2134482],[100.5818571,7.2135521],[100.5819227,7.2133853],[100.5817439,7.2133529],[100.5817496,7.2132796],[100.581681,7.2132538],[100.5817154,7.2131758],[100.5823501,7.2134606],[100.5817163,7.214758],[100.583964,7.2158853],[100.5840203,7.2159692],[100.5827824,7.2177048],[100.5826663,7.2177677],[100.5824985,7.2178091],[100.5823483,7.2178139],[100.5820033,7.2176834],[100.5811268,7.2172264],[100.5807741,7.2170383],[100.580553,7.2169945],[100.5802622,7.217472],[100.5800844,7.2174165],[100.5802264,7.217042],[100.5803399,7.2167426]]]}},{"type":"Feature","id":244834139,"properties":{"landuse":"military","operator:en":"Royal Thai Army","@type":"way","@id":244834139,"branch":"army"},"geometry":{"type":"Polygon","coordinates":[[[99.0372254,19.8027543],[99.0372816,19.8026716],[99.0373619,19.8025789],[99.0375794,19.8026582],[99.0378613,19.8027],[99.0383585,19.8029255],[99.0382308,19.803244],[99.0379911,19.8034883],[99.0376727,19.8034048],[99.0374851,19.803174],[99.0372254,19.8027543]]]}},{"type":"Feature","id":251431563,"properties":{"landuse":"military","military":"base","name":"ค่ายพ่อขุนผาเมือง","name:en":"Fort Phokhunphamueang","name:th":"ค่ายพ่อขุนผาเมือง","source":"Bing","@type":"way","@id":251431563,"branch":"other"},"geometry":{"type":"Polygon","coordinates":[[[101.1115628,16.407056],[101.113417,16.4066442],[101.1170486,16.4086514],[101.1235522,16.4066667],[101.1253314,16.4087982],[101.1267898,16.4107684],[101.1270412,16.4106083],[101.1276664,16.4113592],[101.1398743,16.4030291],[101.1244297,16.3853068],[101.1240107,16.3856628],[101.1217869,16.3861359],[101.1219327,16.3867896],[101.1214048,16.3870983],[101.1215839,16.387372],[101.1185317,16.3897118],[101.1176173,16.3886427],[101.1172794,16.3888588],[101.1167644,16.3873406],[101.1119471,16.3912982],[101.1121261,16.389074],[101.1118384,16.3878599],[101.1114073,16.3882328],[101.1107654,16.388463],[101.1105446,16.3900776],[101.108707,16.3903204],[101.1115628,16.407056]]]}},{"type":"Feature","id":252980579,"properties":{"landuse":"military","name:en":"28th Cavalry Squadron","@type":"way","@id":252980579,"branch":"other"},"geometry":{"type":"Polygon","coordinates":[[[101.1398642,16.6780534],[101.1392838,16.6751144],[101.1401243,16.67497],[101.139378,16.6710129],[101.1396192,16.6709659],[101.1384433,16.6688104],[101.1378591,16.6682616],[101.1357824,16.6688934],[101.1340643,16.6707865],[101.1338753,16.6709948],[101.1349413,16.675017],[101.137665,16.6744859],[101.1386405,16.6783563],[101.1398642,16.6780534]]]}},{"type":"Feature","id":262856553,"properties":{"landuse":"military","name":"ศูนย์ควบคุมและรายงานดอยอินทนนท์ กองทัพอากาศ","name:en":"Doi Inthanon Air Control and Reporting Center","name:th":"ศูนย์ควบคุมและรายงานดอยอินทนนท์ กองทัพอากาศ","note":"boundary is approximate","@type":"way","@id":262856553,"branch":"airforce"},"geometry":{"type":"Polygon","coordinates":[[[98.4829247,18.5902464],[98.4828906,18.5902161],[98.4826636,18.5900145],[98.4827649,18.5896577],[98.4829892,18.5894889],[98.4833134,18.5894129],[98.4838062,18.5894074],[98.4840611,18.5895497],[98.4843302,18.5895959],[98.4847533,18.5894533],[98.4859878,18.5898236],[98.486429,18.5897361],[98.4865761,18.589527],[98.4872753,18.5896957],[98.4872673,18.5898078],[98.487309,18.5898882],[98.487391,18.5899045],[98.4871309,18.5910187],[98.4867317,18.5909675],[98.4863235,18.5906233],[98.4859529,18.590609],[98.4856663,18.5910485],[98.4853287,18.5909234],[98.4852356,18.5911324],[98.4853857,18.5915705],[98.4849775,18.5917696],[98.4848019,18.591579],[98.4849864,18.5909416],[98.484916,18.5908608],[98.4846459,18.5907555],[98.4844568,18.5901909],[98.4842512,18.5900558],[98.4840216,18.5900387],[98.483807,18.5901539],[98.4834034,18.5901383],[98.4829247,18.5902464]]]}},{"type":"Feature","id":264120613,"properties":{"landuse":"military","@type":"way","@id":264120613,"branch":"other"},"geometry":{"type":"Polygon","coordinates":[[[98.9588514,19.7497049],[98.9591304,19.7497352],[98.9596816,19.7503852],[98.95883,19.7511085],[98.9586047,19.7510782],[98.9581755,19.7505784],[98.9580682,19.7502047],[98.9588514,19.7497049]]]}},{"type":"Feature","id":264120810,"properties":{"landuse":"military","@type":"way","@id":264120810,"branch":"other"},"geometry":{"type":"Polygon","coordinates":[[[98.9516738,19.7633009],[98.9527293,19.7633653],[98.9528419,19.7645012],[98.9516899,19.7644722],[98.9516738,19.7633009]]]}},{"type":"Feature","id":279980797,"properties":{"landuse":"military","name":"สำนักงานปลัดกระทรวงกลาโหม","name:en":"Office of the Permanent Secretary for Defence","name:th":"สำนักงานปลัดกระทรวงกลาโหม","@type":"way","@id":279980797,"branch":"other"},"geometry":{"type":"Polygon","coordinates":[[[100.5490162,13.9381537],[100.5505798,13.9367957],[100.5505822,13.9367193],[100.5493942,13.9350861],[100.5482859,13.9358222],[100.5485374,13.9362227],[100.5483406,13.9372021],[100.5488513,13.9377289],[100.5486122,13.9379447],[100.5490162,13.9381537]]]}},{"type":"Feature","id":289755424,"properties":{"addr:district":"เมืองนครนายก","addr:housenumber":"99","addr:place":"หมู่ที่ 1","addr:postcode":"26000","addr:province":"นครนายก","addr:subdistrict":"พรหมณี","amenity":"college","education":"college","email":"contact.us@crma.ac.th","landuse":"military","name":"โรงเรียนนายร้อยพระจุลจอมเกล้า","name:en":"Chulachomklao Royal Military Academy","name:th":"โรงเรียนนายร้อยพระจุลจอมเกล้า","phone":"+66 3739-3010-4","website":"https://www.crma.ac.th","wikidata":"Q1089417","wikipedia":"th:โรงเรียนนายร้อยพระจุลจอมเกล้า","@type":"way","@id":289755424,"branch":"other"},"geometry":{"type":"Polygon","coordinates":[[[101.1783981,14.2777238],[101.17872,14.2777238],[101.1789131,14.278618],[101.1796856,14.2783685],[101.1799645,14.2806559],[101.180222,14.2811549],[101.1824107,14.2809054],[101.1850071,14.2824026],[101.1871224,14.282762],[101.1875605,14.2855426],[101.1803632,14.2875031],[101.1792259,14.2873783],[101.1779599,14.2944689],[101.1750846,14.2988563],[101.1800413,14.2995009],[101.1783033,14.3040129],[101.1749559,14.3084208],[101.1705785,14.3056555],[101.1689048,14.3078179],[101.1672311,14.3078387],[101.1647349,14.3062682],[101.1605078,14.3033988],[101.1588984,14.3010077],[101.1615377,14.2980551],[101.1649066,14.2922538],[101.1636996,14.2869773],[101.1629486,14.2816748],[101.1636781,14.2813629],[101.1635279,14.2809886],[101.1708665,14.2769128],[101.1745572,14.276788],[101.1783981,14.2777238]]]}},{"type":"Feature","id":295593141,"properties":{"landuse":"military","name":"Navy Agriculture Project","source":"survey","@type":"way","@id":295593141,"branch":"navy"},"geometry":{"type":"Polygon","coordinates":[[[101.0563655,13.1644887],[101.0631461,13.1617307],[101.064734,13.1649902],[101.0653777,13.1688346],[101.0620303,13.1708404],[101.0613436,13.1695032],[101.0583396,13.1696703],[101.0563655,13.1644887]]]}},{"type":"Feature","id":304838060,"properties":{"addr:housenumber":"2","addr:street":"ถนนพระอาทิตย์","barrier":"wall","landuse":"military","military":"training","name":"โรงเรียนข่าวทหารบก","name:en":"The Military Intelligence School","name:th":"โรงเรียนข่าวทหารบก","short_name:th":"รร.ขว.ทบ.","start_date":"1973","@type":"way","@id":304838060,"branch":"army"},"geometry":{"type":"Polygon","coordinates":[[[100.493568,13.7606983],[100.4926777,13.7600316],[100.492089,13.760806],[100.4920947,13.7608597],[100.492912,13.7615218],[100.493568,13.7606983]]]}},{"type":"Feature","id":309603082,"properties":{"addr:district":"เมืองสมุทรปราการ","addr:housenumber":"204","addr:postcode":"10270","addr:province":"สมุทรปราการ","addr:street":"ถนนสุขุมวิท","addr:subdistrict":"ปากน้ำ","amenity":"university","education":"university","landuse":"military","military":"academy","military_service":"air_force","name":"โรงเรียนนายเรือ","name:de":"Thailändische Marineakademie","name:en":"Royal Thai Naval Academy","name:ja":"タイ海軍兵学校","name:ru":"Королевская тайская морская академия","name:th":"โรงเรียนนายเรือ","operator":"กองทัพเรือไทย","operator:type":"military","website":"https://www.rtna.ac.th/index.html","wikidata":"Q1796042","wikimedia_commons":"Category:Royal Thai Naval Academy","wikipedia":"th:โรงเรียนนายเรือ","@type":"way","@id":309603082,"branch":"navy"},"geometry":{"type":"Polygon","coordinates":[[[100.5889516,13.6129259],[100.5905411,13.6129842],[100.5905413,13.6130125],[100.590654,13.6127153],[100.5916842,13.6130226],[100.5917805,13.6127726],[100.5929878,13.6131478],[100.5956751,13.6059165],[100.5948284,13.6056094],[100.594486,13.6062542],[100.5944341,13.6062353],[100.5941946,13.606845],[100.5942606,13.6068724],[100.5931358,13.6083511],[100.5921391,13.6092042],[100.5920992,13.60924],[100.5914644,13.6097933],[100.5910532,13.6104457],[100.5889887,13.6119286],[100.5889174,13.6119798],[100.5889251,13.6119941],[100.5889516,13.6129259]]]}},{"type":"Feature","id":310897618,"properties":{"fixme":"Not sure whether hill inside or outside camp area","landuse":"military","name":"ศูนย์การทหารม้า ค่ายอดิศร","name:en":"Cavalry Center (Adisorn Camp)","@type":"way","@id":310897618,"branch":"army"},"geometry":{"type":"Polygon","coordinates":[[[100.9396593,14.4785756],[100.9343147,14.5116268],[100.9341753,14.5116294],[100.9340197,14.5120318],[100.9341806,14.5130004],[100.9338212,14.513299],[100.9338051,14.5137508],[100.9350631,14.5153685],[100.9348887,14.5155191],[100.9351569,14.5166953],[100.9349558,14.5176665],[100.9338587,14.5182481],[100.9338695,14.5212289],[100.9305355,14.5213639],[100.9303531,14.521473],[100.9295189,14.5210887],[100.9282744,14.5206888],[100.9275167,14.5205616],[100.9183878,14.5200189],[100.9156814,14.5198372],[100.9153971,14.5197723],[100.9151503,14.5194451],[100.9155473,14.5176223],[100.9157297,14.5168745],[100.9167838,14.5123253],[100.9170762,14.5111983],[100.9173498,14.5099234],[100.9180069,14.5068826],[100.9180659,14.5068255],[100.9181786,14.5063347],[100.9181008,14.5061893],[100.9181705,14.5044651],[100.91809,14.5026838],[100.9178433,14.5009855],[100.9186318,14.5003519],[100.9188759,14.5000688],[100.9190261,14.4997338],[100.9190288,14.4993391],[100.9188518,14.4989964],[100.918597,14.4987652],[100.9182268,14.4985627],[100.9178111,14.4983835],[100.9175053,14.4981784],[100.9173471,14.49782],[100.916867,14.4956543],[100.9164571,14.4933394],[100.9179291,14.4931016],[100.9180364,14.4935638],[100.9186855,14.4934911],[100.9187981,14.4940053],[100.919635,14.4938131],[100.9193614,14.4929873],[100.9187525,14.4928743],[100.9164418,14.4932548],[100.9163707,14.4928081],[100.9171084,14.4926705],[100.9169796,14.4919589],[100.9162447,14.4920576],[100.9158263,14.4899905],[100.9172907,14.4896166],[100.9169099,14.4889102],[100.9163734,14.4889985],[100.9162715,14.4886869],[100.9155366,14.4888375],[100.9152389,14.4879156],[100.9152164,14.4869156],[100.9125612,14.4792801],[100.9094407,14.4703064],[100.9116115,14.4695051],[100.9227695,14.4692973],[100.9280364,14.4694387],[100.9366729,14.4690122],[100.9407081,14.469048],[100.9435317,14.469048],[100.9450855,14.469048],[100.9489908,14.469048],[100.9496289,14.4748606],[100.9498799,14.476458],[100.9396593,14.4785756]]]}},{"type":"Feature","id":311510644,"properties":{"landuse":"military","@type":"way","@id":311510644,"branch":"other"},"geometry":{"type":"Polygon","coordinates":[[[102.7681617,17.4523533],[102.7673568,17.4502239],[102.7696037,17.449685],[102.7700587,17.4495259],[102.7726707,17.4492537],[102.7739902,17.449125],[102.7753222,17.4490234],[102.7757923,17.4502198],[102.7756742,17.4503324],[102.7757248,17.4507024],[102.7756869,17.4510563],[102.7754381,17.4514947],[102.7751641,17.4516234],[102.7744095,17.4517842],[102.7743885,17.4520899],[102.7712351,17.452114],[102.7692496,17.452118],[102.7690894,17.4522025],[102.7681617,17.4523533]]]}},{"type":"Feature","id":314513081,"properties":{"landuse":"military","name":"Ranger Station No. 8 (Keuw Nok Zae)","source":"Sign, GPS","@type":"way","@id":314513081,"branch":"other"},"geometry":{"type":"Polygon","coordinates":[[[101.0479223,18.3595482],[101.0479813,18.3596068],[101.0481985,18.3595661],[101.0484721,18.3592911],[101.0484185,18.3591511],[101.0479223,18.3595482]]]}},{"type":"Feature","id":314514003,"properties":{"landuse":"military","@type":"way","@id":314514003,"branch":"other"},"geometry":{"type":"Polygon","coordinates":[[[101.0731886,18.3179648],[101.0738645,18.3182245],[101.0740893,18.3182097],[101.0739665,18.3180463],[101.0733174,18.3176083],[101.0733388,18.3177814],[101.0732637,18.3178833],[101.0731886,18.3179648]]]}},{"type":"Feature","id":315324042,"properties":{"landuse":"military","name":"ค่ายสุริยพงษ์","name:en":"Suriyapong Camp","name:th":"ค่ายสุริยพงษ์","ref":"38","@type":"way","@id":315324042,"branch":"other"},"geometry":{"type":"Polygon","coordinates":[[[100.7847653,18.7971048],[100.787034,18.7953273],[100.7881988,18.7972024],[100.7904102,18.7961256],[100.790938,18.7978534],[100.7910086,18.7981864],[100.7910236,18.7983282],[100.7909989,18.7984235],[100.7895318,18.7993861],[100.7866184,18.8011353],[100.7856953,18.7991557],[100.7847653,18.7971048]]]}},{"type":"Feature","id":315324674,"properties":{"landuse":"military","military_service":"air_force","name":"Wing 466 Air force base","ref":"466","@type":"way","@id":315324674,"branch":"airforce"},"geometry":{"type":"Polygon","coordinates":[[[100.7818137,18.7994297],[100.7832474,18.8018073],[100.783942,18.8013989],[100.7841694,18.8012651],[100.7841224,18.8011779],[100.7840132,18.800965],[100.7822986,18.799281],[100.7818137,18.7994297]]]}},{"type":"Feature","id":331012742,"properties":{"landuse":"military","name":"กองพันทหารราบที่๑๕","name:en":"15th Infantry Battalion","name:th":"กองพันทหารราบที่๑๕","@type":"way","@id":331012742,"branch":"army"},"geometry":{"type":"Polygon","coordinates":[[[99.141143,7.9694555],[99.1418903,7.9653851],[99.1527834,7.9713199],[99.1506565,7.9748494],[99.141143,7.9694555]]]}},{"type":"Feature","id":340558693,"properties":{"landuse":"military","name":"Third Marine Paramilitary Battalion","note":"Approx boundary","@type":"way","@id":340558693,"branch":"other"},"geometry":{"type":"Polygon","coordinates":[[[102.7718454,11.9737337],[102.7752354,11.9756176],[102.7781132,11.9706621],[102.7747232,11.9687781],[102.7718454,11.9737337]]]}},{"type":"Feature","id":342853522,"properties":{"alt_name":"คณะที่ปรึกษาทางการทหารสหรัฐฯ ประจำประเทศไทย","barrier":"wall","full_name":"Joint United States Military Advisory Group ThailandJoint United States Military Advisory Group Thailand","landuse":"military","name":"Jusmagthai","name:en":"Jusmagthai","name:th":"จัสแม็กไทย","website":"https://jusmagthai.org","wikidata":"Q56291816","wikipedia":"en:Joint United States Military Advisory Group Thailand","@type":"way","@id":342853522,"branch":"other"},"geometry":{"type":"Polygon","coordinates":[[[100.5421553,13.7252124],[100.543387,13.7255694],[100.5436656,13.7246865],[100.5437418,13.7245969],[100.5428149,13.7242962],[100.5425287,13.7242033],[100.5421553,13.7252124]]]}},{"type":"Feature","id":344089737,"properties":{"landuse":"military","name":"กองพันพัฒนาที่ 3","name:en":"3rd Development Battalion","source":"Sign, Bing","@type":"way","@id":344089737,"branch":"other"},"geometry":{"type":"Polygon","coordinates":[[[98.9706533,18.8470607],[98.9707091,18.8471584],[98.9692768,18.8508898],[98.9691856,18.8509457],[98.9611958,18.8497412],[98.9609759,18.8490863],[98.9607259,18.8486053],[98.9600285,18.8474376],[98.9599212,18.8471838],[98.9598676,18.8469858],[98.9598622,18.846803],[98.9598815,18.8466241],[98.9601283,18.845558],[98.9602034,18.8453955],[98.9602914,18.8452698],[98.9604555,18.8451366],[98.9628534,18.8436744],[98.9629875,18.843649],[98.9631324,18.8436744],[98.9641248,18.8440146],[98.9642696,18.8441314],[98.964393,18.8442735],[98.9647256,18.8446695],[98.9649348,18.8448167],[98.9651548,18.8448929],[98.9653854,18.8449132],[98.965659,18.844898],[98.9661311,18.8448167],[98.9662652,18.8448066],[98.9665012,18.8448167],[98.9667158,18.8448878],[98.9706533,18.8470607]]]}},{"type":"Feature","id":349644658,"properties":{"landuse":"military","name":"หน่วยบัญชาการรักษาดินแดน","name:en":"Territorial Defense Command","name:th":"หน่วยบัญชาการรักษาดินแดน","@type":"way","@id":349644658,"branch":"other"},"geometry":{"type":"Polygon","coordinates":[[[100.4944923,13.7471291],[100.4945698,13.7463004],[100.4946127,13.7458408],[100.4946181,13.7457899],[100.4946419,13.7455658],[100.4951792,13.7455494],[100.495929,13.7455265],[100.4959592,13.7455367],[100.4959802,13.7455545],[100.4959919,13.7455763],[100.4959978,13.7456094],[100.4960053,13.7459778],[100.4958994,13.7459769],[100.4958845,13.7459768],[100.4958443,13.7459765],[100.4958219,13.7459763],[100.4958192,13.7461504],[100.4958166,13.7463244],[100.496009,13.7463244],[100.4960041,13.7471736],[100.4959902,13.7472003],[100.4959686,13.7472192],[100.4945397,13.7472878],[100.4944355,13.7471949],[100.4944923,13.7471291]]]}},{"type":"Feature","id":352402603,"properties":{"landuse":"military","@type":"way","@id":352402603,"branch":"other"},"geometry":{"type":"Polygon","coordinates":[[[102.9412687,14.5373961],[102.9426666,14.5362741],[102.9428637,14.5360452],[102.9437154,14.5352847],[102.944022,14.5350222],[102.9444196,14.534824],[102.9446151,14.5347665],[102.9449699,14.5361087],[102.9447449,14.5364343],[102.943718,14.537187],[102.9428466,14.5372633],[102.9429543,14.5388285],[102.9427531,14.5390433],[102.9420016,14.5390774],[102.9413357,14.5382906],[102.9412687,14.5373961]]]}},{"type":"Feature","id":381570985,"properties":{"aeroway":"aerodrome","landuse":"military","military":"airfield","name":"กองการบิน ศูนย์การเคลื่อนย้ายกองทัพบก","name:en":"Aviation Division Army Movement Center","name:th":"กองการบิน ศูนย์การเคลื่อนย้ายกองทัพบก","@type":"way","@id":381570985,"branch":"airforce"},"geometry":{"type":"Polygon","coordinates":[[[100.5938131,13.8697531],[100.5945941,13.8692769],[100.5935306,13.8675701],[100.5928007,13.8680082],[100.5932441,13.8687588],[100.5934482,13.8686521],[100.5936993,13.8690636],[100.5934766,13.869196],[100.5938131,13.8697531]]]}},{"type":"Feature","id":382380816,"properties":{"alt_name":"กองพันทหารม้าที่ 12","alt_name:en":"12th Cavalry Squadron","alt_name:th":"กองพันทหารม้าที่ 12","landuse":"military","name":"ค่ายพระยาไชยบูรณ์","name:en":"Fort Phrayachaibun","name:th":"ค่ายพระยาไชยบูรณ์","source":"Bing, Sign","@type":"way","@id":382380816,"branch":"other"},"geometry":{"type":"Polygon","coordinates":[[[100.0386578,17.9760103],[100.0396403,17.9752943],[100.041509,17.9738791],[100.043321,17.9723032],[100.0437449,17.9720016],[100.0427364,17.9707316],[100.0415372,17.9691497],[100.0410739,17.9685384],[100.0378316,17.969625],[100.0373519,17.9687754],[100.0366903,17.9692081],[100.0371782,17.9700813],[100.0355407,17.9705061],[100.0350565,17.9708451],[100.035979,17.9721974],[100.0361775,17.9731021],[100.0386578,17.9760103]]]}},{"type":"Feature","id":382655469,"properties":{"fixme":"boundary approximate","landuse":"military","name":"หน่วยพลร่มที่14","name:en":"14th Paramilitary Regiment","source:name:en":"sign on highway 3199","@type":"way","@id":382655469,"branch":"other"},"geometry":{"type":"Polygon","coordinates":[[[99.357143,14.1312708],[99.3590901,14.1316866],[99.36078,14.1302127],[99.3617365,14.1291502],[99.3587729,14.1253445],[99.3560657,14.12832],[99.3560401,14.128382],[99.3553224,14.1301217],[99.3550909,14.1306829],[99.357143,14.1312708]]]}},{"type":"Feature","id":387353741,"properties":{"landuse":"military","name:en":"1st Infantry Battalion, 7th Infantry Regiment","source":"sign","@type":"way","@id":387353741,"branch":"other"},"geometry":{"type":"Polygon","coordinates":[[[99.0074051,18.7797599],[99.0070537,18.7803589],[99.0077484,18.7806275],[99.0082203,18.7807159],[99.0081614,18.7818456],[99.0079644,18.7821657],[99.0083954,18.7821992],[99.0086336,18.7821873],[99.0089064,18.7821382],[99.0091914,18.7800566],[99.0094838,18.7780555],[99.0094097,18.7779951],[99.0085889,18.7779404],[99.0078836,18.7778681],[99.0075817,18.7788597],[99.0074051,18.7797599]]]}},{"type":"Feature","id":388787454,"properties":{"landuse":"military","name":"ค่ายกาวิละ","name:en":"Fort Kawila","name:th":"ค่ายกาวิละ","note":"approximate","@type":"way","@id":388787454,"branch":"other"},"geometry":{"type":"Polygon","coordinates":[[[99.0086997,18.7858833],[99.0087697,18.783985],[99.0084481,18.7835307],[99.007751,18.7830829],[99.007806,18.7821973],[99.0079644,18.7821657],[99.0081614,18.7818456],[99.0082203,18.7807159],[99.0077484,18.7806275],[99.0070537,18.7803589],[99.0074051,18.7797599],[99.0075817,18.7788597],[99.0078836,18.7778681],[99.0085889,18.7779404],[99.0094097,18.7779951],[99.0094282,18.7777927],[99.0094533,18.7776326],[99.0096254,18.7771248],[99.0099092,18.7770491],[99.0101299,18.7769347],[99.0101431,18.7765638],[99.0113613,18.7764566],[99.0113243,18.7760298],[99.0116174,18.77602],[99.0130812,18.775653],[99.0133776,18.7756038],[99.014234,18.7755731],[99.0145799,18.7754576],[99.0163556,18.7749916],[99.016904,18.7751715],[99.0167451,18.7779829],[99.0165534,18.7781357],[99.0164663,18.7782051],[99.0159124,18.7787712],[99.0151824,18.7796742],[99.0149367,18.7796499],[99.0143974,18.7800424],[99.0142111,18.78076],[99.0131953,18.7810042],[99.0133137,18.7815384],[99.013232,18.7815753],[99.0132627,18.7817097],[99.0129322,18.7817659],[99.0132405,18.7829972],[99.0133246,18.7829952],[99.013077,18.78348],[99.0129259,18.7834696],[99.0120161,18.7834626],[99.0109487,18.7839141],[99.0104125,18.7844549],[99.0096296,18.7853639],[99.0091426,18.7857083],[99.0088572,18.7859057],[99.0087754,18.7859035],[99.0086997,18.7858833]]]}},{"type":"Feature","id":399264506,"properties":{"landuse":"military","name":"ค่ายเพชรบุรีราชสิรินธร","@type":"way","@id":399264506,"branch":"other"},"geometry":{"type":"Polygon","coordinates":[[[99.9514647,13.1159921],[99.9461266,13.1190335],[99.9453871,13.1177228],[99.9450805,13.1171794],[99.9469147,13.1161792],[99.9486983,13.1152066],[99.949318,13.1142663],[99.950844,13.1142839],[99.9514647,13.1159921]]]}},{"type":"Feature","id":408165921,"properties":{"landuse":"military","name":"ค่ายสฤษดิ์เสนา","name:en":"Saritsena Camp","name:th":"ค่ายสฤษดิ์เสนา","note":"4th Special Forces Regiment","@type":"way","@id":408165921,"branch":"other"},"geometry":{"type":"Polygon","coordinates":[[[100.5352729,16.8429747],[100.5355238,16.8415578],[100.5357625,16.840799],[100.5360173,16.8404386],[100.5363848,16.8400596],[100.5365752,16.8395246],[100.536586,16.8389085],[100.536535,16.8381599],[100.5364384,16.8377492],[100.5367281,16.8364039],[100.5369722,16.8363721],[100.5372431,16.8359316],[100.5369293,16.8356635],[100.5366396,16.8359613],[100.5363633,16.8359213],[100.5354192,16.8350792],[100.5348613,16.8346171],[100.5349659,16.8344004],[100.5342578,16.8341129],[100.5340003,16.8335584],[100.5335604,16.8333022],[100.5329329,16.8329792],[100.5332251,16.8324863],[100.5336275,16.8317777],[100.5341049,16.8307611],[100.534518,16.8297393],[100.5345877,16.8292202],[100.5347272,16.8286194],[100.535033,16.828091],[100.535784,16.8265963],[100.5362239,16.8259955],[100.5366315,16.8253999],[100.5370071,16.8247894],[100.5372699,16.8244864],[100.5375864,16.8243678],[100.5380638,16.8243221],[100.5386539,16.8244351],[100.5392226,16.824774],[100.5396946,16.8251894],[100.5399414,16.8255288],[100.5401291,16.8259185],[100.5401989,16.8262733],[100.5401989,16.826566],[100.5399736,16.8269095],[100.5399682,16.8271098],[100.5399414,16.8275057],[100.540097,16.8280037],[100.5402418,16.8284607],[100.5402901,16.8287945],[100.5402928,16.8290614],[100.5402954,16.8293131],[100.5403813,16.8295493],[100.5407246,16.8300268],[100.5410894,16.8302009],[100.541658,16.830283],[100.5419691,16.83036],[100.5421301,16.8303708],[100.5422481,16.8303195],[100.5424198,16.8301444],[100.5425217,16.8300417],[100.5426343,16.8300422],[100.5428167,16.8301444],[100.5429777,16.8304478],[100.5432942,16.8317413],[100.5433102,16.8322244],[100.5431976,16.8324966],[100.5431815,16.832666],[100.5432781,16.8328098],[100.5433371,16.8329073],[100.5432351,16.8330922],[100.5429937,16.8332252],[100.5427577,16.8332719],[100.5424144,16.8332359],[100.5421301,16.8332308],[100.5417599,16.8334927],[100.5414005,16.8338721],[100.5412503,16.8340878],[100.5410626,16.8342213],[100.5408212,16.8346223],[100.5405529,16.834986],[100.5403384,16.835377],[100.5402096,16.8360291],[100.5401452,16.8364134],[100.5401613,16.8367274],[100.540274,16.837009],[100.5404283,16.8372191],[100.5407326,16.8427904],[100.5357008,16.8429654],[100.5352729,16.8429747]]]}},{"type":"Feature","id":412080229,"properties":{"access":"private","landuse":"military","name:en":"Sai Yok Camp","@type":"way","@id":412080229,"branch":"other"},"geometry":{"type":"Polygon","coordinates":[[[99.2412471,14.0022908],[99.2390104,14.0050968],[99.2384203,14.0059817],[99.2380019,14.0066791],[99.2378495,14.0069685],[99.2378066,14.0071247],[99.238225,14.0072184],[99.240403,14.0081865],[99.2409416,14.0083759],[99.2423685,14.0085841],[99.2433212,14.009217],[99.2445357,14.0081209],[99.2448742,14.0079132],[99.2455228,14.0075744],[99.2463065,14.007247],[99.2474432,14.0068353],[99.2478515,14.0068514],[99.2483176,14.006955],[99.2488916,14.0070695],[99.2493476,14.0071163],[99.2496003,14.0072314],[99.2500933,14.0076472],[99.2508394,14.0082411],[99.2511071,14.0079231],[99.2517031,14.0070804],[99.2513593,14.0066323],[99.2511184,14.0062528],[99.2510159,14.0059817],[99.250973,14.0057318],[99.2508765,14.0053987],[99.2507483,14.0050765],[99.2487897,14.0026036],[99.2487414,14.0024735],[99.248801,14.0015475],[99.2489024,14.0012972],[99.2492618,14.0005997],[99.2493267,14.000418],[99.2492779,14.0001989],[99.2489292,13.9995431],[99.2488541,13.999491],[99.2485108,13.9994129],[99.2478509,13.9991475],[99.2472501,13.9987623],[99.2464937,13.9982678],[99.2462792,13.9981065],[99.2455206,13.9972247],[99.2441567,13.9987302],[99.2432739,13.9997742],[99.2413978,14.0019996],[99.2414297,14.0021092],[99.2413664,14.002217],[99.2413171,14.0022861],[99.2412471,14.0022908]]]}},{"type":"Feature","id":412365683,"properties":{"landuse":"military","note":"Army Camp","@type":"way","@id":412365683,"branch":"other"},"geometry":{"type":"Polygon","coordinates":[[[98.9912328,14.0324538],[98.9913883,14.0326828],[98.9914474,14.032969],[98.9914044,14.0332188],[98.9910718,14.0335311],[98.9909538,14.033604],[98.990868,14.0332865],[98.9908144,14.0329274],[98.9909002,14.032636],[98.9909967,14.0324642],[98.9912328,14.0324538]]]}},{"type":"Feature","id":418062056,"properties":{"landuse":"military","military":"base","@type":"way","@id":418062056,"branch":"other"},"geometry":{"type":"Polygon","coordinates":[[[99.4279883,14.1062994],[99.4291726,14.1049061],[99.4306724,14.1055475],[99.4308706,14.1052689],[99.4332014,14.1066038],[99.4328191,14.1072478],[99.4372992,14.1098632],[99.4357758,14.1119553],[99.4354267,14.1117361],[99.4343392,14.1131355],[99.4269008,14.1076988],[99.4279883,14.1062994]]]}},{"type":"Feature","id":426781022,"properties":{"fixme":"boarders mostly guessed","landuse":"military","@type":"way","@id":426781022,"branch":"other"},"geometry":{"type":"Polygon","coordinates":[[[100.6331672,14.9027961],[100.63265,14.9000903],[100.6340737,14.9001148],[100.6344969,14.8985564],[100.6343289,14.8981543],[100.6324438,14.8982141],[100.6324471,14.8979734],[100.6322306,14.8978799],[100.63231,14.8911311],[100.6321252,14.8911311],[100.6320321,14.8855203],[100.6326004,14.8855114],[100.6326013,14.8851551],[100.632416,14.8851151],[100.6320954,14.8828238],[100.6320725,14.8823088],[100.6320849,14.8819441],[100.6321493,14.8815916],[100.633363,14.877254],[100.6335031,14.8769107],[100.6336768,14.8766093],[100.6338811,14.8763329],[100.6364612,14.8739716],[100.6366292,14.8740313],[100.6370973,14.8739153],[100.6372678,14.8737138],[100.6372685,14.8735329],[100.6376822,14.8716963],[100.6382418,14.8688229],[100.6384446,14.8688658],[100.638475,14.8687061],[100.6382826,14.8686558],[100.6393568,14.8640311],[100.6409916,14.8570713],[100.6424463,14.8573271],[100.6447984,14.8572181],[100.645911,14.8573961],[100.6460043,14.857372],[100.6461906,14.8567431],[100.6470078,14.8548842],[100.6470464,14.8545835],[100.6469767,14.854112],[100.6619306,14.8571555],[100.6624027,14.8564918],[100.674155,14.8560042],[100.6746042,14.8558732],[100.6760072,14.8558975],[100.6765416,14.8569044],[100.6767824,14.8576789],[100.6763625,14.8594693],[100.6745356,14.8593192],[100.6743668,14.8602459],[100.6750367,14.8621301],[100.6748052,14.8633775],[100.6771655,14.8651611],[100.6800815,14.8670772],[100.6806781,14.8668225],[100.6808596,14.8668162],[100.6840792,14.8651489],[100.6850485,14.8669673],[100.6840896,14.8674912],[100.6833398,14.8666195],[100.6811265,14.867795],[100.6843217,14.874305],[100.6899178,14.885375],[100.6927846,14.8891326],[100.6985352,14.894856],[100.696132,14.9048923],[100.691941,14.9155844],[100.6818755,14.9178517],[100.6747601,14.9111129],[100.6674903,14.9110341],[100.6566541,14.9120253],[100.6561392,14.9357448],[100.6546492,14.9360345],[100.6515901,14.937984],[100.6480711,14.9387303],[100.6479852,14.9400572],[100.6383583,14.9401923],[100.6306672,14.9441043],[100.6288794,14.9450122],[100.6268902,14.9415406],[100.6258186,14.9401298],[100.6217056,14.9374813],[100.619703,14.933439],[100.6182925,14.9310509],[100.6196266,14.9301606],[100.6201601,14.9286835],[100.6201539,14.9282848],[100.6199901,14.9276549],[100.6197233,14.9276753],[100.619232,14.9264564],[100.6174808,14.9236678],[100.6164725,14.9213351],[100.6144604,14.9139743],[100.6146286,14.9131617],[100.6253434,14.9045121],[100.6260994,14.903927],[100.6277035,14.9031509],[100.6305809,14.9027261],[100.6331672,14.9027961]]]}},{"type":"Feature","id":431110420,"properties":{"landuse":"military","@type":"way","@id":431110420,"branch":"other"},"geometry":{"type":"Polygon","coordinates":[[[103.4754617,16.110781],[103.4730155,16.110513],[103.4733803,16.1034636],[103.4737451,16.0995054],[103.4854567,16.0992188],[103.5027516,16.0989302],[103.5029876,16.0991776],[103.504922,16.1094617],[103.5048147,16.1096678],[103.5043212,16.109977],[103.4891077,16.112657],[103.4847171,16.1131102],[103.4847186,16.1127715],[103.484877,16.112537],[103.4847195,16.112132],[103.4843625,16.1120004],[103.4840175,16.112169],[103.483504,16.112013],[103.4828721,16.1118469],[103.4824213,16.1118346],[103.4824166,16.1116036],[103.4825707,16.1113897],[103.4825643,16.1110018],[103.4824388,16.1107515],[103.4822076,16.110624],[103.4816597,16.1106217],[103.4813795,16.110822],[103.4812225,16.1110759],[103.4812322,16.1120692],[103.4807121,16.1123972],[103.4800806,16.1124768],[103.4794598,16.1121719],[103.4793566,16.1114503],[103.479176,16.1100781],[103.4778639,16.1102045],[103.4770205,16.1103279],[103.4769237,16.1105456],[103.4756647,16.1106723],[103.4754617,16.110781]]]}},{"type":"Feature","id":437429666,"properties":{"country":"ไทย","landuse":"military","@type":"way","@id":437429666,"branch":"other"},"geometry":{"type":"Polygon","coordinates":[[[99.9606343,9.4825202],[99.9606761,9.4817799],[99.9607624,9.4813582],[99.9617665,9.4810261],[99.9619417,9.4811268],[99.9622128,9.4814063],[99.9622831,9.4815111],[99.9623129,9.4815991],[99.9623234,9.4817069],[99.962321,9.4820871],[99.9621443,9.4820886],[99.9620681,9.4826746],[99.9606343,9.4825202]]]}},{"type":"Feature","id":446496404,"properties":{"landuse":"military","name":"Monument & Machine Gun Posts","tourism":"attraction","@type":"way","@id":446496404,"branch":"other"},"geometry":{"type":"Polygon","coordinates":[[[100.9851384,16.6145145],[100.9851449,16.6147045],[100.9852252,16.6147429],[100.9854928,16.6152486],[100.9855569,16.6153697],[100.9857865,16.6155405],[100.985747,16.6156651],[100.9856717,16.6156856],[100.9857614,16.6158783],[100.9858694,16.6159785],[100.9858844,16.615868],[100.9859719,16.6158474],[100.9860615,16.6160693],[100.9859768,16.6160382],[100.9858922,16.6160559],[100.9860819,16.6162638],[100.986151,16.6162757],[100.9862483,16.6162619],[100.9864055,16.6161782],[100.9863643,16.6160431],[100.9863066,16.6158368],[100.9859767,16.6151223],[100.9859899,16.6150344],[100.9858611,16.6148941],[100.9856945,16.6147224],[100.9855105,16.6144989],[100.9854805,16.6144194],[100.9853453,16.6140992],[100.9853079,16.6139935],[100.9851879,16.6140542],[100.9851411,16.6141443],[100.9851434,16.6141665],[100.9851656,16.6143018],[100.9852156,16.6144746],[100.9851384,16.6145145]]]}},{"type":"Feature","id":446496409,"properties":{"landuse":"military","name":"Itthi Artillery Support Base Museum","tourism":"museum","@type":"way","@id":446496409,"branch":"other"},"geometry":{"type":"Polygon","coordinates":[[[100.9829911,16.6033478],[100.9830708,16.6036362],[100.9833158,16.6038134],[100.9834133,16.6038467],[100.983427,16.6037121],[100.9834394,16.60359],[100.9834817,16.6033783],[100.9836851,16.6031129],[100.9837086,16.6030015],[100.9837197,16.6029235],[100.9836692,16.6028403],[100.9837224,16.6028461],[100.9837633,16.6028225],[100.9837795,16.6027646],[100.9838181,16.6027084],[100.9837869,16.6026406],[100.9836563,16.6024811],[100.9835852,16.602496],[100.9834658,16.6025347],[100.9834312,16.602546],[100.9833715,16.6025986],[100.9833213,16.6026589],[100.9832884,16.602709],[100.983018,16.6031414],[100.9829911,16.6033478]]]}},{"type":"Feature","id":452812672,"properties":{"landuse":"military","name":"ค่ายพระปกเกล้า","name:en":"5th Field Artilery Battalion","name:th":"ค่ายพระปกเกล้า","unit":"กองพันทหารปืนใหญ่ที่ 5","@type":"way","@id":452812672,"branch":"other"},"geometry":{"type":"Polygon","coordinates":[[[100.6193397,7.1375872],[100.6198577,7.1394369],[100.6201742,7.1403365],[100.6204478,7.1410923],[100.6208447,7.1410338],[100.6208501,7.1413265],[100.6206529,7.1428813],[100.6205457,7.1434136],[100.6204062,7.1436425],[100.6202332,7.144946],[100.6201326,7.146075],[100.6200642,7.1463931],[100.6202239,7.1464402],[100.6201592,7.1468542],[100.6207896,7.1470828],[100.6222577,7.1476531],[100.6235154,7.1483446],[100.6236422,7.1481589],[100.6239017,7.1475479],[100.6249684,7.143712],[100.6261085,7.1401885],[100.6258056,7.140096],[100.6252605,7.1398516],[100.6244043,7.1394028],[100.6238473,7.1391539],[100.6226205,7.1386666],[100.6215425,7.1383279],[100.6205003,7.1377708],[100.6198836,7.1376085],[100.6193397,7.1375872]]]}},{"type":"Feature","id":456321599,"properties":{"email":"itmtb37@gmail.com","fax":"+6653711200","landuse":"military","military":"barracks","name":"มณฑลทหารบกที่ 37 ค่ายเม็งรายมหาราช","name:en":"Fort Mengraimaharaj","name:th":"มณฑลทหารบกที่ 37 ค่ายเม็งรายมหาราช","phone":"+6653711200","website":"https://www.mengraifort.com/","@type":"way","@id":456321599,"branch":"army"},"geometry":{"type":"Polygon","coordinates":[[[99.8216465,19.914676],[99.8204978,19.9138192],[99.8198756,19.9134056],[99.8192003,19.9132323],[99.8182226,19.9130923],[99.8177989,19.913086],[99.8173777,19.9131541],[99.8161439,19.9135437],[99.8158262,19.9137032],[99.8149341,19.9144836],[99.8144113,19.9150559],[99.8118559,19.9159299],[99.8115404,19.9166232],[99.8111051,19.9169742],[99.8105974,19.9173078],[99.8092511,19.9177013],[99.8088882,19.9171429],[99.807977,19.9173007],[99.8066805,19.9171005],[99.805588,19.9168653],[99.804668,19.9171938],[99.803753,19.9174297],[99.8030326,19.918284],[99.8025182,19.9182303],[99.8010171,19.9175872],[99.8001965,19.9169716],[99.7993915,19.9158445],[99.8006308,19.9145913],[99.801414,19.9136128],[99.8018899,19.912334],[99.8021246,19.9119367],[99.8024966,19.9109177],[99.8027124,19.9103819],[99.8026249,19.9103468],[99.8030517,19.9097693],[99.8035107,19.9088181],[99.8035038,19.9087642],[99.8039076,19.9084458],[99.8047807,19.9079304],[99.8059261,19.907299],[99.8069715,19.9067079],[99.8079951,19.9061639],[99.8091667,19.905636],[99.8124366,19.904178],[99.8130584,19.9054912],[99.8142606,19.9048624],[99.8147651,19.9041818],[99.8165498,19.9049049],[99.8168124,19.9050113],[99.8169776,19.9048256],[99.8171838,19.9049777],[99.8173142,19.9048507],[99.8182943,19.9055972],[99.8184716,19.906549],[99.8187561,19.9067332],[99.819745,19.9069524],[99.8197757,19.9071291],[99.8199565,19.9081091],[99.820143,19.9084651],[99.8214986,19.9086384],[99.8215446,19.9081545],[99.821963,19.9082755],[99.8216465,19.914676]]]}},{"type":"Feature","id":465131098,"properties":{"alt_name":"ค่าย บดินทรเดชา","alt_name:en":"Bodindecha Camp","landuse":"military","name":"กองพันทหารราบที่ 3","name:en":"3rd Infantry Battalion","name:th":"กองพันทหารราบที่ 3","note":"Approx outline","source":"Bing","@type":"way","@id":465131098,"branch":"army"},"geometry":{"type":"Polygon","coordinates":[[[104.0594995,15.916955],[104.0610066,15.9137196],[104.0681577,15.8981792],[104.066559,15.8979727],[104.0652217,15.8978513],[104.0651898,15.8982146],[104.0640441,15.8987482],[104.0611902,15.9001102],[104.0590289,15.9000262],[104.0556541,15.9067113],[104.0544095,15.906296],[104.0517604,15.9085805],[104.053916,15.9140808],[104.0548956,15.9155996],[104.0594995,15.916955]]]}},{"type":"Feature","id":476766544,"properties":{"landuse":"military","@type":"way","@id":476766544,"branch":"other"},"geometry":{"type":"Polygon","coordinates":[[[100.550424,13.9100474],[100.5492254,13.9102443],[100.5491908,13.910307],[100.5494415,13.9109781],[100.5494481,13.9109959],[100.5506755,13.9105432],[100.5506661,13.9105246],[100.550424,13.9100474]]]}},{"type":"Feature","id":482981301,"properties":{"landuse":"military","name":"กองพลทหารม้าที่ 2","name:th":"กองพลทหารม้าที่ 2","@type":"way","@id":482981301,"branch":"army"},"geometry":{"type":"Polygon","coordinates":[[[100.5440517,13.775044],[100.5442368,13.7749382],[100.5450077,13.774562],[100.5459141,13.7742931],[100.5464432,13.774069],[100.5467529,13.7738571],[100.546989,13.7736955],[100.5471539,13.7735133],[100.5473932,13.7732489],[100.547621,13.7729972],[100.547901,13.7726878],[100.5483986,13.772138],[100.5485493,13.7719714],[100.5487805,13.7717159],[100.5487026,13.7716025],[100.5485554,13.7714838],[100.5483321,13.7713037],[100.5482722,13.7712554],[100.5482097,13.771217],[100.5480253,13.7710553],[100.5478844,13.7709213],[100.547699,13.7706441],[100.547509,13.7703491],[100.5472494,13.7706105],[100.5471647,13.7705533],[100.5463158,13.769858],[100.5454411,13.7691308],[100.5453366,13.7690066],[100.5450838,13.7687597],[100.5448002,13.7685069],[100.5442695,13.7680734],[100.5438822,13.7677649],[100.5433883,13.7674057],[100.5431801,13.7672222],[100.543063,13.7669839],[100.5429183,13.7667345],[100.5425665,13.7661459],[100.5422121,13.765574],[100.5421591,13.7654885],[100.5419519,13.7651542],[100.5413995,13.7654805],[100.5411476,13.7656653],[100.5405809,13.7660122],[100.5408504,13.7664791],[100.5403917,13.7667275],[100.5405009,13.7668912],[100.5406952,13.767109],[100.5404737,13.7673727],[100.5402996,13.7672064],[100.5401959,13.767035],[100.5400484,13.7671119],[100.5402933,13.7675272],[100.5401242,13.7676044],[100.5402594,13.7678442],[100.5409236,13.76762],[100.5410464,13.7677178],[100.5410937,13.7680045],[100.5413452,13.7681172],[100.5411998,13.7683447],[100.5413561,13.7685163],[100.5411269,13.768776],[100.5411889,13.7689256],[100.5407868,13.7691273],[100.5410768,13.7696364],[100.5412543,13.7700125],[100.5414299,13.7704144],[100.5416257,13.7708826],[100.5417388,13.771212],[100.5418621,13.7715692],[100.5419813,13.7718278],[100.5421019,13.7717821],[100.5423557,13.7723337],[100.5425375,13.7726643],[100.5427183,13.7730205],[100.5430443,13.7735606],[100.5432351,13.7738369],[100.543522,13.7745308],[100.5436338,13.7744737],[100.5437328,13.7745914],[100.5440517,13.775044]]]}},{"type":"Feature","id":505007495,"properties":{"landuse":"military","@type":"way","@id":505007495,"branch":"other"},"geometry":{"type":"Polygon","coordinates":[[[98.9566383,14.3559311],[98.955029,14.3549021],[98.9541814,14.353977],[98.9546106,14.3531637],[98.9550867,14.3526627],[98.9551745,14.3525014],[98.9556755,14.351667],[98.9557565,14.3511821],[98.9563701,14.349175],[98.9592669,14.3508484],[98.9580009,14.3534209],[98.9574466,14.3544856],[98.9566383,14.3559311]]]}},{"type":"Feature","id":540625314,"properties":{"landuse":"military","name":"ค่ายเขตอุดมศักดิ์","name:en":"Khet Udomsak Military Camp","name:th":"ค่ายเขตอุดมศักดิ์","@type":"way","@id":540625314,"branch":"other"},"geometry":{"type":"Polygon","coordinates":[[[99.1004754,10.5100251],[99.1059075,10.5111011],[99.1078127,10.5113743],[99.1094174,10.511352],[99.1090717,10.5133911],[99.108277,10.5180286],[99.1079369,10.5200835],[99.1063486,10.519787],[99.104562,10.5194535],[99.102449,10.5190591],[99.1007314,10.5191966],[99.0995154,10.5192243],[99.0994626,10.518908],[99.0986416,10.5187994],[99.1004754,10.5100251]]]}},{"type":"Feature","id":547708794,"properties":{"landuse":"military","name":"ฐานปฏิบัติการดอยช้างมูบ","@type":"way","@id":547708794,"branch":"other"},"geometry":{"type":"Polygon","coordinates":[[[99.8110983,20.3380547],[99.8110718,20.3380674],[99.8109483,20.3381265],[99.8106198,20.337965],[99.8104731,20.3375552],[99.8105975,20.3370916],[99.8104699,20.3368165],[99.8106868,20.3367567],[99.8110249,20.3368823],[99.811044,20.3371993],[99.8109547,20.337612],[99.8109547,20.3377765],[99.8110983,20.3380547]]]}},{"type":"Feature","id":547708796,"properties":{"landuse":"military","@type":"way","@id":547708796,"branch":"other"},"geometry":{"type":"Polygon","coordinates":[[[99.8119976,20.3388764],[99.8125078,20.33867],[99.8124379,20.3384661],[99.8117589,20.3386062],[99.8119064,20.3387582],[99.8119976,20.3388764]]]}},{"type":"Feature","id":548683004,"properties":{"landuse":"military","military":"checkpoint","name":"ด่านตรวจถ้าปลา สภ.แม่สาย จ.เชียงราย","@type":"way","@id":548683004,"branch":"other"},"geometry":{"type":"Polygon","coordinates":[[[99.8824673,20.3219677],[99.8823627,20.3214948],[99.8825987,20.3214546],[99.8827033,20.32193],[99.8824673,20.3219677]]]}},{"type":"Feature","id":550881426,"properties":{"landuse":"military","@type":"way","@id":550881426,"branch":"other"},"geometry":{"type":"Polygon","coordinates":[[[99.5795471,12.8777663],[99.5790911,12.875821],[99.5799118,12.8746423],[99.5802069,12.8734311],[99.5804053,12.8731728],[99.5824438,12.873429],[99.5833236,12.873429],[99.5841927,12.8730859],[99.584713,12.8723381],[99.5870841,12.8713288],[99.5873684,12.8713706],[99.5888865,12.876004],[99.589085,12.8796437],[99.5936984,12.8829592],[99.5921427,12.8878852],[99.589718,12.8908659],[99.5840425,12.8889834],[99.5795471,12.8777663]]]}},{"type":"Feature","id":554872200,"properties":{"landuse":"military","name":"ค่ายตากสิน","@type":"way","@id":554872200,"branch":"other"},"geometry":{"type":"Polygon","coordinates":[[[102.1094745,12.6166663],[102.1125206,12.6164517],[102.112789,12.6173652],[102.1131359,12.6172851],[102.113161,12.6171013],[102.11359,12.6170579],[102.113628,12.6175776],[102.1130931,12.6186768],[102.1128775,12.6213677],[102.1123858,12.6221429],[102.111633,12.6219694],[102.1115536,12.6224936],[102.1100518,12.6221134],[102.1095071,12.6225342],[102.1093445,12.6231986],[102.1089889,12.6233131],[102.1088111,12.6233094],[102.1083118,12.6231765],[102.107873,12.6231027],[102.1074645,12.623099],[102.1068554,12.6232429],[102.1064053,12.6222389],[102.1063107,12.6215191],[102.1062389,12.6206184],[102.106027,12.6206],[102.106655,12.6185217],[102.1051343,12.6184442],[102.1054899,12.6166687],[102.1067631,12.6172809],[102.1086847,12.617746],[102.1089917,12.6169083],[102.1094126,12.617012],[102.1094745,12.6166663]]]}},{"type":"Feature","id":557589009,"properties":{"landuse":"military","name":"กรมการทหารสื่อสาร","name:en":"Army Signal Department","name:th":"กรมการทหารสื่อสาร","@type":"way","@id":557589009,"branch":"army"},"geometry":{"type":"Polygon","coordinates":[[[100.5265654,13.7949405],[100.5260052,13.7938089],[100.5259313,13.7936623],[100.525594,13.7929934],[100.5253287,13.792463],[100.5249079,13.7916255],[100.5247531,13.791275],[100.5244827,13.7906617],[100.5244735,13.7906392],[100.5244033,13.7904676],[100.5247926,13.7903294],[100.5255596,13.790009],[100.5257942,13.7899468],[100.5258926,13.7899208],[100.5259151,13.7899148],[100.5274258,13.789496],[100.5274675,13.7894943],[100.5277322,13.790013],[100.5280411,13.7906184],[100.5280866,13.7907075],[100.5280884,13.7907691],[100.5281353,13.7908564],[100.5281748,13.7909299],[100.5282704,13.7911077],[100.5283116,13.7911326],[100.5284497,13.7913749],[100.5287972,13.7919845],[100.5290686,13.7924719],[100.529484,13.7932182],[100.5296051,13.7934357],[100.5295631,13.7934898],[100.5292021,13.7936706],[100.5285121,13.7940162],[100.5284276,13.7940585],[100.5274277,13.7945594],[100.5265654,13.7949405]]]}},{"type":"Feature","id":558951741,"properties":{"landuse":"military","name":"โรงเรียนศูนย์สงครามพิเศษ","name:en":"Special Warfare Center School","@type":"way","@id":558951741,"branch":"other"},"geometry":{"type":"Polygon","coordinates":[[[100.6910845,14.8034113],[100.6914278,14.8037225],[100.6915688,14.8037571],[100.7000615,14.8007209],[100.7014318,14.8033507],[100.7031597,14.8027908],[100.7034899,14.802784],[100.7026642,14.8048692],[100.7020849,14.8060607],[100.7029106,14.8061322],[100.7015673,14.8075024],[100.7008402,14.8079432],[100.7004581,14.8079075],[100.6982767,14.8094802],[100.697451,14.8112436],[100.6906727,14.8104811],[100.6899826,14.8112555],[100.689847,14.8118394],[100.6882572,14.8115772],[100.6887255,14.81091],[100.6891199,14.8102785],[100.6891322,14.8090156],[100.6891445,14.807133],[100.6891199,14.8067279],[100.6862606,14.8067756],[100.6863223,14.8056436],[100.6869755,14.8046904],[100.6900319,14.8049764],[100.6910845,14.8034113]]]}},{"type":"Feature","id":560084735,"properties":{"landuse":"military","name":"ค่ายทองฑีฆายุ","name:en":"Thong Teekayu Camp","name:th":"ค่ายทองฑีฆายุ","@type":"way","@id":560084735,"branch":"other"},"geometry":{"type":"Polygon","coordinates":[[[100.0934187,13.8299821],[100.0952751,13.829289],[100.0963212,13.8290079],[100.0967041,13.8288356],[100.097498,13.8285544],[100.0988616,13.8282642],[100.0997022,13.828101],[100.1002626,13.828373],[100.1006176,13.8285726],[100.101084,13.8283889],[100.1006456,13.8273663],[100.100711,13.8262145],[100.101206,13.8254028],[100.1016241,13.8250764],[100.1015403,13.8250312],[100.1015024,13.8250283],[100.10144,13.825044],[100.1013915,13.8250795],[100.1012241,13.8252011],[100.1009718,13.8253162],[100.1007318,13.8254155],[100.1003654,13.8255352],[100.0994102,13.8258329],[100.0991078,13.8259005],[100.0987973,13.8259641],[100.0985137,13.8260084],[100.0983722,13.8260133],[100.0982267,13.8260064],[100.0979925,13.8259886],[100.097512,13.8260241],[100.0962651,13.8259923],[100.0945933,13.8259152],[100.0931502,13.8259016],[100.0908736,13.8258223],[100.0885431,13.8257297],[100.0885384,13.8258145],[100.0881555,13.8258508],[100.0877959,13.8258916],[100.0871001,13.8260322],[100.0863902,13.8260594],[100.0858765,13.826082],[100.0856617,13.8260367],[100.0851126,13.8274146],[100.0852165,13.827672],[100.0852925,13.8281885],[100.0869138,13.8283813],[100.0868866,13.8302718],[100.0868846,13.8304075],[100.0870433,13.8334028],[100.0872116,13.8334069],[100.0876808,13.8332859],[100.0882803,13.833041],[100.0889426,13.8329261],[100.0888187,13.8301177],[100.0890431,13.8300931],[100.0896503,13.8296759],[100.0901978,13.8294974],[100.0910863,13.8294186],[100.0910721,13.830209],[100.0929974,13.8294392],[100.0934187,13.8299821]]]}},{"type":"Feature","id":560713812,"properties":{"landuse":"military","name":"กรมทหารพรานที่ 21","name:en":"21st Regimental Task Force","note":"Boundary Approx.","source":"DigitalGlobe-Standard","@type":"way","@id":560713812,"branch":"other"},"geometry":{"type":"Polygon","coordinates":[[[101.7050094,17.6124775],[101.708602,17.6089459],[101.7097565,17.6100437],[101.7096804,17.6130966],[101.7082621,17.6154976],[101.707686,17.6164728],[101.707432,17.6172729],[101.707686,17.6180616],[101.7085493,17.618629],[101.7094423,17.6186573],[101.7109306,17.6182601],[101.7113523,17.61816],[101.7121661,17.6187254],[101.712224,17.6190818],[101.7110793,17.6202388],[101.7115855,17.620927],[101.7116795,17.6222333],[101.7113532,17.6225909],[101.7111152,17.6226709],[101.7090697,17.6224582],[101.7088396,17.6222225],[101.7092865,17.6216095],[101.7092688,17.6212818],[101.7091186,17.6209853],[101.7076273,17.6192163],[101.7071552,17.6193594],[101.706887,17.619339],[101.7054922,17.6185516],[101.7051274,17.6189708],[101.7048163,17.6190629],[101.7045052,17.6190424],[101.7037434,17.6193901],[101.7030353,17.6184187],[101.7036576,17.6179585],[101.7034001,17.6175188],[101.7032499,17.6169871],[101.7025954,17.6170996],[101.7021985,17.6152896],[101.7050094,17.6124775]]]}},{"type":"Feature","id":560713816,"properties":{"landuse":"military","name":"ค่ายศรีสองรัก","name:en":"28th Military Circle","note":"Boundary Approx.","source":"DigitalGlobe-Standard","@type":"way","@id":560713816,"branch":"other"},"geometry":{"type":"Polygon","coordinates":[[[101.7160765,17.6007792],[101.7159649,17.6010241],[101.7169211,17.6022367],[101.7158219,17.6038292],[101.717078,17.6045666],[101.7174943,17.6038829],[101.7192326,17.6048503],[101.7200574,17.605029],[101.7211131,17.6039302],[101.7233136,17.6037055],[101.7242662,17.6031947],[101.7247703,17.6027756],[101.7255187,17.6040242],[101.725113,17.6042479],[101.7254545,17.6047832],[101.7262113,17.6043614],[101.7225643,17.598492],[101.7201377,17.5949203],[101.7200309,17.5949309],[101.7160765,17.6007792]]]}},{"type":"Feature","id":562158228,"properties":{"landuse":"military","military":"checkpoint","@type":"way","@id":562158228,"branch":"other"},"geometry":{"type":"Polygon","coordinates":[[[98.2984309,7.8860595],[98.298447,7.8858522],[98.2984122,7.8857712],[98.2986843,7.8851655],[98.2988171,7.8849755],[98.2989566,7.8847682],[98.2990156,7.8843484],[98.2992141,7.884375],[98.2993482,7.8848692],[98.299654,7.8859107],[98.2999383,7.8865164],[98.3003192,7.8871753],[98.2995252,7.8872089],[98.2993314,7.8868134],[98.2989368,7.8863346],[98.2984309,7.8860595]]]}},{"type":"Feature","id":563990691,"properties":{"landuse":"military","military":"checkpoint","@type":"way","@id":563990691,"branch":"other"},"geometry":{"type":"Polygon","coordinates":[[[102.1043396,12.6650512],[102.1043828,12.6650369],[102.1043695,12.6649945],[102.1043262,12.6650083],[102.1043396,12.6650512]]]}},{"type":"Feature","id":565711752,"properties":{"landuse":"military","military":"range","name":"สนามกีฬายิงปืนปากน้ำ Paknam shooting range","name:en":"Paknam shooting range","@type":"way","@id":565711752,"branch":"other"},"geometry":{"type":"Polygon","coordinates":[[[100.6313127,13.5963806],[100.6315954,13.5967555],[100.6318417,13.5970014],[100.6325661,13.5961972],[100.6321416,13.5956531],[100.6320422,13.595703],[100.6313127,13.5963806]]]}},{"type":"Feature","id":568742769,"properties":{"barrier":"fence","fence_type":"metal","landuse":"military","military":"office","name":"กองร้อยอาสารักษาดินแดน จังหวัดศรีสะเกษ ที่ 2","name:en":"Si Sa Ket 2nd Territorial Volunteer Division","name:th":"กองร้อยอาสารักษาดินแดน จังหวัดศรีสะเกษ ที่ 2","@type":"way","@id":568742769,"branch":"other"},"geometry":{"type":"Polygon","coordinates":[[[104.3365748,15.0955547],[104.3373875,15.0963472],[104.3381546,15.0970386],[104.3373312,15.0978401],[104.337126,15.0974788],[104.3360075,15.0965997],[104.3359955,15.0963264],[104.3365748,15.0955547]]]}},{"type":"Feature","id":574776961,"properties":{"building":"yes","landuse":"military","military":"office","name":"สำนักงานพัฒนาพิเศษ หน่วยบัญชาการทหารพัฒนา กองบัญชาการทหาร","name:en":"Special Development Office Armed Forces Development Headquarters","name:th":"สำนักงานพัฒนาพิเศษ หน่วยบัญชาการทหารพัฒนา กองบัญชาการทหาร","@type":"way","@id":574776961,"branch":"other"},"geometry":{"type":"Polygon","coordinates":[[[102.0014049,14.5959705],[102.001268,14.5960586],[102.0009649,14.5956175],[102.0011017,14.5955294],[102.0014049,14.5959705]]]}},{"type":"Feature","id":631382156,"properties":{"landuse":"military","@type":"way","@id":631382156,"branch":"other"},"geometry":{"type":"Polygon","coordinates":[[[99.6676574,14.1193983],[99.6612604,14.1148106],[99.6664828,14.1092429],[99.6666608,14.1090495],[99.6666762,14.1088912],[99.6673584,14.1081417],[99.6741026,14.1131013],[99.6716717,14.1151051],[99.6711798,14.1156847],[99.6706355,14.1169516],[99.6676574,14.1193983]]]}},{"type":"Feature","id":634908230,"properties":{"landuse":"military","@type":"way","@id":634908230,"branch":"other"},"geometry":{"type":"Polygon","coordinates":[[[100.1721815,13.80611],[100.1722647,13.8054611],[100.1722719,13.805405],[100.1726889,13.805361],[100.1739659,13.8052263],[100.1742886,13.8054018],[100.1745564,13.8057841],[100.1730269,13.806063],[100.1721815,13.80611]]]}},{"type":"Feature","id":644703364,"properties":{"landuse":"military","name":"Government Mule Breeding Station","@type":"way","@id":644703364,"branch":"other"},"geometry":{"type":"Polygon","coordinates":[[[98.950045,18.8889554],[98.9510696,18.8893818],[98.9515273,18.8883996],[98.9512794,18.8882541],[98.9513319,18.888019],[98.9506976,18.8878632],[98.9503653,18.8882829],[98.950045,18.8889554]]]}},{"type":"Feature","id":658700741,"properties":{"landuse":"military","@type":"way","@id":658700741,"branch":"other"},"geometry":{"type":"Polygon","coordinates":[[[100.7000615,14.8007209],[100.7000217,14.800598],[100.6990099,14.7971286],[100.7043582,14.794359],[100.7079792,14.8007021],[100.7100892,14.8022086],[100.7218838,14.8123401],[100.7223987,14.8143938],[100.7248235,14.822764],[100.7262826,14.8308332],[100.7254457,14.8308124],[100.7248235,14.8314969],[100.724566,14.834069],[100.7234931,14.8342764],[100.7230854,14.8337994],[100.7224631,14.8340068],[100.7221412,14.8337994],[100.7219267,14.8340483],[100.722185,14.8345467],[100.7209963,14.837573],[100.7170781,14.8373677],[100.7175073,14.8344638],[100.7184085,14.8349201],[100.7189235,14.8330533],[100.7170481,14.8321385],[100.7154894,14.8369729],[100.7144594,14.8378856],[100.7072282,14.8296508],[100.7049966,14.8235938],[100.7053828,14.8155244],[100.697451,14.8112436],[100.6982767,14.8094802],[100.7004581,14.8079075],[100.7008402,14.8079432],[100.7015673,14.8075024],[100.7029106,14.8061322],[100.7020849,14.8060607],[100.7026642,14.8048692],[100.7034899,14.802784],[100.7031597,14.8027908],[100.7014318,14.8033507],[100.7000615,14.8007209]]]}},{"type":"Feature","id":660649771,"properties":{"access":"permissive","landuse":"military","name":"หน่วยบัญชาการนาวิกโยธิน","name:en":"Royal Thai Marine","name:th":"หน่วยบัญชาการนาวิกโยธิน","@type":"way","@id":660649771,"branch":"navy"},"geometry":{"type":"Polygon","coordinates":[[[97.8668485,9.4314553],[97.8660276,9.4310249],[97.8665836,9.429901],[97.8669035,9.4289738],[97.8674099,9.4295769],[97.8673492,9.4300933],[97.867683,9.4304225],[97.8674858,9.4309913],[97.8668485,9.4314553]]]}},{"type":"Feature","id":667243708,"properties":{"access":"private","landuse":"military","military":"base","military_service":"army","name":"ค่ายสุรธรรมพิทักษ์","name:en":"Fort Suratham Phithak","name:th":"ค่ายสุรธรรมพิทักษ์","wikidata":"Q84731160","@type":"way","@id":667243708,"branch":"other"},"geometry":{"type":"Polygon","coordinates":[[[102.1066157,14.9046911],[102.1070704,14.8860774],[102.1073136,14.87696],[102.1090325,14.8767553],[102.1090861,14.8708004],[102.1083874,14.8704966],[102.1088473,14.8501648],[102.0897621,14.8501941],[102.0897171,14.8518363],[102.0897159,14.851884],[102.0895897,14.8570728],[102.0855143,14.8569828],[102.0855616,14.854268],[102.0741067,14.8539896],[102.0740889,14.8503567],[102.0720006,14.8517268],[102.0718286,14.8638355],[102.0711814,14.8639171],[102.0730441,14.8691373],[102.073113,14.8698312],[102.0716741,14.8906984],[102.0713576,14.8945151],[102.0702428,14.9079552],[102.0698566,14.9104434],[102.0697708,14.911024],[102.0684075,14.9127712],[102.0692251,14.9138497],[102.0691672,14.9144795],[102.0690554,14.9158304],[102.0690013,14.9165166],[102.0689196,14.9174968],[102.0688443,14.9183443],[102.0687902,14.9190352],[102.0687186,14.9200005],[102.0686848,14.9204599],[102.0687147,14.9204987],[102.0693581,14.9206173],[102.0696245,14.9206561],[102.0715477,14.9207302],[102.0730134,14.9207861],[102.0742833,14.9208273],[102.0757042,14.9208844],[102.0768662,14.9209233],[102.0773047,14.9209439],[102.0786805,14.9209913],[102.0789725,14.9210046],[102.0791962,14.921007],[102.0794073,14.9209998],[102.0796297,14.9209791],[102.0801944,14.9208893],[102.0805123,14.9208783],[102.0811804,14.9209123],[102.0815549,14.9209767],[102.082114,14.9210107],[102.0823161,14.921001],[102.0824442,14.9209937],[102.0826968,14.9209682],[102.0846212,14.9210362],[102.0866447,14.921092],[102.0880376,14.9211552],[102.0887036,14.9211746],[102.0888744,14.9211102],[102.0891346,14.9209014],[102.0892376,14.9208164],[102.0893168,14.9207958],[102.0894487,14.9207861],[102.090459,14.9208286],[102.0905559,14.920825],[102.089396,14.9194147],[102.0893585,14.9188963],[102.0893249,14.9161652],[102.0893616,14.9160678],[102.0895519,14.9160573],[102.0897804,14.9160311],[102.0897983,14.9160886],[102.0931967,14.9160479],[102.0939704,14.9160383],[102.0940026,14.9160124],[102.0940289,14.9160135],[102.0940577,14.9160194],[102.0940953,14.9160479],[102.0946517,14.9160643],[102.09468,14.9160298],[102.0947029,14.91603],[102.0947273,14.916033],[102.0947497,14.9160713],[102.0959058,14.9160868],[102.097322,14.9160713],[102.0973554,14.9160409],[102.0974036,14.9160383],[102.0974412,14.916072],[102.0983144,14.9160713],[102.0983424,14.9160435],[102.0984136,14.9160531],[102.0984324,14.916079],[102.1004613,14.9160694],[102.101592,14.9160635],[102.1062361,14.916085],[102.1062737,14.9144262],[102.1064266,14.9086203],[102.1065342,14.9051104],[102.1066126,14.9047892],[102.1066157,14.9046911]]]}},{"type":"Feature","id":673763478,"properties":{"landuse":"military","note":"Army Camp","@type":"way","@id":673763478,"branch":"other"},"geometry":{"type":"Polygon","coordinates":[[[98.6238175,19.7140679],[98.6238854,19.7141577],[98.6240212,19.714322],[98.6240543,19.7145248],[98.6240657,19.7146926],[98.6240191,19.7149248],[98.6240498,19.7150409],[98.6241074,19.7151266],[98.6241763,19.7151852],[98.6245162,19.7153305],[98.6245479,19.7153313],[98.6246935,19.7153117],[98.6249274,19.7153212],[98.6250069,19.7153194],[98.6251351,19.7152373],[98.6252227,19.7151371],[98.6252856,19.7149944],[98.6252845,19.7148623],[98.6252412,19.7147104],[98.6251485,19.714571],[98.6245117,19.7142553],[98.6241362,19.7139977],[98.6240891,19.7139627],[98.6239208,19.7139562],[98.6238692,19.7140121],[98.6238175,19.7140679]]]}},{"type":"Feature","id":676062719,"properties":{"addr:housenumber":"75","addr:postcode":"10400","addr:province":"กรุงเทพมหานคร","addr:street":"ถนนวิภาวดีรังสิต","government":"music","landuse":"military","layer":"1","military":"training_area","name":"กรมดุริยางค์ทหารบก","name:en":"Royal Thai Army Band Department","name:th":"กรมดุริยางค์ทหารบก","website":"https://rta-band.com/","@type":"way","@id":676062719,"branch":"other"},"geometry":{"type":"Polygon","coordinates":[[[100.550032,13.7710309],[100.5500063,13.7709903],[100.5491688,13.7696649],[100.5493849,13.769488],[100.5496358,13.7693124],[100.5499633,13.7690605],[100.5501677,13.7689033],[100.5507441,13.7699353],[100.5511028,13.7705775],[100.5511914,13.7707362],[100.5509114,13.7708902],[100.551225,13.7714783],[100.5512229,13.7714791],[100.5510027,13.7715603],[100.5507928,13.7715954],[100.5505545,13.7715349],[100.5503602,13.7714201],[100.5502059,13.7713301],[100.550032,13.7710309]]]}},{"type":"Feature","id":698540142,"properties":{"aeroway":"aerodrome","landuse":"military","military":"airfield","@type":"way","@id":698540142,"branch":"airforce"},"geometry":{"type":"Polygon","coordinates":[[[98.8601141,16.0234752],[98.8604399,16.0233587],[98.8613528,16.0250739],[98.8627401,16.028364],[98.8623098,16.0285386],[98.8605475,16.0245971],[98.8601765,16.0236367],[98.8601141,16.0234752]]]}},{"type":"Feature","id":701244376,"properties":{"landuse":"military","name":"ฐานปฏิบัติการทหาร","@type":"way","@id":701244376,"branch":"other"},"geometry":{"type":"Polygon","coordinates":[[[98.3179425,17.0985793],[98.3185816,17.0985615],[98.3191019,17.0986641],[98.3194828,17.0984128],[98.319515,17.098218],[98.3194162,17.0980253],[98.3195925,17.0973511],[98.3193755,17.0970695],[98.3189464,17.0968182],[98.3184298,17.0969207],[98.3182543,17.0971412],[98.3179647,17.0980283],[98.3179425,17.0985793]]]}},{"type":"Feature","id":711195870,"properties":{"landuse":"military","military":"base","name":"ผาลู","source":"bvbdmay2019","@type":"way","@id":711195870,"branch":"other"},"geometry":{"type":"Polygon","coordinates":[[[98.5886616,16.5675825],[98.5889143,16.5675444],[98.5893234,16.5677313],[98.5902022,16.5676838],[98.5905166,16.5674245],[98.5902151,16.5670493],[98.5900749,16.5669928],[98.5896547,16.5673167],[98.5895328,16.5674905],[98.5889638,16.5673505],[98.5885122,16.5672996],[98.5882985,16.5676119],[98.5886616,16.5675825]]]}},{"type":"Feature","id":722877847,"properties":{"addr:housenumber":"150","addr:place":"หมู่ที่ 8","barrier":"fence","landuse":"military","name":"โรงงานซ่อมยาง กองโรงงานซ่อมสร้างรถยนต์ทหาร","name:en":"Army Factory","name:ja":"タイヤ修理工場・軍用車両修理工場部門","name:zh":"大城陆军兵械","name:zh-Hant":"大城陸軍兵械","@type":"way","@id":722877847,"branch":"army"},"geometry":{"type":"Polygon","coordinates":[[[100.5476314,14.3534612],[100.5477148,14.3536747],[100.5478258,14.3539588],[100.5479331,14.3542914],[100.547976,14.3542869],[100.548023,14.3543011],[100.5480579,14.3543291],[100.5480631,14.3543447],[100.548078,14.3543888],[100.5480753,14.354459],[100.5480485,14.3544954],[100.5480096,14.3545201],[100.5481759,14.3552398],[100.5482268,14.3552684],[100.5482418,14.3553329],[100.548251,14.3553724],[100.5482215,14.3554451],[100.5483435,14.3559648],[100.5483911,14.3560986],[100.5487544,14.3559595],[100.5489269,14.3558934],[100.5492219,14.3564289],[100.549293,14.3563923],[100.5493447,14.3564715],[100.5493855,14.3565339],[100.5499877,14.3565274],[100.5504798,14.3566015],[100.550496,14.3562571],[100.5517729,14.3562946],[100.5513361,14.3550493],[100.5510662,14.3543534],[100.5508822,14.353864],[100.550099,14.3541186],[100.5499542,14.3536769],[100.550327,14.3535521],[100.55018,14.3531566],[100.5500025,14.352679],[100.5491786,14.3529508],[100.5476314,14.3534612]]]}},{"type":"Feature","id":742834446,"properties":{"landuse":"military","name:en":"32nd Ranger Regiment","note":"Exact boundary unknown.","@type":"way","@id":742834446,"branch":"other"},"geometry":{"type":"Polygon","coordinates":[[[100.7965129,18.7962479],[100.7971137,18.7969487],[100.7980793,18.7978933],[100.7990342,18.7970808],[100.7997852,18.7967558],[100.799635,18.7951713],[100.7990664,18.7952627],[100.7978003,18.7936173],[100.7977386,18.7936197],[100.7967597,18.793658],[100.7957297,18.7939728],[100.7962447,18.7957807],[100.7965129,18.7962479]]]}},{"type":"Feature","id":743698611,"properties":{"alt_name:en":"Fort Dhanarajata","landuse":"military","name":"ค่ายธนะรัชต์","name:en":"Fort Thanarat","name:th":"ค่ายธนะรัชต์","@type":"way","@id":743698611,"branch":"other"},"geometry":{"type":"Polygon","coordinates":[[[99.9177026,12.394257],[99.9135183,12.4002959],[99.9043464,12.3944759],[99.9033938,12.3943665],[99.9026839,12.3947496],[99.9027026,12.3955524],[99.9028147,12.3963916],[99.9023103,12.3976322],[99.9019741,12.3989641],[99.9014324,12.3992195],[99.9011522,12.3998763],[99.9014324,12.4002412],[99.9020388,12.4005141],[99.9020301,12.4024122],[99.9011895,12.4037075],[99.8998446,12.4036163],[99.8988732,12.4036528],[99.8973788,12.4051488],[99.896669,12.4059698],[99.89538,12.4059698],[99.8949504,12.4057509],[99.8942219,12.4063711],[99.8926901,12.4069914],[99.8906353,12.4069732],[99.8900936,12.4063711],[99.889197,12.4040177],[99.8899629,12.4027041],[99.8904905,12.4026929],[99.8904672,12.4013358],[99.8901123,12.4007155],[99.8886553,12.400898],[99.8878707,12.4012446],[99.8870675,12.4005513],[99.8866005,12.4003871],[99.8862455,12.4007155],[99.8861335,12.4012081],[99.885517,12.4012811],[99.8844149,12.4007885],[99.88406,12.4011899],[99.8841347,12.4019196],[99.8852368,12.4027589],[99.885984,12.4033791],[99.8875718,12.4028683],[99.8880201,12.403817],[99.8880201,12.4046927],[99.8884685,12.4056414],[99.8882069,12.4062252],[99.8876839,12.4069185],[99.8865257,12.4073563],[99.8844709,12.4081773],[99.8816129,12.4086334],[99.8798196,12.4102388],[99.8790351,12.4110962],[99.8781945,12.4108956],[99.8777835,12.4098922],[99.877989,12.4092536],[99.8767935,12.4085786],[99.8772418,12.4073198],[99.8787549,12.4071191],[99.8791878,12.4065195],[99.8788288,12.4045333],[99.8769242,12.4031237],[99.8753551,12.4032697],[99.8729454,12.4044008],[99.8703115,12.4067725],[99.8676589,12.4075935],[99.8669491,12.4075387],[99.8663327,12.4071921],[99.8663513,12.4057873],[99.8657723,12.4031785],[99.8653239,12.4019014],[99.8653262,12.4002666],[99.8636988,12.3997303],[99.8622417,12.4005513],[99.8610649,12.4010439],[99.8589728,12.4037258],[99.8581135,12.4036346],[99.8583563,12.4020656],[99.8576652,12.4017189],[99.8569553,12.4018102],[99.8567872,12.4028136],[99.8575157,12.4048934],[99.8595705,12.4047474],[99.8610275,12.4052948],[99.8610275,12.4060428],[99.8594211,12.4079036],[99.8584871,12.4079766],[99.8574784,12.4080496],[99.8575157,12.4093084],[99.8575157,12.4104942],[99.8563949,12.4111327],[99.8550313,12.410476],[99.8541907,12.4108043],[99.853761,12.411826],[99.8518744,12.4118807],[99.8510898,12.4128476],[99.849502,12.4134132],[99.8485867,12.4127746],[99.8471857,12.4150003],[99.8484746,12.4166787],[99.8481757,12.4188861],[99.8475008,12.4209334],[99.8465879,12.4237022],[99.8446078,12.4256541],[99.8444397,12.4274054],[99.8478955,12.429941],[99.8574597,12.4269311],[99.8579057,12.4281597],[99.8581882,12.4289377],[99.8637175,12.4293208],[99.8654173,12.4291931],[99.8655855,12.4272777],[99.8755232,12.4313457],[99.8778956,12.4292661],[99.8806602,12.4287553],[99.8835183,12.4280986],[99.8837424,12.4296309],[99.8881883,12.4291019],[99.888319,12.426475],[99.8931758,12.4247055],[99.8956416,12.4240123],[99.8945021,12.4180469],[99.9115009,12.4146172],[99.9126777,12.412574],[99.9142842,12.4124098],[99.9149006,12.4134861],[99.920131,12.412501],[99.9205794,12.4140334],[99.9230451,12.4134314],[99.9235495,12.4128841],[99.9238484,12.4117348],[99.9226528,12.4007702],[99.9223726,12.3997121],[99.9216815,12.3990006],[99.9177026,12.394257]]]}},{"type":"Feature","id":744812228,"properties":{"landuse":"military","name":"ค่ายบูรฉัตร","@type":"way","@id":744812228,"branch":"other"},"geometry":{"type":"Polygon","coordinates":[[[99.7478701,13.5642271],[99.7480418,13.5641645],[99.7520544,13.5645817],[99.7629549,13.5651657],[99.7732331,13.5656038],[99.7731258,13.5660418],[99.7724606,13.5659375],[99.7720744,13.5659792],[99.7716881,13.5663547],[99.7711731,13.5674811],[99.7711008,13.5676311],[99.7708513,13.5681486],[99.7704378,13.5686785],[99.7703792,13.5687535],[99.7701432,13.5691289],[99.7700263,13.569322],[99.7699286,13.5694835],[99.7698907,13.5695927],[99.7695204,13.5706583],[99.7693922,13.5710271],[99.7693175,13.5711316],[99.7685124,13.5722577],[99.7678472,13.5733841],[99.7677277,13.573506],[99.7661091,13.575157],[99.7657923,13.5754225],[99.7648646,13.5761999],[99.7642209,13.5774097],[99.7630407,13.5798918],[99.7626115,13.580747],[99.7612168,13.5810181],[99.7592641,13.581331],[99.758556,13.5815396],[99.7582392,13.5821376],[99.7581913,13.5822279],[99.7590925,13.5831873],[99.760337,13.583521],[99.7611095,13.5834793],[99.762354,13.5831247],[99.7625257,13.583375],[99.7620966,13.584251],[99.7614957,13.5848559],[99.7607233,13.5852939],[99.7598006,13.5847516],[99.7588564,13.5842302],[99.7588135,13.5857528],[99.7583736,13.5857528],[99.7575242,13.5857528],[99.756818,13.5857528],[99.7556378,13.5857319],[99.755061,13.5852978],[99.7549726,13.5852313],[99.7545435,13.5848142],[99.7545864,13.584251],[99.7548595,13.5838085],[99.7549082,13.5837296],[99.7552603,13.5835243],[99.7553374,13.5834793],[99.7553159,13.5828953],[99.7552301,13.5825616],[99.7545864,13.5823947],[99.754243,13.5823739],[99.7536208,13.5811433],[99.7532131,13.580893],[99.7529985,13.5802881],[99.75302,13.5798084],[99.7528698,13.5793912],[99.7526337,13.5789115],[99.7520544,13.5785152],[99.7510888,13.5780563],[99.7504236,13.5780146],[99.7496296,13.5780772],[99.749179,13.578244],[99.7485997,13.5782649],[99.7479989,13.5782023],[99.7472693,13.5778894],[99.7467972,13.5778686],[99.7464754,13.5779937],[99.7460248,13.5780355],[99.7454025,13.5784943],[99.7448017,13.5791201],[99.7444583,13.5791826],[99.743364,13.5792869],[99.7429134,13.5793704],[99.741347,13.5787238],[99.7400595,13.5781189],[99.7395016,13.5781189],[99.7383215,13.5783066],[99.7373559,13.5786195],[99.7371413,13.5785569],[99.7467329,13.567502],[99.7472264,13.5666259],[99.7475053,13.565875],[99.747677,13.5653952],[99.7478487,13.5647277],[99.7477386,13.5642315],[99.7478701,13.5642271]]]}},{"type":"Feature","id":754589927,"properties":{"landuse":"military","military":"base","military_service":"army","name:en":"Army Tactical Training Centre","@type":"way","@id":754589927,"branch":"army"},"geometry":{"type":"Polygon","coordinates":[[[101.0827537,15.1997849],[101.083656,15.2010086],[101.0854085,15.2002751],[101.0842514,15.1986584],[101.0839607,15.1991895],[101.0834832,15.199526],[101.0827537,15.1997849]]]}},{"type":"Feature","id":755446256,"properties":{"landuse":"military","name":"ค่ายเจ้าพระยาราชสุภาวดี","@type":"way","@id":755446256,"branch":"other"},"geometry":{"type":"Polygon","coordinates":[[[102.5142222,13.7302293],[102.5160543,13.730043],[102.5278841,13.7288399],[102.5285209,13.7287751],[102.5328762,13.7283322],[102.5305549,13.7229594],[102.529699,13.718874],[102.5292868,13.7169063],[102.5280785,13.7126477],[102.5246835,13.7120269],[102.513703,13.7124919],[102.5138899,13.7148676],[102.5104709,13.7150189],[102.510284,13.7151854],[102.5103463,13.719339],[102.5104164,13.72002],[102.5107201,13.7207085],[102.5130254,13.7252933],[102.5142222,13.7302293]]]}},{"type":"Feature","id":759603161,"properties":{"landuse":"military","name":"กรมทหารราบที่ 9 ค่ายสุรสีห์","name:en":"Fort Surasee - 9th Infantry Div.","note":"Boundary estimated.","source":"Bing","@type":"way","@id":759603161,"branch":"army"},"geometry":{"type":"Polygon","coordinates":[[[99.4689216,14.0978194],[99.4612848,14.1079376],[99.4599593,14.1096177],[99.4497427,14.1225669],[99.4541931,14.1266517],[99.4583136,14.1234411],[99.4618878,14.1273051],[99.4725694,14.1185819],[99.4692156,14.1149465],[99.4781701,14.1053097],[99.4798779,14.1034717],[99.480086,14.0905644],[99.4751722,14.0904957],[99.4754147,14.0838346],[99.4724793,14.0837807],[99.4723145,14.0837777],[99.4721188,14.0915217],[99.4689216,14.0978194]]]}},{"type":"Feature","id":759794514,"properties":{"landuse":"military","name":"Royal Thai Army Camp","@type":"way","@id":759794514,"branch":"army"},"geometry":{"type":"Polygon","coordinates":[[[98.3867598,15.300058],[98.3873776,15.3003149],[98.3872866,15.3004915],[98.3870587,15.3009596],[98.3869456,15.3011951],[98.3862691,15.3009199],[98.3867598,15.300058]]]}},{"type":"Feature","id":761226271,"properties":{"building":"yes","military":"barracks","name":"อาคารการ์ดทหาร","name:en":"Royal Guard Office","name:th":"อาคารการ์ดทหาร","@type":"way","@id":761226271,"branch":"army"},"geometry":{"type":"Polygon","coordinates":[[[100.5779509,14.2328326],[100.5780296,14.2327873],[100.5778885,14.2325569],[100.5778097,14.2326023],[100.5779509,14.2328326]]]}},{"type":"Feature","id":776747991,"properties":{"landuse":"military","name:en":"Mobile Development Unit 32","@type":"way","@id":776747991,"branch":"other"},"geometry":{"type":"Polygon","coordinates":[[[98.9616895,19.4153389],[98.961271,19.4144383],[98.9610135,19.4137806],[98.9608633,19.4125663],[98.9609599,19.4118883],[98.9625154,19.4050108],[98.9664316,19.4052299],[98.9728045,19.4061609],[98.9687812,19.4190119],[98.9655626,19.4179798],[98.9641464,19.4174739],[98.9631164,19.416887],[98.9622044,19.4160269],[98.9616895,19.4153389]]]}},{"type":"Feature","id":777368858,"properties":{"landuse":"military","@type":"way","@id":777368858,"branch":"other"},"geometry":{"type":"Polygon","coordinates":[[[99.8136008,18.4820835],[99.8136302,18.4821893],[99.8137085,18.4824165],[99.8148028,18.4823555],[99.8152794,18.4820619],[99.8157238,18.4817882],[99.8159245,18.4816645],[99.815018,18.4812219],[99.814444,18.4810794],[99.8138646,18.4813898],[99.8136008,18.4820835]]]}},{"type":"Feature","id":777368865,"properties":{"landuse":"military","name":"Pratu Pha Camp","@type":"way","@id":777368865,"branch":"other"},"geometry":{"type":"Polygon","coordinates":[[[99.8129508,18.4823701],[99.8128875,18.4819706],[99.8126093,18.4819749],[99.8124216,18.481517],[99.8122387,18.4817754],[99.8119602,18.4817154],[99.81167,18.4815211],[99.8112462,18.4817297],[99.8110322,18.4820766],[99.810775,18.4821021],[99.8106355,18.4816187],[99.8101473,18.48169],[99.8097611,18.4808047],[99.809171,18.4809166],[99.8092086,18.4816238],[99.8094384,18.482269],[99.8092193,18.482448],[99.8093373,18.4828551],[99.8096431,18.4828907],[99.8105819,18.4843712],[99.8110054,18.4842542],[99.8113482,18.485291],[99.8117618,18.4851394],[99.8124699,18.4840965],[99.8128609,18.4842277],[99.8131243,18.4839387],[99.8135159,18.4836996],[99.8134355,18.4833893],[99.8127113,18.4830687],[99.8124377,18.4827431],[99.8120461,18.4828398],[99.8120353,18.4825803],[99.8128829,18.4824973],[99.8129508,18.4823701]]]}},{"type":"Feature","id":778234781,"properties":{"landuse":"military","operator":"Royal Thai Army","@type":"way","@id":778234781,"branch":"army"},"geometry":{"type":"Polygon","coordinates":[[[99.2687407,20.1143186],[99.2683518,20.1144295],[99.2680702,20.1143866],[99.2676169,20.1141978],[99.2675444,20.1139585],[99.2677,20.1139283],[99.2682311,20.1139585],[99.2686924,20.1140517],[99.2688507,20.1141247],[99.2689043,20.1142607],[99.2687407,20.1143186]]]}},{"type":"Feature","id":778234782,"properties":{"landuse":"military","operator":"Royal Thai Army","@type":"way","@id":778234782,"branch":"army"},"geometry":{"type":"Polygon","coordinates":[[[99.2600745,20.1135404],[99.2595676,20.1131702],[99.2596695,20.1125279],[99.2598277,20.11248],[99.2599672,20.1125581],[99.2603561,20.1136185],[99.2600745,20.1135404]]]}},{"type":"Feature","id":778278559,"properties":{"access":"no","landuse":"military","operator:en":"Royal Thai Army","@type":"way","@id":778278559,"branch":"army"},"geometry":{"type":"Polygon","coordinates":[[[99.0936327,20.0987881],[99.0937158,20.0989291],[99.0937024,20.0990752],[99.0934771,20.0992415],[99.0933055,20.0992667],[99.0931526,20.0994279],[99.092887,20.0997654],[99.0926671,20.0999014],[99.0923881,20.0997856],[99.092195,20.0995437],[99.0921897,20.099312],[99.0924311,20.0991155],[99.0927637,20.0989392],[99.0929729,20.0988435],[99.0931821,20.098773],[99.0933537,20.0987176],[99.0935737,20.0987377],[99.0936327,20.0987881]]]}},{"type":"Feature","id":778278560,"properties":{"landuse":"military","@type":"way","@id":778278560,"branch":"other"},"geometry":{"type":"Polygon","coordinates":[[[99.0915298,20.1010954],[99.0911704,20.1014178],[99.0908164,20.1013372],[99.0907949,20.1010148],[99.0909505,20.1006168],[99.0912133,20.1002037],[99.0914118,20.099982],[99.0916157,20.0998712],[99.0917659,20.0998712],[99.0919214,20.0999921],[99.0920609,20.1002188],[99.0921789,20.1004556],[99.0922219,20.1006117],[99.0921369,20.1007284],[99.0918946,20.1008485],[99.0915298,20.1010954]]]}},{"type":"Feature","id":778293514,"properties":{"landuse":"military","@type":"way","@id":778293514,"branch":"other"},"geometry":{"type":"Polygon","coordinates":[[[99.0719712,20.0974279],[99.071703,20.0973624],[99.0714347,20.0973674],[99.07107,20.0974178],[99.0709197,20.0971357],[99.07107,20.0968485],[99.0713918,20.0968183],[99.0716332,20.0967528],[99.0718049,20.0966067],[99.0719283,20.0964707],[99.0719712,20.0962742],[99.0722287,20.0960324],[99.0724486,20.0960677],[99.0725559,20.0962087],[99.0725774,20.0964657],[99.0722769,20.0969543],[99.072234,20.0971307],[99.0723091,20.0973322],[99.0724057,20.0975286],[99.0724379,20.0977553],[99.0722984,20.0977503],[99.0720463,20.0975236],[99.0719712,20.0974279]]]}},{"type":"Feature","id":778315439,"properties":{"landuse":"military","@type":"way","@id":778315439,"branch":"other"},"geometry":{"type":"Polygon","coordinates":[[[99.274148,20.1155779],[99.2740059,20.115515],[99.2738155,20.1154797],[99.2735767,20.1154697],[99.2734909,20.1154042],[99.2734882,20.1152782],[99.2736813,20.115117],[99.273743,20.1149886],[99.2738235,20.114845],[99.2740005,20.1147972],[99.274191,20.1149105],[99.2743787,20.1150591],[99.2745289,20.1151699],[99.2745987,20.1153034],[99.2745772,20.1153991],[99.2744511,20.1155074],[99.2743251,20.1155956],[99.2742419,20.1156031],[99.274148,20.1155779]]]}},{"type":"Feature","id":778315440,"properties":{"landuse":"military","@type":"way","@id":778315440,"branch":"other"},"geometry":{"type":"Polygon","coordinates":[[[99.2849466,20.1098279],[99.2850459,20.1092662],[99.2851692,20.1088481],[99.2855421,20.1081832],[99.2858505,20.1081328],[99.2860115,20.1081227],[99.2863575,20.1081655],[99.2866445,20.1082915],[99.2870039,20.1085106],[99.2871809,20.1086869],[99.2872184,20.1089615],[99.2870924,20.1092058],[99.2869395,20.109309],[99.2866686,20.1094148],[99.2859578,20.1095534],[99.285652,20.1096793],[99.2854321,20.1098128],[99.2851639,20.1098581],[99.2849466,20.1098279]]]}},{"type":"Feature","id":778315441,"properties":{"landuse":"military","@type":"way","@id":778315441,"branch":"other"},"geometry":{"type":"Polygon","coordinates":[[[99.2795822,20.116598],[99.279432,20.1168498],[99.2792255,20.1170287],[99.2788956,20.1170513],[99.2786971,20.1169279],[99.2787373,20.1167063],[99.2787641,20.1166156],[99.2786247,20.1162454],[99.2784396,20.1160867],[99.2781526,20.1159457],[99.2780963,20.1159003],[99.2780909,20.1157945],[99.2782116,20.1157442],[99.2785549,20.1157517],[99.2788392,20.115714],[99.279086,20.1156686],[99.2793113,20.1156409],[99.2793998,20.1156359],[99.2793488,20.115792],[99.2794508,20.1161069],[99.2795473,20.1163335],[99.2795822,20.116598]]]}},{"type":"Feature","id":778315443,"properties":{"landuse":"military","@type":"way","@id":778315443,"branch":"other"},"geometry":{"type":"Polygon","coordinates":[[[99.2926151,20.1061732],[99.2922395,20.1061632],[99.2919981,20.1060473],[99.2919338,20.1058357],[99.2921162,20.1055939],[99.2923522,20.1054378],[99.292438,20.1052161],[99.2924917,20.1048584],[99.2925185,20.1044202],[99.2925614,20.1042741],[99.2926204,20.104128],[99.2931086,20.1007428],[99.2941117,20.0986067],[99.2955172,20.0985967],[99.2999804,20.0980324],[99.3004739,20.0999165],[99.2984462,20.1003196],[99.2975878,20.1010249],[99.2959678,20.1013069],[99.2950666,20.1042036],[99.2950022,20.1045663],[99.2947501,20.1047124],[99.2939293,20.1046418],[99.2933285,20.1046469],[99.2932159,20.1047728],[99.2930442,20.1055032],[99.2928296,20.1059415],[99.2926151,20.1061732]]]}},{"type":"Feature","id":779855538,"properties":{"landuse":"military","name":"ค่ายทหารพิชิตปรีชากร","name:en":"Pichit Preechakorn Military Camp","note":"boundary is approximate","@type":"way","@id":779855538,"branch":"army"},"geometry":{"type":"Polygon","coordinates":[[[98.9830613,19.4468253],[98.9827287,19.4419692],[98.9829218,19.4403504],[98.9833403,19.4394702],[98.9917087,19.4389846],[98.9915049,19.4415442],[98.9887369,19.4474121],[98.9846384,19.4472603],[98.9830613,19.4468253]]]}},{"type":"Feature","id":800463599,"properties":{"addr:city":"ต.บ้านคลอง","addr:postcode":"65000","addr:street":"วังจันทร์","landuse":"military","name":"ค่ายสมเด็จพระนเรศวรมหาราช","name:en":"Camp of King Naresuan the Great","@type":"way","@id":800463599,"branch":"other"},"geometry":{"type":"Polygon","coordinates":[[[100.25352,16.8350249],[100.2535096,16.8349303],[100.253456,16.8344398],[100.2531675,16.8338727],[100.2522631,16.8338488],[100.2518034,16.8338267],[100.251097,16.8339262],[100.2503328,16.8340148],[100.2502834,16.833853],[100.2510639,16.8337261],[100.2509481,16.8327722],[100.2507857,16.8314393],[100.2507978,16.831347],[100.2507448,16.8310445],[100.2511758,16.8309666],[100.2522578,16.8309448],[100.2533372,16.8308401],[100.2541295,16.8307325],[100.2543548,16.8309687],[100.2549234,16.8309584],[100.2555242,16.8302704],[100.2559649,16.8303285],[100.2570382,16.8307332],[100.2569081,16.8304296],[100.2574691,16.8301962],[100.2576561,16.8306008],[100.2580952,16.8306787],[100.2579421,16.8313435],[100.2586725,16.8315114],[100.2587619,16.8314025],[100.259323,16.831597],[100.2599491,16.8318305],[100.2606646,16.8321029],[100.2612744,16.8322585],[100.2614289,16.8319239],[100.2618436,16.8320017],[100.2618598,16.8321885],[100.2622095,16.8323442],[100.2627786,16.8324998],[100.262997,16.8324874],[100.2629575,16.8322819],[100.2635917,16.832313],[100.263486,16.8334181],[100.2631527,16.8347256],[100.2627705,16.8358385],[100.2621851,16.8367101],[100.2617053,16.837286],[100.2612012,16.8375895],[100.2603719,16.8378853],[100.2596807,16.8378697],[100.2589788,16.8378706],[100.2575098,16.8371849],[100.2564528,16.83657],[100.255412,16.8360642],[100.2548672,16.8356828],[100.2540216,16.8352393],[100.25352,16.8350249]]]}},{"type":"Feature","id":801726056,"properties":{"addr:city":"ไม้งาม","addr:postcode":"63000","landuse":"military","name":"ค่ายวชิรปราการ","@type":"way","@id":801726056,"branch":"other"},"geometry":{"type":"Polygon","coordinates":[[[99.1277886,16.8864254],[99.1275624,16.8856677],[99.1274913,16.8854297],[99.1275267,16.8853213],[99.1276682,16.885213],[99.127912,16.885143],[99.131257,16.8841834],[99.1312499,16.8847388],[99.131319,16.884741],[99.131887,16.8847592],[99.1319577,16.8849217],[99.1319831,16.8847986],[99.133013,16.8848424],[99.1330288,16.884202],[99.132921,16.8837491],[99.1330124,16.8837025],[99.1335999,16.8835197],[99.1345555,16.8831674],[99.1357093,16.8825375],[99.1359075,16.8824468],[99.1431274,16.8791441],[99.1443166,16.8785548],[99.1457111,16.8782703],[99.1468719,16.8783312],[99.1482805,16.8788393],[99.1615222,16.8857352],[99.1608375,16.8876026],[99.1603607,16.8882865],[99.1600992,16.8890641],[99.158035,16.8887155],[99.1554887,16.8882584],[99.1527774,16.8893433],[99.1481189,16.891348],[99.1469357,16.8917726],[99.1390137,16.8979924],[99.1402583,16.9007641],[99.1402368,16.9014827],[99.1398522,16.901779],[99.1390352,16.902345],[99.1379623,16.9025503],[99.1369775,16.902566],[99.136069,16.9021845],[99.135661,16.9015765],[99.1347984,16.9011968],[99.1343268,16.9007456],[99.1331722,16.9006989],[99.1327656,16.90059],[99.1312208,16.8990651],[99.1304565,16.8980226],[99.1299493,16.8958629],[99.1300301,16.8956856],[99.1318321,16.8917315],[99.1314519,16.888302],[99.1317557,16.8881305],[99.131981,16.8879765],[99.1316806,16.8866624],[99.1315669,16.886178],[99.1301117,16.8865016],[99.1300627,16.8865125],[99.1287258,16.8864613],[99.1277886,16.8864254]]]}},{"type":"Feature","id":816145855,"properties":{"landuse":"military","@type":"way","@id":816145855,"branch":"other"},"geometry":{"type":"Polygon","coordinates":[[[98.3317282,8.8643351],[98.3317636,8.8633035],[98.3322449,8.8632476],[98.3322768,8.8635973],[98.3323192,8.8643456],[98.3317282,8.8643351]]]}},{"type":"Feature","id":863258741,"properties":{"landuse":"military","name":"กองพันทหารสารวัตรที่ 11","name:en":"Military Police 11th Battalion","@type":"way","@id":863258741,"branch":"other"},"geometry":{"type":"Polygon","coordinates":[[[100.5310481,13.7642898],[100.5308996,13.7639787],[100.5309738,13.7639453],[100.53091,13.7638117],[100.5312234,13.7636705],[100.5311466,13.7635096],[100.5316608,13.7632779],[100.5304066,13.760751],[100.5298002,13.7610219],[100.529454,13.7603257],[100.5290334,13.760512],[100.5293989,13.761294],[100.5283131,13.7618291],[100.528628,13.7625169],[100.5287026,13.7626936],[100.5290904,13.7635396],[100.5297266,13.7649386],[100.5310481,13.7642898]]]}},{"type":"Feature","id":863258750,"properties":{"landuse":"military","name":"กรมการแพทย์ทหารบก","name:en":"Royal Thai Army Medical Department","@type":"way","@id":863258750,"branch":"army"},"geometry":{"type":"Polygon","coordinates":[[[100.5361654,13.7614092],[100.5354873,13.7602],[100.5348998,13.7604962],[100.5345168,13.7606899],[100.5341689,13.7608632],[100.534102,13.7607365],[100.5339013,13.7603651],[100.5332668,13.7606851],[100.5339187,13.7619662],[100.5328828,13.7625399],[100.5332123,13.7632791],[100.5357277,13.7621177],[100.5356434,13.7619494],[100.5360835,13.7617417],[100.5359645,13.761504],[100.5361654,13.7614092]]]}},{"type":"Feature","id":863258751,"properties":{"landuse":"military","name":"กรมการสารวัตรทหารบก","name:en":"The Provost Marshal General Department","name:ja":"陸軍監察総監部","@type":"way","@id":863258751,"branch":"army"},"geometry":{"type":"Polygon","coordinates":[[[100.531118,13.7602747],[100.533773,13.7591315],[100.5340041,13.7596054],[100.5336034,13.7598074],[100.5339013,13.7603651],[100.5332668,13.7606851],[100.5339187,13.7619662],[100.5328828,13.7625399],[100.5332123,13.7632791],[100.5323393,13.7636924],[100.5322578,13.7635303],[100.532043,13.7636201],[100.5307745,13.7610666],[100.5313532,13.7608016],[100.531118,13.7602747]]]}},{"type":"Feature","id":863467445,"properties":{"landuse":"military","name":"กองร้อยพลเสนารักษ์","@type":"way","@id":863467445,"branch":"other"},"geometry":{"type":"Polygon","coordinates":[[[100.5310785,13.765491],[100.532511,13.7648681],[100.532983,13.7657196],[100.5314876,13.7663767],[100.5310785,13.765491]]]}},{"type":"Feature","id":863467447,"properties":{"landuse":"military","@type":"way","@id":863467447,"branch":"other"},"geometry":{"type":"Polygon","coordinates":[[[100.5327555,13.7672636],[100.5324321,13.7666378],[100.5332732,13.7662482],[100.532983,13.7657196],[100.5314876,13.7663767],[100.5320456,13.7675847],[100.5327555,13.7672636]]]}},{"type":"Feature","id":863471744,"properties":{"landuse":"military","name":"กรมทหารราบที่ 1 มหาดเล็กราชวัลลภรักษาพระองค์","name:en":"1st Royal Guard Regiment, King's Guard","name:th":"กรมทหารราบที่ 1 มหาดเล็กราชวัลลภรักษาพระองค์","wikidata":"Q13012493","wikipedia":"th:กรมทหารราบที่ 1 มหาดเล็กราชวัลลภรักษาพระองค์","@type":"way","@id":863471744,"branch":"army"},"geometry":{"type":"Polygon","coordinates":[[[100.5569519,13.7809998],[100.5562603,13.7798434],[100.5555433,13.7802278],[100.5554591,13.7800836],[100.5553381,13.7798763],[100.5551181,13.7794994],[100.5549737,13.779252],[100.5556762,13.7787847],[100.5555571,13.7785828],[100.5552657,13.7780887],[100.5543801,13.7764428],[100.5528409,13.7736586],[100.5523998,13.7738741],[100.5521343,13.7733824],[100.5516108,13.7736462],[100.5506691,13.7717048],[100.5504567,13.771632],[100.5503962,13.7716113],[100.5502059,13.7713301],[100.550032,13.7710309],[100.5500063,13.7709903],[100.5491688,13.7696649],[100.5488153,13.7698693],[100.5487963,13.7698299],[100.5487191,13.7698702],[100.5483771,13.7700489],[100.5483304,13.7700847],[100.5479168,13.770341],[100.5480248,13.7704805],[100.5480142,13.7706162],[100.5478779,13.7708522],[100.5479713,13.7709283],[100.5484457,13.7713145],[100.5489788,13.7717169],[100.5489042,13.7717882],[100.5479372,13.7728759],[100.5473095,13.7735545],[100.5470856,13.7737694],[100.5467811,13.7740168],[100.5463386,13.7742957],[100.5459957,13.7745368],[100.5458065,13.7746547],[100.5457467,13.774692],[100.54543,13.7748013],[100.5455017,13.7749036],[100.5456132,13.7750628],[100.5456897,13.775172],[100.5457128,13.7752014],[100.5458705,13.7754023],[100.5458973,13.7754364],[100.5459441,13.775496],[100.5460846,13.775675],[100.5463396,13.7760191],[100.5464349,13.7761477],[100.5467176,13.7759756],[100.5468721,13.7758947],[100.5477447,13.7773668],[100.5481474,13.7771577],[100.548138,13.7771321],[100.5481145,13.7770683],[100.5483302,13.7769584],[100.5485525,13.7768306],[100.5486373,13.7769657],[100.5487145,13.7770888],[100.5488337,13.7772893],[100.5491055,13.7777464],[100.5492885,13.7780543],[100.5494357,13.7783019],[100.5493772,13.7783312],[100.5494453,13.778469],[100.5496433,13.7783589],[100.5499115,13.7781134],[100.5500356,13.7780334],[100.5501026,13.7780717],[100.550185,13.778224],[100.5502414,13.7783283],[100.5502495,13.7783583],[100.5503043,13.7785608],[100.5503256,13.7786396],[100.5504332,13.7788513],[100.5504869,13.778871],[100.5506568,13.7790858],[100.55072,13.7790727],[100.5508583,13.7792199],[100.5510798,13.7793893],[100.5511801,13.7794799],[100.5512464,13.7795714],[100.5516088,13.7800714],[100.55167,13.7801558],[100.5518067,13.7804835],[100.5518285,13.7805369],[100.5518418,13.7805722],[100.5518844,13.7806858],[100.552019,13.7810149],[100.5520346,13.7810532],[100.552125,13.781279],[100.552394,13.7819506],[100.5522235,13.7820074],[100.5523148,13.7822822],[100.5524679,13.7827234],[100.553103,13.782545],[100.5537728,13.7823255],[100.5546816,13.7820595],[100.5549128,13.7819918],[100.554931,13.7816044],[100.5554448,13.7816799],[100.5559429,13.7814525],[100.5559681,13.7814412],[100.5560482,13.7814053],[100.5568716,13.7810358],[100.5569519,13.7809998]]]}},{"type":"Feature","id":863472862,"properties":{"alt_name":"ศูนย์ใหญ่ รด.","landuse":"military","name":"โรงเรียนรักษาดินแดน ศูนย์การนักศึกษาวิชาทหาร","name:en":"National Defence School","short_name":"รร.รด.ศศท.","@type":"way","@id":863472862,"branch":"other"},"geometry":{"type":"Polygon","coordinates":[[[100.5612719,13.783758],[100.5615744,13.7837801],[100.5617196,13.7837824],[100.561719,13.7838304],[100.5617041,13.7838618],[100.5616819,13.7840706],[100.5616287,13.7842006],[100.5615627,13.7841981],[100.561559,13.784353],[100.5615585,13.7843747],[100.5615579,13.7843868],[100.5615501,13.7845537],[100.5616409,13.7845556],[100.5618707,13.7845603],[100.5618676,13.7848759],[100.5618671,13.7849285],[100.5618609,13.7855687],[100.5616571,13.7855643],[100.5616572,13.7855877],[100.56166,13.7863571],[100.5625345,13.7863146],[100.5626015,13.7863146],[100.562882,13.7863536],[100.5631517,13.7863969],[100.5631975,13.7858894],[100.5632292,13.7856092],[100.5632439,13.785479],[100.5632647,13.7852954],[100.5629127,13.7852357],[100.5629148,13.7851928],[100.5629189,13.7851104],[100.5629197,13.7850938],[100.5629259,13.7849689],[100.5629265,13.7849558],[100.5629274,13.7849415],[100.5629436,13.7846904],[100.5629466,13.7846435],[100.562951,13.7846197],[100.562963,13.7845539],[100.5630064,13.7843227],[100.5630331,13.7843209],[100.5630463,13.7842536],[100.5631125,13.7839165],[100.5631322,13.7836551],[100.5631494,13.7834279],[100.5630857,13.783411],[100.563077,13.7833782],[100.563049,13.783273],[100.5619783,13.7823947],[100.5618389,13.7822698],[100.5616707,13.7824839],[100.561565,13.7824182],[100.5614115,13.7826557],[100.5612888,13.7828456],[100.5612829,13.7831479],[100.5612819,13.7831967],[100.5612719,13.783758]]]}},{"type":"Feature","id":865389869,"properties":{"landuse":"military","military":"base","name":"ศูนย์รักษาความปลอดภัย 17 รามอินทรา กองบัญชาการกองทัพไทย","name:en":"Armed Force Security Center, 17 Ramindra","name:th":"ศูนย์รักษาความปลอดภัย 17 รามอินทรา กองบัญชาการกองทัพไทย","@type":"way","@id":865389869,"branch":"other"},"geometry":{"type":"Polygon","coordinates":[[[100.6097775,13.8668609],[100.6117478,13.8657778],[100.6123964,13.865434],[100.6119488,13.864703],[100.6118837,13.8645967],[100.6106886,13.8625852],[100.6096308,13.8609172],[100.6086552,13.8593238],[100.609918,13.8596113],[100.6104115,13.8581634],[100.6072387,13.8533145],[100.6071509,13.8532778],[100.6068736,13.8539229],[100.6068203,13.8543898],[100.6067867,13.85457],[100.606673,13.8548566],[100.6065682,13.8553164],[100.6065025,13.855651],[100.606911,13.8563593],[100.6047804,13.8576625],[100.6039296,13.8581731],[100.6043197,13.8588944],[100.6055314,13.8609991],[100.6078569,13.8648325],[100.6086409,13.8661263],[100.6087913,13.8663718],[100.6093322,13.8660793],[100.6097775,13.8668609]]]}},{"type":"Feature","id":885949783,"properties":{"landuse":"military","name":"ค่ายพระศรีพนมมาศ","name:en":"Phra Si Phanom Mat Camp","@type":"way","@id":885949783,"branch":"other"},"geometry":{"type":"Polygon","coordinates":[[[100.0415351,17.6086151],[100.0345133,17.6074547],[100.0274994,17.6060981],[100.0177344,17.6071929],[100.0176773,17.6079031],[100.0208469,17.6084779],[100.0212305,17.6106487],[100.0234458,17.6112615],[100.0273686,17.616033],[100.0350461,17.6162289],[100.0381283,17.616674],[100.0404259,17.6172971],[100.0405193,17.6171013],[100.0415351,17.6086151]]]}},{"type":"Feature","id":886427298,"properties":{"landuse":"military","name":"ค่ายสุรศักดิ์มนตรี","name:en":"Fort Surasak Montri","@type":"way","@id":886427298,"branch":"other"},"geometry":{"type":"Polygon","coordinates":[[[99.5133716,18.2937854],[99.5144068,18.293528],[99.5145917,18.2933993],[99.5148135,18.2928142],[99.5147272,18.2924515],[99.5145424,18.2921473],[99.5163417,18.2928376],[99.5166745,18.2928493],[99.5168963,18.2928142],[99.5170565,18.2929078],[99.5208524,18.2981617],[99.5202362,18.2983723],[99.5196076,18.2984308],[99.5186587,18.2987467],[99.5178576,18.2991563],[99.5172101,18.2998899],[99.5166034,18.3000191],[99.5162227,18.2995968],[99.5162404,18.2991027],[99.5158204,18.2990725],[99.5148628,18.2991329],[99.5138197,18.2992246],[99.5138359,18.2984854],[99.5138486,18.2979294],[99.5137217,18.2969657],[99.5134557,18.2955058],[99.5132129,18.2938264],[99.5133716,18.2937854]]]}},{"type":"Feature","id":897148924,"properties":{"landuse":"military","name":"กรมทหารทหารม้าที่ 1 กองพันทหารม้าที่ 3 รักษาพระองค์","name:en":"3rd Armored Regiment, 1st Armoured Brigade King's Royal Guard","name:th":"กรมทหารทหารม้าที่ 1 กองพันทหารม้าที่ 3 รักษาพระองค์","@type":"way","@id":897148924,"branch":"army"},"geometry":{"type":"Polygon","coordinates":[[[100.5219149,13.7968515],[100.5219363,13.7961932],[100.5220309,13.7947184],[100.5225354,13.7947338],[100.5225756,13.7944728],[100.5236713,13.7940135],[100.5238035,13.7939581],[100.5236118,13.7935665],[100.5238328,13.7934794],[100.525079,13.7929887],[100.5261215,13.7951128],[100.5260775,13.7951637],[100.5249578,13.7956542],[100.5241979,13.7959989],[100.5241765,13.7960086],[100.5241491,13.7959975],[100.5240053,13.7960498],[100.5238798,13.7960955],[100.5238618,13.7961244],[100.523189,13.7963757],[100.5226693,13.7965697],[100.5219149,13.7968515]]]}},{"type":"Feature","id":897148927,"properties":{"landuse":"military","name":"กองร้อยสนัยสนุนส่วนหน้าที่ 1","name:th":"กองร้อยสนัยสนุนส่วนหน้าที่ 1","@type":"way","@id":897148927,"branch":"other"},"geometry":{"type":"Polygon","coordinates":[[[100.5191982,13.7941866],[100.518957,13.7944127],[100.5203716,13.7959683],[100.5205075,13.7961177],[100.5205208,13.7961324],[100.520996,13.7966572],[100.5212823,13.7969782],[100.521356,13.7969847],[100.5215144,13.7969986],[100.5216753,13.7969417],[100.5218595,13.7968765],[100.5218897,13.79615],[100.5218904,13.7961333],[100.5218943,13.7960634],[100.521969,13.7947161],[100.5219713,13.7944294],[100.521322,13.7944338],[100.5213451,13.7949816],[100.5212403,13.7949888],[100.5212086,13.7949657],[100.5210898,13.7949729],[100.5210649,13.7949198],[100.5209876,13.7949174],[100.5207846,13.7946703],[100.520162,13.795135],[100.5201249,13.7951627],[100.5194714,13.7944744],[100.5191982,13.7941866]]]}},{"type":"Feature","id":897169111,"properties":{"landuse":"military","name":"กองพลทหารปืนใหญ่ต่อสู้อากาศยาน","name:en":"Air Defence Division","name:th":"กองพลทหารปืนใหญ่ต่อสู้อากาศยาน","@type":"way","@id":897169111,"branch":"army"},"geometry":{"type":"Polygon","coordinates":[[[100.5257025,13.7956375],[100.5266943,13.7976016],[100.526427,13.7977157],[100.5264613,13.798721],[100.5259967,13.798967],[100.525825,13.7990921],[100.5256453,13.7991676],[100.5254495,13.7991598],[100.5252778,13.7991051],[100.5249958,13.799075],[100.5244544,13.7992484],[100.5240923,13.7993604],[100.5237597,13.7994698],[100.5232608,13.7995766],[100.5229336,13.7996391],[100.5227212,13.79971],[100.5223435,13.799841],[100.5220668,13.7998711],[100.521791,13.7998449],[100.5216128,13.7998366],[100.5214822,13.7998312],[100.5215148,13.7992415],[100.521553,13.7988484],[100.5216085,13.7981115],[100.5216652,13.7973959],[100.5216755,13.7972659],[100.5217261,13.7972218],[100.5223619,13.7969769],[100.5252091,13.7958799],[100.5257025,13.7956375]]]}},{"type":"Feature","id":897169112,"properties":{"landuse":"military","name":"โรงเรียนทหารสรรพาวุธ","name:en":"Ordnance School","name:th":"โรงเรียนทหารสรรพาวุธ","@type":"way","@id":897169112,"branch":"other"},"geometry":{"type":"Polygon","coordinates":[[[100.5257025,13.7956375],[100.5266035,13.7951948],[100.5271361,13.7961584],[100.5280868,13.7978783],[100.5285583,13.7987314],[100.5282417,13.7987274],[100.5277113,13.7986502],[100.5274675,13.7985505],[100.526976,13.7985357],[100.526745,13.798592],[100.5265707,13.7986545],[100.5264613,13.798721],[100.526427,13.7977157],[100.5266943,13.7976016],[100.5257025,13.7956375]]]}},{"type":"Feature","id":897169114,"properties":{"landuse":"military","name":"กรมทหารปืนใหญ่ที่ 1 รักษาพระองค์","name:en":"1st Field Artillery Regiment","name:th":"กรมทหารปืนใหญ่ที่ 1 รักษาพระองค์","wikidata":"Q13012492","wikipedia":"th:กรมทหารปืนใหญ่ที่ 1 รักษาพระองค์","@type":"way","@id":897169114,"branch":"army"},"geometry":{"type":"Polygon","coordinates":[[[100.5346929,13.7923264],[100.534587,13.7923443],[100.533631,13.7925058],[100.533579,13.7925146],[100.5334549,13.7925355],[100.5323876,13.7927158],[100.5320292,13.7919798],[100.5313485,13.7905821],[100.5312563,13.7903846],[100.5309624,13.7897548],[100.5309019,13.7896253],[100.5315313,13.7894875],[100.5317281,13.7894497],[100.5320596,13.789386],[100.5323493,13.7893303],[100.5328361,13.7892368],[100.5334418,13.7891204],[100.5338297,13.7901143],[100.5341145,13.7908443],[100.5344121,13.7916068],[100.5344512,13.7917069],[100.5346929,13.7923264]]]}},{"type":"Feature","id":901435196,"properties":{"access":"yes","landuse":"military","name:en":"Noi Lae Thai Army Base","operator:en":"Royal Thai Army","@type":"way","@id":901435196,"branch":"army"},"geometry":{"type":"Polygon","coordinates":[[[99.0410534,19.9409774],[99.041343,19.9410934],[99.0416113,19.9410354],[99.0418258,19.9409068],[99.0420109,19.9407807],[99.0420257,19.9405815],[99.0420645,19.9403899],[99.0420163,19.9402487],[99.0418687,19.9399966],[99.041803,19.9399297],[99.0416904,19.9399411],[99.0411794,19.9399058],[99.0410641,19.9400142],[99.040989,19.9403647],[99.0409756,19.9406269],[99.0409997,19.9408185],[99.0410534,19.9409774]]]}},{"type":"Feature","id":901435198,"properties":{"access":"no","landuse":"military","military":"base","military_service":"army","operator":"Myanmar","@type":"way","@id":901435198,"branch":"other"},"geometry":{"type":"Polygon","coordinates":[[[99.0454575,19.9499508],[99.0453127,19.9498626],[99.0452135,19.9497642],[99.0451544,19.949676],[99.0451169,19.9496533],[99.0448004,19.9498021],[99.0447199,19.9497466],[99.044795,19.9493558],[99.0448943,19.9490658],[99.044964,19.948902],[99.0450177,19.9488263],[99.0452242,19.9486877],[99.0453395,19.9487179],[99.0454093,19.9488213],[99.0454817,19.949086],[99.0455621,19.9493659],[99.0456426,19.9495877],[99.0457392,19.9497315],[99.0458357,19.9498373],[99.0458679,19.950029],[99.0458062,19.9500996],[99.0454575,19.9499508]]]}},{"type":"Feature","id":901588631,"properties":{"landuse":"military","@type":"way","@id":901588631,"branch":"other"},"geometry":{"type":"Polygon","coordinates":[[[99.0937319,20.1066719],[99.093622,20.1068256],[99.0934208,20.1069163],[99.0932491,20.1069414],[99.0931579,20.1069414],[99.0930346,20.1068583],[99.0929648,20.1067097],[99.092946,20.1065309],[99.0929568,20.106347],[99.0930587,20.1061732],[99.0932304,20.1061203],[99.0934449,20.1061354],[99.0935656,20.1062135],[99.0937105,20.1063848],[99.0937614,20.1065309],[99.0937319,20.1066719]]]}},{"type":"Feature","id":901620517,"properties":{"country":"ไทย","landuse":"military","@type":"way","@id":901620517,"branch":"other"},"geometry":{"type":"Polygon","coordinates":[[[98.9683306,19.2839043],[98.9690816,19.2839347],[98.9692801,19.2831549],[98.96902,19.2830612],[98.968521,19.283079],[98.9683306,19.2839043]]]}},{"type":"Feature","id":906714201,"properties":{"landuse":"military","@type":"way","@id":906714201,"branch":"other"},"geometry":{"type":"Polygon","coordinates":[[[99.0528712,19.8644572],[99.0525413,19.8641999],[99.0525976,19.8640637],[99.0524179,19.863901],[99.0526003,19.8637786],[99.0528417,19.8639022],[99.0530361,19.8638089],[99.0531166,19.8640612],[99.0533137,19.8643197],[99.0528712,19.8644572]]]}},{"type":"Feature","id":913563300,"properties":{"landuse":"military","layer":"-1","@type":"way","@id":913563300,"branch":"other"},"geometry":{"type":"Polygon","coordinates":[[[100.0872505,17.2876201],[100.0878809,17.2875777],[100.0879358,17.2874865],[100.0879676,17.2852756],[100.0874024,17.2853752],[100.0873185,17.286721],[100.0872863,17.2870744],[100.0872505,17.2876201]]]}},{"type":"Feature","id":934873926,"properties":{"landuse":"military","name":"หน่วยเฉพาะกิจทหารราบที่ 9","@type":"way","@id":934873926,"branch":"army"},"geometry":{"type":"Polygon","coordinates":[[[99.7814841,11.768418],[99.7816956,11.7682491],[99.7820099,11.7680561],[99.7831745,11.7677665],[99.7825152,11.7653716],[99.7818004,11.7658783],[99.7813198,11.7665057],[99.7808884,11.7673804],[99.7808576,11.7678087],[99.7813371,11.7684263],[99.7814108,11.7684478],[99.7814841,11.768418]]]}},{"type":"Feature","id":943323643,"properties":{"landuse":"military","@type":"way","@id":943323643,"branch":"other"},"geometry":{"type":"Polygon","coordinates":[[[100.7787874,14.4045246],[100.7788748,14.4044772],[100.7788677,14.4043881],[100.7790659,14.4043881],[100.7792251,14.4047034],[100.7803895,14.4041138],[100.7810691,14.4047549],[100.7811894,14.4063934],[100.7810585,14.4073258],[100.7782979,14.4071304],[100.7784576,14.4047141],[100.7784819,14.4043469],[100.7787944,14.4043752],[100.7787874,14.4045246]]]}},{"type":"Feature","id":945665002,"properties":{"landuse":"military","name":"ค่ายภาณุรังษี","name:th":"ค่ายภาณุรังษี","@type":"way","@id":945665002,"branch":"other"},"geometry":{"type":"Polygon","coordinates":[[[99.8195043,13.5428317],[99.8192693,13.5432536],[99.8190602,13.5438186],[99.8189668,13.5447267],[99.8192564,13.5465064],[99.8207095,13.5462667],[99.8213485,13.5461613],[99.8215401,13.547166],[99.8217034,13.5480228],[99.8217359,13.5481282],[99.8217875,13.5482952],[99.8238329,13.5481862],[99.8239762,13.5452336],[99.827481,13.5450062],[99.8272973,13.5440805],[99.8268739,13.5427782],[99.8268622,13.5421594],[99.8246799,13.5418459],[99.8237534,13.5417691],[99.8213025,13.5418554],[99.8203281,13.5422502],[99.8195043,13.5428317]]]}},{"type":"Feature","id":948680549,"properties":{"landuse":"military","name":"ค่ายศรีสุริยวงศ์","@type":"way","@id":948680549,"branch":"other"},"geometry":{"type":"Polygon","coordinates":[[[99.762293,13.5149376],[99.7636381,13.5149783],[99.7636631,13.5142876],[99.7636631,13.513758],[99.7637465,13.5136077],[99.7638644,13.5134338],[99.7639335,13.5134397],[99.7640744,13.5134331],[99.7641841,13.5134241],[99.7645367,13.5134127],[99.7650481,13.5135262],[99.7656663,13.5135197],[99.7665088,13.5132774],[99.7672947,13.5135643],[99.7688029,13.5148684],[99.769085,13.5154331],[99.7689611,13.5159079],[99.768993,13.5160043],[99.7688549,13.5164516],[99.7690089,13.5167021],[99.7690967,13.5166954],[99.7695142,13.5155019],[99.770015,13.5141581],[99.7699589,13.5137438],[99.770106,13.5129957],[99.7700789,13.512575],[99.7702855,13.5125867],[99.7727817,13.5099106],[99.7732054,13.5087666],[99.7737107,13.5085089],[99.7726423,13.5067952],[99.7725793,13.5066088],[99.7725471,13.5061211],[99.7725913,13.5058251],[99.7724586,13.5052174],[99.7724492,13.5050113],[99.7724747,13.5048888],[99.7724666,13.5048262],[99.7724168,13.504719],[99.7711128,13.5040523],[99.7710182,13.504257],[99.7709215,13.5045349],[99.7708475,13.5049693],[99.7708075,13.5050652],[99.770675,13.5052929],[99.7706318,13.5052809],[99.7701881,13.50613],[99.7714339,13.5066737],[99.7716922,13.5067632],[99.7720108,13.506894],[99.7724431,13.5083963],[99.7710117,13.5105958],[99.7689564,13.5108008],[99.7673822,13.5120499],[99.7649051,13.5117762],[99.7647655,13.5102988],[99.7638713,13.5102493],[99.7637655,13.5079548],[99.7632388,13.5069155],[99.7628647,13.5068577],[99.7621881,13.5128285],[99.762293,13.5149376]]]}},{"type":"Feature","id":957949952,"properties":{"landuse":"military","@type":"way","@id":957949952,"branch":"other"},"geometry":{"type":"Polygon","coordinates":[[[98.3180505,19.6941843],[98.3182731,19.6939343],[98.3175569,19.6933611],[98.3171895,19.6935404],[98.3173209,19.6937601],[98.3180505,19.6941843]]]}},{"type":"Feature","id":957957243,"properties":{"landuse":"military","@type":"way","@id":957957243,"branch":"other"},"geometry":{"type":"Polygon","coordinates":[[[98.425366,19.6908957],[98.4256256,19.6904534],[98.4258109,19.6901095],[98.4254998,19.6892332],[98.4254569,19.6888999],[98.4255481,19.6877736],[98.4256822,19.6875311],[98.4259987,19.6873392],[98.4275758,19.6872281],[98.4278172,19.6873745],[98.4279299,19.6876826],[98.4278977,19.6880463],[98.4270555,19.6897939],[98.4266263,19.6904757],[98.4262267,19.6910035],[98.426173,19.6912056],[98.4261596,19.6916248],[98.426106,19.6918091],[98.4257573,19.6923672],[98.4255105,19.6923041],[98.4253594,19.6922588],[98.4254387,19.6915686],[98.4253154,19.6912212],[98.425366,19.6908957]]]}},{"type":"Feature","id":958691001,"properties":{"landuse":"military","@type":"way","@id":958691001,"branch":"other"},"geometry":{"type":"Polygon","coordinates":[[[99.3771631,20.0889824],[99.3783326,20.0891133],[99.3773625,20.0897545],[99.3772662,20.0908679],[99.3774628,20.0911795],[99.3774045,20.0914258],[99.3766731,20.0916645],[99.3761991,20.0913859],[99.3767792,20.0911513],[99.37708,20.090856],[99.3770766,20.0901911],[99.3768157,20.0898487],[99.3770824,20.0897145],[99.377298,20.0892678],[99.3771631,20.0889824]]]}},{"type":"Feature","id":968950255,"properties":{"landuse":"military","military":"training_area","name":"หน่วยฝึกนักศึกษาวิชาทหาร มณฑลทหารบกที่ 37","name:en":"Military Student training unit 37th Army Region","name:th":"หน่วยฝึกนักศึกษาวิชาทหาร มณฑลทหารบกที่ 37","@type":"way","@id":968950255,"branch":"other"},"geometry":{"type":"Polygon","coordinates":[[[99.8230297,19.9207942],[99.8230016,19.9207324],[99.8231395,19.9206613],[99.8233166,19.9205562],[99.8234296,19.9206183],[99.8239464,19.921202],[99.8233059,19.9221276],[99.8231455,19.9223532],[99.8228719,19.9226609],[99.8225946,19.9228485],[99.8222245,19.9229796],[99.8217722,19.923029],[99.8213715,19.9229947],[99.8209837,19.9228525],[99.8206151,19.9225862],[99.8203775,19.9223078],[99.8203188,19.9220814],[99.8203346,19.9219422],[99.8203427,19.9219159],[99.8204193,19.9216658],[99.8205126,19.9214508],[99.821901,19.921658],[99.8219587,19.9216373],[99.8230297,19.9207942]]]}},{"type":"Feature","id":985482801,"properties":{"landuse":"military","name":"ทัพเรือภาคที่ 3","name:en":"Naval Area Command HQ.3","@type":"way","@id":985482801,"branch":"navy"},"geometry":{"type":"Polygon","coordinates":[[[98.404431,7.8062393],[98.4031436,7.8066565],[98.4029075,7.8066273],[98.4027734,7.8066193],[98.4024811,7.8065449],[98.4022129,7.8066007],[98.4018239,7.8069196],[98.4016389,7.8071986],[98.4011614,7.8072252],[98.4007269,7.8075468],[98.400456,7.8078736],[98.400802,7.8082722],[98.4013814,7.8085007],[98.4017113,7.8084901],[98.4022638,7.8079454],[98.4024784,7.8078949],[98.4028834,7.8081314],[98.4029371,7.8082456],[98.4030202,7.8088037],[98.4033447,7.8086442],[98.4037927,7.8085884],[98.4040958,7.8084875],[98.4044042,7.8081739],[98.4046108,7.8077992],[98.4047583,7.8074617],[98.404769,7.8073289],[98.4047744,7.8071668],[98.4046724,7.8068266],[98.404431,7.8062393]]]}},{"type":"Feature","id":1000481574,"properties":{"landuse":"military","name":"กรมสารวัตรทหารเรือ","name:en":"Naval Military Police Regiment","name:th":"กรมสารวัตรทหารเรือ","wikimedia_commons":"Category:Naval Military Police Regiment","@type":"way","@id":1000481574,"branch":"navy"},"geometry":{"type":"Polygon","coordinates":[[[100.4856583,13.7454554],[100.4860056,13.7454814],[100.4862035,13.7455773],[100.4863829,13.7456642],[100.4866169,13.7457776],[100.4863006,13.7465941],[100.4862048,13.746857],[100.4861662,13.7469629],[100.4860158,13.7473754],[100.4862499,13.7474457],[100.4862688,13.7474808],[100.4871935,13.7477796],[100.4872739,13.7476355],[100.4878298,13.7465235],[100.4882327,13.745898],[100.488273,13.7458388],[100.4882782,13.7458366],[100.4882875,13.7458122],[100.4886123,13.7452888],[100.4886159,13.7452187],[100.4885895,13.7451624],[100.488535,13.745121],[100.4869125,13.7446298],[100.4868196,13.7448098],[100.4867212,13.7449134],[100.4863748,13.7451944],[100.4862902,13.7452591],[100.4862594,13.745349],[100.4861869,13.7453776],[100.4860542,13.7453555],[100.4858195,13.7452122],[100.4857557,13.7453111],[100.4856583,13.7454554]]]}},{"type":"Feature","id":1010188105,"properties":{"landuse":"military","name":"ป้อมพระจุลจอมเกล้า","name:en":"Phra Chulachomklao Fort","@type":"way","@id":1010188105,"branch":"other"},"geometry":{"type":"Polygon","coordinates":[[[100.5754835,13.5423662],[100.5752099,13.5421471],[100.5724635,13.5393948],[100.5723834,13.5390557],[100.5724156,13.538821],[100.5725229,13.5385394],[100.5728072,13.5384142],[100.573129,13.5383307],[100.5733275,13.5381273],[100.5733007,13.5379239],[100.5730915,13.5377153],[100.5726892,13.5374389],[100.5726033,13.5373085],[100.5726141,13.5371312],[100.5727321,13.5369695],[100.5753525,13.5346657],[100.5755604,13.5343006],[100.5755381,13.5322023],[100.5760219,13.53223],[100.5761032,13.5320442],[100.5769407,13.5309256],[100.578,13.5297573],[100.5790688,13.5286838],[100.579444,13.5288627],[100.5797979,13.5285255],[100.5810579,13.529544],[100.5808569,13.5300304],[100.5812328,13.5304378],[100.581048,13.5306715],[100.5832663,13.5335112],[100.5836792,13.5342601],[100.5835459,13.5344438],[100.5836854,13.5348297],[100.5844257,13.5356329],[100.5849085,13.5358311],[100.5852947,13.536144],[100.585815,13.5367733],[100.5852876,13.5373475],[100.5853391,13.5376479],[100.5852532,13.5378231],[100.5851245,13.5378732],[100.5849632,13.5380394],[100.5850251,13.5384872],[100.5849118,13.5385788],[100.5845821,13.5388477],[100.5842363,13.539117],[100.5841865,13.5391432],[100.5841891,13.539284],[100.5841975,13.5394253],[100.5841941,13.5395096],[100.5841968,13.5397275],[100.5841804,13.5398509],[100.5841903,13.540081],[100.5842233,13.5401596],[100.5842147,13.5403933],[100.5841975,13.5406436],[100.5841804,13.5408606],[100.584249,13.541453],[100.5841975,13.54167],[100.584249,13.5417534],[100.5842576,13.5418786],[100.584249,13.5420872],[100.5842576,13.5422541],[100.5842233,13.5424544],[100.5840774,13.5424126],[100.5838799,13.5422875],[100.5838456,13.5423876],[100.5837941,13.5423793],[100.5836139,13.5424043],[100.5834765,13.5422457],[100.5832791,13.5423709],[100.5830646,13.5425795],[100.5829272,13.5427381],[100.5828843,13.5431803],[100.5823226,13.5443509],[100.5811849,13.5453999],[100.581039,13.545475],[100.5809274,13.5456252],[100.5805926,13.5459006],[100.5803609,13.545984],[100.5802493,13.5460675],[100.5800862,13.5460424],[100.5799747,13.5459924],[100.5798459,13.5460257],[100.5798459,13.5459256],[100.5797687,13.5458589],[100.5797989,13.5456765],[100.5791793,13.5445253],[100.5786911,13.54367],[100.5781815,13.5429503],[100.5777872,13.5426048],[100.5772856,13.5423036],[100.57665,13.5421927],[100.5761484,13.5421888],[100.5754835,13.5423662]]]}},{"type":"Feature","id":1016877512,"properties":{"building":"yes","landuse":"military","military":"barracks","@type":"way","@id":1016877512,"branch":"army"},"geometry":{"type":"Polygon","coordinates":[[[98.6819328,19.7374664],[98.6822238,19.7376533],[98.682479,19.7375764],[98.6826282,19.7372871],[98.6824678,19.7370637],[98.6819915,19.7372058],[98.6819328,19.7374664]]]}},{"type":"Feature","id":1018440012,"properties":{"landuse":"military","@type":"way","@id":1018440012,"branch":"other"},"geometry":{"type":"Polygon","coordinates":[[[97.8841743,19.4985639],[97.8844248,19.4984493],[97.8847417,19.4984389],[97.8849296,19.4985709],[97.884948,19.4987758],[97.8848412,19.4989077],[97.8846127,19.4990606],[97.8845612,19.499262],[97.8844433,19.4994183],[97.8842738,19.4993801],[97.8842075,19.4992307],[97.884178,19.4990085],[97.8841006,19.4989008],[97.8841006,19.4986507],[97.8841743,19.4985639]]]}},{"type":"Feature","id":1018440013,"properties":{"landuse":"military","@type":"way","@id":1018440013,"branch":"other"},"geometry":{"type":"Polygon","coordinates":[[[97.8874755,19.4989737],[97.8872802,19.4987862],[97.8872139,19.4985917],[97.887295,19.4983659],[97.8874055,19.4981645],[97.8875676,19.498161],[97.8877076,19.4983138],[97.8878292,19.49855],[97.887796,19.4987966],[97.8875529,19.4989876],[97.8874755,19.4989737]]]}},{"type":"Feature","id":1018456786,"properties":{"landuse":"military","@type":"way","@id":1018456786,"branch":"other"},"geometry":{"type":"Polygon","coordinates":[[[97.8390587,19.1988327],[97.838972,19.1987548],[97.8389266,19.1985988],[97.8388399,19.1985072],[97.8387512,19.1983552],[97.8387223,19.1979926],[97.8389411,19.1978893],[97.8393786,19.1979322],[97.8396676,19.1979731],[97.8397151,19.1980823],[97.8397336,19.1982538],[97.839649,19.1986125],[97.8395747,19.1988035],[97.8393951,19.1988951],[97.8391805,19.1988756],[97.8390587,19.1988327]]]}},{"type":"Feature","id":1018456794,"properties":{"landuse":"military","@type":"way","@id":1018456794,"branch":"other"},"geometry":{"type":"Polygon","coordinates":[[[97.7538543,18.7785686],[97.7538076,18.7783463],[97.7537312,18.7779095],[97.7537875,18.7777889],[97.753868,18.7777673],[97.7539444,18.7777749],[97.7540168,18.7777939],[97.7541228,18.7779336],[97.7541938,18.7785037],[97.754159,18.7785812],[97.7541241,18.7786002],[97.7540597,18.7786167],[97.7539351,18.7786017],[97.7538543,18.7785686]]]}},{"type":"Feature","id":1018456796,"properties":{"landuse":"military","@type":"way","@id":1018456796,"branch":"other"},"geometry":{"type":"Polygon","coordinates":[[[97.6663711,18.5761212],[97.6663232,18.5759807],[97.6661978,18.5758553],[97.6661088,18.5758575],[97.665899,18.5759353],[97.6657166,18.5758121],[97.6656938,18.5755743],[97.6653973,18.5756673],[97.6651989,18.5755657],[97.6650027,18.5753344],[97.6649366,18.5751657],[97.6650415,18.5751333],[97.6652719,18.5752911],[97.6654452,18.575436],[97.6657097,18.5754727],[97.6657896,18.5753192],[97.6660131,18.5750382],[97.6661909,18.5749539],[97.6663232,18.5750339],[97.6664373,18.5753322],[97.6667155,18.5754403],[97.6670644,18.5754511],[97.6673951,18.5755008],[97.6674134,18.5755527],[97.6672377,18.5758402],[97.6671328,18.5760867],[97.6668979,18.576238],[97.6666106,18.5762056],[97.6664715,18.5762012],[97.6663711,18.5761212]]]}},{"type":"Feature","id":1018456797,"properties":{"landuse":"military","@type":"way","@id":1018456797,"branch":"other"},"geometry":{"type":"Polygon","coordinates":[[[97.3610933,18.5687824],[97.3609728,18.5685799],[97.3610193,18.5681152],[97.3611234,18.5679517],[97.3615753,18.5678323],[97.3617232,18.5680633],[97.3616821,18.5685423],[97.3614671,18.5687792],[97.3610933,18.5687824]]]}},{"type":"Feature","id":1018456798,"properties":{"landuse":"military","@type":"way","@id":1018456798,"branch":"other"},"geometry":{"type":"Polygon","coordinates":[[[97.3624456,18.5582561],[97.3623859,18.5581787],[97.3624016,18.5580566],[97.3623262,18.5579672],[97.362298,18.5577052],[97.3623294,18.5573061],[97.3623608,18.5571989],[97.3627692,18.557184],[97.3629608,18.5573925],[97.3631022,18.5575086],[97.3630959,18.5576843],[97.3629985,18.5577885],[97.3628352,18.5580238],[97.3627189,18.5582382],[97.3625995,18.5582918],[97.3624456,18.5582561]]]}},{"type":"Feature","id":1018765070,"properties":{"landuse":"military","@type":"way","@id":1018765070,"branch":"other"},"geometry":{"type":"Polygon","coordinates":[[[98.132789,19.7874127],[98.1327328,19.7872203],[98.1328248,19.7869364],[98.1329731,19.7867536],[98.1332134,19.7866429],[98.1333208,19.786768],[98.1334946,19.7870278],[98.1336992,19.7872299],[98.1337302,19.787281],[98.1338599,19.7873846],[98.1342131,19.7874289],[98.1342277,19.7875646],[98.1339538,19.7876149],[98.1332166,19.7875188],[98.1329882,19.7874975],[98.132789,19.7874127]]]}},{"type":"Feature","id":1018765071,"properties":{"landuse":"military","@type":"way","@id":1018765071,"branch":"other"},"geometry":{"type":"Polygon","coordinates":[[[98.1380918,19.7873259],[98.1377784,19.787371],[98.1376521,19.7873607],[98.1375825,19.787287],[98.1375977,19.7872174],[98.137811,19.787031],[98.1379525,19.7867934],[98.1381071,19.786652],[98.1381941,19.7865537],[98.1382682,19.7865865],[98.1383988,19.7866213],[98.1384662,19.7866029],[98.1384815,19.7866397],[98.1384924,19.7867278],[98.1384184,19.7867852],[98.1383204,19.786904],[98.1382529,19.7870494],[98.1382246,19.7872215],[98.1382181,19.7873013],[98.1380918,19.7873259]]]}},{"type":"Feature","id":1018765072,"properties":{"landuse":"military","@type":"way","@id":1018765072,"branch":"other"},"geometry":{"type":"Polygon","coordinates":[[[98.1389152,19.785378],[98.1388353,19.785321],[98.1387774,19.7852017],[98.1389179,19.7849658],[98.1390061,19.7848361],[98.1390557,19.784595],[98.1391108,19.7845017],[98.139221,19.7844887],[98.1392376,19.7845639],[98.1391935,19.7847635],[98.139199,19.7849139],[98.1391273,19.7850332],[98.1390777,19.7851809],[98.1390474,19.7852872],[98.1390033,19.785365],[98.1389152,19.785378]]]}},{"type":"Feature","id":1018765073,"properties":{"landuse":"military","@type":"way","@id":1018765073,"branch":"other"},"geometry":{"type":"Polygon","coordinates":[[[98.1395953,19.7825657],[98.1394105,19.7825317],[98.1393001,19.782449],[98.1394601,19.7820843],[98.1395953,19.7817959],[98.1398477,19.7819422],[98.1399446,19.7820822],[98.1399694,19.7821076],[98.1398522,19.782203],[98.1397486,19.782326],[98.1396697,19.7824893],[98.1395953,19.7825657]]]}},{"type":"Feature","id":1018765074,"properties":{"landuse":"military","@type":"way","@id":1018765074,"branch":"other"},"geometry":{"type":"Polygon","coordinates":[[[98.1450976,19.7811722],[98.1450855,19.7809905],[98.1450269,19.7808915],[98.1447561,19.7809093],[98.1444457,19.7809304],[98.1444319,19.7810456],[98.1446802,19.7811203],[98.1450131,19.7812355],[98.1450976,19.7812566],[98.1450976,19.7811722]]]}},{"type":"Feature","id":1018765075,"properties":{"landuse":"military","@type":"way","@id":1018765075,"branch":"other"},"geometry":{"type":"Polygon","coordinates":[[[98.0959564,19.7801345],[98.0959309,19.779981],[98.0959513,19.7797123],[98.0960022,19.7795203],[98.0959615,19.7793908],[98.0958289,19.779266],[98.0957116,19.7790549],[98.095579,19.7788822],[98.0953904,19.7788678],[98.095217,19.7789397],[98.095115,19.7790405],[98.0951201,19.7791701],[98.0953649,19.77941],[98.0954719,19.7797554],[98.0955076,19.7800049],[98.0954159,19.7802353],[98.0954057,19.7805327],[98.0954363,19.7807343],[98.0955739,19.7808542],[98.0957983,19.7808446],[98.0959513,19.7807439],[98.0960328,19.780456],[98.0959564,19.7801345]]]}},{"type":"Feature","id":1018765076,"properties":{"landuse":"military","@type":"way","@id":1018765076,"branch":"other"},"geometry":{"type":"Polygon","coordinates":[[[98.0948299,19.78284],[98.094798,19.7826971],[98.0948372,19.7825496],[98.0949425,19.7825151],[98.0950772,19.7825473],[98.095234,19.7826764],[98.095256,19.7827709],[98.0952021,19.7828976],[98.0951091,19.7829644],[98.0949474,19.7829253],[98.0948299,19.78284]]]}},{"type":"Feature","id":1018765081,"properties":{"landuse":"military","@type":"way","@id":1018765081,"branch":"other"},"geometry":{"type":"Polygon","coordinates":[[[98.2225081,19.7253043],[98.2224145,19.725225],[98.2223724,19.7251149],[98.2223677,19.7249035],[98.2223818,19.7246833],[98.222363,19.724582],[98.2221244,19.7245732],[98.2221197,19.7244234],[98.2221618,19.7242032],[98.2223443,19.723842],[98.2224332,19.7237055],[98.222714,19.7235821],[98.2230088,19.7236658],[98.2231866,19.7240314],[98.223224,19.7242428],[98.2230649,19.7243045],[98.2230088,19.7243838],[98.2230134,19.7244674],[98.2229713,19.7247229],[98.2230088,19.7248903],[98.2230602,19.7250048],[98.2230228,19.725159],[98.2229713,19.7252735],[98.2228169,19.7253087],[98.2226719,19.7253395],[98.2225081,19.7253043]]]}},{"type":"Feature","id":1018765082,"properties":{"landuse":"military","@type":"way","@id":1018765082,"branch":"other"},"geometry":{"type":"Polygon","coordinates":[[[98.227436,19.7286854],[98.2267423,19.7283396],[98.226533,19.7282447],[98.2261545,19.7282218],[98.2254001,19.728158],[98.2245717,19.7274384],[98.2247941,19.7271793],[98.224731,19.7270045],[98.2248218,19.7268994],[98.224972,19.7269149],[98.2255855,19.7271407],[98.2259638,19.7272192],[98.2262462,19.7271918],[98.2263974,19.7272074],[98.2265659,19.7273636],[98.2266533,19.7273755],[98.2269821,19.7275125],[98.2271607,19.7275487],[98.2273865,19.7274184],[98.2276462,19.7273162],[98.2284361,19.7272013],[98.2288107,19.7270976],[98.2289059,19.7270599],[98.2290105,19.7271732],[98.228994,19.7272718],[98.2288665,19.7277634],[98.2287413,19.7280434],[98.2286351,19.7283183],[98.228613,19.7284567],[98.2286195,19.7286123],[98.228647,19.7288071],[98.2287658,19.7291217],[98.2289691,19.7293992],[98.2292492,19.729462],[98.2294516,19.7295812],[98.229543,19.7298545],[98.2298345,19.7306339],[98.2296656,19.730664],[98.2291065,19.7306278],[98.2288581,19.7303686],[98.2287805,19.7299314],[98.2285808,19.7296646],[98.2283908,19.7295859],[98.2281661,19.7294817],[98.2278484,19.7291447],[98.227436,19.7286854]]]}},{"type":"Feature","id":1018765086,"properties":{"landuse":"military","@type":"way","@id":1018765086,"branch":"other"},"geometry":{"type":"Polygon","coordinates":[[[98.2303991,19.7184338],[98.2303417,19.718348],[98.2302882,19.7182435],[98.2302446,19.7181261],[98.2302189,19.7180011],[98.2302664,19.7178277],[98.2303318,19.7177494],[98.2304625,19.7177606],[98.2306428,19.7178016],[98.2307557,19.7178016],[98.2308865,19.7178519],[98.2309499,19.7179172],[98.2309479,19.7179825],[98.2308468,19.7180496],[98.2307379,19.7181596],[98.2306349,19.7182995],[98.2305576,19.7183927],[98.2304942,19.7184505],[98.2303991,19.7184338]]]}},{"type":"Feature","id":1018765088,"properties":{"landuse":"military","@type":"way","@id":1018765088,"branch":"other"},"geometry":{"type":"Polygon","coordinates":[[[98.2379517,19.7080953],[98.2381552,19.7079417],[98.2383425,19.7077843],[98.238419,19.7076478],[98.2384029,19.7075435],[98.2382942,19.7075094],[98.2380363,19.7075227],[98.2378389,19.7076763],[98.2378107,19.7079228],[98.2378893,19.7080574],[98.2379517,19.7080953]]]}},{"type":"Feature","id":1018765089,"properties":{"landuse":"military","@type":"way","@id":1018765089,"branch":"other"},"geometry":{"type":"Polygon","coordinates":[[[98.2311588,19.7011938],[98.2307995,19.7009997],[98.2306581,19.7006892],[98.230882,19.7002178],[98.2316771,19.6995136],[98.2315828,19.6988149],[98.2317949,19.6986264],[98.2320717,19.6986264],[98.2319421,19.6998519],[98.2318891,19.7006115],[98.2319834,19.7010718],[98.2311588,19.7011938]]]}},{"type":"Feature","id":1018765090,"properties":{"landuse":"military","@type":"way","@id":1018765090,"branch":"other"},"geometry":{"type":"Polygon","coordinates":[[[98.3062314,19.6875252],[98.3060586,19.6873182],[98.3062209,19.6871161],[98.3064303,19.6870915],[98.3065298,19.6869337],[98.3068072,19.686983],[98.3070166,19.6871753],[98.3070166,19.6872738],[98.3067654,19.6874316],[98.3064984,19.6875647],[98.3062314,19.6875252]]]}},{"type":"Feature","id":1027599694,"properties":{"landuse":"military","name":"ค่ายพระยาพิชัยดาบหัก กรมทหารม้าที่ 2","@type":"way","@id":1027599694,"branch":"army"},"geometry":{"type":"Polygon","coordinates":[[[100.129206,17.6548452],[100.1292799,17.6544782],[100.1297235,17.6546103],[100.1300793,17.6547733],[100.1304507,17.654948],[100.1306825,17.6541794],[100.1311454,17.6530829],[100.1311904,17.6507437],[100.1341165,17.6517336],[100.1350659,17.6529803],[100.1347826,17.6549968],[100.134798,17.6561646],[100.134766,17.6566287],[100.1350308,17.6568228],[100.1350229,17.6570718],[100.1350432,17.6573418],[100.1354639,17.6578192],[100.1360449,17.658791],[100.1360886,17.6601646],[100.1361316,17.6601413],[100.1363386,17.66059],[100.1364789,17.6611755],[100.1367369,17.6622678],[100.1368201,17.6624028],[100.1369064,17.6627698],[100.1370173,17.6630223],[100.1372853,17.6633217],[100.1376027,17.6635889],[100.1381634,17.6639089],[100.1420259,17.6655493],[100.1423755,17.6658049],[100.1427007,17.666111],[100.1430626,17.6666262],[100.1432821,17.6668973],[100.1427455,17.6672886],[100.142469,17.6676721],[100.1422495,17.6681757],[100.1421234,17.6683151],[100.1418998,17.6684236],[100.1415217,17.6684391],[100.1413144,17.6682802],[100.1410258,17.6677379],[100.1410014,17.6673428],[100.141042,17.6670445],[100.1410908,17.6667424],[100.140542,17.6662427],[100.1396218,17.6658078],[100.1391643,17.6661559],[100.1387333,17.667156],[100.1387506,17.6679192],[100.1383097,17.6685683],[100.1382079,17.6691908],[100.1374733,17.6695605],[100.1373017,17.6691925],[100.1376876,17.6685059],[100.1376179,17.6679897],[100.1366845,17.6674581],[100.1365664,17.6667936],[100.1366737,17.6661853],[100.1363358,17.666124],[100.135692,17.6668038],[100.1354457,17.6668067],[100.1348445,17.666354],[100.1345226,17.6663489],[100.1345011,17.6666863],[100.1345333,17.6672536],[100.1345011,17.6675603],[100.13419,17.6678568],[100.1336857,17.6680101],[100.1331493,17.6679948],[100.1329347,17.6677954],[100.1330688,17.6674325],[100.13338,17.6668345],[100.1327631,17.6667527],[100.1322159,17.6667374],[100.1313844,17.6671821],[100.1309928,17.6675961],[100.1308051,17.6680868],[100.1305207,17.6686133],[100.1301023,17.6687359],[100.1296463,17.6683219],[100.1291099,17.6680612],[100.1288739,17.6684804],[100.1289382,17.6690222],[100.1286807,17.6692062],[100.1280209,17.6690324],[100.1275059,17.6691397],[100.1269856,17.6700853],[100.1264062,17.6700342],[100.1259932,17.6697531],[100.1258912,17.6688688],[100.1254835,17.6688228],[100.1250812,17.6689404],[100.1251241,17.6694924],[100.1250759,17.6699013],[100.1246413,17.6701467],[100.1240405,17.670208],[100.1236275,17.670208],[100.1229784,17.6705556],[100.1224419,17.6709185],[100.1221469,17.6709645],[100.1216319,17.6693391],[100.1219269,17.6691448],[100.1217445,17.6673865],[100.121943,17.6662825],[100.121943,17.6656333],[100.1222488,17.6624131],[100.1223829,17.6612374],[100.1225492,17.6597039],[100.1226136,17.6593052],[100.1234987,17.6590701],[100.1244804,17.6585742],[100.1254353,17.6579864],[100.1265296,17.6570459],[100.1280746,17.6559877],[100.1289543,17.6553181],[100.129206,17.6548452]]]}},{"type":"Feature","id":1027600623,"properties":{"landuse":"military","@type":"way","@id":1027600623,"branch":"other"},"geometry":{"type":"Polygon","coordinates":[[[100.1425978,17.6656501],[100.1427083,17.6652846],[100.1425782,17.6650018],[100.1425823,17.6647539],[100.1431637,17.6646725],[100.1435865,17.6645834],[100.1442654,17.6646221],[100.1445215,17.6650366],[100.1447411,17.6658424],[100.144798,17.6662181],[100.1446516,17.666683],[100.1442654,17.6667798],[100.1437694,17.6667721],[100.1435092,17.6668147],[100.1427693,17.6658501],[100.1425978,17.6656501]]]}},{"type":"Feature","id":1029287922,"properties":{"landuse":"military","name":"Phra Mongkut Klao Military Base","@type":"way","@id":1029287922,"branch":"other"},"geometry":{"type":"Polygon","coordinates":[[[99.6981702,11.6850814],[99.6967083,11.6830664],[99.6976838,11.6824038],[99.6985335,11.6829816],[99.6990685,11.6827505],[99.699218,11.6829277],[99.6996953,11.6826892],[99.6989105,11.6818005],[99.6998631,11.6811326],[99.7015309,11.6798922],[99.7030789,11.6819355],[99.7020996,11.6830736],[99.7029078,11.6842191],[99.7042432,11.6833515],[99.7056613,11.6848152],[99.7042058,11.6848383],[99.7036269,11.6853593],[99.7050115,11.6875437],[99.7043261,11.6880113],[99.7047342,11.6886674],[99.703721,11.6893804],[99.7034348,11.6890043],[99.7018384,11.6900714],[99.6981702,11.6850814]]]}},{"type":"Feature","id":1060083227,"properties":{"landuse":"military","name":"ค่ายมหาเจษฎาเจ้า กองพลนาวิกโยธิน","@type":"way","@id":1060083227,"branch":"navy"},"geometry":{"type":"Polygon","coordinates":[[[100.9739431,12.6678398],[100.9752949,12.6666884],[100.9734495,12.6654741],[100.9726127,12.6646786],[100.9731491,12.6633387],[100.974222,12.660952],[100.9735997,12.658649],[100.9745224,12.6568066],[100.9771188,12.6555505],[100.978096,12.6511915],[100.9732135,12.6491229],[100.9695228,12.6462127],[100.9677353,12.6431474],[100.9681295,12.6415968],[100.9686873,12.6412842],[100.9697588,12.6406852],[100.9705313,12.6398058],[100.9697159,12.6389265],[100.9664758,12.6360789],[100.9658321,12.6354717],[100.9641155,12.6331895],[100.9631928,12.6295462],[100.9532811,12.6447579],[100.9739431,12.6678398]]]}},{"type":"Feature","id":1060083228,"properties":{"landuse":"military","name":"กองเรือยุทธการและท่าเรือจุกเสม็ด","@type":"way","@id":1060083228,"branch":"navy"},"geometry":{"type":"Polygon","coordinates":[[[100.9517718,12.6670981],[100.9509564,12.6668678],[100.9284902,12.6650464],[100.9271384,12.6649836],[100.9229971,12.6659885],[100.911208,12.6693619],[100.9089583,12.6700217],[100.9036934,12.671313],[100.9034241,12.6711097],[100.9034479,12.6708086],[100.9036698,12.6708099],[100.9036889,12.670293],[100.9034573,12.6702858],[100.9034504,12.6693239],[100.9034807,12.6687358],[100.9064444,12.6683465],[100.9070559,12.6682104],[100.9090108,12.6665822],[100.9094721,12.6663363],[100.9093326,12.6660746],[100.9101158,12.6656454],[100.9093948,12.6645049],[100.9103818,12.6640443],[100.9103282,12.6637721],[100.9136112,12.6628405],[100.914255,12.6626939],[100.9142442,12.6624322],[100.9165862,12.6614887],[100.917266,12.6629546],[100.9184041,12.6622809],[100.9199198,12.6617518],[100.9227247,12.6607891],[100.9219757,12.6591926],[100.9217429,12.6592878],[100.9208331,12.6596009],[100.9204894,12.6598577],[100.9200981,12.6601191],[100.91964,12.6603358],[100.9191164,12.6600039],[100.9186605,12.660318],[100.91737,12.6608796],[100.9172764,12.6609356],[100.9169578,12.6612214],[100.9166695,12.6612994],[100.9157764,12.659207],[100.9163478,12.658843],[100.9165617,12.6590197],[100.9197052,12.6573657],[100.9210892,12.6562352],[100.9230204,12.6546335],[100.924265,12.6534611],[100.9256275,12.6517548],[100.9271296,12.6499647],[100.9290286,12.647871],[100.9300478,12.6466776],[100.9305305,12.6461438],[100.9306272,12.6452538],[100.9302624,12.6444896],[100.9293453,12.6439778],[100.928653,12.6436626],[100.9286745,12.6424378],[100.9288676,12.6410978],[100.9285458,12.640679],[100.9274085,12.6396217],[100.9266146,12.6385434],[100.9262391,12.6374546],[100.9258636,12.6372452],[100.9267433,12.6357586],[100.9274621,12.6339998],[100.927784,12.6326179],[100.9276767,12.6319584],[100.9271725,12.631414],[100.926486,12.6317436],[100.9250712,12.6321009],[100.9218173,12.6323623],[100.9215418,12.6294998],[100.9217386,12.6294889],[100.9217275,12.6291235],[100.9184935,12.6278426],[100.9140721,12.6282149],[100.9135518,12.6233883],[100.9157023,12.6231953],[100.9159287,12.6234363],[100.9174414,12.6216461],[100.9176989,12.6214681],[100.9183426,12.6216251],[100.9193998,12.6203766],[100.9200352,12.6194895],[100.9204418,12.618585],[100.9210095,12.6175522],[100.9211248,12.6168711],[100.9243634,12.6133503],[100.9253854,12.6118247],[100.9247028,12.6092413],[100.9249626,12.6069368],[100.9258029,12.6056524],[100.9268827,12.6064891],[100.9274506,12.6080477],[100.9283125,12.6084762],[100.9293492,12.6074437],[100.9300037,12.6091269],[100.9321341,12.6100632],[100.9343457,12.6097299],[100.9360206,12.6093332],[100.9399235,12.607159],[100.942688,12.6053181],[100.9452203,12.6027031],[100.9455826,12.6014776],[100.9450118,12.6001084],[100.94542,12.5993509],[100.9467047,12.5997318],[100.9477942,12.6002873],[100.9488067,12.5999308],[100.9498901,12.6005299],[100.9496895,12.6021082],[100.9498432,12.6029059],[100.9507051,12.6031439],[100.9518782,12.6043139],[100.9540876,12.6067781],[100.9556812,12.6088729],[100.9563155,12.6090158],[100.9575514,12.6063496],[100.9576652,12.6054292],[100.9587127,12.6077031],[100.9599641,12.608979],[100.9605882,12.6100308],[100.9594586,12.6119104],[100.9580392,12.6127134],[100.9557626,12.6149827],[100.953616,12.6165855],[100.9486511,12.6254162],[100.9480503,12.6277404],[100.9477499,12.6315931],[100.9458187,12.6355295],[100.9463122,12.6369533],[100.9444883,12.6369951],[100.9420207,12.6337288],[100.9412912,12.6312581],[100.939596,12.6285989],[100.9386304,12.6261072],[100.9364199,12.6248919],[100.9339998,12.6235248],[100.9327939,12.6229245],[100.930734,12.6229036],[100.9292534,12.6231339],[100.9287813,12.6232176],[100.9207132,12.6239086],[100.9193404,12.6241054],[100.9192699,12.6245488],[100.9193295,12.6251761],[100.9206886,12.6250952],[100.9208365,12.6265744],[100.9246843,12.6262195],[100.9268844,12.6259193],[100.9293196,12.625698],[100.9311933,12.6257446],[100.9317805,12.6257757],[100.9328193,12.6262291],[100.933106,12.626466],[100.9369996,12.6287664],[100.9395903,12.6304516],[100.9421709,12.6364508],[100.9441236,12.6388586],[100.9469774,12.6411617],[100.9514456,12.6436204],[100.9544662,12.6471498],[100.9517625,12.6665368],[100.9517718,12.6670981]]]}},{"type":"Feature","id":1076370227,"properties":{"area":"yes","landuse":"military","military":"office","name":"กองบัญชาการกองทัพไทย","name:en":"Royal Thai Armed Forces Headquarters","name:th":"กองบัญชาการกองทัพไทย","wikidata":"Q6479158","wikipedia":"th:กองบัญชาการกองทัพไทย","@type":"way","@id":1076370227,"branch":"other"},"geometry":{"type":"Polygon","coordinates":[[[100.5672012,13.8839632],[100.5675836,13.8852367],[100.5675953,13.8852733],[100.5676306,13.8853837],[100.5677308,13.8856969],[100.5677629,13.8857973],[100.5678595,13.8860991],[100.568155,13.887023],[100.5681605,13.8870401],[100.5682847,13.8874282],[100.5682947,13.8874596],[100.5676879,13.8876285],[100.5676689,13.8876309],[100.5676168,13.8876374],[100.5675144,13.8876409],[100.5674583,13.8876381],[100.5673674,13.8876304],[100.5672766,13.8876098],[100.5671959,13.8876027],[100.5671412,13.8876006],[100.5657424,13.8879805],[100.5631191,13.8881917],[100.5629901,13.8859136],[100.5629496,13.8851984],[100.5630577,13.8851685],[100.5637545,13.8849757],[100.5672012,13.8839632]]]}},{"type":"Feature","id":1080163970,"properties":{"landuse":"military","name":"กองสรรพาวุธเบาที่ 1","name:th":"กองสรรพาวุธเบาที่ 1","@type":"way","@id":1080163970,"branch":"other"},"geometry":{"type":"Polygon","coordinates":[[[100.5712663,13.8908402],[100.5718867,13.8908394],[100.5735542,13.8908788],[100.5743237,13.8908523],[100.5746615,13.8908418],[100.5744953,13.8900252],[100.5767658,13.8899659],[100.5770374,13.8918437],[100.5776561,13.8918894],[100.5780813,13.8921406],[100.5780905,13.8928076],[100.5779371,13.8928139],[100.5766779,13.8928658],[100.5765555,13.8928862],[100.5745281,13.8932238],[100.5745412,13.8950421],[100.5725932,13.8945989],[100.5716517,13.8945299],[100.5716351,13.8941893],[100.57139,13.8941799],[100.5713438,13.8928001],[100.5712906,13.89121],[100.5712663,13.8908402]]]}},{"type":"Feature","id":1101356169,"properties":{"landuse":"military","@type":"way","@id":1101356169,"branch":"other"},"geometry":{"type":"Polygon","coordinates":[[[98.9781595,18.8181943],[98.9784332,18.8194483],[98.9791136,18.8195124],[98.9794198,18.8194928],[98.9795945,18.8194405],[98.9791895,18.8179658],[98.9781595,18.8181943]]]}},{"type":"Feature","id":1115485097,"properties":{"landuse":"military","name":"หน่วยบัญชาการรักษาดินแดน","name:en":"Territorial Defence Department","@type":"way","@id":1115485097,"branch":"other"},"geometry":{"type":"Polygon","coordinates":[[[99.3837386,14.1366129],[99.3841892,14.1376557],[99.3841892,14.1384856],[99.3843609,14.1389018],[99.3848544,14.1389226],[99.3881804,14.1388602],[99.3890172,14.138985],[99.389897,14.1396925],[99.390412,14.1402543],[99.390648,14.1408993],[99.3917238,14.1415205],[99.3929225,14.141794],[99.3930727,14.1414195],[99.3934804,14.1408785],[99.3945533,14.1410242],[99.392998,14.1401646],[99.3919895,14.1391658],[99.3925605,14.1370054],[99.392553,14.1360118],[99.391732,14.1360654],[99.3910282,14.1352503],[99.3920321,14.1330462],[99.3916518,14.1311635],[99.3837386,14.1366129]]]}},{"type":"Feature","id":1119105466,"properties":{"landuse":"military","@type":"way","@id":1119105466,"branch":"other"},"geometry":{"type":"Polygon","coordinates":[[[99.8648696,20.4330897],[99.8649636,20.4329522],[99.8647866,20.4327235],[99.8647839,20.4325325],[99.8647195,20.4324696],[99.8645774,20.4324797],[99.8643681,20.4323992],[99.8642555,20.4324269],[99.8642421,20.4325299],[99.8640275,20.4326405],[99.8637888,20.4326456],[99.8637754,20.4327612],[99.86387,20.432874],[99.8645136,20.4329503],[99.8646046,20.4330806],[99.8648696,20.4330897]]]}},{"type":"Feature","id":1121702074,"properties":{"landuse":"military","name":"หน่วยป้องกันรักษาป่าไม้ ศก.9 (โนนลาน)","@type":"way","@id":1121702074,"branch":"other"},"geometry":{"type":"Polygon","coordinates":[[[104.1567475,15.1849035],[104.1561118,15.1862729],[104.1565812,15.1864346],[104.1566482,15.186304],[104.1574797,15.1864282],[104.1574958,15.1862522],[104.1574636,15.1861305],[104.1576165,15.1858121],[104.1574582,15.185442],[104.1572866,15.1852168],[104.1571552,15.1851236],[104.1567475,15.1849035]]]}},{"type":"Feature","id":1121702114,"properties":{"landuse":"military","name":"หน่วยพัฒนาการเคลื่อนที่ 53","name:en":"Mobile Development Unit 53","name:th":"หน่วยพัฒนาการเคลื่อนที่ 53","official_name":"หน่วยพัฒนาการเคลื่อนที่ 53 สำนักงานพัฒนาภาค 5 หน่วยบัญชาการทหารพัฒนา","website":"https://afdc-mdu53.rtarf.mi.th/","@type":"way","@id":1121702114,"branch":"other"},"geometry":{"type":"Polygon","coordinates":[[[104.156101,15.175191],[104.1558784,15.1764051],[104.1555834,15.1772128],[104.1544944,15.1797587],[104.1537648,15.1819888],[104.1536576,15.1823745],[104.1539365,15.1825246],[104.1543764,15.18268],[104.1549504,15.1827369],[104.15546,15.1826334],[104.1559482,15.1825764],[104.156034,15.1819241],[104.1562405,15.1818335],[104.1563505,15.1807722],[104.1563585,15.1792035],[104.1564658,15.1783389],[104.1570988,15.1779247],[104.1575038,15.1780153],[104.1576165,15.177803],[104.158271,15.1780412],[104.1592687,15.1787297],[104.1596496,15.1778418],[104.159891,15.1772879],[104.1599983,15.176928],[104.160127,15.1762317],[104.1600546,15.1755897],[104.1596496,15.1755716],[104.1590193,15.1753101],[104.1581449,15.1753593],[104.15811,15.1750979],[104.1575897,15.1750538],[104.1573054,15.1750513],[104.156101,15.175191]]]}},{"type":"Feature","id":1127984681,"properties":{"landuse":"military","name":"หน่วยป้องกันรักษาป่าที่ ศก.6 (เขาพระวิหาร)","@type":"way","@id":1127984681,"branch":"other"},"geometry":{"type":"Polygon","coordinates":[[[104.625401,14.6560933],[104.6243135,14.654576],[104.6262526,14.6532752],[104.6273401,14.6547925],[104.625401,14.6560933]]]}},{"type":"Feature","id":1128334432,"properties":{"landuse":"military","name":"กองพันทหารราบที่ 3 กรมทหารราบที่ 23","name:en":"3rd Infantry Battalion 23rd Infantry Regiment","@type":"way","@id":1128334432,"branch":"army"},"geometry":{"type":"Polygon","coordinates":[[[103.469631,14.8689418],[103.4713596,14.868433],[103.4716767,14.8683033],[103.4773507,14.864566],[103.4779823,14.8641499],[103.4801736,14.8632815],[103.4819014,14.8675214],[103.4820518,14.8677886],[103.4868701,14.8747892],[103.4803735,14.8782427],[103.4798269,14.8775282],[103.4793146,14.8777355],[103.4763712,14.8736982],[103.4661492,14.8745401],[103.4641886,14.8716575],[103.4634755,14.8705698],[103.469631,14.8689418]]]}},{"type":"Feature","id":1135896679,"properties":{"landuse":"military","name":"ค่ายสมเด็จพระเอกาทศรถ","name:en":"Camp of King Ekathotsarot","@type":"way","@id":1135896679,"branch":"other"},"geometry":{"type":"Polygon","coordinates":[[[100.304309,16.7927457],[100.3043624,16.7915629],[100.3051779,16.791169],[100.3051408,16.7908826],[100.3042024,16.7907734],[100.303232,16.7900872],[100.3015451,16.7881312],[100.2998933,16.7843442],[100.2999449,16.7840559],[100.3019478,16.7828225],[100.3011502,16.7816067],[100.3010543,16.7812713],[100.3016441,16.7796545],[100.3014134,16.7786011],[100.3015247,16.7780078],[100.3032986,16.7766904],[100.3028793,16.7748666],[100.302793,16.7740384],[100.3056424,16.7689623],[100.3031925,16.7664521],[100.3033067,16.7652152],[100.3029141,16.7640403],[100.3032069,16.763399],[100.3032108,16.7588157],[100.3020924,16.7581457],[100.2987151,16.7599784],[100.2981803,16.7597498],[100.2971703,16.758888],[100.2940285,16.7571042],[100.2936483,16.7571517],[100.294435,16.7607541],[100.2939822,16.7628711],[100.2931354,16.7641129],[100.2912255,16.7645303],[100.2901908,16.7650828],[100.2888415,16.7665083],[100.2940734,16.7712053],[100.2843736,16.781708],[100.284009,16.7816271],[100.2827083,16.7843004],[100.2777843,16.7923548],[100.2756129,16.7953114],[100.2767807,16.7959385],[100.2764235,16.7966858],[100.2761842,16.7971865],[100.2754892,16.7979535],[100.27487,16.797544],[100.2749148,16.7996898],[100.2749879,16.8025913],[100.2750317,16.8046383],[100.2750478,16.8059349],[100.2750395,16.8077399],[100.2774053,16.8076856],[100.2796495,16.8076585],[100.281261,16.8077383],[100.2842037,16.8078079],[100.2857887,16.8078742],[100.2898235,16.8080004],[100.2924823,16.8080146],[100.2934584,16.8080198],[100.3011637,16.8079694],[100.3037074,16.8079527],[100.3035956,16.804084],[100.3034837,16.8002121],[100.3034664,16.7983314],[100.3039163,16.7962787],[100.3034607,16.7936232],[100.304309,16.7927457]]]}},{"type":"Feature","id":1143877414,"properties":{"landuse":"military","name":"กรมสรรพวุธทหารบก","@type":"way","@id":1143877414,"branch":"army"},"geometry":{"type":"Polygon","coordinates":[[[99.7879298,13.474157],[99.7878784,13.4747182],[99.787814,13.4750521],[99.7876745,13.4754277],[99.7869879,13.4765128],[99.786033,13.478036],[99.7853603,13.4783882],[99.7838615,13.4788701],[99.7770744,13.4795489],[99.7766131,13.478829],[99.7774607,13.4782238],[99.7779435,13.4777961],[99.7792846,13.4775457],[99.7787481,13.4765023],[99.7783619,13.4757198],[99.7771174,13.4752399],[99.7743815,13.4749269],[99.7732456,13.4745604],[99.7731262,13.4732679],[99.7732764,13.4713377],[99.7741991,13.4709308],[99.7750681,13.4726315],[99.7753364,13.4731949],[99.776538,13.4735183],[99.7781507,13.4744128],[99.7783301,13.4741811],[99.7774178,13.4735914],[99.7765702,13.4721411],[99.7771174,13.4708578],[99.7767204,13.4701796],[99.7754222,13.4699605],[99.77546,13.4694461],[99.7770101,13.4687084],[99.7784469,13.4673938],[99.7795122,13.4666842],[99.7794241,13.4663086],[99.7801741,13.4657161],[99.7801429,13.464514],[99.7823208,13.4630324],[99.7846275,13.4622185],[99.7857541,13.4626046],[99.7863656,13.4636271],[99.7876102,13.4641593],[99.7878569,13.4645036],[99.7879964,13.4657765],[99.7894877,13.4653487],[99.7895277,13.4659447],[99.7892946,13.466726],[99.7888547,13.4667886],[99.7887903,13.4672268],[99.7885114,13.4684684],[99.7884093,13.4694554],[99.7884041,13.4703048],[99.7884148,13.4709412],[99.7882646,13.4718281],[99.7881788,13.4722141],[99.7880971,13.4735934],[99.7879477,13.4740044],[99.7879298,13.474157]]]}},{"type":"Feature","id":1143878421,"properties":{"landuse":"military","name":"สนามทำลายวัตถุระเบิด","@type":"way","@id":1143878421,"branch":"other"},"geometry":{"type":"Polygon","coordinates":[[[99.7733025,13.4899431],[99.7735574,13.4884288],[99.7736282,13.4874927],[99.7738405,13.4863364],[99.7752137,13.4862125],[99.7807878,13.4860814],[99.7807016,13.4887586],[99.7754827,13.4899569],[99.7746758,13.490246],[99.7733025,13.4899431]]]}},{"type":"Feature","id":1147829938,"properties":{"amenity":"hospital","healthcare":"hospital","landuse":"military","name":"โรงพยาบาลค่ายสุรสีห์","name:en":"Fort Surasi Hospital","name:th":"โรงพยาบาลค่ายสุรสีห์","source":"GPS;sign","@type":"way","@id":1147829938,"branch":"other"},"geometry":{"type":"Polygon","coordinates":[[[99.4266307,14.1051178],[99.4271405,14.1042947],[99.4272803,14.103136],[99.4261388,14.1022027],[99.4252902,14.1032083],[99.4250922,14.103443],[99.4235199,14.1023229],[99.4227216,14.1033853],[99.4249182,14.1049836],[99.4251034,14.1057327],[99.4259291,14.1057192],[99.4265948,14.1062036],[99.4272267,14.1055392],[99.4266307,14.1051178]]]}},{"type":"Feature","id":1159411452,"properties":{"landuse":"military","military":"base","@type":"way","@id":1159411452,"branch":"other"},"geometry":{"type":"Polygon","coordinates":[[[98.5577634,16.6358566],[98.5577828,16.6361773],[98.5578961,16.6363604],[98.5583155,16.636279],[98.5585491,16.6362705],[98.5586623,16.6362519],[98.5589065,16.6362061],[98.5588085,16.6358707],[98.5587037,16.6358989],[98.5582235,16.6359066],[98.5578561,16.6358783],[98.5577634,16.6358566]]]}},{"type":"Feature","id":1174943954,"properties":{"landuse":"military","military":"base","name":"กองร้อยตำรวจตระเวนชายแดนที่ 334","name:en":"Border Patrol Police Division 334","name:th":"กองร้อยตำรวจตระเวนชายแดนที่ 334","@type":"way","@id":1174943954,"branch":"other"},"geometry":{"type":"Polygon","coordinates":[[[99.2886102,20.0314872],[99.2893738,20.0317123],[99.2888651,20.0337733],[99.2881281,20.0333913],[99.287837,20.0332142],[99.2878065,20.033134],[99.2886102,20.0314872]]]}},{"type":"Feature","id":1186805184,"properties":{"landuse":"military","@type":"way","@id":1186805184,"branch":"other"},"geometry":{"type":"Polygon","coordinates":[[[98.843289,19.0936125],[98.8433964,19.0935952],[98.843362,19.0934257],[98.8432514,19.0934348],[98.843289,19.0936125]]]}},{"type":"Feature","id":1186805185,"properties":{"landuse":"military","@type":"way","@id":1186805185,"branch":"other"},"geometry":{"type":"Polygon","coordinates":[[[98.8433996,19.0937353],[98.8434351,19.0937364],[98.843434,19.0937709],[98.8434652,19.0937658],[98.8434641,19.093781],[98.8434963,19.093782],[98.8434963,19.0937546],[98.843549,19.0937577],[98.84355,19.0937414],[98.8435855,19.0937404],[98.8435823,19.0936379],[98.8433986,19.0936287],[98.8433996,19.0937353]]]}},{"type":"Feature","id":1193595248,"properties":{"landuse":"military","name":"กองพันทหารสื่อสารที่ 1","name:en":"1st Signal Battalion","@type":"way","@id":1193595248,"branch":"other"},"geometry":{"type":"Polygon","coordinates":[[[100.5413148,13.7115949],[100.5404919,13.713145],[100.5404555,13.713211],[100.5404005,13.713314],[100.5402623,13.7135725],[100.5400916,13.7138921],[100.5400782,13.7139171],[100.5398626,13.7143206],[100.5398831,13.7143311],[100.5402918,13.71454],[100.540185,13.7147315],[100.5404042,13.714845],[100.5421045,13.7157259],[100.5426927,13.716046],[100.5445413,13.7169903],[100.5445246,13.716889],[100.5449344,13.7145906],[100.5450384,13.7140071],[100.5413148,13.7115949]]]}},{"type":"Feature","id":1223242441,"properties":{"landuse":"military","@type":"way","@id":1223242441,"branch":"other"},"geometry":{"type":"Polygon","coordinates":[[[99.5104569,20.2871652],[99.5101317,20.2870355],[99.5098932,20.2867864],[99.5097766,20.2864762],[99.5097793,20.286278],[99.5100422,20.2861814],[99.5103864,20.2861814],[99.5108418,20.2867356],[99.5108011,20.2869288],[99.5104569,20.2871652]]]}},{"type":"Feature","id":1225906880,"properties":{"landuse":"military","name":"หน่วยพิทักษ์อุทยาน ฯ ลย.5","@type":"way","@id":1225906880,"branch":"other"},"geometry":{"type":"Polygon","coordinates":[[[101.6914131,16.8452819],[101.6917047,16.8451735],[101.6916056,16.8447792],[101.6915929,16.8446518],[101.6916693,16.8445963],[101.6916734,16.844206],[101.6914044,16.8441935],[101.6914063,16.8445922],[101.6913764,16.8446673],[101.6914305,16.8449051],[101.6913222,16.8449538],[101.6914131,16.8452819]]]}},{"type":"Feature","id":1225906881,"properties":{"landuse":"military","name":"หน่วยพิทักษ์อุทยานฯ ลย.4","@type":"way","@id":1225906881,"branch":"other"},"geometry":{"type":"Polygon","coordinates":[[[101.6938957,16.9425641],[101.6941171,16.9425918],[101.6940657,16.9429676],[101.6945595,16.9430294],[101.6946115,16.942649],[101.6950848,16.9427084],[101.6951311,16.9423702],[101.6939426,16.9422212],[101.6938957,16.9425641]]]}},{"type":"Feature","id":1225906897,"properties":{"landuse":"military","name":"หน่วยพิทักษ์อุทยาน ฯ ลย.3","@type":"way","@id":1225906897,"branch":"other"},"geometry":{"type":"Polygon","coordinates":[[[101.7947444,16.8191295],[101.7948607,16.8183006],[101.7942603,16.8182234],[101.7941749,16.8188311],[101.7944861,16.8188712],[101.794455,16.8190922],[101.7947444,16.8191295]]]}},{"type":"Feature","id":1225906904,"properties":{"landuse":"military","name":"หน่วยพิทักษ์อุทยาน ฯ ลย. 2","@type":"way","@id":1225906904,"branch":"other"},"geometry":{"type":"Polygon","coordinates":[[[101.8157353,16.9443698],[101.8158504,16.9442803],[101.8159804,16.9441891],[101.8160437,16.9441471],[101.8160919,16.944115],[101.8162351,16.9440258],[101.8163394,16.9439567],[101.8158835,16.9433352],[101.8152751,16.9437456],[101.8157353,16.9443698]]]}},{"type":"Feature","id":1225926926,"properties":{"landuse":"military","name":"หน่วยพิทักษ์อุทยาน ฯ ลย. 3","@type":"way","@id":1225926926,"branch":"other"},"geometry":{"type":"Polygon","coordinates":[[[101.8516705,16.872475],[101.8509808,16.8738071],[101.8479222,16.8723228],[101.8478542,16.8724512],[101.8478269,16.8725027],[101.8477901,16.8725721],[101.8476946,16.8725731],[101.8476964,16.8727263],[101.8477796,16.8727654],[101.8477388,16.872845],[101.847642,16.8727996],[101.8474683,16.872839],[101.8473088,16.8727979],[101.847178,16.8727642],[101.8470499,16.8727312],[101.8469801,16.8727928],[101.8458408,16.8722751],[101.8456291,16.8727017],[101.8447883,16.8723197],[101.8449702,16.871953],[101.8442918,16.8716447],[101.8446865,16.8708493],[101.845113,16.8712644],[101.8453101,16.8712974],[101.8455616,16.8709578],[101.8458765,16.8702216],[101.8458692,16.8700156],[101.8458601,16.8697588],[101.8458067,16.8696732],[101.8455594,16.8696563],[101.845571,16.8695013],[101.8455832,16.8693375],[101.8456065,16.8690242],[101.8459114,16.869045],[101.8462287,16.8690666],[101.8465638,16.8690895],[101.8465529,16.8692357],[101.8465364,16.8694582],[101.8465191,16.8696897],[101.8463114,16.8696755],[101.8462866,16.8700084],[101.8462001,16.8701943],[101.8461865,16.8703433],[101.8462329,16.8704293],[101.8463897,16.8703964],[101.8464814,16.8703343],[101.846705,16.8703302],[101.8516705,16.872475]]]}},{"type":"Feature","id":1225939731,"properties":{"landuse":"military","@type":"way","@id":1225939731,"branch":"other"},"geometry":{"type":"Polygon","coordinates":[[[101.7331576,16.8845371],[101.7334687,16.884539],[101.7334759,16.8835008],[101.7344725,16.8829548],[101.7342757,16.8826259],[101.7336793,16.8829526],[101.7335323,16.8827067],[101.7331282,16.8829279],[101.7330104,16.8831158],[101.7323234,16.8827211],[101.7321857,16.8829405],[101.7331647,16.8835028],[101.7331576,16.8845371]]]}},{"type":"Feature","id":1227372340,"properties":{"landuse":"military","name":"ค่ายศรีโสธร","name:en":"Sri Sothon Camp","name:th":"ค่ายศรีโสธร","@type":"way","@id":1227372340,"branch":"other"},"geometry":{"type":"Polygon","coordinates":[[[101.0694805,13.675626],[101.0695737,13.6739857],[101.0700939,13.6739924],[101.0700744,13.6728367],[101.0700731,13.6727522],[101.0706675,13.6726253],[101.0715425,13.672241],[101.0718901,13.6720876],[101.072496,13.6717349],[101.0731167,13.6713518],[101.073868,13.6708615],[101.074749,13.6702287],[101.0751611,13.6700928],[101.0755043,13.6699823],[101.0757188,13.670049],[101.0759205,13.6702012],[101.0761092,13.6705055],[101.0762166,13.6708305],[101.076256,13.6712583],[101.0761773,13.6716862],[101.0756067,13.6728418],[101.0747781,13.6744077],[101.0741775,13.6757123],[101.0729279,13.6757678],[101.0720207,13.6757817],[101.0720161,13.6757143],[101.0700362,13.6756807],[101.0694805,13.675626]]]}},{"type":"Feature","id":1230092986,"properties":{"landuse":"military","@type":"way","@id":1230092986,"branch":"other"},"geometry":{"type":"Polygon","coordinates":[[[98.034744,19.7745553],[98.0348741,19.7748096],[98.0348374,19.7751801],[98.0347406,19.7754816],[98.0346172,19.7757359],[98.0342067,19.7759243],[98.033813,19.7760468],[98.0336328,19.7760248],[98.0335761,19.7759275],[98.0335294,19.7757391],[98.0338897,19.7748818],[98.0340232,19.7746149],[98.0342635,19.7745207],[98.0345504,19.7745019],[98.034744,19.7745553]]]}},{"type":"Feature","id":1230092990,"properties":{"landuse":"military","@type":"way","@id":1230092990,"branch":"other"},"geometry":{"type":"Polygon","coordinates":[[[98.0319913,19.6813229],[98.0318611,19.6813732],[98.0316442,19.6815806],[98.0316376,19.6817377],[98.0316876,19.6817973],[98.0321214,19.6818445],[98.0322081,19.6818193],[98.0322715,19.6817785],[98.0323083,19.6817031],[98.0323083,19.681568],[98.0322849,19.6814297],[98.0321447,19.6813166],[98.0319913,19.6813229]]]}},{"type":"Feature","id":1230092993,"properties":{"landuse":"military","@type":"way","@id":1230092993,"branch":"other"},"geometry":{"type":"Polygon","coordinates":[[[98.0052159,19.6362172],[98.005224,19.6365873],[98.0050072,19.6367201],[98.0046332,19.6367124],[98.0044976,19.6366409],[98.0038553,19.6364827],[98.0035761,19.6364188],[98.0034379,19.6360308],[98.0034867,19.6358215],[98.0041074,19.6361508],[98.0044787,19.6362274],[98.0047362,19.6362376],[98.0052159,19.6362172]]]}},{"type":"Feature","id":1230092994,"properties":{"landuse":"military","@type":"way","@id":1230092994,"branch":"other"},"geometry":{"type":"Polygon","coordinates":[[[98.0033024,19.6366639],[98.0032482,19.6358496],[98.0028254,19.6351859],[98.002118,19.6346396],[98.0017711,19.6353135],[98.0003861,19.6378943],[98.0010583,19.6381904],[98.002183,19.6371617],[98.0024758,19.6372331],[98.0033024,19.6366639]]]}},{"type":"Feature","id":1230092995,"properties":{"landuse":"military","@type":"way","@id":1230092995,"branch":"other"},"geometry":{"type":"Polygon","coordinates":[[[97.9829534,19.6392121],[97.9831917,19.6393011],[97.9834217,19.6395255],[97.9834751,19.6398118],[97.9833806,19.6399937],[97.9831834,19.6400556],[97.982937,19.6400478],[97.9826658,19.6398969],[97.9825261,19.6396919],[97.9824768,19.6395294],[97.982559,19.6393862],[97.9826658,19.6392779],[97.9829534,19.6392121]]]}},{"type":"Feature","id":1230092996,"properties":{"landuse":"military","@type":"way","@id":1230092996,"branch":"other"},"geometry":{"type":"Polygon","coordinates":[[[98.0079235,19.6305559],[98.0081273,19.6308944],[98.0081452,19.6309971],[98.0080844,19.6311167],[98.008054,19.6312514],[98.0079914,19.6314519],[98.0079914,19.631659],[98.0076821,19.6313525],[98.0075211,19.6308439],[98.0074657,19.6306603],[98.0073942,19.6303201],[98.0073048,19.6298215],[98.0072654,19.6295049],[98.0072851,19.6293735],[98.0075694,19.6292641],[98.0077232,19.6294359],[98.0077,19.6296447],[98.0075372,19.629894],[98.0075355,19.6300674],[98.0076088,19.6303874],[98.007759,19.6304582],[98.0078573,19.6304801],[98.0079235,19.6305559]]]}},{"type":"Feature","id":1230092998,"properties":{"landuse":"military","@type":"way","@id":1230092998,"branch":"other"},"geometry":{"type":"Polygon","coordinates":[[[97.9723708,19.6228544],[97.9721737,19.6229627],[97.972034,19.6231136],[97.9720586,19.6233226],[97.9721737,19.6235199],[97.9723832,19.623578],[97.9725598,19.6235857],[97.9727488,19.6234812],[97.9727488,19.6232839],[97.9727241,19.6230672],[97.9726707,19.6229434],[97.9725105,19.6228544],[97.9723708,19.6228544]]]}},{"type":"Feature","id":1230092999,"properties":{"landuse":"military","@type":"way","@id":1230092999,"branch":"other"},"geometry":{"type":"Polygon","coordinates":[[[97.9751862,19.6019714],[97.9750594,19.6018488],[97.974966,19.6017891],[97.9748659,19.6018237],[97.9748559,19.6018708],[97.9749293,19.6020626],[97.9750394,19.6022732],[97.9750294,19.6025561],[97.9748859,19.6028453],[97.974659,19.6030999],[97.9745523,19.6031911],[97.9745256,19.6032759],[97.9745723,19.6033671],[97.9749827,19.6034582],[97.9750961,19.6034237],[97.9751362,19.6033922],[97.9752229,19.6030999],[97.9752797,19.6027604],[97.9753164,19.6025278],[97.975293,19.6022638],[97.975293,19.6021506],[97.9751862,19.6019714]]]}},{"type":"Feature","id":1230093000,"properties":{"landuse":"military","@type":"way","@id":1230093000,"branch":"other"},"geometry":{"type":"Polygon","coordinates":[[[97.9688966,19.5993482],[97.9689556,19.5994526],[97.9688018,19.5998468],[97.9686105,19.600086],[97.9682868,19.6002073],[97.9681384,19.6002073],[97.9679703,19.600145],[97.9678129,19.5999748],[97.9678116,19.599748],[97.9678684,19.5996716],[97.968167,19.5996278],[97.9683691,19.5995874],[97.9684942,19.5995318],[97.9688966,19.5993482]]]}},{"type":"Feature","id":1230093001,"properties":{"landuse":"military","@type":"way","@id":1230093001,"branch":"other"},"geometry":{"type":"Polygon","coordinates":[[[97.9625434,19.5985322],[97.9625801,19.5987208],[97.9625067,19.5989219],[97.96245,19.5989911],[97.9621563,19.5989408],[97.9620429,19.5988937],[97.9618527,19.5988842],[97.9614656,19.5989565],[97.9611953,19.5990603],[97.9609518,19.5991043],[97.9607882,19.599032],[97.9607248,19.5989062],[97.9607349,19.5987773],[97.9607816,19.5986988],[97.9610619,19.5985919],[97.9612621,19.5986013],[97.9616425,19.5985982],[97.9619528,19.5985384],[97.9623866,19.5984787],[97.9625434,19.5985322]]]}},{"type":"Feature","id":1230093002,"properties":{"landuse":"military","@type":"way","@id":1230093002,"branch":"other"},"geometry":{"type":"Polygon","coordinates":[[[97.9605777,19.5931749],[97.9601242,19.5931853],[97.9600625,19.5930608],[97.9600868,19.5926689],[97.9603245,19.5925092],[97.9604918,19.592505],[97.9606437,19.5925942],[97.9607318,19.5928265],[97.9606988,19.5930069],[97.9605777,19.5931749]]]}},{"type":"Feature","id":1230093009,"properties":{"landuse":"military","@type":"way","@id":1230093009,"branch":"other"},"geometry":{"type":"Polygon","coordinates":[[[97.9480945,19.5949425],[97.9481625,19.5952053],[97.9481786,19.5953215],[97.9481178,19.5955018],[97.9480588,19.5955793],[97.9478514,19.5956871],[97.9477333,19.5956989],[97.9476278,19.5956786],[97.9474919,19.5956416],[97.9475009,19.5950267],[97.9475027,19.5948768],[97.9476314,19.5947723],[97.9478424,19.5947993],[97.947989,19.5948465],[97.9480945,19.5949425]]]}},{"type":"Feature","id":1230093016,"properties":{"landuse":"military","@type":"way","@id":1230093016,"branch":"other"},"geometry":{"type":"Polygon","coordinates":[[[97.9573091,19.5939],[97.9568755,19.5938949],[97.9567779,19.593757],[97.956889,19.5935272],[97.9573227,19.5933843],[97.9575747,19.5934864],[97.9575314,19.5937979],[97.9573091,19.5939]]]}},{"type":"Feature","id":1230096994,"properties":{"landuse":"military","@type":"way","@id":1230096994,"branch":"other"},"geometry":{"type":"Polygon","coordinates":[[[98.3585888,19.6935053],[98.3587855,19.6935625],[98.3588141,19.6936501],[98.3588284,19.6937511],[98.3587211,19.6939026],[98.3584315,19.6940777],[98.3581811,19.6940777],[98.3581168,19.6939902],[98.3581275,19.6938218],[98.3582205,19.6937275],[98.3585888,19.6935053]]]}},{"type":"Feature","id":1230101529,"properties":{"landuse":"military","@type":"way","@id":1230101529,"branch":"other"},"geometry":{"type":"Polygon","coordinates":[[[98.6164008,19.7171103],[98.6164991,19.7172382],[98.6165188,19.7174065],[98.6164759,19.7175008],[98.6164079,19.7175833],[98.6163525,19.7175681],[98.6162434,19.7175058],[98.6161254,19.7173005],[98.616095,19.7171591],[98.6161147,19.7170968],[98.6162434,19.7170732],[98.6164008,19.7171103]]]}},{"type":"Feature","id":1230104773,"properties":{"landuse":"military","@type":"way","@id":1230104773,"branch":"other"},"geometry":{"type":"Polygon","coordinates":[[[99.4578283,20.3919727],[99.4578849,20.3921253],[99.4578896,20.3922448],[99.4577646,20.392404],[99.4576348,20.392446],[99.4574508,20.392446],[99.4573352,20.3924062],[99.457262,20.3923288],[99.4572856,20.3921563],[99.4573281,20.3919727],[99.457616,20.3918732],[99.4577316,20.3918953],[99.4578283,20.3919727]]]}},{"type":"Feature","id":1230104774,"properties":{"landuse":"military","@type":"way","@id":1230104774,"branch":"other"},"geometry":{"type":"Polygon","coordinates":[[[99.459675,20.3891929],[99.4597098,20.3894924],[99.4596779,20.3896204],[99.4596198,20.389713],[99.4595326,20.389762],[99.4594193,20.3897838],[99.4592363,20.3897565],[99.4590911,20.3896122],[99.459062,20.389506],[99.459094,20.3893209],[99.459184,20.3891412],[99.4593758,20.3890323],[99.4595617,20.3890867],[99.459675,20.3891929]]]}},{"type":"Feature","id":1230104775,"properties":{"landuse":"military","@type":"way","@id":1230104775,"branch":"other"},"geometry":{"type":"Polygon","coordinates":[[[99.4591546,20.3822145],[99.4592879,20.3823323],[99.4593742,20.3825443],[99.459378,20.3826395],[99.4592381,20.3827761],[99.4590139,20.3827761],[99.4588318,20.3827114],[99.4587552,20.3825605],[99.4587647,20.3824257],[99.4588644,20.3823341],[99.4589966,20.3822605],[99.4591546,20.3822145]]]}},{"type":"Feature","id":1230104776,"properties":{"landuse":"military","@type":"way","@id":1230104776,"branch":"other"},"geometry":{"type":"Polygon","coordinates":[[[99.4577584,20.3741381],[99.4578158,20.3741788],[99.4578657,20.3742243],[99.4579481,20.3744166],[99.457998,20.3745836],[99.4579673,20.3746789],[99.457837,20.3747417],[99.4576971,20.3747669],[99.4575284,20.3745297],[99.4574364,20.3744543],[99.4574019,20.3743609],[99.4574173,20.3742746],[99.4575782,20.3741902],[99.4577584,20.3741381]]]}},{"type":"Feature","id":1230104777,"properties":{"landuse":"military","@type":"way","@id":1230104777,"branch":"other"},"geometry":{"type":"Polygon","coordinates":[[[99.4673173,20.3586028],[99.46744,20.3586359],[99.4675839,20.3587311],[99.4676005,20.3588638],[99.4675839,20.3589523],[99.4675179,20.3590186],[99.4674164,20.3590562],[99.4672583,20.3590474],[99.4671545,20.358971],[99.4670979,20.3588726],[99.4670932,20.3587642],[99.4671616,20.3586691],[99.4673173,20.3586028]]]}},{"type":"Feature","id":1230104778,"properties":{"landuse":"military","@type":"way","@id":1230104778,"branch":"other"},"geometry":{"type":"Polygon","coordinates":[[[99.4971488,20.3353798],[99.4973352,20.3353821],[99.4974508,20.3354661],[99.4974744,20.3355458],[99.4974602,20.335652],[99.4974319,20.3357206],[99.4972597,20.335895],[99.4970883,20.3359167],[99.4969402,20.3358841],[99.4967223,20.3356907],[99.4966904,20.3355872],[99.4966962,20.33553],[99.4967456,20.33547],[99.4968734,20.3354183],[99.4971488,20.3353798]]]}},{"type":"Feature","id":1230631017,"properties":{"landuse":"military","@type":"way","@id":1230631017,"branch":"other"},"geometry":{"type":"Polygon","coordinates":[[[99.4373565,20.0897853],[99.4374185,20.0898542],[99.4374678,20.0899408],[99.4374627,20.0900632],[99.4374324,20.0901487],[99.4373097,20.0903066],[99.437201,20.0903897],[99.4370518,20.0904396],[99.4369848,20.0904396],[99.4367901,20.090417],[99.436651,20.0903683],[99.4365865,20.0903268],[99.4365384,20.0902757],[99.4365169,20.090227],[99.4364815,20.090113],[99.436474,20.0900548],[99.4364917,20.0900228],[99.4365625,20.0900133],[99.4367319,20.0900394],[99.4368862,20.090062],[99.4370126,20.0900572],[99.4370834,20.0900275],[99.4371479,20.0899895],[99.4372301,20.0898886],[99.4372478,20.0898435],[99.4372794,20.0898067],[99.4373565,20.0897853]]]}},{"type":"Feature","id":1230631018,"properties":{"landuse":"military","@type":"way","@id":1230631018,"branch":"other"},"geometry":{"type":"Polygon","coordinates":[[[99.4275858,20.0899906],[99.4276819,20.0900203],[99.4277515,20.0901046],[99.4277793,20.0902388],[99.4277072,20.090373],[99.4275681,20.0904549],[99.4274076,20.090506],[99.4273519,20.0904988],[99.4272444,20.0904169],[99.4271661,20.0902459],[99.4271585,20.0901557],[99.4271951,20.0900523],[99.4272697,20.0900167],[99.4273962,20.0899763],[99.4275858,20.0899906]]]}},{"type":"Feature","id":1230631019,"properties":{"landuse":"military","@type":"way","@id":1230631019,"branch":"other"},"geometry":{"type":"Polygon","coordinates":[[[99.4101904,20.0885498],[99.4102512,20.0885969],[99.4103298,20.0887883],[99.4102977,20.0889831],[99.4102261,20.0890973],[99.4101045,20.0891779],[99.4099293,20.0891376],[99.4097004,20.0889966],[99.4096182,20.0888857],[99.4096325,20.0887312],[99.409847,20.0885734],[99.4100259,20.0885431],[99.4101904,20.0885498]]]}},{"type":"Feature","id":1230631020,"properties":{"landuse":"military","@type":"way","@id":1230631020,"branch":"other"},"geometry":{"type":"Polygon","coordinates":[[[99.4004574,20.0855962],[99.4005824,20.0856738],[99.4006721,20.0857713],[99.400698,20.0858666],[99.400665,20.0859663],[99.4005352,20.0860483],[99.4003818,20.0860793],[99.4003016,20.0860705],[99.4000964,20.0859419],[99.4000209,20.0858356],[99.400035,20.0857447],[99.4002238,20.0856406],[99.4003229,20.0855918],[99.4004574,20.0855962]]]}},{"type":"Feature","id":1230631021,"properties":{"landuse":"military","@type":"way","@id":1230631021,"branch":"other"},"geometry":{"type":"Polygon","coordinates":[[[99.3996174,20.0862211],[99.3996882,20.0862765],[99.3997236,20.0863142],[99.3997377,20.0865048],[99.3996834,20.0866466],[99.3996315,20.0867308],[99.3995773,20.0867596],[99.3994499,20.0867685],[99.3993295,20.0867618],[99.3992281,20.0867375],[99.399162,20.0866444],[99.3991644,20.0865092],[99.3991974,20.0863962],[99.3992611,20.0862987],[99.3993059,20.0862588],[99.3994381,20.0862056],[99.3996174,20.0862211]]]}},{"type":"Feature","id":1230631022,"properties":{"landuse":"military","@type":"way","@id":1230631022,"branch":"other"},"geometry":{"type":"Polygon","coordinates":[[[99.3962418,20.0889291],[99.3963196,20.0889668],[99.3963692,20.089051],[99.3964022,20.0891241],[99.3964046,20.0892216],[99.3963668,20.0893524],[99.396263,20.0893923],[99.3961167,20.0893923],[99.3960389,20.0894011],[99.3959964,20.0893546],[99.3958949,20.0893258],[99.3958383,20.0893324],[99.3957487,20.0893302],[99.3956637,20.0892903],[99.395626,20.0892172],[99.3956283,20.0891153],[99.3957321,20.0890355],[99.3958383,20.0889601],[99.3959421,20.0889336],[99.3960507,20.0889136],[99.3962418,20.0889291]]]}},{"type":"Feature","id":1230631023,"properties":{"landuse":"military","@type":"way","@id":1230631023,"branch":"other"},"geometry":{"type":"Polygon","coordinates":[[[99.3921859,20.0874644],[99.3922708,20.0875464],[99.3923227,20.0876195],[99.3923439,20.0876838],[99.3923204,20.0877325],[99.3922425,20.087799],[99.3919074,20.087994],[99.3918201,20.0880472],[99.3917399,20.0881403],[99.3916597,20.0881602],[99.3915134,20.0881779],[99.3913836,20.0881691],[99.3913011,20.0881159],[99.3908669,20.0877946],[99.3908457,20.087748],[99.3908528,20.0876195],[99.3909047,20.0875929],[99.3909825,20.0875907],[99.3911123,20.0876461],[99.3913199,20.0876882],[99.3914332,20.0876971],[99.3916031,20.0876705],[99.3916927,20.0876395],[99.3918697,20.087553],[99.3920018,20.0875021],[99.3921151,20.0874688],[99.3921859,20.0874644]]]}},{"type":"Feature","id":1230631024,"properties":{"landuse":"military","@type":"way","@id":1230631024,"branch":"other"},"geometry":{"type":"Polygon","coordinates":[[[99.3836398,20.08749],[99.383779,20.0875809],[99.38393,20.0876429],[99.3840126,20.0876806],[99.3840267,20.0877737],[99.3839583,20.0878933],[99.3837814,20.0879953],[99.383628,20.0880241],[99.3834392,20.0880152],[99.3832151,20.0879798],[99.3831655,20.0879443],[99.3831089,20.0878911],[99.3830806,20.0877848],[99.3831089,20.0877006],[99.3831231,20.0876385],[99.3831325,20.0875521],[99.3831136,20.0874191],[99.3831065,20.0873394],[99.383116,20.0873017],[99.3831419,20.0872685],[99.3831915,20.087264],[99.3832623,20.0872817],[99.3833661,20.0873216],[99.3835147,20.0874147],[99.3836398,20.08749]]]}},{"type":"Feature","id":1230631025,"properties":{"landuse":"military","@type":"way","@id":1230631025,"branch":"other"},"geometry":{"type":"Polygon","coordinates":[[[99.3641389,20.0819552],[99.3643749,20.0820929],[99.364518,20.0821433],[99.3645108,20.0823986],[99.3644786,20.0825464],[99.3643964,20.082543],[99.3643034,20.0824826],[99.3642462,20.0824087],[99.3639601,20.0823482],[99.3635416,20.082234],[99.3635166,20.0821601],[99.3635774,20.0820425],[99.3635989,20.0818679],[99.3636346,20.0817537],[99.3637562,20.0817806],[99.3641389,20.0819552]]]}},{"type":"Feature","id":1230631026,"properties":{"landuse":"military","@type":"way","@id":1230631026,"branch":"other"},"geometry":{"type":"Polygon","coordinates":[[[99.349011,20.0960793],[99.3489895,20.0962506],[99.3489037,20.0963346],[99.3484853,20.0965965],[99.3483458,20.0966335],[99.3482349,20.0966335],[99.3480668,20.0966032],[99.3479667,20.0965461],[99.3477271,20.0965394],[99.3475054,20.0965529],[99.3473337,20.0965159],[99.3472085,20.0964387],[99.3470011,20.0961398],[99.3469975,20.0960424],[99.3470154,20.095945],[99.3470691,20.0958543],[99.3471978,20.0958341],[99.3473194,20.0958308],[99.347466,20.0959181],[99.3477521,20.0961398],[99.3478737,20.0961498],[99.3479917,20.0961196],[99.348285,20.0961633],[99.3483529,20.0961633],[99.348589,20.0960894],[99.3487785,20.0960054],[99.348893,20.0959315],[99.3490003,20.0959584],[99.349011,20.0960793]]]}},{"type":"Feature","id":1230631027,"properties":{"landuse":"military","@type":"way","@id":1230631027,"branch":"other"},"geometry":{"type":"Polygon","coordinates":[[[99.3467449,20.0914035],[99.3468465,20.091499],[99.3469075,20.0916545],[99.3469075,20.0917363],[99.3468727,20.0918236],[99.346771,20.0918918],[99.3464805,20.0920228],[99.3464108,20.0921074],[99.3463614,20.0922083],[99.346251,20.092211],[99.3461871,20.0921756],[99.3461232,20.0921101],[99.3461058,20.0919901],[99.3461116,20.0918782],[99.3461494,20.0917664],[99.3462162,20.0917009],[99.3467449,20.0914035]]]}},{"type":"Feature","id":1230631028,"properties":{"landuse":"military","@type":"way","@id":1230631028,"branch":"other"},"geometry":{"type":"Polygon","coordinates":[[[99.3393882,20.0819129],[99.3394463,20.082082],[99.3393534,20.082464],[99.339243,20.0826386],[99.3390745,20.0827341],[99.3389002,20.0827313],[99.3387405,20.0826359],[99.3386708,20.0825486],[99.3386388,20.0824422],[99.338662,20.0823358],[99.3387114,20.0822157],[99.3388596,20.0820657],[99.3390803,20.0819402],[99.3392546,20.0818747],[99.3393882,20.0819129]]]}},{"type":"Feature","id":1230631029,"properties":{"landuse":"military","@type":"way","@id":1230631029,"branch":"other"},"geometry":{"type":"Polygon","coordinates":[[[99.3315629,20.0808838],[99.331621,20.0810039],[99.3317081,20.0812057],[99.3316732,20.0815659],[99.3315077,20.0819342],[99.3314031,20.0820188],[99.3312811,20.0820679],[99.3310661,20.0820679],[99.3307989,20.0818824],[99.3306885,20.0816832],[99.330642,20.0815686],[99.330613,20.0814431],[99.3306449,20.0810475],[99.3307117,20.0809793],[99.3308425,20.0808674],[99.3311475,20.0808374],[99.3315629,20.0808838]]]}},{"type":"Feature","id":1230631030,"properties":{"landuse":"military","@type":"way","@id":1230631030,"branch":"other"},"geometry":{"type":"Polygon","coordinates":[[[99.3327626,20.0847579],[99.3323356,20.0837212],[99.3323356,20.0835984],[99.3323326,20.0835029],[99.3324024,20.0834511],[99.3324692,20.0834102],[99.3326667,20.083402],[99.332748,20.0834538],[99.3329252,20.0836802],[99.332995,20.0839831],[99.333114,20.0841686],[99.3332883,20.0843241],[99.3333755,20.0846024],[99.3334191,20.0847797],[99.3334859,20.0849379],[99.3335992,20.0850634],[99.3337095,20.0851453],[99.33391,20.0852053],[99.3340291,20.0854372],[99.334122,20.0855627],[99.3342847,20.0856118],[99.3342673,20.0858137],[99.334154,20.0858655],[99.334061,20.085871],[99.3337589,20.0862311],[99.3335992,20.086302],[99.3334016,20.0866676],[99.3331634,20.0868149],[99.3330734,20.0867876],[99.3330008,20.0866376],[99.332992,20.0863975],[99.3330647,20.0861793],[99.3331315,20.0860238],[99.3331199,20.0857318],[99.3330705,20.0855572],[99.3329427,20.0854399],[99.3327626,20.0847579]]]}},{"type":"Feature","id":1230631031,"properties":{"landuse":"military","@type":"way","@id":1230631031,"branch":"other"},"geometry":{"type":"Polygon","coordinates":[[[99.3107849,20.1117503],[99.31086,20.1118275],[99.3108886,20.111935],[99.310885,20.112076],[99.3107992,20.11217],[99.3106847,20.1122204],[99.3101125,20.1121835],[99.3099373,20.1120962],[99.3098658,20.1120391],[99.3098586,20.1119853],[99.3098908,20.1117838],[99.3099731,20.1117301],[99.3102055,20.1117033],[99.3103021,20.1116797],[99.3104773,20.1116092],[99.3105632,20.1115857],[99.3107849,20.1117503]]]}},{"type":"Feature","id":1230631034,"properties":{"landuse":"military","@type":"way","@id":1230631034,"branch":"other"},"geometry":{"type":"Polygon","coordinates":[[[99.299479,20.098625],[99.2994925,20.0988032],[99.299571,20.0989561],[99.2998163,20.0994709],[99.2997972,20.0996239],[99.2997723,20.099694],[99.2996113,20.0997588],[99.299205,20.0998254],[99.2990632,20.0998182],[99.298929,20.0997642],[99.2988754,20.0996652],[99.2990076,20.0994403],[99.2990402,20.0992891],[99.2991437,20.0989561],[99.2991245,20.0988158],[99.2991379,20.0987186],[99.2991417,20.0986628],[99.2992222,20.0986052],[99.299479,20.098625]]]}},{"type":"Feature","id":1230631035,"properties":{"landuse":"military","@type":"way","@id":1230631035,"branch":"other"},"geometry":{"type":"Polygon","coordinates":[[[99.2953586,20.0992477],[99.295464,20.0994367],[99.295487,20.0996203],[99.2954928,20.0997642],[99.2954774,20.09982],[99.2953471,20.099838],[99.2952379,20.0998182],[99.2950117,20.0997192],[99.2949044,20.0996436],[99.2948392,20.0995879],[99.2948009,20.0995159],[99.2947645,20.0993503],[99.2947952,20.0992441],[99.2948412,20.0992099],[99.2949427,20.0991685],[99.2950654,20.0991379],[99.2952398,20.0991955],[99.2953586,20.0992477]]]}},{"type":"Feature","id":1230631047,"properties":{"landuse":"military","operator:en":"Myanmar Army","@type":"way","@id":1230631047,"branch":"army"},"geometry":{"type":"Polygon","coordinates":[[[99.0325691,19.9749469],[99.0327301,19.9753435],[99.0327122,19.9754914],[99.0324547,19.9756998],[99.0322616,19.9757469],[99.0320005,19.9756729],[99.0318539,19.975478],[99.0316286,19.9751688],[99.0316429,19.9750108],[99.032233,19.9748797],[99.0324368,19.974836],[99.0325691,19.9749469]]]}},{"type":"Feature","id":1230631048,"properties":{"landuse":"military","@type":"way","@id":1230631048,"branch":"other"},"geometry":{"type":"Polygon","coordinates":[[[99.0354909,19.9799818],[99.0356662,19.9801331],[99.0357198,19.9802608],[99.0356805,19.9805969],[99.0355196,19.9807549],[99.035423,19.9807885],[99.0351834,19.9808725],[99.0348651,19.9806271],[99.0348079,19.9802877],[99.0350081,19.980049],[99.035187,19.9799617],[99.0354909,19.9799818]]]}},{"type":"Feature","id":1230631057,"properties":{"landuse":"military","@type":"way","@id":1230631057,"branch":"other"},"geometry":{"type":"Polygon","coordinates":[[[99.044463,20.0158646],[99.0445995,20.0159019],[99.0446831,20.0160177],[99.0446963,20.0161294],[99.0447186,20.0163426],[99.0446119,20.0165119],[99.0444517,20.0165746],[99.0441247,20.0165997],[99.0439845,20.0164492],[99.0440101,20.0162058],[99.0441638,20.0159437],[99.044463,20.0158646]]]}},{"type":"Feature","id":1230631058,"properties":{"landuse":"military","@type":"way","@id":1230631058,"branch":"other"},"geometry":{"type":"Polygon","coordinates":[[[99.0460093,20.0250607],[99.0460703,20.0250962],[99.0461168,20.0251699],[99.0461489,20.0254902],[99.0459948,20.0256929],[99.0458539,20.0257674],[99.0456162,20.0257425],[99.0454709,20.0256433],[99.0454092,20.0254737],[99.0454092,20.0253496],[99.0454841,20.0251634],[99.0455986,20.0250724],[99.0460093,20.0250607]]]}},{"type":"Feature","id":1230631060,"properties":{"landuse":"military","@type":"way","@id":1230631060,"branch":"other"},"geometry":{"type":"Polygon","coordinates":[[[99.0452805,20.0338911],[99.0453421,20.0340938],[99.0453817,20.0343544],[99.0453245,20.0346729],[99.0452541,20.0348549],[99.0450868,20.0348756],[99.0449899,20.0348259],[99.0447345,20.0343461],[99.0447345,20.0341558],[99.044827,20.0339903],[99.0448666,20.0339407],[99.0451308,20.0338497],[99.0452805,20.0338911]]]}},{"type":"Feature","id":1230631061,"properties":{"landuse":"military","@type":"way","@id":1230631061,"branch":"other"},"geometry":{"type":"Polygon","coordinates":[[[99.0540574,20.050425],[99.0542092,20.0505472],[99.0543718,20.0506999],[99.0544098,20.0509545],[99.054426,20.0512397],[99.0543122,20.0513874],[99.0542417,20.0513772],[99.0539219,20.0511633],[99.0538406,20.0509444],[99.0537647,20.0507407],[99.0536238,20.0506439],[99.053575,20.0505675],[99.053575,20.0504657],[99.0536509,20.0503689],[99.0538244,20.0503231],[99.0540574,20.050425]]]}},{"type":"Feature","id":1230631062,"properties":{"landuse":"military","@type":"way","@id":1230631062,"branch":"other"},"geometry":{"type":"Polygon","coordinates":[[[99.0668156,20.0674439],[99.0668102,20.0676781],[99.066794,20.0678359],[99.0667235,20.0681414],[99.0666097,20.0681516],[99.0662302,20.0678766],[99.0661923,20.0677646],[99.0663928,20.067617],[99.0668156,20.0674439]]]}},{"type":"Feature","id":1230631068,"properties":{"landuse":"military","@type":"way","@id":1230631068,"branch":"other"},"geometry":{"type":"Polygon","coordinates":[[[98.9380158,19.7703206],[98.9381499,19.7704469],[98.9381825,19.770611],[98.9381768,19.7707859],[98.9380234,19.7709951],[98.9377762,19.7711593],[98.9375846,19.7711809],[98.9374658,19.7711322],[98.9373565,19.770932],[98.9372818,19.7707481],[98.9373469,19.7705623],[98.9374907,19.7703838],[98.9376267,19.7703044],[98.9378605,19.7702629],[98.9380158,19.7703206]]]}},{"type":"Feature","id":1230631069,"properties":{"landuse":"military","@type":"way","@id":1230631069,"branch":"other"},"geometry":{"type":"Polygon","coordinates":[[[98.7124243,19.7667899],[98.7125923,19.7667644],[98.7128525,19.7669225],[98.7128417,19.7670959],[98.7127712,19.7673357],[98.7125869,19.7675754],[98.7124243,19.7676826],[98.7122563,19.7680703],[98.7122563,19.7684988],[98.7121262,19.7692129],[98.7121692,19.7693648],[98.7120936,19.7694713],[98.7119898,19.7694447],[98.7114763,19.7692657],[98.7113439,19.7691277],[98.7113332,19.768983],[98.7115728,19.7682863],[98.7118339,19.7675964],[98.7119376,19.7673844],[98.7120771,19.7672498],[98.7122309,19.7670411],[98.7124243,19.7667899]]]}},{"type":"Feature","id":1230631070,"properties":{"landuse":"military","@type":"way","@id":1230631070,"branch":"other"},"geometry":{"type":"Polygon","coordinates":[[[98.7039403,19.7576388],[98.7039836,19.7577894],[98.7040094,19.7580011],[98.7039795,19.7580686],[98.7036963,19.7580738],[98.7035934,19.7580687],[98.70355,19.7580074],[98.703512,19.7578289],[98.7035446,19.7577167],[98.7036042,19.757686],[98.7038508,19.7575891],[98.7039403,19.7576388]]]}},{"type":"Feature","id":1230631071,"properties":{"landuse":"military","@type":"way","@id":1230631071,"branch":"other"},"geometry":{"type":"Polygon","coordinates":[[[98.6849374,19.7541944],[98.6849971,19.7543015],[98.6849591,19.7545617],[98.6849103,19.7547657],[98.6848453,19.7548984],[98.684764,19.7549749],[98.6845959,19.7550157],[98.6844442,19.7550157],[98.6843574,19.7548933],[98.6843358,19.7545821],[98.6843629,19.7543576],[98.6844225,19.7542454],[98.6845363,19.7541842],[98.6847477,19.7541331],[98.6849374,19.7541944]]]}},{"type":"Feature","id":1242456168,"properties":{"landuse":"military","military_service":"navy","name":"กรมอุทกศาสตร์","name:en":"Hydrographic Department","name:th":"กรมอุทกศาสตร์","operator":"กองทัพเรือไทย","type":"multipolygon","@type":"way","@id":1242456168,"branch":"navy"},"geometry":{"type":"Polygon","coordinates":[[[100.5889457,13.6683259],[100.5896546,13.6680611],[100.5908039,13.6676501],[100.591478,13.6674091],[100.5916097,13.6674204],[100.5913531,13.6699503],[100.5911948,13.6699968],[100.5896622,13.6705603],[100.5862363,13.67182],[100.5849958,13.6722619],[100.5849465,13.6722968],[100.5845664,13.672566],[100.5843937,13.6723683],[100.5835138,13.6711044],[100.5830116,13.6703974],[100.5824128,13.669586],[100.5834462,13.6692163],[100.5849279,13.6686863],[100.5861384,13.6682533],[100.5863918,13.6688384],[100.5864731,13.6690262],[100.5865378,13.6691757],[100.5867168,13.6691117],[100.5868043,13.6690804],[100.5873253,13.6688941],[100.5882983,13.6685461],[100.5888795,13.6683484],[100.5889153,13.6683362],[100.5889457,13.6683259]]]}},{"type":"Feature","id":1265780021,"properties":{"landuse":"military","@type":"way","@id":1265780021,"branch":"other"},"geometry":{"type":"Polygon","coordinates":[[[99.5200208,20.3615452],[99.5199941,20.3613546],[99.520031,20.3612795],[99.5201152,20.3612506],[99.5202549,20.3612429],[99.5203391,20.3612699],[99.5204357,20.3614085],[99.520563,20.3616377],[99.5207068,20.3617282],[99.5208793,20.3617802],[99.5211833,20.361836],[99.5214627,20.3619766],[99.5215592,20.3621826],[99.521551,20.3622674],[99.5213538,20.3623598],[99.5211607,20.3623155],[99.5209286,20.362173],[99.5206842,20.361967],[99.5200208,20.3615452]]]}},{"type":"Feature","id":1265780022,"properties":{"landuse":"military","@type":"way","@id":1265780022,"branch":"other"},"geometry":{"type":"Polygon","coordinates":[[[99.5584074,20.3574767],[99.5587312,20.3577628],[99.5588464,20.3578795],[99.5588464,20.3580109],[99.5587405,20.3581247],[99.5584572,20.3582561],[99.557903,20.3583932],[99.5576664,20.3583903],[99.5574516,20.3581831],[99.5573208,20.3579817],[99.5573208,20.3576197],[99.5574485,20.3574388],[99.5577038,20.3572023],[99.5578812,20.3571119],[99.5584074,20.3574767]]]}},{"type":"Feature","id":1265780024,"properties":{"landuse":"military","@type":"way","@id":1265780024,"branch":"other"},"geometry":{"type":"Polygon","coordinates":[[[99.5601015,20.3536085],[99.5602663,20.3538421],[99.5602816,20.3540002],[99.5599635,20.3543452],[99.5598293,20.3544494],[99.5597335,20.3544745],[99.5593425,20.3542877],[99.559285,20.3541188],[99.5592889,20.3538672],[99.5594844,20.3535761],[99.5594729,20.3534324],[99.5595648,20.3532276],[99.5597565,20.3531054],[99.5599558,20.3532455],[99.56009,20.3534432],[99.5601015,20.3536085]]]}},{"type":"Feature","id":1265780025,"properties":{"landuse":"military","@type":"way","@id":1265780025,"branch":"other"},"geometry":{"type":"Polygon","coordinates":[[[99.5727234,20.3481892],[99.5725432,20.3480274],[99.5723669,20.3479232],[99.5722481,20.3479304],[99.5722136,20.3479807],[99.5724398,20.3483617],[99.5724551,20.3486707],[99.5725011,20.3489151],[99.5724819,20.3491307],[99.5723784,20.3492853],[99.572114,20.3494542],[99.5719798,20.3495692],[99.5719146,20.349774],[99.5720143,20.3499249],[99.5723784,20.3500256],[99.5729572,20.3500148],[99.5731489,20.3499142],[99.5731757,20.3496914],[99.5731757,20.3494901],[99.573214,20.3493823],[99.5729534,20.3489834],[99.5729035,20.34889],[99.5727234,20.3481892]]]}},{"type":"Feature","id":1265780027,"properties":{"landuse":"military","@type":"way","@id":1265780027,"branch":"other"},"geometry":{"type":"Polygon","coordinates":[[[99.5767173,20.344411],[99.57696,20.3445794],[99.5769727,20.3446695],[99.576826,20.344807],[99.5767198,20.3448947],[99.5765428,20.3448852],[99.5764366,20.344807],[99.5763329,20.3445604],[99.5762014,20.3443043],[99.5761938,20.3442403],[99.5762646,20.3442356],[99.576343,20.3442403],[99.5765807,20.3443328],[99.5767173,20.344411]]]}},{"type":"Feature","id":1265780031,"properties":{"landuse":"military","@type":"way","@id":1265780031,"branch":"other"},"geometry":{"type":"Polygon","coordinates":[[[99.5863512,20.3419222],[99.586181,20.3418283],[99.5859908,20.3418502],[99.5859124,20.34198],[99.5858707,20.3421005],[99.5860475,20.3422632],[99.586241,20.342368],[99.5864162,20.3423586],[99.5865263,20.3423086],[99.5865681,20.342113],[99.586548,20.342016],[99.5863512,20.3419222]]]}},{"type":"Feature","id":1265780034,"properties":{"landuse":"military","@type":"way","@id":1265780034,"branch":"other"},"geometry":{"type":"Polygon","coordinates":[[[99.5922631,20.3441819],[99.5923198,20.3443102],[99.5923265,20.3444541],[99.5922848,20.3445308],[99.5921813,20.3445746],[99.5919361,20.3446121],[99.5917125,20.3444807],[99.5916474,20.3442867],[99.5917058,20.344146],[99.5919294,20.34411],[99.5920829,20.3441068],[99.5922631,20.3441819]]]}},{"type":"Feature","id":1265780047,"properties":{"landuse":"military","@type":"way","@id":1265780047,"branch":"other"},"geometry":{"type":"Polygon","coordinates":[[[99.642073,20.3411942],[99.6421647,20.3413506],[99.6421681,20.3415118],[99.6421314,20.341615],[99.6419545,20.3416995],[99.6417143,20.3416494],[99.6415007,20.3416369],[99.6413739,20.3413882],[99.6413622,20.341299],[99.6414357,20.341227],[99.6416025,20.3411707],[99.642073,20.3411942]]]}},{"type":"Feature","id":1265780049,"properties":{"landuse":"military","@type":"way","@id":1265780049,"branch":"other"},"geometry":{"type":"Polygon","coordinates":[[[99.6480006,20.3406463],[99.6479944,20.3407773],[99.6479677,20.3409198],[99.6479883,20.3410315],[99.6480335,20.3411162],[99.6480889,20.3411586],[99.6482964,20.3412087],[99.6484956,20.3411971],[99.6486086,20.3412684],[99.6485819,20.3414051],[99.6484997,20.341538],[99.6485942,20.3419097],[99.648547,20.3420079],[99.6483025,20.3420099],[99.6481588,20.3419271],[99.6477089,20.341409],[99.6474686,20.3411451],[99.6473741,20.3411028],[99.6473248,20.3410431],[99.6472427,20.3408967],[99.6472385,20.3407734],[99.6473166,20.340577],[99.6474398,20.340525],[99.6476309,20.3405558],[99.6478034,20.3405173],[99.6478835,20.3405192],[99.6479821,20.3405693],[99.6480006,20.3406463]]]}},{"type":"Feature","id":1265780051,"properties":{"landuse":"military","@type":"way","@id":1265780051,"branch":"other"},"geometry":{"type":"Polygon","coordinates":[[[99.6488355,20.3371026],[99.6487471,20.3371989],[99.6487697,20.3376227],[99.6488231,20.3377498],[99.648969,20.337759],[99.6490655,20.3377228],[99.6492134,20.3375841],[99.6492853,20.3374089],[99.6493161,20.3373029],[99.6492956,20.3372394],[99.6492196,20.3371893],[99.6489875,20.3371142],[99.6488355,20.3371026]]]}},{"type":"Feature","id":1265780052,"properties":{"landuse":"military","@type":"way","@id":1265780052,"branch":"other"},"geometry":{"type":"Polygon","coordinates":[[[99.6503334,20.3350644],[99.6503888,20.3351415],[99.6504073,20.3352589],[99.6503272,20.3354015],[99.6501773,20.3355247],[99.6500273,20.3355401],[99.6498979,20.3355247],[99.6498301,20.3354708],[99.6497747,20.3352686],[99.6498096,20.3351588],[99.6499349,20.3350529],[99.65013,20.3349989],[99.6503334,20.3350644]]]}},{"type":"Feature","id":1265780053,"properties":{"landuse":"military","@type":"way","@id":1265780053,"branch":"other"},"geometry":{"type":"Polygon","coordinates":[[[99.6592461,20.326796],[99.6593412,20.3270182],[99.6592712,20.3271433],[99.6591127,20.3272106],[99.6589417,20.3271801],[99.6588107,20.3270808],[99.6587573,20.3269712],[99.6587723,20.3268257],[99.6588841,20.3267491],[99.6590293,20.3267569],[99.6592461,20.326796]]]}},{"type":"Feature","id":1265780055,"properties":{"landuse":"military","@type":"way","@id":1265780055,"branch":"other"},"geometry":{"type":"Polygon","coordinates":[[[99.6647699,20.3265846],[99.6646652,20.3269062],[99.6645707,20.3269717],[99.6644351,20.3269698],[99.6641989,20.3269139],[99.6641352,20.3267618],[99.6642071,20.3266501],[99.6643817,20.3265711],[99.664546,20.3265441],[99.6647699,20.3265846]]]}},{"type":"Feature","id":1265780059,"properties":{"landuse":"military","@type":"way","@id":1265780059,"branch":"other"},"geometry":{"type":"Polygon","coordinates":[[[99.6860473,20.3158228],[99.6861029,20.3160197],[99.6860878,20.3161453],[99.6860321,20.3162639],[99.6857995,20.3163896],[99.6855213,20.3164584],[99.6854404,20.3164584],[99.685276,20.316456],[99.6852027,20.3163967],[99.6852153,20.3162331],[99.6852558,20.3160766],[99.685539,20.3159129],[99.6857287,20.3157564],[99.6859386,20.3157398],[99.6860473,20.3158228]]]}},{"type":"Feature","id":1265780062,"properties":{"landuse":"military","@type":"way","@id":1265780062,"branch":"other"},"geometry":{"type":"Polygon","coordinates":[[[99.6841112,20.3173692],[99.6838867,20.3173548],[99.6837942,20.3173311],[99.6836005,20.3173672],[99.6834717,20.3174147],[99.6834497,20.3174911],[99.683595,20.3175767],[99.683978,20.3176191],[99.6841057,20.3175943],[99.6841652,20.3175602],[99.6841112,20.3173692]]]}},{"type":"Feature","id":1265780064,"properties":{"landuse":"military","@type":"way","@id":1265780064,"branch":"other"},"geometry":{"type":"Polygon","coordinates":[[[99.7105747,20.3234945],[99.7103652,20.3234637],[99.7102543,20.3234868],[99.7101578,20.3235273],[99.710016,20.3236428],[99.7099339,20.3237026],[99.7097901,20.3237314],[99.7093896,20.3238008],[99.7092293,20.3238855],[99.7090732,20.3240069],[99.7089952,20.3241071],[99.7089479,20.3242515],[99.7089787,20.3244364],[99.7091574,20.3245077],[99.7092458,20.3245077],[99.7093875,20.3244345],[99.7098106,20.3240801],[99.7100058,20.3240069],[99.7101721,20.3239857],[99.710396,20.3240146],[99.7105932,20.3240454],[99.7106507,20.3240608],[99.7105891,20.3239356],[99.7105727,20.3237661],[99.7105747,20.3234945]]]}},{"type":"Feature","id":1265780066,"properties":{"landuse":"military","@type":"way","@id":1265780066,"branch":"other"},"geometry":{"type":"Polygon","coordinates":[[[99.7375137,20.3460362],[99.7374295,20.3464387],[99.7372981,20.3466236],[99.7369037,20.3467815],[99.7365709,20.3469125],[99.7361909,20.347159],[99.7359629,20.3472514],[99.7358767,20.3472322],[99.7357801,20.347107],[99.7357925,20.3469375],[99.7359383,20.3467526],[99.7362505,20.3466602],[99.7368154,20.3464233],[99.7370803,20.3462885],[99.7375137,20.3460362]]]}},{"type":"Feature","id":1265780068,"properties":{"landuse":"military","@type":"way","@id":1265780068,"branch":"other"},"geometry":{"type":"Polygon","coordinates":[[[99.8467905,20.4072586],[99.8462683,20.4072383],[99.845968,20.4072368],[99.8456476,20.4072837],[99.8455876,20.4074072],[99.8456276,20.4075401],[99.8457711,20.407698],[99.8462533,20.4077872],[99.8465769,20.4077778],[99.8467471,20.4077778],[99.8468489,20.4077277],[99.8469273,20.4075448],[99.8469323,20.4074041],[99.8469356,20.4073556],[99.8467905,20.4072586]]]}},{"type":"Feature","id":1266776018,"properties":{"landuse":"military","military":"base","name":"ค่ายกำแพงเพชรอัครโยธิน","name:th":"ค่ายกำแพงเพชรอัครโยธิน","@type":"way","@id":1266776018,"branch":"other"},"geometry":{"type":"Polygon","coordinates":[[[100.2897821,13.6549001],[100.2892156,13.6584155],[100.2892761,13.6586577],[100.2884699,13.662697],[100.2995455,13.6660131],[100.3064213,13.6680657],[100.307425,13.6605183],[100.3076268,13.6588664],[100.3075405,13.6588114],[100.3032132,13.6576214],[100.3027401,13.6574525],[100.2982662,13.6564698],[100.2932163,13.6554959],[100.2929249,13.6554228],[100.2897821,13.6549001]]]}},{"type":"Feature","id":1268992606,"properties":{"landuse":"military","military":"barracks","name":"ค่ายพระยาสุนทรธรรมธาดา","name:en":"Phraya Sunthon Thammathada Barracks","name:th":"ค่ายพระยาสุนทรธรรมธาดา","@type":"way","@id":1268992606,"branch":"army"},"geometry":{"type":"Polygon","coordinates":[[[102.8711712,17.2842504],[102.8709301,17.2846487],[102.8697475,17.2841202],[102.8640903,17.2924157],[102.8673798,17.2941598],[102.8672062,17.2945245],[102.8712708,17.2973907],[102.878793,17.2874369],[102.8751676,17.2832329],[102.8728351,17.2849193],[102.8711712,17.2842504]]]}},{"type":"Feature","id":1271936212,"properties":{"landuse":"military","military":"base","military_service":"air_force","name":"โรงเรียนการบินกำแพงแสน","name:th":"โรงเรียนการบินกำแพงแสน","@type":"way","@id":1271936212,"branch":"other"},"geometry":{"type":"Polygon","coordinates":[[[99.9268166,14.0749668],[99.9236429,14.0760643],[99.9220421,14.0794529],[99.9217957,14.0797809],[99.9138682,14.0867359],[99.9134994,14.0869569],[99.9081409,14.0878091],[99.9021423,14.0888401],[99.8922273,14.0901748],[99.926972,14.1276986],[99.9270491,14.1277734],[99.927115,14.1277954],[99.9271853,14.1277778],[99.9272965,14.1276876],[99.9449814,14.1100922],[99.9543288,14.1009939],[99.9543996,14.1008687],[99.9544246,14.1007919],[99.954383,14.1006425],[99.9460823,14.0929579],[99.9268166,14.0749668]]]}},{"type":"Feature","id":1273249660,"properties":{"landuse":"military","name":"กรมวิทยาศาสตร์ทหารเรือ","name:th":"กรมวิทยาศาสตร์ทหารเรือ","@type":"way","@id":1273249660,"branch":"navy"},"geometry":{"type":"Polygon","coordinates":[[[100.3635191,13.7710588],[100.3635185,13.7713044],[100.3632262,13.771297],[100.3631844,13.771356],[100.3629349,13.7726868],[100.362744,13.7737049],[100.3626217,13.7737066],[100.3622218,13.773712],[100.3620383,13.7737145],[100.3609057,13.7737298],[100.3606764,13.7737329],[100.3613923,13.7710617],[100.3635191,13.7710588]]]}},{"type":"Feature","id":1290398149,"properties":{"landuse":"military","military":"base","name":"ค่ายรามราชนิเวศน์","name:th":"ค่ายรามราชนิเวศน์","@type":"way","@id":1290398149,"branch":"other"},"geometry":{"type":"Polygon","coordinates":[[[99.944339,13.0949056],[99.9444236,13.089515],[99.9444899,13.0894786],[99.9480687,13.0890972],[99.9481219,13.0892497],[99.9483937,13.0903206],[99.9490381,13.0917197],[99.9490843,13.091817],[99.9494204,13.092525],[99.9494972,13.0928522],[99.9495356,13.0934661],[99.9494908,13.0937809],[99.9493084,13.0942701],[99.9488253,13.0950896],[99.9474055,13.0950314],[99.944339,13.0949056]]]}},{"type":"Feature","id":1290615834,"properties":{"landuse":"military","military":"base","military_service":"air_force","name":"ค่ายสมันตรัฐบุรินทร์","name:en":"Samantaratburin Camp","name:th":"ค่ายสมันตรัฐบุรินทร์","@type":"way","@id":1290615834,"branch":"other"},"geometry":{"type":"Polygon","coordinates":[[[100.0910627,6.6547945],[100.0881212,6.6548112],[100.0769027,6.6560659],[100.0770526,6.6567433],[100.0771875,6.6575026],[100.0771801,6.6579642],[100.0771651,6.6591553],[100.0768952,6.661076],[100.0767004,6.6621405],[100.0767829,6.6621814],[100.0773515,6.6623047],[100.0770102,6.6639348],[100.0767926,6.6644665],[100.0760172,6.6641448],[100.0750108,6.6668289],[100.0762821,6.6672314],[100.0819734,6.6691621],[100.0847493,6.6699993],[100.0876502,6.6709058],[100.0882779,6.6711201],[100.0885917,6.671198],[100.0910627,6.6547945]]]}},{"type":"Feature","id":1298165682,"properties":{"landuse":"military","military":"base","name":"ค่ายเทพสตรีศรีสุนทร","@type":"way","@id":1298165682,"branch":"other"},"geometry":{"type":"Polygon","coordinates":[[[99.64716,8.0193666],[99.6556709,8.019919],[99.6649499,8.0178097],[99.6678837,8.0169973],[99.6688864,8.0213109],[99.6716974,8.0257873],[99.6732098,8.0325424],[99.6741632,8.0324284],[99.6745413,8.0351956],[99.6676042,8.0366117],[99.6590726,8.0378162],[99.6588269,8.0395003],[99.6513418,8.0405003],[99.6496971,8.0324432],[99.64716,8.0193666]]]}},{"type":"Feature","id":1305394587,"properties":{"landuse":"military","@type":"way","@id":1305394587,"branch":"other"},"geometry":{"type":"Polygon","coordinates":[[[99.5072148,20.323236],[99.5074744,20.3233289],[99.5075098,20.3234528],[99.5074555,20.3235767],[99.5073021,20.3236785],[99.5071417,20.3237073],[99.5069105,20.3236697],[99.5066391,20.323652],[99.506632,20.3234904],[99.5066958,20.3233179],[99.5067642,20.3232448],[99.5072148,20.323236]]]}},{"type":"Feature","id":1306217037,"properties":{"landuse":"military","military":"base","military_service":"navy","name":"Trat Logistics Naval Base","name:en":"Trat Logistics Naval Base","name:th":"ฐานส่งกำลังบำรุงทหารเรือตราด","wikidata":"Q128771340","@type":"way","@id":1306217037,"branch":"navy"},"geometry":{"type":"Polygon","coordinates":[[[102.3065892,12.1890114],[102.3080355,12.1895944],[102.308635,12.1897947],[102.3083971,12.1910124],[102.3099431,12.1917763],[102.3107585,12.191649],[102.3120326,12.1908298],[102.310583,12.1890254],[102.3113587,12.1882117],[102.3130406,12.1882615],[102.3146658,12.1884663],[102.3144506,12.1897126],[102.3145525,12.1898371],[102.3142326,12.1901333],[102.3139494,12.1909054],[102.3139409,12.1914368],[102.3137994,12.1914478],[102.3136635,12.1929091],[102.314813,12.1930004],[102.3146612,12.1943076],[102.3139626,12.1957829],[102.3148629,12.1984668],[102.3156774,12.1968966],[102.3155952,12.195416],[102.315386,12.195007],[102.3153999,12.1941046],[102.3161166,12.1938907],[102.3161853,12.1936516],[102.3179491,12.1933873],[102.31864,12.1948345],[102.3193267,12.1943982],[102.3190263,12.1923722],[102.3197558,12.1920953],[102.3203137,12.1922673],[102.3209574,12.1938319],[102.3216269,12.1935131],[102.3229801,12.1931943],[102.3234694,12.1932279],[102.3239801,12.192519],[102.3240487,12.1917262],[102.3246453,12.1915836],[102.3260353,12.1902454],[102.326237,12.1897504],[102.3261254,12.1890259],[102.3256319,12.1879311],[102.3248723,12.1867272],[102.3249538,12.1852212],[102.3255504,12.1841725],[102.3264258,12.1838579],[102.3274215,12.1829518],[102.3267992,12.1822722],[102.3256276,12.181278],[102.3256405,12.1805859],[102.3257907,12.1802293],[102.3254388,12.1801748],[102.3249109,12.1803468],[102.3243187,12.1810725],[102.3238123,12.1813787],[102.323293,12.1813326],[102.3224733,12.1803971],[102.3222716,12.1802839],[102.322512,12.1807789],[102.3219685,12.1813997],[102.3217454,12.1816262],[102.3219857,12.1822555],[102.3212819,12.1825827],[102.3207583,12.1827127],[102.3204794,12.1826498],[102.3212218,12.1833545],[102.3214149,12.1838705],[102.3211488,12.1843319],[102.3207154,12.1845794],[102.3202176,12.1845375],[102.3184036,12.1840635],[102.317923,12.1833],[102.3174552,12.183258],[102.3172835,12.1826288],[102.3165111,12.182805],[102.3159489,12.1830693],[102.3152408,12.1831196],[102.3143352,12.1823687],[102.3135628,12.1825365],[102.3129662,12.1832538],[102.3120049,12.1841935],[102.3112365,12.1851751],[102.3108588,12.1852674],[102.3094991,12.1865132],[102.3091558,12.1868069],[102.3085808,12.1868153],[102.3074961,12.1881828],[102.3065892,12.1890114]]]}},{"type":"Feature","id":1306721492,"properties":{"landuse":"military","name":"ค่ายสมเด็จพระนารายณ์มหาราช","name:en":"Camp of King Narai the Great","@type":"way","@id":1306721492,"branch":"other"},"geometry":{"type":"Polygon","coordinates":[[[100.6317915,14.8000766],[100.6318645,14.8003339],[100.6320361,14.8007135],[100.6322142,14.8009998],[100.632461,14.8013069],[100.6328365,14.8015994],[100.6334888,14.801894],[100.63385,14.8020166],[100.633468,14.8063289],[100.6318035,14.8062999],[100.631954,14.808004],[100.6320884,14.8086606],[100.6317346,14.8095956],[100.6305498,14.8097431],[100.6301746,14.8094341],[100.6237281,14.8104433],[100.6236582,14.8105118],[100.6236343,14.8107258],[100.6235243,14.8107829],[100.6223509,14.8106102],[100.621907,14.8106443],[100.6217316,14.8107573],[100.6216567,14.8112018],[100.6215818,14.811281],[100.6206132,14.8109892],[100.6203083,14.8107552],[100.6202516,14.8106313],[100.6203245,14.8105],[100.6208757,14.8101474],[100.6210141,14.809993],[100.6210442,14.80979],[100.6209209,14.8094772],[100.6207614,14.8093528],[100.6196915,14.8092439],[100.6196179,14.8091577],[100.6196369,14.8089773],[100.6195979,14.8089091],[100.6192279,14.8087802],[100.6191194,14.808464],[100.6189754,14.8083438],[100.6182299,14.8082026],[100.6180486,14.8080659],[100.6178501,14.8077477],[100.617711,14.80765],[100.6174343,14.8076116],[100.6173755,14.8075517],[100.61744,14.8071363],[100.6173606,14.8069036],[100.6172798,14.8067859],[100.6171442,14.8067411],[100.6165727,14.8067975],[100.6165668,14.8066272],[100.6166879,14.8066163],[100.6168664,14.8064413],[100.6173089,14.8058375],[100.617766,14.8049651],[100.6180943,14.80419],[100.6182148,14.8036942],[100.6182501,14.8030862],[100.6183762,14.8028424],[100.6186031,14.802677],[100.6186873,14.8025904],[100.6187326,14.8022913],[100.6187004,14.8021796],[100.6185994,14.8021318],[100.6184466,14.8021564],[100.618409,14.8019232],[100.618678,14.8018857],[100.6188036,14.8019726],[100.6191131,14.8019303],[100.6191967,14.8018134],[100.6221135,14.8014065],[100.6221691,14.8014502],[100.6223168,14.8014338],[100.6223698,14.8013708],[100.6235142,14.8012112],[100.6235971,14.8012537],[100.623871,14.8012134],[100.6239363,14.8011503],[100.6287391,14.8004938],[100.6317915,14.8000766]]]}},{"type":"Feature","id":1308968506,"properties":{"landuse":"military","@type":"way","@id":1308968506,"branch":"other"},"geometry":{"type":"Polygon","coordinates":[[[97.8317687,19.2906234],[97.8319484,19.2905398],[97.8321898,19.290631],[97.8323883,19.2908639],[97.8323802,19.2910866],[97.8320315,19.2910664],[97.8316587,19.2910866],[97.8314602,19.2910613],[97.8313825,19.2909347],[97.8314254,19.2907955],[97.8316453,19.2908537],[97.8317472,19.290798],[97.8318223,19.2906841],[97.8317687,19.2906234]]]}},{"type":"Feature","id":1330206974,"properties":{"landuse":"military","military":"base","military_service":"air_force","name":"ค่ายวิภาวดีรังสิต","name:th":"ค่ายวิภาวดีรังสิต","@type":"way","@id":1330206974,"branch":"other"},"geometry":{"type":"Polygon","coordinates":[[[99.3522042,9.1180791],[99.3519438,9.1238985],[99.3518945,9.1245487],[99.3519035,9.126157],[99.3518787,9.1279805],[99.3503093,9.129811],[99.3510709,9.1305706],[99.3488449,9.1330294],[99.3512304,9.1352567],[99.3521391,9.1360333],[99.352763,9.135337],[99.3527834,9.1337904],[99.3548128,9.1349062],[99.3561664,9.1357888],[99.3582863,9.1376926],[99.3603679,9.1396217],[99.3613615,9.1386992],[99.3616153,9.1384838],[99.3617704,9.1383163],[99.3622575,9.1378868],[99.3605823,9.1360453],[99.3583297,9.1339984],[99.3568377,9.1323006],[99.3568492,9.1322725],[99.3625833,9.1319448],[99.3611905,9.1269109],[99.3601728,9.1232589],[99.3597835,9.1224114],[99.3594915,9.121992],[99.3582703,9.1208038],[99.3557926,9.1196068],[99.3522042,9.1180791]]]}},{"type":"Feature","id":1330216162,"properties":{"landuse":"military","military":"base","name":"ค่ายฝึกการรบพิเศษปากช่อง","name:th":"ค่ายฝึกการรบพิเศษปากช่อง","@type":"way","@id":1330216162,"branch":"other"},"geometry":{"type":"Polygon","coordinates":[[[101.5712645,14.601037],[101.5719511,14.5999572],[101.572788,14.6003518],[101.5738287,14.5990332],[101.5751935,14.5996307],[101.5763714,14.6007359],[101.5761354,14.6016184],[101.5769293,14.6021687],[101.5763928,14.6033107],[101.5766074,14.6042555],[101.5758671,14.6050342],[101.5742042,14.603861],[101.5722301,14.6024594],[101.571361,14.60139],[101.5712645,14.601037]]]}},{"type":"Feature","id":1337106144,"properties":{"landuse":"military","military":"base","name":"ค่ายนิมมาณกลยุทธ","name:th":"ค่ายนิมมาณกลยุทธ","@type":"way","@id":1337106144,"branch":"other"},"geometry":{"type":"Polygon","coordinates":[[[102.5280301,13.8866435],[102.523935,13.8896851],[102.5271781,13.8947544],[102.5394223,13.8893116],[102.5389781,13.8784453],[102.5280301,13.8866435]]]}},{"type":"Feature","id":1337277028,"properties":{"landuse":"military","name":"สถานีวิทยุกระจายเสียงแห่งประเทศไทยจังหวัดปัตตานี","@type":"way","@id":1337277028,"branch":"other"},"geometry":{"type":"Polygon","coordinates":[[[101.2500824,6.8931032],[101.2510939,6.8939455],[101.2516393,6.8931657],[101.2503485,6.8918739],[101.2500824,6.8931032]]]}},{"type":"Feature","id":1337840046,"properties":{"landuse":"military","name":"มณฑลทหารบกที่ 46 - ค่ายอิงคยุทธบริหาร","name:en":"46th Military District - Fort Ingkhayutthaborihan","name:th":"มณฑลทหารบกที่ 46 - ค่ายอิงคยุทธบริหาร","@type":"way","@id":1337840046,"branch":"army"},"geometry":{"type":"Polygon","coordinates":[[[101.1434703,6.7827904],[101.1352183,6.7863074],[101.1362445,6.7889653],[101.1361252,6.7893175],[101.1406771,6.7937771],[101.1470128,6.7910973],[101.1434703,6.7827904]]]}},{"type":"Feature","id":1337840047,"properties":{"landuse":"military","name":"ค่ายสมเด็จพระศรีสุริโยทัย","name:en":"Fort Somdej Phra Suriyothai","name:th":"ค่ายสมเด็จพระศรีสุริโยทัย","@type":"way","@id":1337840047,"branch":"other"},"geometry":{"type":"Polygon","coordinates":[[[101.1435215,6.7820965],[101.1440851,6.7834],[101.1540568,6.7837147],[101.1537557,6.7820732],[101.1534991,6.7814599],[101.1516779,6.7821183],[101.1499213,6.7789779],[101.1435215,6.7820965]]]}},{"type":"Feature","id":1337840048,"properties":{"landuse":"military","name":"กรมทหารราบที่ 153","name:en":"153rd Infantry Brigade","name:th":"กรมทหารราบที่ 153","@type":"way","@id":1337840048,"branch":"army"},"geometry":{"type":"Polygon","coordinates":[[[101.1627419,6.7819473],[101.1628373,6.7824907],[101.1614885,6.7826914],[101.1601178,6.7774837],[101.1599667,6.7775359],[101.159799,6.7771671],[101.16043,6.7766841],[101.1620938,6.7752685],[101.1625551,6.7750597],[101.1626021,6.7747481],[101.1635122,6.7744084],[101.1629002,6.7722146],[101.1637915,6.7716226],[101.1712035,6.7721336],[101.1712851,6.7731806],[101.1722987,6.7730404],[101.175716,6.7722053],[101.1765256,6.7716911],[101.177897,6.7713141],[101.1789981,6.77791],[101.1774716,6.7781813],[101.1666737,6.7810707],[101.1627419,6.7819473]]]}},{"type":"Feature","id":1337840049,"properties":{"landuse":"military","name":"สระน้ำป้องเพชร ขกท.พล.15","@type":"way","@id":1337840049,"branch":"other"},"geometry":{"type":"Polygon","coordinates":[[[101.1711194,6.7715584],[101.1708579,6.7686206],[101.1687118,6.768994],[101.1687031,6.7694677],[101.1675583,6.7695237],[101.1674542,6.7677926],[101.1679832,6.7677366],[101.168521,6.7634002],[101.1672027,6.7634088],[101.1659841,6.7624528],[101.1655158,6.7625561],[101.1649173,6.7633226],[101.1639633,6.7633485],[101.1636475,6.7633024],[101.1627823,6.7630453],[101.1626778,6.763149],[101.1625416,6.7638684],[101.1623537,6.766189],[101.1622797,6.7705385],[101.163103,6.7706527],[101.1631366,6.7705313],[101.1642561,6.7705787],[101.1642289,6.7711334],[101.1711194,6.7715584]]]}},{"type":"Feature","id":1338038156,"properties":{"landuse":"military","military_service":"air_force","name":"กองบิน 56","name:en":"Wing Division 56","name:th":"กองบิน 56","@type":"way","@id":1338038156,"branch":"airforce"},"geometry":{"type":"Polygon","coordinates":[[[100.4155449,6.9330206],[100.4078636,6.932066],[100.4078205,6.9322531],[100.4031449,6.9316016],[100.4032085,6.9311166],[100.3995909,6.9306622],[100.390543,6.9294885],[100.3905103,6.9297889],[100.3736708,6.9276721],[100.3746883,6.9187246],[100.3871253,6.9206937],[100.3866255,6.9234897],[100.3907565,6.9244477],[100.3904438,6.9212687],[100.395912,6.9224243],[100.3984237,6.9226484],[100.4016861,6.9227875],[100.406924,6.9228773],[100.4096522,6.9230535],[100.4110677,6.9233688],[100.4166303,6.924096],[100.4155449,6.9330206]]]}},{"type":"Feature","id":1344498964,"properties":{"landuse":"military","@type":"way","@id":1344498964,"branch":"other"},"geometry":{"type":"Polygon","coordinates":[[[98.8985967,19.766781],[98.8987446,19.7667708],[98.8988224,19.7667473],[98.8989065,19.7666521],[98.8989796,19.7665159],[98.8990014,19.7664016],[98.8989812,19.7662991],[98.8988925,19.7661775],[98.8987352,19.7660735],[98.8985531,19.7659944],[98.8984348,19.7659973],[98.8983352,19.7660354],[98.8981297,19.7662537],[98.8980908,19.7663137],[98.8980908,19.7664412],[98.8981562,19.7665437],[98.8982075,19.7666507],[98.8982931,19.7667122],[98.8984955,19.7667781],[98.8985967,19.766781]]]}},{"type":"Feature","id":1344498967,"properties":{"landuse":"military","@type":"way","@id":1344498967,"branch":"other"},"geometry":{"type":"Polygon","coordinates":[[[98.9659713,19.7731314],[98.9661742,19.7731359],[98.9662473,19.7731448],[98.966396,19.773167],[98.9664762,19.773167],[98.9666178,19.7731026],[98.9666673,19.7730049],[98.9666626,19.7729094],[98.9666319,19.7727606],[98.966363,19.7724032],[98.9661011,19.7725275],[98.9659713,19.7731314]]]}},{"type":"Feature","id":1344498977,"properties":{"landuse":"military","@type":"way","@id":1344498977,"branch":"other"},"geometry":{"type":"Polygon","coordinates":[[[98.8378828,19.8171974],[98.8380021,19.8171158],[98.8380699,19.8169743],[98.8381485,19.8164503],[98.8382,19.8154431],[98.8382542,19.8148924],[98.8381756,19.8143543],[98.8382596,19.8137704],[98.838555,19.8135664],[98.838574,19.8134415],[98.8384493,19.8130616],[98.8382677,19.8129239],[98.8378042,19.8127862],[98.8376579,19.8127505],[98.8375874,19.8128703],[98.8377826,19.8131024],[98.8378666,19.8132834],[98.8378774,19.8136378],[98.8379208,19.8141988],[98.837891,19.814413],[98.8379099,19.8147878],[98.8380834,19.8150811],[98.8380211,19.8153641],[98.8379235,19.8158384],[98.8378801,19.8160117],[98.8377338,19.8162132],[98.8376687,19.8163866],[98.8377582,19.8167614],[98.8377555,19.8169042],[98.8377121,19.8169552],[98.8376633,19.8170317],[98.8376742,19.8171209],[98.8377392,19.8171847],[98.8377934,19.8172051],[98.8378828,19.8171974]]]}},{"type":"Feature","id":1344498983,"properties":{"landuse":"military","@type":"way","@id":1344498983,"branch":"other"},"geometry":{"type":"Polygon","coordinates":[[[98.666274,19.7498522],[98.6666273,19.749829],[98.6668142,19.74974],[98.6668717,19.7496086],[98.6668676,19.7495003],[98.6667505,19.7493341],[98.6666026,19.7492509],[98.666426,19.7491813],[98.666235,19.7491504],[98.6659803,19.7492664],[98.6658098,19.7494655],[98.6657974,19.7495854],[98.6658981,19.7497362],[98.6660727,19.7498444],[98.666274,19.7498522]]]}},{"type":"Feature","id":1344498984,"properties":{"landuse":"military","@type":"way","@id":1344498984,"branch":"other"},"geometry":{"type":"Polygon","coordinates":[[[98.6648752,19.7486304],[98.6650539,19.7485743],[98.665136,19.7483481],[98.665095,19.7481084],[98.6649286,19.7479982],[98.6647643,19.7479325],[98.6646533,19.7479035],[98.6643884,19.7480156],[98.6642692,19.7481529],[98.6642261,19.7483153],[98.664298,19.7485008],[98.6645034,19.7485724],[98.6646862,19.7486284],[98.6648752,19.7486304]]]}},{"type":"Feature","id":1344498998,"properties":{"landuse":"military","@type":"way","@id":1344498998,"branch":"other"},"geometry":{"type":"Polygon","coordinates":[[[98.604143,19.7107221],[98.6043223,19.7106533],[98.6043482,19.7105822],[98.6043482,19.7104489],[98.6043128,19.7103645],[98.6038292,19.7102135],[98.6035767,19.7101469],[98.6033761,19.7101735],[98.60327,19.7103023],[98.6032534,19.7103734],[98.6032865,19.7104378],[98.6034918,19.7105356],[98.6038622,19.7106066],[98.604143,19.7107221]]]}},{"type":"Feature","id":1344498999,"properties":{"landuse":"military","@type":"way","@id":1344498999,"branch":"other"},"geometry":{"type":"Polygon","coordinates":[[[98.6001602,19.7134653],[98.6002947,19.7133032],[98.6003041,19.7131433],[98.6002805,19.7130633],[98.599962,19.7130033],[98.5997992,19.7130455],[98.5996647,19.7132077],[98.5996104,19.7134076],[98.599752,19.7134698],[98.6001602,19.7134653]]]}},{"type":"Feature","id":1344499001,"properties":{"landuse":"military","@type":"way","@id":1344499001,"branch":"other"},"geometry":{"type":"Polygon","coordinates":[[[98.5967437,19.7133098],[98.5964865,19.7131033],[98.5962081,19.7129256],[98.5959745,19.7128789],[98.5957409,19.7128634],[98.5956064,19.7130144],[98.5954389,19.7132854],[98.5954837,19.713352],[98.5955852,19.7133565],[98.5963213,19.7132987],[98.5967437,19.7133098]]]}},{"type":"Feature","id":1344499002,"properties":{"landuse":"military","@type":"way","@id":1344499002,"branch":"other"},"geometry":{"type":"Polygon","coordinates":[[[98.5944196,19.7142805],[98.5945517,19.7141983],[98.5946367,19.7140228],[98.5946154,19.7138851],[98.5944408,19.7138474],[98.5943134,19.7138496],[98.5941436,19.7139451],[98.5941152,19.7140117],[98.5940421,19.714316],[98.5941129,19.7143582],[98.5943064,19.714356],[98.5944196,19.7142805]]]}},{"type":"Feature","id":1344499003,"properties":{"landuse":"military","@type":"way","@id":1344499003,"branch":"other"},"geometry":{"type":"Polygon","coordinates":[[[98.5917487,19.7155865],[98.5920743,19.7154821],[98.5922678,19.7154355],[98.592407,19.7153555],[98.5924683,19.7152667],[98.5924447,19.7151468],[98.5923103,19.7150979],[98.5920932,19.7150512],[98.5917322,19.7151134],[98.5915694,19.7151823],[98.5914986,19.7152756],[98.5914986,19.7154733],[98.5916024,19.7155665],[98.5917487,19.7155865]]]}},{"type":"Feature","id":1344499005,"properties":{"landuse":"military","@type":"way","@id":1344499005,"branch":"other"},"geometry":{"type":"Polygon","coordinates":[[[98.5764443,19.7051558],[98.5766024,19.7050425],[98.5766402,19.7049026],[98.5766543,19.7047826],[98.5763877,19.7046649],[98.5761234,19.7047582],[98.5760196,19.7048249],[98.5759842,19.7050181],[98.5760291,19.705127],[98.57614,19.7051958],[98.5762815,19.7051914],[98.5764443,19.7051558]]]}},{"type":"Feature","id":1344499006,"properties":{"landuse":"military","@type":"way","@id":1344499006,"branch":"other"},"geometry":{"type":"Polygon","coordinates":[[[98.574066,19.704174],[98.5743892,19.7040318],[98.574552,19.7039141],[98.5745261,19.7037742],[98.5740778,19.7034787],[98.5738418,19.7033854],[98.5737215,19.7032166],[98.573705,19.702919],[98.5736814,19.7026413],[98.5734974,19.7026435],[98.5733511,19.7027924],[98.573344,19.7031144],[98.5734077,19.7034721],[98.5733204,19.7036409],[98.5733393,19.7039474],[98.5735139,19.7041607],[98.5737687,19.7042007],[98.574066,19.704174]]]}},{"type":"Feature","id":1344499007,"properties":{"landuse":"military","@type":"way","@id":1344499007,"branch":"other"},"geometry":{"type":"Polygon","coordinates":[[[98.5718245,19.7048093],[98.5720888,19.7046827],[98.5721808,19.7044917],[98.5723247,19.7041918],[98.572169,19.7041163],[98.5720038,19.7040963],[98.5716287,19.7041562],[98.5714281,19.7042917],[98.5714564,19.7045339],[98.5715626,19.7047293],[98.5716263,19.7047693],[98.5718245,19.7048093]]]}},{"type":"Feature","id":1344499024,"properties":{"landuse":"military","@type":"way","@id":1344499024,"branch":"other"},"geometry":{"type":"Polygon","coordinates":[[[98.5294368,19.7062324],[98.5291253,19.7056682],[98.5288776,19.7054528],[98.5288587,19.7053128],[98.5286558,19.7052151],[98.5285591,19.7049463],[98.5285473,19.7047153],[98.5290852,19.704622],[98.5292386,19.7045021],[98.5291843,19.704331],[98.5287691,19.7042399],[98.5287195,19.7038623],[98.5288351,19.7036469],[98.5285331,19.7036357],[98.528099,19.7037601],[98.5279999,19.7041355],[98.5278843,19.7045931],[98.5279456,19.7051151],[98.5281957,19.705626],[98.5286747,19.7061769],[98.5289342,19.7064279],[98.5294368,19.7062324]]]}},{"type":"Feature","id":1344499025,"properties":{"landuse":"military","@type":"way","@id":1344499025,"branch":"other"},"geometry":{"type":"Polygon","coordinates":[[[98.4659498,19.6916358],[98.4662949,19.6911543],[98.4660689,19.6908816],[98.465806,19.690636],[98.4655842,19.6908332],[98.4654651,19.691104],[98.4655061,19.6916319],[98.4654815,19.6920535],[98.4656479,19.6921193],[98.4659498,19.6916358]]]}},{"type":"Feature","id":1344499026,"properties":{"landuse":"military","@type":"way","@id":1344499026,"branch":"other"},"geometry":{"type":"Polygon","coordinates":[[[98.3669937,19.6914779],[98.3671073,19.691453],[98.3672287,19.6913196],[98.3672458,19.6910177],[98.3671135,19.6909576],[98.3669205,19.6910118],[98.3668364,19.6911115],[98.3667991,19.6912874],[98.3668193,19.6913724],[98.3668598,19.6914427],[98.3669937,19.6914779]]]}},{"type":"Feature","id":1344499036,"properties":{"landuse":"military","@type":"way","@id":1344499036,"branch":"other"},"geometry":{"type":"Polygon","coordinates":[[[98.2367306,19.7062171],[98.2368867,19.7059483],[98.2369545,19.7056408],[98.2368929,19.7054648],[98.2368354,19.705403],[98.2367532,19.7054126],[98.2365006,19.7055693],[98.2363568,19.7057955],[98.2363321,19.7059289],[98.2363999,19.70613],[98.2365314,19.7062519],[98.2366135,19.7062789],[98.2367306,19.7062171]]]}},{"type":"Feature","id":1349177260,"properties":{"landuse":"military","name":"กิจการวิทยุเสียงทหารเรือทุ่งมหาเมฆ","name:th":"กิจการวิทยุเสียงทหารเรือทุ่งมหาเมฆ","@type":"way","@id":1349177260,"branch":"navy"},"geometry":{"type":"Polygon","coordinates":[[[100.5521256,13.7175175],[100.5520132,13.7174975],[100.5518707,13.7174721],[100.5516622,13.717435],[100.5514409,13.7173956],[100.5514104,13.7173902],[100.5513265,13.7173753],[100.5513244,13.7177309],[100.5513251,13.7177552],[100.5513265,13.717799],[100.551343,13.7181306],[100.5513536,13.7181426],[100.551717,13.7180162],[100.5518315,13.7179832],[100.5520259,13.7179517],[100.5521256,13.7175175]]]}},{"type":"Feature","id":1351872839,"properties":{"landuse":"military","military":"base","name":"ค่ายจักรพงษ์","name:en":"Fort Chakrabongse","name:th":"ค่ายจักรพงษ์","@type":"way","@id":1351872839,"branch":"other"},"geometry":{"type":"Polygon","coordinates":[[[101.3702653,14.0748417],[101.3690327,14.0758291],[101.3684126,14.0763588],[101.3680264,14.0768544],[101.3678938,14.0771192],[101.3678353,14.0773046],[101.3677027,14.0779099],[101.367769,14.0786287],[101.3680342,14.0800815],[101.3682682,14.0810387],[101.3685062,14.0815532],[101.3687558,14.081871],[101.3699064,14.0828546],[101.3714042,14.0841106],[101.3716304,14.0843565],[101.3717045,14.0844587],[101.3739551,14.0852569],[101.3754411,14.0856806],[101.3760815,14.0859285],[101.3762097,14.0859542],[101.3763821,14.0859413],[101.3771116,14.085534],[101.3783466,14.0851764],[101.3813264,14.0841419],[101.3815339,14.0858446],[101.3843299,14.0853899],[101.3845196,14.0849677],[101.3850163,14.0850056],[101.3851519,14.0841949],[101.3859491,14.0839551],[101.3858517,14.0832291],[101.3867185,14.0830839],[101.3867359,14.0832933],[101.3872442,14.0832595],[101.3872895,14.0825301],[101.3878929,14.0826186],[101.3882351,14.0812112],[101.3884997,14.0809501],[101.3887826,14.0803128],[101.3888693,14.0800472],[101.3888693,14.0798348],[101.3886868,14.0792063],[101.388413,14.0781308],[101.3882488,14.0777192],[101.3881712,14.0775953],[101.3881393,14.077374],[101.3878929,14.0770155],[101.3877012,14.076896],[101.387537,14.0768473],[101.3873362,14.0765021],[101.3872586,14.0760285],[101.3872495,14.0755992],[101.3872176,14.0748468],[101.3873453,14.0737624],[101.3873043,14.0731915],[101.3871856,14.0723151],[101.3869529,14.0709829],[101.386848,14.0708324],[101.386232,14.0700579],[101.3860561,14.0699887],[101.3846285,14.0699521],[101.3839711,14.0694128],[101.3838698,14.0693454],[101.3837482,14.0693566],[101.3796404,14.070127],[101.377819,14.0705235],[101.3776568,14.0704849],[101.3776129,14.0703264],[101.3764057,14.0705456],[101.3764868,14.0710445],[101.3764492,14.0712875],[101.3763532,14.0714049],[101.3760943,14.0715467],[101.375393,14.0716763],[101.374366,14.0718747],[101.3740988,14.0719597],[101.3738274,14.0720731],[101.3731302,14.0725753],[101.3733223,14.0729721],[101.3732722,14.0738873],[101.3724372,14.0745231],[101.3722452,14.0743165],[101.3717442,14.0746405],[101.3712474,14.0740533],[101.3702653,14.0748417]]]}},{"type":"Feature","id":1360767385,"properties":{"landuse":"military","military":"base","name:en":"34th Military Circle - Fort Khunchueangthammikkarat","note":"Boundary estimated","@type":"way","@id":1360767385,"branch":"other"},"geometry":{"type":"Polygon","coordinates":[[[99.92015,19.2024842],[99.9248949,19.2024003],[99.9249161,19.2036417],[99.9257693,19.2037123],[99.9262471,19.2038362],[99.9279096,19.2038009],[99.9278917,19.2029794],[99.9278556,19.2013145],[99.9262097,19.2012959],[99.9261128,19.1982374],[99.9279648,19.1982306],[99.928334,19.197057],[99.9281962,19.1955624],[99.9279671,19.1949659],[99.9270352,19.1932424],[99.9260051,19.1913906],[99.9259512,19.1912832],[99.9247189,19.1888245],[99.926748,19.1838751],[99.9256433,19.182757],[99.9218546,19.1851401],[99.9168036,19.1897742],[99.9147571,19.1916145],[99.9151697,19.1921535],[99.913672,19.1933966],[99.9134085,19.1940901],[99.9126716,19.1953665],[99.9155073,19.1962065],[99.9139769,19.1990231],[99.9129167,19.1985822],[99.9127148,19.1993066],[99.913718,19.1997049],[99.914156,19.199621],[99.9146651,19.1985897],[99.9155109,19.1986761],[99.9156771,19.1980005],[99.9167138,19.1981308],[99.9172158,19.196929],[99.9185255,19.1973842],[99.9197721,19.1949144],[99.9199747,19.1950236],[99.9205685,19.1961314],[99.9208045,19.1963746],[99.9217889,19.196367],[99.9218237,19.2015268],[99.9203646,19.201542],[99.92015,19.2024842]]]}},{"type":"Feature","id":1365540328,"properties":{"alt_name":"โรงเรียนนายสิบทหารบก","alt_name:en":"Army Non-Commissioned Officer School","alt_name:th":"โรงเรียนนายสิบทหารบก","amenity":"college","base_function":"training","education":"college","landuse":"military","military":"base","military_service":"army","name":"ค่ายโยธินศึกษามหามงกุฏ","name:en":"Fort Yothin Suksa Mahamongkut","name:th":"ค่ายโยธินศึกษามหามงกุฏ","name:th-Latn":"Khai Yothin Sueksa Maha Mongkut","wikidata":"Q31329061","wikipedia":"th:โรงเรียนนายสิบทหารบก","@type":"way","@id":1365540328,"branch":"other"},"geometry":{"type":"Polygon","coordinates":[[[99.970711,12.4817775],[99.9704773,12.4831344],[99.9702223,12.4845309],[99.9698897,12.487118],[99.9695017,12.4898891],[99.9693465,12.4940999],[99.9692578,12.4958751],[99.9691025,12.4972065],[99.9688378,12.4984781],[99.9645184,12.4985334],[99.9643952,12.4992403],[99.9628525,12.4991954],[99.962309,12.4997239],[99.9618262,12.5004781],[99.9615795,12.5012427],[99.9614936,12.5018607],[99.9616009,12.5026777],[99.9617984,12.503352],[99.9619594,12.5037605],[99.9622705,12.5041585],[99.9626901,12.5045044],[99.9631997,12.5047244],[99.9679739,12.5032957],[99.9669517,12.5086044],[99.9664638,12.5111263],[99.9660093,12.5134859],[99.9589677,12.5135278],[99.9590578,12.5120443],[99.9575599,12.5102093],[99.9569421,12.5090472],[99.9563997,12.5085029],[99.9558259,12.508411],[99.9555135,12.5083538],[99.9552597,12.5077629],[99.9560932,12.5072817],[99.9575094,12.5070198],[99.9583279,12.5048073],[99.9592065,12.5048912],[99.9594001,12.5023982],[99.9563829,12.5021282],[99.9566451,12.4977556],[99.9585119,12.4967708],[99.9586805,12.4945555],[99.9580074,12.493215],[99.9573261,12.4906556],[99.9572863,12.4884275],[99.9569993,12.4864662],[99.9577167,12.4840045],[99.9593976,12.4833641],[99.9591964,12.4805096],[99.9592021,12.480302],[99.9626859,12.4803529],[99.9627073,12.4817147],[99.970711,12.4817775]]]}},{"type":"Feature","id":1365826762,"properties":{"healthcare":"rehabilitation","landuse":"military","leisure":"resort","name":"สถานพักฟื้นและพักผ่อนกองทัพบก","name:en":"Army Rehabilitation and Recreation Center","name:th":"สถานพักฟื้นและพักผ่อนกองทัพบก","operator":"กองทัพบก","resort":"recreation_center","@type":"way","@id":1365826762,"branch":"army"},"geometry":{"type":"Polygon","coordinates":[[[99.9698456,12.4951495],[99.9721338,12.495156],[99.972906,12.4932497],[99.9731119,12.4856547],[99.9732585,12.4801645],[99.9750435,12.4801673],[99.9745827,12.4854683],[99.9744904,12.4879301],[99.9744429,12.4889852],[99.974381,12.4907057],[99.9743158,12.4941241],[99.9742545,12.4973372],[99.9746307,12.502325],[99.9749983,12.5039626],[99.9754643,12.5056983],[99.9760485,12.5072103],[99.9767095,12.5084708],[99.9769177,12.5088628],[99.9771474,12.5092955],[99.977666,12.5102721],[99.9724711,12.5107477],[99.9725475,12.5077337],[99.9717659,12.5073082],[99.9716265,12.5106924],[99.9671688,12.5108228],[99.9671934,12.5106897],[99.9690761,12.5005154],[99.9694776,12.4973051],[99.9698456,12.4951495]]]}},{"type":"Feature","id":1369665267,"properties":{"landuse":"military","name":"ค่ายจิรประวัติ","name:en":"Chiraprawat Camp","@type":"way","@id":1369665267,"branch":"other"},"geometry":{"type":"Polygon","coordinates":[[[100.1250344,15.6783041],[100.1253477,15.6760455],[100.1260678,15.6732132],[100.12599,15.6722795],[100.1256128,15.670251],[100.1248979,15.667159],[100.1228719,15.6591683],[100.1229397,15.658035],[100.1227743,15.6578542],[100.1203704,15.6579237],[100.1201428,15.6583308],[100.1197525,15.6592077],[100.1194598,15.6596461],[100.1196061,15.660476],[100.1189231,15.6605543],[100.1186955,15.661212],[100.1180612,15.6616504],[100.118419,15.6619166],[100.1191833,15.6619479],[100.1194272,15.662308],[100.1189069,15.6624646],[100.1184515,15.6632788],[100.1183052,15.6637016],[100.1165001,15.6637799],[100.1164351,15.6639732],[100.1143108,15.6641168],[100.1145042,15.6648183],[100.114511,15.6652509],[100.1152218,15.667406],[100.11533,15.6683335],[100.1154349,15.6686889],[100.1140735,15.6693712],[100.1145019,15.6706165],[100.1138306,15.6708347],[100.1142479,15.6717502],[100.1127033,15.6732428],[100.1127877,15.6735392],[100.1129148,15.6739577],[100.1107214,15.6746589],[100.1109144,15.6760898],[100.1108533,15.6773558],[100.1114932,15.6776196],[100.1119707,15.678508],[100.1122151,15.6785118],[100.1123753,15.6778829],[100.1127943,15.6783694],[100.1132626,15.6784643],[100.1136077,15.6780965],[100.1142855,15.6778829],[100.1146059,15.6786186],[100.1143471,15.6787847],[100.1139651,15.6789152],[100.1140267,15.6791525],[100.1147415,15.6789864],[100.115025,15.6795916],[100.1151236,15.6797458],[100.1152218,15.6797252],[100.1156412,15.6804815],[100.1165901,15.6798526],[100.1166887,15.679639],[100.1173912,15.6804103],[100.1174652,15.6809324],[100.1177486,15.6808018],[100.1174528,15.6802679],[100.1173351,15.6794789],[100.1174159,15.678761],[100.117194,15.6779897],[100.1175884,15.6777405],[100.1191659,15.6770286],[100.1194001,15.6776812],[100.1195233,15.6780846],[100.1196712,15.6787491],[100.1201395,15.6788322],[100.1204476,15.6784762],[100.1205462,15.6779185],[100.120386,15.6774676],[100.1199547,15.6766963],[100.1199054,15.6760318],[100.1196712,15.6754504],[100.1185293,15.6754605],[100.1183155,15.6751182],[100.1192152,15.6747741],[100.1192398,15.6746317],[100.1196712,15.6745605],[100.1198561,15.67443],[100.1201518,15.6744774],[100.1203367,15.6742164],[100.120768,15.6742282],[100.1210515,15.6743588],[100.1215321,15.6742994],[100.1218156,15.6745961],[100.1216184,15.6748097],[100.121791,15.6750114],[100.1220867,15.6745842],[100.1225427,15.6744893],[100.1228385,15.6745842],[100.1224441,15.6749521],[100.1223825,15.6751775],[100.1224565,15.6757589],[100.1223579,15.6759488],[100.1227276,15.6759251],[100.1225181,15.6766726],[100.1229001,15.6767082],[100.1232822,15.6766014],[100.1230234,15.6770167],[100.1227399,15.6775032],[100.1225304,15.6777049],[100.1219512,15.6775507],[100.1218526,15.6778948],[100.1224934,15.6781084],[100.1225674,15.6779066],[100.1229618,15.6782507],[100.1234547,15.6783219],[100.1240833,15.6783219],[100.1247981,15.6783338],[100.1250344,15.6783041]]]}},{"type":"Feature","id":1369666939,"properties":{"landuse":"military","@type":"way","@id":1369666939,"branch":"other"},"geometry":{"type":"Polygon","coordinates":[[[100.6376817,14.8063645],[100.6372768,14.8090138],[100.6388417,14.8090451],[100.6395523,14.809135],[100.6398263,14.8091656],[100.6407614,14.8092023],[100.6408501,14.8091373],[100.6439775,14.809184],[100.6440795,14.8066013],[100.6413975,14.8065646],[100.6401473,14.8065186],[100.6394339,14.8065183],[100.6376817,14.8063645]]]}},{"type":"Feature","id":1369667739,"properties":{"landuse":"military","@type":"way","@id":1369667739,"branch":"other"},"geometry":{"type":"Polygon","coordinates":[[[100.651604,14.8079433],[100.6559643,14.8084429],[100.6562403,14.8086893],[100.6565589,14.8087577],[100.6569836,14.8086003],[100.6613226,14.8090383],[100.6614359,14.8091546],[100.6604378,14.8127404],[100.6600344,14.8144786],[100.6598149,14.8147797],[100.6587532,14.8184749],[100.6586611,14.8185844],[100.6551573,14.8178591],[100.6521066,14.8172364],[100.6507961,14.8169575],[100.6503396,14.8170191],[100.6504599,14.8165572],[100.6502794,14.8165162],[100.6501591,14.8168994],[100.6496955,14.816807],[100.6497344,14.8164991],[100.6495645,14.8164648],[100.6498441,14.8151441],[100.6500617,14.8142223],[100.6506089,14.8116603],[100.651604,14.8079433]]]}},{"type":"Feature","id":1369668543,"properties":{"landuse":"military","@type":"way","@id":1369668543,"branch":"other"},"geometry":{"type":"Polygon","coordinates":[[[100.6864032,14.8115001],[100.6872985,14.811832],[100.6886152,14.8116233],[100.6897683,14.8118881],[100.689847,14.8118394],[100.6899826,14.8112555],[100.6906727,14.8104811],[100.697451,14.8112436],[100.7011229,14.8132328],[100.6990108,14.8159192],[100.6950196,14.8168734],[100.6952042,14.8192777],[100.6963629,14.8203978],[100.6950196,14.8220594],[100.696073,14.823911],[100.6896175,14.8218625],[100.6822534,14.8210862],[100.6817252,14.8265508],[100.6777556,14.8261982],[100.6772084,14.8284384],[100.6769616,14.8312491],[100.6764037,14.8312076],[100.6763501,14.8315603],[100.6747046,14.8318032],[100.6726813,14.8315058],[100.6724555,14.8286562],[100.6718869,14.8248188],[100.6720156,14.8233875],[100.6710554,14.8231489],[100.671329,14.821868],[100.6717581,14.8217798],[100.6716401,14.8205456],[100.6704415,14.8126836],[100.6703985,14.8120249],[100.6700552,14.8097326],[100.6735689,14.8099868],[100.6769485,14.8103446],[100.6812722,14.8109047],[100.6851239,14.811247],[100.6862049,14.811407],[100.6864032,14.8115001]]]}},{"type":"Feature","id":1373010265,"properties":{"landuse":"military","@type":"way","@id":1373010265,"branch":"other"},"geometry":{"type":"Polygon","coordinates":[[[100.5320547,13.789343],[100.5320596,13.789386],[100.5323493,13.7893303],[100.5334418,13.7891204],[100.5329833,13.787958],[100.532913,13.787788],[100.5327435,13.787378],[100.5321766,13.7876107],[100.5323202,13.7879955],[100.5323763,13.7881459],[100.5323265,13.7881613],[100.5324719,13.7887336],[100.5319585,13.7888615],[100.5319661,13.7888993],[100.5320547,13.789343]]]}},{"type":"Feature","id":1373252914,"properties":{"landuse":"military","name":"กรมสรรพาวุธทหารบก","name:en":"Ordnance Department","name:th":"กรมสรรพาวุธทหารบก","wikidata":"Q16304226","wikipedia":"th:กรมสรรพาวุธทหารบก","@type":"way","@id":1373252914,"branch":"army"},"geometry":{"type":"Polygon","coordinates":[[[100.526783,13.795244],[100.5274036,13.7963821],[100.5277224,13.796975],[100.5280145,13.7975184],[100.5280799,13.7976399],[100.52881,13.797513],[100.5299675,13.7973118],[100.5306334,13.7971727],[100.5305814,13.7970503],[100.5305712,13.7970263],[100.5313933,13.7966175],[100.5309818,13.7958942],[100.5307665,13.7955157],[100.5300123,13.7941565],[100.5297697,13.7937192],[100.5293842,13.7939015],[100.5292171,13.7939657],[100.5290851,13.7940165],[100.5282681,13.7944333],[100.5277225,13.7947116],[100.5275648,13.7947921],[100.526783,13.795244]]]}},{"type":"Feature","id":1383251986,"properties":{"landuse":"military","name":"หน่วยข่าวกรองทางทหาร","name:en":"AMIC","name:th":"หน่วยข่าวกรองทางทหาร","@type":"way","@id":1383251986,"branch":"other"},"geometry":{"type":"Polygon","coordinates":[[[100.5262417,13.7832298],[100.525611,13.7834481],[100.5255774,13.7833298],[100.5255065,13.7830797],[100.5251008,13.7831843],[100.5251525,13.7833284],[100.5249021,13.7833963],[100.5248545,13.7832699],[100.5245859,13.7833487],[100.5245565,13.7834208],[100.5247908,13.7838374],[100.5248967,13.7840257],[100.5249853,13.7841831],[100.5250138,13.7842338],[100.5251487,13.7841903],[100.5254377,13.7840971],[100.5255195,13.7840702],[100.5261866,13.7838514],[100.5264208,13.7837746],[100.5263207,13.7834701],[100.5262417,13.7832298]]]}},{"type":"Feature","id":1383252071,"properties":{"amenity":"college","landuse":"military","name":"วิทยาลัยการทัพบก","name:th":"วิทยาลัยการทัพบก","@type":"way","@id":1383252071,"branch":"other"},"geometry":{"type":"Polygon","coordinates":[[[100.5301958,13.7850076],[100.5300168,13.78455],[100.5285343,13.7853057],[100.5288242,13.7860415],[100.5286067,13.7861337],[100.52867,13.786295],[100.5290522,13.7861307],[100.5293605,13.7859982],[100.5293307,13.7859129],[100.5295585,13.7858344],[100.5297676,13.7857624],[100.5296935,13.7855809],[100.5300824,13.785455],[100.5300752,13.785434],[100.5299574,13.7850908],[100.5301958,13.7850076]]]}},{"type":"Feature","id":1383252072,"properties":{"addr:housename":"41","addr:street":"ถนนเทอดดำริ","landuse":"military","military":"office","name":"กรมยุทธศึกษาทหารบก","name:en":"Army Training Command","name:th":"กรมยุทธศึกษาทหารบก","@type":"way","@id":1383252072,"branch":"other"},"geometry":{"type":"Polygon","coordinates":[[[100.5278882,13.7841093],[100.5285024,13.7838981],[100.5288154,13.7837905],[100.5290195,13.7837203],[100.5289408,13.7834967],[100.5288504,13.7832397],[100.530805,13.7826137],[100.5309648,13.7830516],[100.5309993,13.7831354],[100.5311018,13.7833845],[100.5310836,13.7834391],[100.5311064,13.7834961],[100.5311468,13.7835971],[100.5311657,13.7836443],[100.5312311,13.7836916],[100.5312799,13.7838233],[100.5313107,13.7839063],[100.5315313,13.7844373],[100.5315675,13.7845242],[100.5317062,13.7848745],[100.5317935,13.7850809],[100.5315489,13.7851636],[100.5313326,13.7852367],[100.5312078,13.7852786],[100.5311654,13.7851596],[100.5311512,13.7851198],[100.5311665,13.7851137],[100.531262,13.7850758],[100.5311096,13.7847174],[100.5301958,13.7850076],[100.5300168,13.78455],[100.5285343,13.7853057],[100.5281224,13.7842602],[100.5279682,13.7843101],[100.5279277,13.7842085],[100.5278882,13.7841093]]]}},{"type":"Feature","id":1393451128,"properties":{"landuse":"military","military":"base","name":"กองพันทหารม้าที่ 4 กองพลที่ 1 รักษาพระองค์","name:en":"4th Cavalry Battalion, 1st Brigade","name:th":"กองพันทหารม้าที่ 4 กองพลที่ 1 รักษาพระองค์","@type":"way","@id":1393451128,"branch":"army"},"geometry":{"type":"Polygon","coordinates":[[[100.5172929,13.7925378],[100.5173216,13.7925208],[100.5173628,13.7925293],[100.5174376,13.7924602],[100.5175548,13.792407],[100.5179751,13.7922161],[100.5189056,13.7917936],[100.5189134,13.7918022],[100.5189424,13.7918337],[100.5191165,13.7920238],[100.5193378,13.7922654],[100.5199655,13.7929509],[100.5200364,13.7929006],[100.5202938,13.7931772],[100.5204335,13.7933274],[100.5207614,13.7936972],[100.5210148,13.7939829],[100.5213202,13.7936824],[100.5213199,13.7938567],[100.52132,13.7938694],[100.5213209,13.7941125],[100.5213214,13.7942495],[100.521322,13.7944338],[100.5213451,13.7949816],[100.5212403,13.7949888],[100.5212086,13.7949657],[100.5210898,13.7949729],[100.5210649,13.7949198],[100.5209876,13.7949174],[100.5207846,13.7946703],[100.520162,13.795135],[100.5201249,13.7951627],[100.5194714,13.7944744],[100.5191982,13.7941866],[100.518957,13.7944127],[100.5187108,13.7941446],[100.5178964,13.7932576],[100.5177699,13.7931067],[100.5172929,13.7925378]]]}},{"type":"Feature","id":1413175206,"properties":{"landuse":"military","military":"base","@type":"way","@id":1413175206,"branch":"other"},"geometry":{"type":"Polygon","coordinates":[[[98.1992619,19.6921676],[98.1986986,19.6920892],[98.1986091,19.6919702],[98.1987209,19.6906338],[98.1995655,19.6908328],[98.1996998,19.6910136],[98.1998831,19.6914053],[98.1998283,19.6917315],[98.1992619,19.6921676]]]}},{"type":"Feature","id":1413175225,"properties":{"landuse":"military","military":"base","@type":"way","@id":1413175225,"branch":"other"},"geometry":{"type":"Polygon","coordinates":[[[98.0835752,19.795251],[98.0830958,19.7953803],[98.0827069,19.7952234],[98.0824632,19.7944338],[98.083037,19.7939221],[98.0837309,19.793889],[98.0840811,19.7948316],[98.0835752,19.795251]]]}},{"type":"Feature","id":1413175226,"properties":{"landuse":"military","military":"base","@type":"way","@id":1413175226,"branch":"other"},"geometry":{"type":"Polygon","coordinates":[[[98.0835982,19.7917833],[98.0832477,19.7919007],[98.0829452,19.7918653],[98.0828842,19.7915336],[98.0830054,19.791079],[98.0839161,19.7910623],[98.084109,19.7912537],[98.0835982,19.7917833]]]}},{"type":"Feature","id":1413180516,"properties":{"landuse":"military","military":"base","@type":"way","@id":1413180516,"branch":"other"},"geometry":{"type":"Polygon","coordinates":[[[97.7501555,18.8854635],[97.7499084,18.885541],[97.7495858,18.8852403],[97.7497829,18.8849903],[97.7501864,18.8849616],[97.7502794,18.8850905],[97.7501555,18.8854635]]]}},{"type":"Feature","id":1418599385,"properties":{"landuse":"military","military_service":"navy","name":"กรมพลาธิการทหารเรือ","name:en":"Naval Supply Department","name:th":"กรมพลาธิการทหารเรือ","@type":"way","@id":1418599385,"branch":"navy"},"geometry":{"type":"Polygon","coordinates":[[[100.5913531,13.6699503],[100.5911196,13.6727834],[100.5910077,13.6728038],[100.5909774,13.6728158],[100.5904566,13.6730229],[100.586997,13.674362],[100.586106,13.6747594],[100.5858619,13.6744269],[100.585776,13.6743279],[100.5854843,13.6738913],[100.5854042,13.673768],[100.5852151,13.6734753],[100.585092,13.6732822],[100.5848569,13.6729618],[100.5845664,13.672566],[100.5849465,13.6722968],[100.5849958,13.6722619],[100.5862363,13.67182],[100.5896622,13.6705603],[100.5911948,13.6699968],[100.5913531,13.6699503]]]}},{"type":"Feature","id":1418599388,"properties":{"amenity":"college","landuse":"military","military_service":"navy","name":"โรงเรียนพลาธิการ","name:th":"โรงเรียนพลาธิการ","@type":"way","@id":1418599388,"branch":"other"},"geometry":{"type":"Polygon","coordinates":[[[100.5840702,13.6668895],[100.5827822,13.6673821],[100.5834462,13.6692163],[100.5849279,13.6686863],[100.5840702,13.6668895]]]}},{"type":"Feature","id":1418599389,"properties":{"landuse":"military","military_service":"navy","name":"กองเรือลำน้ำ","name:th":"กองเรือลำน้ำ","@type":"way","@id":1418599389,"branch":"navy"},"geometry":{"type":"Polygon","coordinates":[[[100.5827822,13.6673821],[100.5815429,13.6678245],[100.5813265,13.667922],[100.5813007,13.6679554],[100.5824128,13.669586],[100.5834462,13.6692163],[100.5827822,13.6673821]]]}},{"type":"Feature","id":1432193810,"properties":{"landuse":"military","@type":"way","@id":1432193810,"branch":"other"},"geometry":{"type":"Polygon","coordinates":[[[98.5176636,19.7159707],[98.5177063,19.7160128],[98.517816,19.7159573],[98.5178892,19.7158751],[98.517877,19.715787],[98.517875,19.7157296],[98.5178445,19.7156626],[98.5177876,19.7156416],[98.5177002,19.7156473],[98.5176087,19.7156856],[98.5175172,19.7157105],[98.5174603,19.7157488],[98.5174562,19.7157928],[98.5174969,19.7158597],[98.5175619,19.7159057],[98.5176127,19.7159573],[98.5176636,19.7159707]]]}},{"type":"Feature","id":1433184791,"properties":{"aeroway":"aerodrome","landuse":"military","military":"airfield","name":"สนามบินกาญจนบุรี ค่ายสุรสีห์","name:en":"Airfield of Aviation Company of the 9th Infantry Brigade","@type":"way","@id":1433184791,"branch":"airforce"},"geometry":{"type":"Polygon","coordinates":[[[99.4420865,14.1206829],[99.4421238,14.1207105],[99.4546682,14.1299848],[99.4543475,14.130497],[99.4538854,14.13025],[99.4537156,14.1304695],[99.4529422,14.1300122],[99.4530365,14.1305244],[99.4526027,14.130936],[99.4499241,14.128933],[99.4495186,14.1290793],[99.4473975,14.1277326],[99.447286,14.1277066],[99.4470897,14.1279013],[99.4456665,14.1268413],[99.4448456,14.1262702],[99.4448233,14.1259631],[99.4449259,14.1257597],[99.4445199,14.1254742],[99.4446404,14.125353],[99.4442968,14.1250675],[99.4443861,14.1249593],[99.4431681,14.1238777],[99.4422223,14.1231638],[99.4416425,14.1223516],[99.4417675,14.121938],[99.4411743,14.1214483],[99.4415052,14.1208208],[99.4417945,14.1208968],[99.4420865,14.1206829]]]}},{"type":"Feature","id":1433238972,"properties":{"landuse":"military","military":"base","@type":"way","@id":1433238972,"branch":"other"},"geometry":{"type":"Polygon","coordinates":[[[99.4476082,14.1351014],[99.4504505,14.1339244],[99.4512648,14.1330305],[99.4519639,14.1337084],[99.4511957,14.1344384],[99.4516566,14.1358985],[99.4520561,14.1357644],[99.4521713,14.1361965],[99.451526,14.1363976],[99.4516489,14.1367999],[99.4498898,14.1374852],[99.4504121,14.1388708],[99.4506964,14.1389677],[99.450681,14.1392656],[99.450197,14.1392582],[99.4501509,14.1388559],[99.4500127,14.1384537],[99.4488988,14.1388634],[99.4486222,14.1383568],[99.4474469,14.1355037],[99.4476082,14.1351014]]]}},{"type":"Feature","id":1433238974,"properties":{"landuse":"military","military":"base","@type":"way","@id":1433238974,"branch":"other"},"geometry":{"type":"Polygon","coordinates":[[[99.4498508,14.1420043],[99.4534556,14.1499556],[99.4508323,14.1511237],[99.4496455,14.1506738],[99.4495385,14.1501893],[99.4499132,14.1500162],[99.4496723,14.1494625],[99.4491905,14.1499297],[99.4483517,14.1491683],[99.4478074,14.1479657],[99.448093,14.1476455],[99.4466742,14.1445048],[99.4459247,14.1442366],[99.4447202,14.1444702],[99.4436762,14.1442279],[99.4430248,14.1421514],[99.4429178,14.1412342],[99.4418827,14.1397027],[99.4430873,14.1385433],[99.4433639,14.137903],[99.4443097,14.1368041],[99.4471115,14.1357053],[99.4498508,14.1420043]]]}},{"type":"Feature","id":1433238975,"properties":{"landuse":"military","military":"base","@type":"way","@id":1433238975,"branch":"other"},"geometry":{"type":"Polygon","coordinates":[[[99.4361556,14.1290947],[99.4351966,14.1283571],[99.4345021,14.127953],[99.4336092,14.1285495],[99.4326965,14.1276965],[99.4328553,14.1274271],[99.4327362,14.1266254],[99.4317904,14.1265933],[99.4318896,14.127549],[99.4320881,14.1279338],[99.4318963,14.1282032],[99.4312812,14.1285431],[99.431506,14.1288766],[99.4301568,14.1300888],[99.4307388,14.1307559],[99.4303288,14.1309867],[99.4303089,14.1318526],[99.4318037,14.1329109],[99.4361556,14.1290947]]]}},{"type":"Feature","id":1433238976,"properties":{"landuse":"military","military":"base","@type":"way","@id":1433238976,"branch":"other"},"geometry":{"type":"Polygon","coordinates":[[[99.4360167,14.1295437],[99.4404124,14.1345724],[99.440649,14.1347535],[99.4394088,14.1357399],[99.4389715,14.1364754],[99.4397478,14.1372195],[99.4384629,14.1386731],[99.4375171,14.1376089],[99.4364286,14.1388375],[99.4352151,14.1385693],[99.4343852,14.1376694],[99.4340105,14.1379636],[99.4333859,14.1373666],[99.4335554,14.1368301],[99.4333145,14.1365359],[99.433493,14.1359562],[99.4339213,14.1353159],[99.4325918,14.134044],[99.4321635,14.1349352],[99.4313515,14.1340007],[99.4319136,14.1334296],[99.4321189,14.1328153],[99.4343406,14.1309204],[99.4359556,14.1294926],[99.4360167,14.1295437]]]}},{"type":"Feature","id":1433238982,"properties":{"landuse":"military","military":"base","@type":"way","@id":1433238982,"branch":"other"},"geometry":{"type":"Polygon","coordinates":[[[99.4212877,14.1098876],[99.4227422,14.1078367],[99.4269359,14.110952],[99.4283724,14.1090569],[99.4354928,14.1142317],[99.4371525,14.1157028],[99.4377414,14.1165421],[99.4389102,14.11919],[99.4378663,14.1195708],[99.4381696,14.1202717],[99.4360549,14.1215697],[99.4354839,14.1215004],[99.4345202,14.1193285],[99.4340562,14.1196573],[99.4312099,14.1176584],[99.4297788,14.1183197],[99.4283011,14.1177276],[99.4269269,14.1141538],[99.4238218,14.1118087],[99.4212877,14.1098876]]]}},{"type":"Feature","id":1433238983,"properties":{"landuse":"military","military":"base","@type":"way","@id":1433238983,"branch":"other"},"geometry":{"type":"Polygon","coordinates":[[[99.4357962,14.1136195],[99.4416406,14.1059957],[99.4426489,14.1067139],[99.4417566,14.1079514],[99.4423455,14.1084014],[99.4399364,14.1117503],[99.4418637,14.1131089],[99.4413908,14.1137666],[99.4422384,14.114355],[99.440097,14.1169597],[99.4357962,14.1136195]]]}},{"type":"Feature","id":1433515391,"properties":{"landuse":"military","military":"base","@type":"way","@id":1433515391,"branch":"other"},"geometry":{"type":"Polygon","coordinates":[[[99.4226945,14.1414234],[99.4281949,14.1366036],[99.4298004,14.1389353],[99.4260977,14.141915],[99.4264203,14.1423322],[99.4246688,14.1436358],[99.4226945,14.1414234]]]}},{"type":"Feature","id":1433515392,"properties":{"landuse":"military","military":"base","@type":"way","@id":1433515392,"branch":"other"},"geometry":{"type":"Polygon","coordinates":[[[99.421957,14.1416096],[99.4295853,14.1351361],[99.4283255,14.1336164],[99.4250022,14.1364175],[99.4246327,14.1360163],[99.4244921,14.135881],[99.422249,14.1373411],[99.4228251,14.1380414],[99.4203822,14.1400601],[99.421957,14.1416096]]]}},{"type":"Feature","id":1434628379,"properties":{"landuse":"military","military":"base","name":"กองพันทหารม้าที่ 1","name:en":"Cavalry Squadron, 11th King’s Guard","name:th":"กองพันทหารม้าที่ 1","@type":"way","@id":1434628379,"branch":"army"},"geometry":{"type":"Polygon","coordinates":[[[100.9053262,14.5318169],[100.9056468,14.5323361],[100.9057485,14.5327688],[100.9057916,14.5329448],[100.906347,14.5331926],[100.9058887,14.5342164],[100.9054697,14.5351329],[100.9049123,14.5360546],[100.9043062,14.536818],[100.9037536,14.5375034],[100.9030831,14.538085],[100.9025407,14.538477],[100.9019834,14.5387912],[100.9008461,14.5391443],[100.899741,14.5393468],[100.8992218,14.5393227],[100.8991962,14.5374955],[100.898952,14.5363859],[100.8986283,14.5355948],[100.8990157,14.5353379],[100.8989786,14.5349167],[100.8986177,14.5341718],[100.9053262,14.5318169]]]}},{"type":"Feature","id":1434628381,"properties":{"landuse":"military","military":"base","name":"กองเครื่องมือช่วยฝึก ศูนย์การทหารม้า","name:th":"กองเครื่องมือช่วยฝึก ศูนย์การทหารม้า","@type":"way","@id":1434628381,"branch":"army"},"geometry":{"type":"Polygon","coordinates":[[[100.9025439,14.5275941],[100.898538,14.5275613],[100.8979277,14.5275872],[100.8979598,14.5286495],[100.8980883,14.5322355],[100.8985112,14.5340388],[100.9003986,14.5334224],[100.9002149,14.5326742],[100.9009926,14.5324954],[100.9011762,14.5332435],[100.9013752,14.5331579],[100.904319,14.5320885],[100.9041711,14.5319219],[100.9038108,14.5313539],[100.9037297,14.5307012],[100.9035939,14.5304792],[100.9026264,14.5304835],[100.9025439,14.5275941]]]}},{"type":"Feature","id":1446227134,"properties":{"landuse":"military","military":"base","name":"ค่ายร​ั​ตน​รังสรรค์​","name:en":"Rattanarangsan Camp","@type":"way","@id":1446227134,"branch":"other"},"geometry":{"type":"Polygon","coordinates":[[[98.5930161,9.7827469],[98.591514,9.7754632],[98.5914539,9.7745412],[98.5935845,9.7748168],[98.5962235,9.7751609],[98.5968082,9.775793],[98.5970599,9.7769214],[98.5981886,9.7767933],[98.5982779,9.7778016],[98.5973116,9.7778816],[98.5974984,9.7783537],[98.5975411,9.7792459],[98.5971679,9.7796492],[98.5964509,9.7796981],[98.5953141,9.7798901],[98.5956551,9.7816186],[98.5962966,9.7814745],[98.5964103,9.7820427],[98.595647,9.7822187],[98.5960703,9.7843815],[98.5945508,9.7847314],[98.5942828,9.7844433],[98.5938768,9.7826108],[98.5930161,9.7827469]]]}},{"type":"Feature","id":1446519646,"properties":{"landuse":"military","name":"กองพลทหารม้าที่ 3","@type":"way","@id":1446519646,"branch":"army"},"geometry":{"type":"Polygon","coordinates":[[[102.9759228,16.6758976],[102.9755881,16.6758236],[102.9567622,16.6770765],[102.956029,16.6770414],[102.9554302,16.6769633],[102.9520017,16.6758901],[102.9408703,16.7085228],[102.9615688,16.7072613],[102.9759228,16.6758976]]]}},{"type":"Feature","id":1446636848,"properties":{"landuse":"military","operator:en":"Royal Thai Army","@type":"way","@id":1446636848,"branch":"army"},"geometry":{"type":"Polygon","coordinates":[[[99.0441754,19.8580345],[99.0440065,19.857704],[99.0436122,19.85753],[99.0431857,19.8574669],[99.0429684,19.8574946],[99.0427995,19.8576435],[99.0427646,19.8577696],[99.0427726,19.858037],[99.0431857,19.8581884],[99.0437892,19.8583675],[99.0440118,19.8581682],[99.0441754,19.8580345]]]}},{"type":"Feature","id":1446721882,"properties":{"alt_name:en":"Roi Et Provincial Royal Thai Army","landuse":"military","military":"base","name":"ค่ายประเสิรฐสงคราม","name:en":"Prasertsongkham Fort","name:th":"ค่ายประเสิรฐสงคราม","@type":"way","@id":1446721882,"branch":"other"},"geometry":{"type":"Polygon","coordinates":[[[103.6488069,16.0650639],[103.6480429,16.0648808],[103.6482241,16.0644769],[103.6481961,16.0643585],[103.6459619,16.0643746],[103.6456724,16.0643369],[103.645508,16.0642633],[103.6444302,16.0634232],[103.644262,16.0632473],[103.6436101,16.0622618],[103.6434457,16.0621487],[103.6432944,16.0620841],[103.64233,16.0618948],[103.6421358,16.0619175],[103.6420915,16.0619183],[103.6420503,16.0619191],[103.6420446,16.0615412],[103.6419867,16.0615525],[103.6417528,16.061669],[103.6373675,16.0631932],[103.6349177,16.0640561],[103.634501,16.0641948],[103.6344299,16.0643172],[103.634384,16.0643249],[103.6343127,16.0643368],[103.6342693,16.0643441],[103.6341777,16.0642472],[103.6320305,16.0645624],[103.6301006,16.0648459],[103.6301059,16.0649253],[103.6300812,16.0649284],[103.6300533,16.0649934],[103.6299969,16.0650035],[103.6299331,16.0650149],[103.6298908,16.0649582],[103.6298609,16.0649591],[103.6298503,16.0649001],[103.6289131,16.0651812],[103.6281571,16.0655213],[103.6279506,16.0660338],[103.627762,16.0665021],[103.6267781,16.0683979],[103.6260249,16.069463],[103.6250933,16.0705617],[103.6239295,16.0730359],[103.6236028,16.0748115],[103.6260281,16.0767305],[103.626664,16.0766076],[103.6270812,16.0764402],[103.6288553,16.0765656],[103.6307441,16.0768332],[103.6314294,16.0716953],[103.6321191,16.0713791],[103.6322543,16.0713171],[103.6368795,16.0720648],[103.6413292,16.0718514],[103.6415297,16.072234],[103.6436215,16.0713743],[103.6436261,16.0708879],[103.6452536,16.0697325],[103.6452578,16.0700399],[103.6440815,16.0747122],[103.645362,16.0750886],[103.6457696,16.0734565],[103.646594,16.0696356],[103.6486018,16.0696505],[103.6487742,16.0682089],[103.6487438,16.0681929],[103.6487457,16.0681529],[103.6487472,16.0681211],[103.6487897,16.0680996],[103.6488189,16.0663749],[103.6488069,16.0650639]]]}},{"type":"Feature","id":1447199929,"properties":{"landuse":"military","name":"ค่ายพญาแล กองร้อยอาสารักษาดินแดนจังหวัดชัยภูมิที่ 1","@type":"way","@id":1447199929,"branch":"other"},"geometry":{"type":"Polygon","coordinates":[[[102.0155982,15.8054407],[102.016205,15.805414],[102.0162079,15.8053679],[102.0162217,15.8053674],[102.0164624,15.8053583],[102.0164967,15.805357],[102.0165051,15.8054008],[102.0169028,15.8053834],[102.0169965,15.8026772],[102.0152118,15.8024727],[102.0151614,15.8030041],[102.0150877,15.8030039],[102.0150618,15.8044457],[102.0156218,15.804455],[102.0155982,15.8054407]]]}},{"type":"Feature","id":1447698375,"properties":{"landuse":"military","military":"base","@type":"way","@id":1447698375,"branch":"other"},"geometry":{"type":"Polygon","coordinates":[[[102.8764479,17.2746064],[102.8782952,17.2720617],[102.8801483,17.2694682],[102.8803052,17.2691873],[102.8806778,17.2694167],[102.8833006,17.2655498],[102.8862812,17.2611023],[102.8903759,17.263627],[102.8912621,17.2641734],[102.8863646,17.2711348],[102.8844183,17.2738265],[102.881521,17.2779741],[102.8764479,17.2746064]]]}},{"type":"Feature","id":1447700853,"properties":{"landuse":"military","military":"base","@type":"way","@id":1447700853,"branch":"other"},"geometry":{"type":"Polygon","coordinates":[[[102.8862812,17.2611023],[102.8896612,17.2562269],[102.8946236,17.2595259],[102.8912621,17.2641734],[102.8903759,17.263627],[102.8862812,17.2611023]]]}},{"type":"Feature","id":1453039401,"properties":{"landuse":"military","name":"กองพันทหารสื่อสารที่ 21","name:en":"21st Signal Battalion","name:th":"กองพันทหารสื่อสารที่ 21","@type":"way","@id":1453039401,"branch":"other"},"geometry":{"type":"Polygon","coordinates":[[[100.6060047,13.8807017],[100.6060106,13.8809401],[100.6061876,13.882315],[100.6062457,13.8829168],[100.6059881,13.8829373],[100.6053587,13.8830583],[100.6050144,13.8831895],[100.6050123,13.8834151],[100.6043835,13.8837704],[100.6033856,13.8842663],[100.6029957,13.8844346],[100.6021985,13.8846088],[100.601616,13.8836306],[100.6017669,13.8835817],[100.6041382,13.8826543],[100.6035902,13.8814978],[100.6034865,13.8812128],[100.6060047,13.8807017]]]}},{"type":"Feature","id":1453039404,"properties":{"landuse":"military","name":"ศูนย์การเคลื่อนย้ายกองทัพบก","name:th":"ศูนย์การเคลื่อนย้ายกองทัพบก","@type":"way","@id":1453039404,"branch":"army"},"geometry":{"type":"Polygon","coordinates":[[[100.5987854,13.878697],[100.6004073,13.878596],[100.6004228,13.878595],[100.601041,13.8784954],[100.601201,13.8789669],[100.6016011,13.8788748],[100.6017888,13.8793539],[100.60203,13.8799694],[100.6038269,13.87964],[100.6045925,13.8796551],[100.6052024,13.8796919],[100.6058781,13.8795936],[100.6057341,13.8789301],[100.605739,13.8786374],[100.6058208,13.8781882],[100.6059342,13.8777083],[100.6059279,13.8776105],[100.6058964,13.8775158],[100.6057657,13.8772304],[100.6054884,13.8763959],[100.6052065,13.8759109],[100.6011917,13.8758246],[100.5999066,13.8758746],[100.5999907,13.876285],[100.6000221,13.8764163],[100.5991454,13.8765162],[100.5994202,13.8777238],[100.5984697,13.8782465],[100.5987854,13.878697]]]}},{"type":"Feature","id":1453777076,"properties":{"landuse":"military","name":"สถานีอุตุนิยมวิทยามุกดาหาร","@type":"way","@id":1453777076,"branch":"other"},"geometry":{"type":"Polygon","coordinates":[[[104.7249421,16.5427452],[104.7255857,16.5429097],[104.7255335,16.5431647],[104.7254868,16.543393],[104.7248096,16.5432954],[104.7249421,16.5427452]]]}},{"type":"Feature","id":1459372178,"properties":{"alt_name":"กองบิน 23","alt_name:en":"Wing 23","alt_name:th":"กองบิน 23","landuse":"military","military":"base","military_service":"air_force","name":"ฐานบินอุดรธานี","name:en":"Udon Thani Air Force Base","name:th":"ฐานบินอุดรธานี","@type":"way","@id":1459372178,"branch":"airforce"},"geometry":{"type":"Polygon","coordinates":[[[102.7830757,17.3827811],[102.7825101,17.3804956],[102.782201,17.3786684],[102.7821859,17.377933],[102.7824595,17.372795],[102.7826948,17.3714109],[102.7828994,17.3714158],[102.7829054,17.3715012],[102.7907036,17.3714817],[102.7922275,17.3714205],[102.79331,17.3711706],[102.7924256,17.3690242],[102.7962661,17.3665051],[102.7966126,17.367608],[102.7966397,17.3694368],[102.7979488,17.3728699],[102.7986571,17.372808],[102.7990386,17.3732851],[102.7999232,17.3737795],[102.7996301,17.3742735],[102.8071996,17.3785972],[102.8018495,17.3874386],[102.7999021,17.387553],[102.7978124,17.3935779],[102.798094,17.3937254],[102.7972914,17.3950068],[102.7949668,17.3936928],[102.795842,17.3909908],[102.7966705,17.3884071],[102.7950966,17.3883502],[102.7951063,17.3884526],[102.7934667,17.3883922],[102.7934613,17.3875226],[102.7929789,17.3863445],[102.7927134,17.3861852],[102.7923941,17.3859937],[102.7927134,17.3861852],[102.8042787,17.3806673],[102.804574,17.3803567],[102.8047015,17.379988],[102.8047038,17.3794186],[102.8043233,17.378756],[102.8015249,17.3770885],[102.784522,17.3853715],[102.7830757,17.3827811]]]}},{"type":"Feature","id":1460279759,"properties":{"alt_name":"กองบิน 21","alt_name:en":"Wing 21","landuse":"military","military":"base","military_service":"air_force","name":"ฐานบินอุบลราชธานี","name:en":"Ubon Ratchathani Air Force Base","@type":"way","@id":1460279759,"branch":"airforce"},"geometry":{"type":"Polygon","coordinates":[[[104.8703279,15.2581818],[104.8706117,15.2600515],[104.8704693,15.260073],[104.8698168,15.2601581],[104.8697714,15.2602061],[104.869544,15.2610282],[104.8695473,15.2612464],[104.8700454,15.2611913],[104.8701592,15.2623427],[104.8703374,15.2633971],[104.8648663,15.2639989],[104.864062,15.263046],[104.8639738,15.2629789],[104.8636473,15.2628694],[104.8635351,15.2628579],[104.8627037,15.2629277],[104.8623152,15.2630265],[104.862099,15.2630329],[104.8612051,15.2629657],[104.860486,15.2626675],[104.8601753,15.2625826],[104.8587806,15.2624355],[104.8587591,15.2624019],[104.8587918,15.262076],[104.8587913,15.2619955],[104.8587023,15.2618621],[104.8576948,15.2616322],[104.8576712,15.2615981],[104.8576946,15.2613844],[104.855093,15.2610968],[104.8550322,15.2608941],[104.854976,15.2607068],[104.8544029,15.2607023],[104.8536996,15.2567677],[104.8538297,15.2560627],[104.8539504,15.2559363],[104.8536677,15.2554376],[104.8533838,15.2549791],[104.8543458,15.2546946],[104.8554909,15.2545358],[104.856169,15.2544625],[104.8564599,15.2549358],[104.8575155,15.2548914],[104.8573347,15.2534581],[104.8572884,15.2533903],[104.8570125,15.2533938],[104.8569629,15.2530367],[104.8559325,15.2530185],[104.8559226,15.2519538],[104.8559833,15.2516334],[104.8561769,15.2498752],[104.8562359,15.2480369],[104.8553606,15.2479721],[104.855219,15.2470482],[104.8550649,15.2457951],[104.8552581,15.2457906],[104.8552777,15.2435326],[104.8556584,15.2419557],[104.8547074,15.241755],[104.8541331,15.2413322],[104.8540777,15.2407696],[104.853873,15.2407664],[104.8542622,15.239808],[104.8550962,15.2397795],[104.8551177,15.2403313],[104.8548214,15.2404022],[104.8549413,15.2407353],[104.8550668,15.2408814],[104.8555667,15.2414634],[104.8556479,15.2414968],[104.8556981,15.2415465],[104.8557487,15.2415962],[104.8557574,15.2416755],[104.8558839,15.2418208],[104.8559337,15.241979],[104.8559293,15.2421685],[104.8556038,15.2434365],[104.8652915,15.2509613],[104.8647376,15.2516135],[104.8648822,15.2519857],[104.8659277,15.2544357],[104.8666079,15.2548229],[104.8691734,15.2564816],[104.8697629,15.2567162],[104.8703709,15.2568762],[104.8714978,15.257075],[104.8726835,15.2570222],[104.8734248,15.256951],[104.8734523,15.2572238],[104.8791835,15.2615102],[104.8795889,15.2622424],[104.8824471,15.264403],[104.8830795,15.2651602],[104.8833087,15.2657846],[104.8804032,15.2664814],[104.8800058,15.2664204],[104.8783371,15.265495],[104.8775939,15.2652699],[104.8776776,15.2643066],[104.8778806,15.2643011],[104.8777653,15.2637253],[104.8772954,15.2620267],[104.876739,15.2620624],[104.8761592,15.2607323],[104.8753815,15.2611005],[104.8749404,15.2603642],[104.8741646,15.2605876],[104.8741903,15.2594851],[104.8737051,15.2590788],[104.8718048,15.2586682],[104.8714372,15.2586747],[104.8706455,15.2583303],[104.8706237,15.2581457],[104.8703279,15.2581818]]]}},{"type":"Feature","id":1462984390,"properties":{"landuse":"military","military":"base","@type":"way","@id":1462984390,"branch":"other"},"geometry":{"type":"Polygon","coordinates":[[[99.4318134,14.0866637],[99.4331296,14.0876237],[99.4319688,14.0896341],[99.4326062,14.0901317],[99.4317978,14.0915792],[99.4321346,14.0919561],[99.4317978,14.0924889],[99.4311397,14.0921371],[99.4305593,14.0909308],[99.4304039,14.0905689],[99.4300929,14.0908203],[99.4299219,14.0906795],[99.4296577,14.0908152],[99.4294607,14.0905036],[99.4293157,14.0906443],[99.4288768,14.0903491],[99.4283459,14.0911712],[99.4286359,14.0913616],[99.4277748,14.0927549],[99.4274982,14.0930622],[99.4272261,14.0929713],[99.4270298,14.0932136],[99.4272172,14.0933781],[99.4271012,14.0936334],[99.4269004,14.0935944],[99.4263874,14.0932785],[99.426664,14.0927723],[99.4264052,14.0926251],[99.4262089,14.0928977],[99.425794,14.0926078],[99.4259368,14.0923482],[99.4254728,14.0920669],[99.4251159,14.0924737],[99.4246251,14.0922011],[99.4262357,14.0900635],[99.4273466,14.0886095],[99.428316,14.0872277],[99.4295572,14.0881233],[99.4310361,14.0860954],[99.4318134,14.0866637]]]}},{"type":"Feature","id":1463493727,"properties":{"landuse":"military","military_service":"navy","name":"แผนกเรือพระราชพิธ๊ กองเรือเล็ก กรมการขนส่งทหารเรือ","waterway":"boatyard","@type":"way","@id":1463493727,"branch":"navy"},"geometry":{"type":"Polygon","coordinates":[[[100.4825456,13.7629079],[100.4824868,13.7619287],[100.4823118,13.7619831],[100.4822145,13.762013],[100.4815578,13.7622094],[100.4806319,13.7625554],[100.4807076,13.7626681],[100.4809497,13.7630607],[100.4812108,13.7630553],[100.4812873,13.7630336],[100.4821818,13.7627798],[100.4822576,13.762993],[100.4825456,13.7629079]]]}},{"type":"Feature","id":1464127074,"properties":{"amenity":"hospital","emergency":"yes","healthcare":"hospital","landuse":"military","name":"โรงพยาบาลภูมิพลอดุลยเดช","name:en":"Bhumibol Adulyadej Hospital","name:th":"โรงพยาบาลภูมิพลอดุลยเดช","wikidata":"Q13026856","wikimedia_commons":"Category:Bhumibol Adulyadej Hospital","wikipedia":"th:โรงพยาบาลภูมิพลอดุลยเดช","@type":"way","@id":1464127074,"branch":"other"},"geometry":{"type":"Polygon","coordinates":[[[100.621447,13.9085957],[100.6176579,13.9107696],[100.6163273,13.908634],[100.6185033,13.9075912],[100.6185857,13.9075718],[100.6202773,13.9066508],[100.6203451,13.9067651],[100.621447,13.9085957]]]}},{"type":"Feature","id":1464295357,"properties":{"addr:district":"บ้านนา","addr:housenumber":"9","addr:place":"หมู่ที่ 10","addr:postcode":"26110","addr:province":"นครนายก","addr:subdistrict":"ศรีกะอาง","amenity":"college","education":"college","landuse":"military","name":"โรงเรียนเตรียมทหาร","name:ar":"مدرسة أكاديميات القوات المسلحة الإعدادية","name:arz":"مدرسة اكاديميات القوات المسلحة الاعداديه","name:ca":"Escola Preparatòria de les Acadèmies de les Forces Armades","name:da":"Forberedelsesskolen til Akademiet for de Væbnede Styrker","name:en":"Armed Forces Academies Preparatory School","name:eu":"Indar Armatuen Akademien Prestaketa Eskola","name:it":"Scuola preparatoria delle Accademie delle Forze Armate","name:ja":"タイ王国士官学校予科","name:ru":"Подготовительная школа Академии Вооружённых сил Таиланда","name:th":"โรงเรียนเตรียมทหาร","name:zh":"泰国军官预备学校","name:zh-Hans":"泰国军官预备学校","name:zh-Hant":"泰國軍官預備學校","operator":"กองบัญชาการกองทัพไทย","operator:type":"military","website":"https://afaps.rtarf.mi.th","wikidata":"Q4792974","wikipedia":"th:โรงเรียนเตรียมทหาร","@type":"way","@id":1464295357,"branch":"other"},"geometry":{"type":"Polygon","coordinates":[[[101.1212597,14.3048924],[101.121468,14.3059159],[101.1201382,14.3064139],[101.1209378,14.3090991],[101.1214362,14.3093475],[101.1214397,14.3094723],[101.122624,14.3107897],[101.1263422,14.3085622],[101.1272585,14.3082315],[101.1279337,14.3098329],[101.1299264,14.3089102],[101.1300586,14.3079006],[101.1316891,14.3072653],[101.1330557,14.3083967],[101.1337291,14.3095207],[101.1345983,14.3090482],[101.1347524,14.3066835],[101.1369954,14.304352],[101.136991,14.3032132],[101.1396323,14.3018814],[101.1405993,14.3020157],[101.1414558,14.3009721],[101.141341,14.2995669],[101.1382123,14.3000334],[101.1378607,14.3001025],[101.1375579,14.2999816],[101.1329503,14.2984219],[101.1295332,14.2996745],[101.1291295,14.29987],[101.1232343,14.3005509],[101.1212435,14.3011257],[101.1210419,14.3012873],[101.1208918,14.3014796],[101.1208705,14.3017885],[101.1208764,14.3030206],[101.1212597,14.3048924]]]}},{"type":"Feature","id":1464956011,"properties":{"landuse":"military","name":"2nd Army Cavalry Brigade","@type":"way","@id":1464956011,"branch":"army"},"geometry":{"type":"Polygon","coordinates":[[[100.8083297,18.7928812],[100.8098606,18.7929081],[100.8098874,18.792385],[100.8105848,18.792385],[100.8105151,18.7907345],[100.809351,18.7907142],[100.8094261,18.7911002],[100.8033428,18.7910291],[100.8033428,18.7913186],[100.8019052,18.7913084],[100.8001403,18.7917045],[100.80043,18.7923089],[100.8035789,18.792253],[100.8035467,18.7915674],[100.8048502,18.7915115],[100.804861,18.7919838],[100.8060841,18.791928],[100.8061109,18.7922987],[100.8081815,18.7922936],[100.8083297,18.7928812]]]}},{"type":"Feature","id":1465816807,"properties":{"landuse":"military","name":"กองพันระวังป้องกัน","name:th":"กองพันระวังป้องกัน","@type":"way","@id":1465816807,"branch":"other"},"geometry":{"type":"Polygon","coordinates":[[[100.5942711,13.946475],[100.5952352,13.9462588],[100.5942871,13.9424877],[100.5942303,13.9422804],[100.5935902,13.9424243],[100.5943665,13.9451275],[100.5938426,13.9452618],[100.5942711,13.946475]]]}},{"type":"Feature","id":1466440822,"properties":{"aeroway":"aerodrome","landuse":"military","military":"airfield","name":"สนามบินเล็ก","name:th":"สนามบินเล็ก","@type":"way","@id":1466440822,"branch":"airforce"},"geometry":{"type":"Polygon","coordinates":[[[100.5767158,13.9430418],[100.5767929,13.9433273],[100.5773295,13.9453155],[100.5774441,13.9457403],[100.5775275,13.9460492],[100.5775525,13.9461418],[100.5747896,13.9468516],[100.5744831,13.9469262],[100.5741343,13.9469789],[100.5738933,13.9470104],[100.571962,13.9474519],[100.5718365,13.9473907],[100.5710079,13.9446937],[100.5710405,13.9446336],[100.571091,13.9445968],[100.5728884,13.9440501],[100.5753657,13.9433975],[100.5760928,13.9432059],[100.5767158,13.9430418]]]}},{"type":"Feature","id":1466440832,"properties":{"landuse":"military","name":"ศูนย์ปฏิบัติการทางอวกาศ","name:th":"ศูนย์ปฏิบัติการทางอวกาศ","@type":"way","@id":1466440832,"branch":"other"},"geometry":{"type":"Polygon","coordinates":[[[100.5894259,13.9421186],[100.5889913,13.9405063],[100.5888558,13.9399929],[100.5866253,13.940556],[100.58747,13.9437485],[100.5897233,13.9431916],[100.5894259,13.9421186]]]}},{"type":"Feature","id":1466440833,"properties":{"landuse":"military","name":"ศูนย์วิจัยพัฒนาวิทยาศาสตร์เทคโนโลยีการบินและอวกาศกองทัพอากาศ","name:en":"research and Development Center for Space and Aeroautical Science and Technology RTAF","name:th":"ศูนย์วิจัยพัฒนาวิทยาศาสตร์เทคโนโลยีการบินและอวกาศกองทัพอากาศ","@type":"way","@id":1466440833,"branch":"airforce"},"geometry":{"type":"Polygon","coordinates":[[[100.5889913,13.9405063],[100.5895785,13.9403556],[100.5894427,13.9398467],[100.59658,13.9380604],[100.5972571,13.9378948],[100.5979887,13.94012],[100.5945161,13.9410632],[100.5948288,13.9419842],[100.5897233,13.9431916],[100.5894259,13.9421186],[100.5889913,13.9405063]]]}},{"type":"Feature","id":1466440836,"properties":{"landuse":"military","@type":"way","@id":1466440836,"branch":"other"},"geometry":{"type":"Polygon","coordinates":[[[100.5979887,13.94012],[100.598314,13.9411643],[100.5948288,13.9419842],[100.5945161,13.9410632],[100.5979887,13.94012]]]}},{"type":"Feature","id":1466440838,"properties":{"landuse":"military","name":"ศูนย์การทหารอากาศโยธืน","name:en":"RTAF Security Force Training Center","name:th":"ศูนย์การทหารอากาศโยธืน","@type":"way","@id":1466440838,"branch":"airforce"},"geometry":{"type":"Polygon","coordinates":[[[100.5972571,13.9378948],[100.6053761,13.9353434],[100.6054591,13.9354221],[100.6057244,13.9365712],[100.6057518,13.9367673],[100.6057572,13.9368788],[100.6057965,13.9375617],[100.6058014,13.9378872],[100.6056198,13.9388547],[100.6055929,13.9389509],[100.6055481,13.9390057],[100.6042835,13.939442],[100.6034029,13.9397212],[100.6007098,13.9404776],[100.5997231,13.9408041],[100.5994763,13.9408816],[100.598314,13.9411643],[100.5979887,13.94012],[100.5972571,13.9378948]]]}},{"type":"Feature","id":1466440839,"properties":{"amenity":"prison","landuse":"military","name":"เรือนจำทหารอากาศ","name:th":"เรือนจำทหารอากาศ","@type":"way","@id":1466440839,"branch":"other"},"geometry":{"type":"Polygon","coordinates":[[[100.5798559,13.9447099],[100.5794649,13.943008],[100.5782417,13.9433039],[100.5781082,13.9426803],[100.5767158,13.9430418],[100.5767929,13.9433273],[100.5773295,13.9453155],[100.5777376,13.9452436],[100.5798559,13.9447099]]]}},{"type":"Feature","id":1466440840,"properties":{"landuse":"military","name":"กองร้อยปฏิบัติการพิเศษ 3","name:th":"กองร้อยปฏิบัติการพิเศษ 3","@type":"way","@id":1466440840,"branch":"other"},"geometry":{"type":"Polygon","coordinates":[[[100.5781082,13.9426803],[100.5798234,13.9422521],[100.5799564,13.942301],[100.5800181,13.9423575],[100.5800683,13.9425281],[100.5803343,13.9424578],[100.5808494,13.9443384],[100.5798559,13.9447099],[100.5794649,13.943008],[100.5782417,13.9433039],[100.5781082,13.9426803]]]}},{"type":"Feature","id":1470160900,"properties":{"landuse":"military","name":"ค่ายสุรศักดิ์มนตรี","name:en":"Fort Surasak Montri","@type":"way","@id":1470160900,"branch":"other"},"geometry":{"type":"Polygon","coordinates":[[[99.5203387,18.2930526],[99.5199718,18.2931646],[99.5195555,18.2930974],[99.5190732,18.2931936],[99.518127,18.2935953],[99.5212836,18.2980783],[99.5271505,18.3063358],[99.527556,18.3071425],[99.5277177,18.3076192],[99.5281202,18.3074337],[99.529722,18.3063703],[99.5300771,18.3061472],[99.5302692,18.3059955],[99.5304784,18.305805],[99.5306747,18.3057031],[99.5308668,18.3056603],[99.5310095,18.3056451],[99.5316435,18.3053079],[99.531886,18.3051276],[99.5325287,18.3046417],[99.5327003,18.3044706],[99.5331187,18.3040336],[99.5302517,18.3016632],[99.5301084,18.3014091],[99.5300467,18.3012025],[99.5300348,18.3010553],[99.5300587,18.300892],[99.5300978,18.3007077],[99.5301574,18.3005541],[99.5305951,18.3001547],[99.5307535,18.2999736],[99.5308029,18.2998507],[99.5307978,18.2997116],[99.5306343,18.2987981],[99.5305355,18.2983324],[99.5304299,18.298127],[99.5302426,18.2979685],[99.5292361,18.2976678],[99.5290743,18.297595],[99.5289261,18.2974786],[99.5282108,18.2964017],[99.528129,18.296219],[99.5280174,18.2958153],[99.5280346,18.2954934],[99.528099,18.2950105],[99.5279423,18.2946805],[99.5275904,18.294546],[99.526848,18.2943464],[99.5262879,18.2939878],[99.5260326,18.2936027],[99.5259446,18.2931953],[99.5260111,18.292853],[99.5261871,18.2925454],[99.5263848,18.2922162],[99.5264042,18.2920492],[99.5263355,18.2918821],[99.5262883,18.291764],[99.5262389,18.2917477],[99.5261252,18.2917782],[99.5257862,18.2916886],[99.5256317,18.2916213],[99.5255008,18.2916193],[99.5251188,18.2916662],[99.5250738,18.2915847],[99.5249622,18.2914726],[99.5248892,18.2914522],[99.524812,18.2914482],[99.524621,18.2915786],[99.5243721,18.291711],[99.5240932,18.2917782],[99.5238732,18.2917684],[99.5237169,18.2917592],[99.5236176,18.2917885],[99.5235728,18.2919116],[99.5232127,18.291971],[99.522945,18.2917081],[99.5228436,18.2916804],[99.5226792,18.2917019],[99.5224273,18.2920865],[99.5222114,18.292472],[99.5219864,18.2925131],[99.5218558,18.2926486],[99.5212711,18.2927231],[99.5208723,18.2928145],[99.5206313,18.292824],[99.5204935,18.2928926],[99.5203387,18.2930526]]]}},{"type":"Feature","id":1472324938,"properties":{"landuse":"military","military":"base","military_service":"army","name":"มณฑลทหารบกที่ 16","name:en":"16th Military Cicle","name:th":"มณฑลทหารบกที่ 16","@type":"way","@id":1472324938,"branch":"army"},"geometry":{"type":"Polygon","coordinates":[[[99.8221703,13.5495593],[99.8220625,13.5495891],[99.8219931,13.549013],[99.8218052,13.5490145],[99.821647,13.5484516],[99.8238694,13.5483161],[99.8239148,13.5497817],[99.8221703,13.5495593]]]}},{"type":"Feature","id":1473277682,"properties":{"landuse":"military","name":"ส่วนประสานงานข่าวร่วม","name:th":"ส่วนประสานงานข่าวร่วม","@type":"way","@id":1473277682,"branch":"other"},"geometry":{"type":"Polygon","coordinates":[[[100.5292473,13.7819138],[100.52968,13.7817885],[100.5296933,13.7817847],[100.5297187,13.7817773],[100.5295035,13.781175],[100.5294421,13.7810031],[100.529318,13.7810357],[100.528998,13.7811359],[100.5291756,13.7816902],[100.5292473,13.7819138]]]}},{"type":"Feature","id":1474793952,"properties":{"landuse":"military","name":"31st Infantry Brigade King's Royal Guard","@type":"way","@id":1474793952,"branch":"other"},"geometry":{"type":"Polygon","coordinates":[[[100.6428262,14.8453359],[100.6426283,14.84553],[100.6331101,14.8440385],[100.6260821,14.8430437],[100.6279098,14.8409262],[100.6292943,14.8390447],[100.6312169,14.8372083],[100.6344904,14.8379441],[100.6388013,14.8386849],[100.6390662,14.8358555],[100.6446475,14.8369165],[100.6428262,14.8453359]]]}},{"type":"Feature","id":1474793953,"properties":{"landuse":"military","name":"11th Artillery Regiment, 1st Artillery Brigade King's Royal Guard","@type":"way","@id":1474793953,"branch":"other"},"geometry":{"type":"Polygon","coordinates":[[[100.6426773,14.846076],[100.6424777,14.8458724],[100.6337267,14.8445818],[100.6317928,14.8525766],[100.6365899,14.853492],[100.6368245,14.8526151],[100.6410507,14.8534706],[100.6426773,14.846076]]]}},{"type":"Feature","id":1474793954,"properties":{"landuse":"military","name":"Artillery Division (Fort Sirikit)","@type":"way","@id":1474793954,"branch":"other"},"geometry":{"type":"Polygon","coordinates":[[[100.6410507,14.8534706],[100.6368245,14.8526151],[100.6365899,14.853492],[100.6317928,14.8525766],[100.6295624,14.8633643],[100.6270471,14.8737182],[100.6261848,14.8735793],[100.6248299,14.8809486],[100.6245065,14.8809176],[100.6241874,14.8823847],[100.6319358,14.8840604],[100.6317047,14.8827491],[100.6316673,14.88247],[100.6316569,14.8822632],[100.6316569,14.8821065],[100.6316881,14.8819519],[100.6317296,14.8817813],[100.6326093,14.8785366],[100.6330067,14.8770769],[100.6331313,14.8767494],[100.6333254,14.8764167],[100.6334902,14.8762042],[100.6360615,14.873833],[100.6362437,14.8736528],[100.6363818,14.8734794],[100.636601,14.8731988],[100.6367291,14.8729855],[100.636823,14.8727833],[100.6369099,14.8725287],[100.6379124,14.8678488],[100.6388988,14.8633647],[100.6399562,14.8584929],[100.6407513,14.8549025],[100.6410507,14.8534706]]]}},{"type":"Feature","id":1474797456,"properties":{"aeroway":"aerodrome","landuse":"military","military":"airfield","name":"ค่ายวชิราลงกรณ์","name:en":"1st Special Forces Regiment (Fort Vajiralongkorn)","name:th":"ค่ายวชิราลงกรณ์","@type":"way","@id":1474797456,"branch":"airforce"},"geometry":{"type":"Polygon","coordinates":[[[100.6530029,14.765192],[100.6528799,14.7651293],[100.6457989,14.7666109],[100.6472576,14.7732352],[100.6474994,14.7731786],[100.647776,14.773345],[100.6479225,14.773956],[100.6475507,14.7744838],[100.6487705,14.7796801],[100.6559452,14.7783897],[100.6530029,14.765192]]]}},{"type":"Feature","id":1481314968,"properties":{"landuse":"military","military":"base","name":"กองพันทหารราบที่ 2","name:th":"กองพันทหารราบที่ 2","@type":"way","@id":1481314968,"branch":"army"},"geometry":{"type":"Polygon","coordinates":[[[101.2829325,13.4194266],[101.2867216,13.4199141],[101.2872627,13.4243394],[101.2830844,13.4241856],[101.2829325,13.4194266]]]}},{"type":"Feature","id":1481314974,"properties":{"landuse":"military","military":"base","name":"กองพันทหารราบที่ 3","name:th":"กองพันทหารราบที่ 3","@type":"way","@id":1481314974,"branch":"army"},"geometry":{"type":"Polygon","coordinates":[[[101.2823292,13.4240061],[101.282105,13.4175864],[101.279078,13.4168527],[101.27805,13.4188439],[101.2791206,13.4201565],[101.2783391,13.4229924],[101.2790985,13.4237002],[101.2792234,13.4237616],[101.2793947,13.4237905],[101.2823292,13.4240061]]]}},{"type":"Feature","id":1481381668,"properties":{"addr:district":"พระนคร","addr:postcode":"10200","addr:province":"กรุงเทพมหานคร","addr:subdistrict":"พระบรมมหาราชวัง","landuse":"military","military":"base","name":"กระทรวงกลาโหม","name:de":"Verteidigungsministerium","name:en":"Ministry of Defence","name:ru":"Министерство обороны","name:th":"กระทรวงกลาโหม","website":"http://www.mod.go.th","wikidata":"Q851907","wikipedia":"th:กระทรวงกลาโหม (ประเทศไทย)","@type":"way","@id":1481381668,"branch":"other"},"geometry":{"type":"Polygon","coordinates":[[[100.4937445,13.7523205],[100.4939689,13.7523353],[100.495916,13.752408],[100.4960651,13.7513397],[100.4939219,13.7511072],[100.4938912,13.7511244],[100.4938727,13.7511426],[100.4938613,13.7512269],[100.4938216,13.7514846],[100.4938146,13.7515436],[100.4937665,13.751803],[100.4937644,13.751858],[100.4937067,13.7522461],[100.4937288,13.7522818],[100.4937445,13.7523205]]]}},{"type":"Feature","id":1487603197,"properties":{"landuse":"military","military":"base","military_service":"navy","name":"กองเรือเล็ก กรมการขนส่งทหารเรือ","name:en":"Small Vessel Division, Department of Transport, Royal Thai Navy","name:th":"กองเรือเล็ก กรมการขนส่งทหารเรือ","@type":"way","@id":1487603197,"branch":"navy"},"geometry":{"type":"Polygon","coordinates":[[[100.4829015,13.7628433],[100.4833534,13.7627255],[100.4833662,13.7626525],[100.4833467,13.7625796],[100.4837309,13.7624767],[100.4837598,13.7625887],[100.4842318,13.7624682],[100.4840387,13.7620702],[100.4840102,13.7619926],[100.4839458,13.7618171],[100.48388,13.7616163],[100.4835669,13.761713],[100.4834486,13.7613206],[100.4833196,13.761354],[100.483213,13.7613809],[100.4832207,13.7614098],[100.4828021,13.7614711],[100.4828131,13.7618656],[100.4828345,13.7619299],[100.4828626,13.7620142],[100.4828773,13.7621712],[100.4828943,13.7622104],[100.4829216,13.7622735],[100.4829015,13.7628433]]]}},{"type":"Feature","id":1498976983,"properties":{"landuse":"military","name":"กองรถยนต์","name:en":"Automobile Division","name:th":"กองรถยนต์","@type":"way","@id":1498976983,"branch":"other"},"geometry":{"type":"Polygon","coordinates":[[[100.4778237,13.749699],[100.477987,13.7486707],[100.4780179,13.7485555],[100.4789706,13.7488614],[100.4786251,13.7498198],[100.4782219,13.7497499],[100.4778237,13.749699]]]}},{"type":"Feature","id":1509395383,"properties":{"landuse":"military","@type":"way","@id":1509395383,"branch":"other"},"geometry":{"type":"Polygon","coordinates":[[[98.6150158,19.6916487],[98.6153552,19.6916839],[98.6157942,19.69181],[98.6160806,19.6918041],[98.616216,19.6918744],[98.6162487,19.6919213],[98.6161024,19.6920752],[98.6158876,19.6921734],[98.6154984,19.6922438],[98.6153599,19.6921588],[98.6152073,19.6920635],[98.614924,19.6916986],[98.61491,19.6916326],[98.6150158,19.6916487]]]}},{"type":"Feature","id":1510676178,"properties":{"landuse":"military","name":"ค่ายรัตนพล","name:en":"Fort Rattanapol","name:th":"ค่ายรัตนพล","@type":"way","@id":1510676178,"branch":"other"},"geometry":{"type":"Polygon","coordinates":[[[100.3825016,6.8722034],[100.3824485,6.8721423],[100.3822214,6.8721234],[100.3821885,6.8720781],[100.3819604,6.8720696],[100.3818426,6.871969],[100.3804591,6.871891],[100.3793586,6.8718114],[100.3774176,6.8716659],[100.3755204,6.8715549],[100.3741237,6.8697957],[100.371771,6.8668473],[100.3714667,6.8665862],[100.3709165,6.866243],[100.3688723,6.8653404],[100.3686597,6.8652405],[100.368489,6.865136],[100.3676534,6.8643328],[100.3668286,6.8635206],[100.3676933,6.8627059],[100.3678791,6.8625823],[100.3681212,6.8624774],[100.3684246,6.8624165],[100.3696666,6.8624896],[100.3723452,6.8626869],[100.3749016,6.862866],[100.3789495,6.8631258],[100.380257,6.863229],[100.3822787,6.863356],[100.3832472,6.8634153],[100.3840951,6.8640231],[100.384181,6.8641381],[100.3844884,6.8650063],[100.3846551,6.8654284],[100.3851922,6.8660497],[100.3861418,6.8670892],[100.3863559,6.8672843],[100.3880996,6.8684945],[100.388473,6.8687608],[100.3892841,6.8697346],[100.3896625,6.8701611],[100.390672,6.8710739],[100.3912728,6.8717573],[100.3906679,6.8718465],[100.3884757,6.872126],[100.3868124,6.8723265],[100.3838839,6.8722692],[100.3825016,6.8722034]]]}},{"type":"Feature","id":1510676182,"properties":{"landuse":"military","name":"กองทัพน้อยที่ 4","name:en":"4th Army Corps","name:th":"กองทัพน้อยที่ 4","@type":"way","@id":1510676182,"branch":"army"},"geometry":{"type":"Polygon","coordinates":[[[100.3818105,6.8795749],[100.3819343,6.8774199],[100.381923,6.8766367],[100.3821297,6.8751],[100.3822816,6.8735361],[100.3823163,6.8726478],[100.3835221,6.8727325],[100.3835796,6.8728047],[100.3839117,6.872819],[100.3839883,6.8727738],[100.385006,6.8728506],[100.3854286,6.8730619],[100.385971,6.8743488],[100.3866006,6.8759431],[100.3870118,6.8770232],[100.3876163,6.8786616],[100.3877333,6.8788161],[100.3878636,6.8789574],[100.3886646,6.8795735],[100.3887159,6.8796511],[100.3882247,6.8823175],[100.3855093,6.880918],[100.3852949,6.8808591],[100.3850303,6.8808252],[100.384727,6.8808614],[100.3841978,6.8810697],[100.3834269,6.8816199],[100.3827464,6.8807314],[100.3818105,6.8795749]]]}},{"type":"Feature","id":1512791648,"properties":{"landuse":"military","@type":"way","@id":1512791648,"branch":"other"},"geometry":{"type":"Polygon","coordinates":[[[99.0243199,19.9305478],[99.0244756,19.930182],[99.0245347,19.929901],[99.0245129,19.9296288],[99.0246094,19.9295351],[99.0249363,19.9295556],[99.0252632,19.9297108],[99.0254065,19.9299039],[99.0252383,19.9302405],[99.0251481,19.9305303],[99.0250266,19.9307117],[99.0248741,19.9307878],[99.0246499,19.9307908],[99.0244569,19.9307264],[99.0243199,19.9305478]]]}},{"type":"Feature","id":1517148221,"properties":{"fixme":"approximate","landuse":"military","name":"ค่ายวชิราวุธ","@type":"way","@id":1517148221,"branch":"other"},"geometry":{"type":"Polygon","coordinates":[[[99.9513434,8.5105776],[99.9517131,8.5046189],[99.9523253,8.4982998],[99.9524829,8.4957131],[99.9525289,8.4947968],[99.9526992,8.4931444],[99.9528388,8.4917177],[99.9530677,8.4894747],[99.9531771,8.4882459],[99.9533266,8.4863316],[99.9535185,8.4841202],[99.9537279,8.4820404],[99.9560306,8.4599167],[99.9586759,8.4603304],[99.9582297,8.463928],[99.9577319,8.4681303],[99.9576268,8.4690684],[99.9574636,8.4702904],[99.9600424,8.4706061],[99.9598877,8.472399],[99.959559,8.4749607],[99.95939,8.4762278],[99.9593263,8.4767416],[99.9591302,8.4779898],[99.9587641,8.4801796],[99.958467,8.4816607],[99.9583775,8.4822944],[99.9582857,8.4831215],[99.9580855,8.4831118],[99.9578199,8.4856041],[99.9577764,8.4859122],[99.9577067,8.486679],[99.957468,8.4882868],[99.9574432,8.4888481],[99.9573756,8.4897348],[99.9572691,8.4897432],[99.9572675,8.4898507],[99.9572309,8.4907894],[99.9571684,8.4922353],[99.9571152,8.4933521],[99.9570139,8.494655],[99.9568491,8.4962894],[99.9566444,8.4979423],[99.9565057,8.4999301],[99.9552935,8.5107421],[99.9536409,8.510625],[99.9534758,8.5105101],[99.9532628,8.5104873],[99.9532295,8.5107725],[99.9531676,8.5108002],[99.9513434,8.5105776]]]}},{"type":"Feature","id":1524281339,"properties":{"landuse":"military","military":"base","military_service":"canine","name":"ศูนย์การสุนัขทหาร","name:th":"ศูนย์การสุนัขทหาร","@type":"way","@id":1524281339,"branch":"other"},"geometry":{"type":"Polygon","coordinates":[[[101.5170295,14.7506362],[101.5179187,14.7503782],[101.5178426,14.7501101],[101.5182604,14.7498471],[101.5183327,14.7494966],[101.519747,14.7489984],[101.5213338,14.7478056],[101.5220943,14.7517978],[101.5250465,14.7515311],[101.5250871,14.7511714],[101.5262337,14.7505831],[101.5250914,14.7481461],[101.5270524,14.7473192],[101.5281037,14.7480925],[101.5309031,14.7538459],[101.523624,14.7571375],[101.5240066,14.7584761],[101.5217961,14.7592051],[101.5220254,14.7598404],[101.521268,14.760228],[101.519381,14.7556222],[101.5170517,14.7562401],[101.516722,14.7552111],[101.516829,14.7542795],[101.516648,14.7538489],[101.5165061,14.7523793],[101.5158103,14.7515176],[101.5155579,14.7510214],[101.5170295,14.7506362]]]}},{"type":"Feature","id":1524281340,"properties":{"landuse":"military","military":"base","military_service":"canine","name":"กองพันสุนัขทหาร","name:th":"กองพันสุนัขทหาร","@type":"way","@id":1524281340,"branch":"other"},"geometry":{"type":"Polygon","coordinates":[[[101.521268,14.760228],[101.5241596,14.7657198],[101.5221082,14.7661052],[101.521825,14.7651396],[101.5194728,14.7653839],[101.5218932,14.7736802],[101.5258779,14.7718244],[101.527228,14.7711957],[101.5294211,14.7703198],[101.5310957,14.7687207],[101.5413646,14.7583704],[101.5383903,14.7505889],[101.5309031,14.7538459],[101.523624,14.7571375],[101.5240066,14.7584761],[101.5217961,14.7592051],[101.5220254,14.7598404],[101.521268,14.760228]]]}},{"type":"Feature","id":1524281341,"properties":{"landuse":"military","military":"base","@type":"way","@id":1524281341,"branch":"other"},"geometry":{"type":"Polygon","coordinates":[[[101.5413646,14.7583704],[101.5430397,14.7567416],[101.5593644,14.7517485],[101.5600098,14.7521059],[101.5620466,14.7575766],[101.5633343,14.7571642],[101.5657411,14.7518515],[101.5663168,14.7519079],[101.5673852,14.7527206],[101.5610483,14.7630955],[101.5527828,14.7658676],[101.548002,14.7629295],[101.5440538,14.7637595],[101.5413646,14.7583704]]]}},{"type":"Feature","id":1550119265,"properties":{"landuse":"military","military":"bunker","military_service":"navy","name":"กรมพลาธิการทหารเรือ","name:en":"Naval Supply Department","name:th":"กรมพลาธิการทหารเรือ","@type":"way","@id":1550119265,"branch":"navy"},"geometry":{"type":"Polygon","coordinates":[[[100.4856867,13.7474419],[100.48568,13.7474631],[100.4853593,13.7484845],[100.4843446,13.748186],[100.484688,13.7471784],[100.4847299,13.7470835],[100.4849667,13.7471708],[100.4851398,13.7472221],[100.4856618,13.7474339],[100.4856867,13.7474419]]]}},{"type":"Feature","id":1550119273,"properties":{"landuse":"military","military":"base","military_service":"navy","name":"ฐานทัพเรือกรุงเทพ","name:en":"Bangkok Naval Base","name:th":"ฐานทัพเรือกรุงเทพ","@type":"way","@id":1550119273,"branch":"navy"},"geometry":{"type":"Polygon","coordinates":[[[100.4866038,13.7477423],[100.4865635,13.7477287],[100.4862723,13.7476307],[100.48568,13.7474631],[100.4853593,13.7484845],[100.4843446,13.748186],[100.4843324,13.748238],[100.4843168,13.7483047],[100.48428,13.7483303],[100.4842175,13.7485167],[100.4841547,13.7487634],[100.4840788,13.7493168],[100.4840656,13.7494128],[100.4840587,13.7494635],[100.4839385,13.750024],[100.4839217,13.7501022],[100.4838386,13.7506179],[100.4838086,13.7508038],[100.4838039,13.7508327],[100.4837953,13.7508958],[100.4837583,13.7511677],[100.4841525,13.751175],[100.4842066,13.7515191],[100.4843042,13.7521394],[100.484903,13.7516192],[100.4852469,13.7515276],[100.4853389,13.7514938],[100.4865017,13.7514711],[100.4865152,13.7514626],[100.4865944,13.75142],[100.486638,13.7513839],[100.4866424,13.7512438],[100.4866538,13.7510907],[100.48661,13.7510433],[100.4865613,13.7510122],[100.4864281,13.7510073],[100.4864273,13.7509946],[100.4864001,13.7509924],[100.4863918,13.7509689],[100.4863973,13.7508518],[100.4865625,13.7508317],[100.4866497,13.7508093],[100.486718,13.7507632],[100.4867485,13.7507668],[100.4867685,13.7507631],[100.4867917,13.750743],[100.4868153,13.7507149],[100.4868342,13.7504155],[100.4868576,13.750204],[100.4867493,13.7501936],[100.4867784,13.7499545],[100.4867817,13.7499271],[100.4867975,13.7499296],[100.4868032,13.7498877],[100.48679,13.7498637],[100.4867635,13.7498496],[100.4867136,13.7498422],[100.4867277,13.7497449],[100.4868124,13.7497533],[100.4868262,13.7496497],[100.4868113,13.7496155],[100.4868379,13.7494536],[100.4868642,13.7492996],[100.4868892,13.7491655],[100.4869098,13.7490624],[100.4869199,13.7490038],[100.4869619,13.748855],[100.4870695,13.7484232],[100.4870716,13.7484121],[100.4871151,13.7481777],[100.4871178,13.7480461],[100.4871082,13.7480012],[100.4870864,13.7479697],[100.4870201,13.7478941],[100.4869782,13.7478681],[100.4866038,13.7477423]]]}},{"type":"Feature","id":1550119313,"properties":{"landuse":"military","name":"กรมอู่ทหารเรือ","name:en":"Royal Thai Naval Dockyard","name:th":"กรมอู่ทหารเรือ","@type":"way","@id":1550119313,"branch":"navy"},"geometry":{"type":"Polygon","coordinates":[[[100.4867817,13.7499271],[100.4840656,13.7494128],[100.4840587,13.7494635],[100.4839385,13.750024],[100.4839217,13.7501022],[100.4838386,13.7506179],[100.4838086,13.7508038],[100.4838039,13.7508327],[100.4837953,13.7508958],[100.4837583,13.7511677],[100.4841525,13.751175],[100.4842066,13.7515191],[100.4843042,13.7521394],[100.484903,13.7516192],[100.4852469,13.7515276],[100.4853389,13.7514938],[100.4865017,13.7514711],[100.4865152,13.7514626],[100.4865944,13.75142],[100.486638,13.7513839],[100.4866424,13.7512438],[100.4866538,13.7510907],[100.48661,13.7510433],[100.4865613,13.7510122],[100.4864281,13.7510073],[100.4864273,13.7509946],[100.4864001,13.7509924],[100.4863918,13.7509689],[100.4863973,13.7508518],[100.4865625,13.7508317],[100.4866497,13.7508093],[100.486718,13.7507632],[100.4867485,13.7507668],[100.4867685,13.7507631],[100.4867917,13.750743],[100.4868153,13.7507149],[100.4868576,13.750204],[100.4867493,13.7501936],[100.4867784,13.7499545],[100.4867817,13.7499271]]]}},{"type":"Feature","id":1554502318,"properties":{"landuse":"military","military":"base","military_service":"air_force","name":"ฐานบินโคราช","name:en":"Korat Air Force Base","name:th":"ฐานบินโคราช","wikidata":"Q4356898","wikipedia":"th:ฐานบินโคราช","@type":"way","@id":1554502318,"branch":"airforce"},"geometry":{"type":"Polygon","coordinates":[[[102.0545842,14.9384687],[102.0546668,14.935421],[102.0547228,14.9346736],[102.0548592,14.9342323],[102.0550744,14.9336964],[102.0554848,14.9329898],[102.0563897,14.9316044],[102.0571134,14.9320317],[102.0576092,14.9312476],[102.0568904,14.9308594],[102.0597515,14.9264242],[102.0623379,14.922335],[102.0625395,14.92199],[102.0640024,14.9223522],[102.0642248,14.9214927],[102.0654785,14.9217912],[102.0653284,14.9212659],[102.0649761,14.9201643],[102.0686235,14.92059],[102.0690669,14.9207786],[102.0695197,14.9208394],[102.0716052,14.9209118],[102.0740084,14.9209971],[102.0794268,14.9211918],[102.0800064,14.9210883],[102.0803774,14.9210578],[102.0805742,14.9210551],[102.081227,14.9210844],[102.0816843,14.9211659],[102.0818553,14.9211795],[102.0822426,14.9211866],[102.0830804,14.9211522],[102.0857678,14.9212541],[102.0892279,14.9213779],[102.0893454,14.9209746],[102.090841,14.9210361],[102.0970844,14.9266387],[102.0974699,14.9280302],[102.0986365,14.9327252],[102.0988655,14.9336469],[102.099366,14.9354084],[102.0965066,14.9391847],[102.0962361,14.9395972],[102.0956624,14.9404721],[102.0941112,14.9430572],[102.0927067,14.9448978],[102.0898305,14.9491397],[102.0896185,14.9492794],[102.0895867,14.9492457],[102.0844776,14.9489914],[102.0815282,14.9488417],[102.0812034,14.948829],[102.076832,14.9485657],[102.0759378,14.9483817],[102.073959,14.9479674],[102.0722401,14.9480035],[102.071006,14.9480293],[102.0665802,14.9481],[102.067075,14.9431495],[102.0672167,14.9413408],[102.0671509,14.9382275],[102.0620516,14.9382665],[102.0545842,14.9384687]]]}},{"type":"Feature","id":1559280196,"properties":{"landuse":"military","military":"base","military_service":"army","name":"ค่ายประจักษ์ศิลปาคม","name:en":"Fort Prachaksinlapakhom","@type":"way","@id":1559280196,"branch":"other"},"geometry":{"type":"Polygon","coordinates":[[[102.8071996,17.3785972],[102.8130717,17.3688704],[102.8104519,17.3678482],[102.8068793,17.366099],[102.8068804,17.3658685],[102.8064077,17.3656224],[102.8064311,17.3655744],[102.799922,17.3619899],[102.7960017,17.360358],[102.793724,17.3656999],[102.7961092,17.3660362],[102.7962661,17.3665051],[102.7966126,17.367608],[102.7966397,17.3694368],[102.7979488,17.3728699],[102.7986571,17.372808],[102.7990386,17.3732851],[102.7999232,17.3737795],[102.7996301,17.3742735],[102.8071996,17.3785972]]]}},{"type":"Feature","id":1562773287,"properties":{"landuse":"military","name":"แผนกการฝึกกำลังสำรอง","@type":"way","@id":1562773287,"branch":"other"},"geometry":{"type":"Polygon","coordinates":[[[100.6217914,7.1507722],[100.6209253,7.1502283],[100.6201374,7.1477513],[100.6201504,7.1469738],[100.6201592,7.1468542],[100.6207896,7.1470828],[100.6222577,7.1476531],[100.6235154,7.1483446],[100.623254,7.1488015],[100.6217914,7.1507722]]]}},{"type":"Feature","id":1562773308,"properties":{"military":"barracks","name":"กองร้ออาสาสมัครรักษาดินแดน","@type":"way","@id":1562773308,"branch":"army"},"geometry":{"type":"Polygon","coordinates":[[[100.6351283,7.1333021],[100.6339859,7.1327851],[100.6342279,7.1320903],[100.6347145,7.1313218],[100.635605,7.1302799],[100.6366432,7.1305187],[100.6362439,7.1314205],[100.6351283,7.1333021]]]}},{"type":"Feature","id":1563859089,"properties":{"landuse":"military","name":"ค่ายมหาสุรสิงหนาท","unit":"กองพันทหารราบที่ 2","@type":"way","@id":1563859089,"branch":"other"},"geometry":{"type":"Polygon","coordinates":[[[101.3092801,12.6552983],[101.3092541,12.6552908],[101.3078585,12.6520457],[101.3078767,12.651988],[101.3097049,12.6509555],[101.310376,12.6500799],[101.3104789,12.650007],[101.31182,12.6496333],[101.311867,12.6496062],[101.311897,12.6495668],[101.311564,12.6478559],[101.3106535,12.6449852],[101.310578,12.6447602],[101.3136261,12.6437002],[101.3180582,12.6419828],[101.3206706,12.640894],[101.3329285,12.6352571],[101.3349134,12.6399643],[101.3331886,12.6417581],[101.3328912,12.641985],[101.3316584,12.6426497],[101.3312042,12.6429927],[101.3307338,12.6434042],[101.3291441,12.6451927],[101.3288521,12.6454565],[101.328598,12.6455726],[101.3263487,12.6464694],[101.3248942,12.6471289],[101.3239967,12.6476882],[101.3219188,12.6490867],[101.3208371,12.6497664],[101.3201557,12.6502683],[101.3193564,12.650708],[101.3178597,12.651378],[101.3161645,12.6521212],[101.3141368,12.6530163],[101.3129094,12.6536132],[101.3110158,12.6545292],[101.3092801,12.6552983]]]}},{"type":"Feature","id":3792908,"properties":{"landuse":"military","name":"ศูนย์การฝึกนักศึกษาวิชาทหาร มณฑลทหารบกที่ 33","name:en":"Reserve Officer Centre for Military Training (33rd Military Circle)","note":"barracks","type":"multipolygon","@type":"relation","@id":3792908,"branch":"army"},"geometry":{"type":"Polygon","coordinates":[[[98.9572454,18.8258081],[98.9571593,18.8258378],[98.955628,18.8263664],[98.9553062,18.8266203],[98.955038,18.8271179],[98.9549307,18.8275444],[98.9548258,18.8277328],[98.9549782,18.8278249],[98.95518,18.8283817],[98.9555694,18.8285896],[98.9558242,18.8287978],[98.9560435,18.8288519],[98.9563278,18.8288493],[98.9569984,18.8287909],[98.9575022,18.8287511],[98.9572705,18.8260637],[98.9572454,18.8258081]]]}},{"type":"Feature","id":4079143,"properties":{"alt_name:en":"Khai Khun Nen Krom Rop Phiset Thi Ha","landuse":"military","name":"ค่ายขุนเณร กรมรบพิเศษที่ห้า","name:en":"Khunnain Camp, 5th Special Forces Regiment","name:th":"ค่ายขุนเณร กรมรบพิเศษที่ห้า","note":"boundary approximate","source":"Bing, personal","source:name":"physical signs at gate","type":"multipolygon","@type":"relation","@id":4079143,"branch":"other"},"geometry":{"type":"Polygon","coordinates":[[[98.9396964,18.8958136],[98.9256671,18.8897587],[98.9219571,18.9013413],[98.9243393,18.906945],[98.9237979,18.9071653],[98.9237732,18.9078152],[98.9210923,18.907834],[98.9211931,18.909737],[98.9236778,18.9096868],[98.9239655,18.9094413],[98.925899,18.9094629],[98.9259873,18.9094639],[98.9293006,18.9084805],[98.9321887,18.9076232],[98.9338207,18.9076305],[98.9352536,18.9076416],[98.9352737,18.9061901],[98.9360004,18.9062528],[98.9364259,18.9053689],[98.9358945,18.9048122],[98.9358088,18.9046143],[98.9357714,18.9044072],[98.935769,18.9038935],[98.9356827,18.9028457],[98.9361011,18.9021555],[98.9376113,18.9010053],[98.9379641,18.9006981],[98.9382281,18.900159],[98.9383024,18.8995028],[98.9380449,18.8981205],[98.9381304,18.8974397],[98.9383966,18.8970113],[98.9388029,18.896606],[98.9396964,18.8958136]]]}},{"type":"Feature","id":4107372,"properties":{"landuse":"military","name":"ฐานทัพเรือสัตหีบ","name:en":"Sattahip Royal Thai Navy Base","name:th":"ฐานทัพเรือสัตหีบ","type":"multipolygon","@type":"relation","@id":4107372,"branch":"navy"},"geometry":{"type":"Polygon","coordinates":[[[100.8894363,12.7281334],[100.8890449,12.7293787],[100.8895245,12.7298192],[100.888281,12.7302745],[100.8883454,12.7307297],[100.8903799,12.7302025],[100.892406,12.7345526],[100.8925366,12.7348399],[100.8928333,12.7354981],[100.8928449,12.7355236],[100.8928485,12.7355315],[100.8928861,12.7356138],[100.8928938,12.7356311],[100.8930161,12.7359033],[100.898924,12.7490586],[100.8972664,12.7497754],[100.8925189,12.7510364],[100.8880131,12.752221],[100.8839993,12.7532754],[100.8821205,12.7537658],[100.8805509,12.7541547],[100.8806516,12.7568523],[100.8806743,12.7574613],[100.8806678,12.7607337],[100.8801627,12.7606703],[100.8795858,12.7606615],[100.8790208,12.7607381],[100.8785939,12.7608981],[100.8782556,12.7611015],[100.8781216,12.761275],[100.8781684,12.7616197],[100.8777686,12.7615334],[100.8774701,12.7612793],[100.8770852,12.7614026],[100.8768897,12.7616474],[100.8767668,12.7619132],[100.8767569,12.7619503],[100.8765209,12.7622219],[100.8765175,12.7625913],[100.8762766,12.7632304],[100.8760434,12.7635145],[100.8759656,12.7638676],[100.8757672,12.7641502],[100.8755404,12.7645792],[100.8754639,12.7646827],[100.8754761,12.7648598],[100.8753529,12.7650539],[100.8751703,12.7651042],[100.8748355,12.7653323],[100.8747803,12.7654268],[100.8746783,12.765513],[100.8744722,12.7655868],[100.8740587,12.7658139],[100.873425,12.7661118],[100.8732406,12.7662141],[100.873104,12.7663866],[100.8730157,12.7665397],[100.8728249,12.7667687],[100.8727187,12.7669007],[100.8723162,12.7677333],[100.8717946,12.7693073],[100.8715732,12.7692579],[100.8706846,12.7693854],[100.8700521,12.7695601],[100.8689657,12.7687906],[100.867996,12.7683087],[100.8653045,12.7674506],[100.8643782,12.767967],[100.8619357,12.7667682],[100.859755,12.7664395],[100.8563807,12.7641386],[100.8548542,12.7617913],[100.854758,12.7616447],[100.8548185,12.7615013],[100.8549692,12.7613892],[100.8550445,12.7612596],[100.8550084,12.7610722],[100.8552111,12.7605751],[100.855235,12.7604057],[100.8551746,12.7603265],[100.8551554,12.7603013],[100.8553282,12.7600592],[100.8556099,12.7601559],[100.8557086,12.7601438],[100.8562772,12.7596501],[100.8563699,12.7591683],[100.8571127,12.7583348],[100.8571127,12.7581789],[100.8569501,12.757632],[100.8565968,12.7569566],[100.8564622,12.7564234],[100.8562095,12.7560234],[100.8553973,12.7553126],[100.8550688,12.755048],[100.8545068,12.7543606],[100.8527722,12.7532784],[100.8521277,12.7531256],[100.8509611,12.7526877],[100.8507195,12.7526749],[100.8506614,12.7528685],[100.8503607,12.7529035],[100.8501033,12.7528469],[100.8485798,12.7533808],[100.8477184,12.7534629],[100.8466474,12.7528078],[100.8457074,12.7528985],[100.8446784,12.7542762],[100.8439143,12.7543575],[100.843137,12.7539451],[100.8425573,12.7538474],[100.8421014,12.7534259],[100.8414828,12.7527491],[100.8406411,12.7527455],[100.8398944,12.7511109],[100.8406041,12.750041],[100.8409644,12.7486637],[100.8412382,12.7482226],[100.84127,12.7477531],[100.8416658,12.747233],[100.8413185,12.7464299],[100.8416,12.7462172],[100.8415406,12.7460935],[100.8416912,12.7460084],[100.8417507,12.7458576],[100.8416034,12.7457157],[100.8421598,12.7450499],[100.8421551,12.7447631],[100.8420329,12.744556],[100.8419991,12.7443643],[100.8415009,12.7431814],[100.8408824,12.7421411],[100.8398664,12.7409579],[100.8389646,12.7409287],[100.8380972,12.7406233],[100.8370875,12.7408235],[100.8364654,12.7395582],[100.8360098,12.7390041],[100.8361655,12.7387898],[100.8359243,12.7381171],[100.8360785,12.7372666],[100.8360421,12.7367197],[100.8351421,12.7351773],[100.8352247,12.7347225],[100.8348617,12.7340807],[100.8342805,12.7337869],[100.8341019,12.7332657],[100.834416,12.7326695],[100.8350776,12.7327871],[100.8354028,12.7327242],[100.8358542,12.7321062],[100.8361066,12.7309111],[100.8364346,12.7305857],[100.8368776,12.7287342],[100.8374215,12.7278837],[100.8377697,12.7268026],[100.8379645,12.7255521],[100.8385093,12.7250532],[100.8386219,12.7242932],[100.8386443,12.7236817],[100.8381928,12.7219289],[100.8376697,12.7207541],[100.8369748,12.719746],[100.8365066,12.7196476],[100.8359269,12.7197683],[100.8356318,12.7182664],[100.835126,12.7170706],[100.8346362,12.7158825],[100.8345963,12.7145633],[100.8339758,12.7134682],[100.8349066,12.7126286],[100.8351561,12.7119449],[100.8363168,12.7116358],[100.836914,12.7111572],[100.8376514,12.7104352],[100.8383243,12.7100386],[100.8389775,12.70924],[100.8394802,12.7085528],[100.8401362,12.7070879],[100.8401906,12.7059318],[100.8396366,12.7054556],[100.8395135,12.704796],[100.8387142,12.7043544],[100.8382017,12.7036193],[100.8375761,12.7031624],[100.8372277,12.7022699],[100.8373505,12.7020948],[100.8374677,12.7019276],[100.8379697,12.7017372],[100.8382978,12.7011672],[100.8383692,12.700597],[100.8386561,12.7000282],[100.8384713,12.6991747],[100.8379212,12.6984651],[100.8378949,12.6980727],[100.8376658,12.6978611],[100.8377178,12.6977832],[100.8378516,12.6975829],[100.8378896,12.6975262],[100.8381115,12.6976054],[100.8384614,12.697524],[100.8389023,12.6977851],[100.8393075,12.6979391],[100.8399825,12.6977952],[100.8404988,12.6973341],[100.8409908,12.6966578],[100.8417366,12.6964281],[100.8435983,12.6951207],[100.8444261,12.6942628],[100.8451656,12.6946451],[100.845512,12.6951077],[100.8455945,12.6960561],[100.8459133,12.6962988],[100.8468113,12.6977573],[100.8471809,12.6975322],[100.8476187,12.6978339],[100.8480632,12.6974889],[100.8485496,12.697719],[100.8495742,12.6983269],[100.8501844,12.6983357],[100.8510777,12.6979727],[100.8526105,12.6962678],[100.8528662,12.6955108],[100.8534119,12.6952316],[100.8537756,12.6944878],[100.8551753,12.6939834],[100.8553615,12.6927013],[100.8547412,12.6916451],[100.852244,12.6909981],[100.851586,12.6894996],[100.8507733,12.6884559],[100.8502458,12.6881031],[100.848225,12.6885141],[100.8453047,12.6868298],[100.8432803,12.6841974],[100.8413295,12.6842283],[100.8404239,12.683403],[100.8412044,12.6831029],[100.8418105,12.6819651],[100.842536,12.681423],[100.8428207,12.6799582],[100.8420722,12.6793042],[100.8406665,12.675681],[100.8423354,12.6742999],[100.8426341,12.6739641],[100.8422574,12.672431],[100.8429824,12.6704219],[100.8443667,12.6706505],[100.8447899,12.6728048],[100.8465142,12.6735916],[100.8469881,12.6743045],[100.8471102,12.6750578],[100.847211,12.675634],[100.8473608,12.6758209],[100.8478971,12.6760852],[100.8487882,12.676169],[100.8496367,12.6760607],[100.8502784,12.6759072],[100.851421,12.6752484],[100.8519206,12.6749466],[100.8521672,12.674916],[100.8525009,12.6750274],[100.8528008,12.6750317],[100.8533704,12.6753409],[100.8541013,12.6753025],[100.8558301,12.6764166],[100.8559492,12.6763156],[100.8570433,12.6753876],[100.8583572,12.6741592],[100.8594741,12.672812],[100.8607387,12.6708848],[100.8615742,12.6690186],[100.8619503,12.6677417],[100.8619619,12.6677023],[100.8620814,12.6673754],[100.8621459,12.6671948],[100.8622299,12.6671049],[100.8622433,12.6668772],[100.8622384,12.66589],[100.8622058,12.6657912],[100.8621319,12.6656931],[100.8620365,12.6656383],[100.8619679,12.665507],[100.8619805,12.665373],[100.8620261,12.6652521],[100.8620905,12.6651997],[100.862187,12.6651055],[100.8622328,12.6649955],[100.8622272,12.6645717],[100.862077,12.6645089],[100.8619356,12.6644046],[100.8618571,12.6642838],[100.8618038,12.6641448],[100.8618038,12.663915],[100.8618544,12.6637866],[100.8619805,12.6636217],[100.8619356,12.6632038],[100.8619322,12.6630669],[100.8618973,12.6629622],[100.8618115,12.662889],[100.8617506,12.6626813],[100.8617042,12.662554],[100.8616356,12.662457],[100.8611057,12.6618497],[100.8605294,12.6613816],[100.8604275,12.6611147],[100.8605486,12.6610714],[100.8605079,12.6609733],[100.8605458,12.6609565],[100.860465,12.6607692],[100.8603916,12.6607623],[100.8603014,12.6607143],[100.8602178,12.6606365],[100.8600815,12.6605651],[100.859995,12.6604518],[100.8599653,12.6602965],[100.8598264,12.6601475],[100.8594958,12.6596749],[100.8587172,12.6585617],[100.8573383,12.6587214],[100.8566546,12.6583848],[100.8560766,12.6577639],[100.8555813,12.6580257],[100.854932,12.657804],[100.8545066,12.6565411],[100.8541421,12.6561007],[100.8534969,12.6560553],[100.8524349,12.6554423],[100.8520395,12.6554292],[100.8517047,12.6558779],[100.8505684,12.6559856],[100.8493086,12.6554661],[100.8488879,12.6546974],[100.8487632,12.653597],[100.8496008,12.652729],[100.8495244,12.6516171],[100.8501658,12.6503784],[100.850658,12.6497798],[100.8507672,12.6495901],[100.850945,12.6494362],[100.8510699,12.6494425],[100.8511771,12.649535],[100.8513349,12.649589],[100.8517169,12.6494783],[100.8519435,12.6493366],[100.8519692,12.6491496],[100.8520444,12.6488832],[100.8522354,12.6487018],[100.852702,12.6485065],[100.853197,12.6484676],[100.8541852,12.6490099],[100.8549238,12.6490683],[100.8559789,12.649766],[100.8566892,12.6501144],[100.8576057,12.6505907],[100.858893,12.651861],[100.8595164,12.6521461],[100.8609188,12.6524052],[100.8611861,12.6524477],[100.8613819,12.6524013],[100.8615651,12.6523651],[100.8617729,12.652415],[100.8619315,12.6524338],[100.8621319,12.6523875],[100.8624044,12.6522267],[100.8624932,12.6522126],[100.8626541,12.6521945],[100.8627422,12.6521783],[100.8629042,12.6520921],[100.8633575,12.6517142],[100.8635236,12.6514498],[100.8636451,12.6512405],[100.8636345,12.6511627],[100.8636478,12.6510779],[100.8636715,12.6509891],[100.8636457,12.6508412],[100.8635535,12.6507301],[100.8634205,12.6506578],[100.8629865,12.6504829],[100.8629204,12.650453],[100.862794,12.6503734],[100.8609592,12.6489106],[100.8608739,12.6488333],[100.8607903,12.6487347],[100.8607364,12.6486351],[100.860712,12.6485209],[100.8607029,12.6484159],[100.8606405,12.6466484],[100.8606293,12.6465844],[100.860603,12.6465439],[100.8605921,12.6464973],[100.860597,12.6464524],[100.8606162,12.6464114],[100.8606477,12.6463784],[100.8606883,12.6463567],[100.8607338,12.6463487],[100.8607796,12.6463552],[100.8608209,12.6463754],[100.8608536,12.6464073],[100.8608743,12.6464476],[100.8608809,12.6464923],[100.8608717,12.6465393],[100.8608469,12.6465806],[100.8608315,12.6466769],[100.8608879,12.6484018],[100.8608969,12.6485001],[100.8609105,12.648574],[100.8609391,12.6486445],[100.8609902,12.6487041],[100.8629153,12.6502228],[100.8630378,12.6503147],[100.8635548,12.6505717],[100.8637004,12.6506578],[100.8637443,12.650603],[100.8637706,12.6505955],[100.863815,12.6505959],[100.8639405,12.6506637],[100.8639615,12.6506364],[100.864057,12.6505131],[100.8643938,12.6503451],[100.8656428,12.6488235],[100.865672,12.6488383],[100.865852,12.6485817],[100.8693672,12.6509488],[100.871168,12.6521552],[100.8797657,12.6535381],[100.879839,12.6530719],[100.8829904,12.6535889],[100.8832879,12.6536509],[100.8838795,12.6537877],[100.8839156,12.6537634],[100.8839748,12.6537412],[100.8840337,12.6537439],[100.8840673,12.6537248],[100.8841374,12.6537685],[100.8842075,12.6537959],[100.8843367,12.6537922],[100.8843954,12.6538315],[100.8844628,12.6537974],[100.8845225,12.6538162],[100.8845486,12.653855],[100.8845969,12.6538707],[100.8846747,12.6538419],[100.8847262,12.6538561],[100.8848034,12.6539047],[100.8849134,12.6539388],[100.885015,12.6538944],[100.8850766,12.6539491],[100.8851639,12.6539465],[100.8853101,12.6539251],[100.8853188,12.6533267],[100.885663,12.6533312],[100.8858936,12.6533341],[100.8860561,12.6533362],[100.8861712,12.6533377],[100.8862153,12.6533362],[100.8864968,12.6533548],[100.8866857,12.6534073],[100.8868863,12.6535034],[100.8870244,12.653598],[100.8870658,12.6536792],[100.8871713,12.6537262],[100.8872929,12.65388],[100.8873867,12.6541483],[100.8874581,12.6546624],[100.8884852,12.6554562],[100.8890198,12.6569903],[100.8895172,12.6573738],[100.8895824,12.6573613],[100.8896505,12.6573656],[100.889694,12.6573939],[100.8897292,12.6574265],[100.8897477,12.6574725],[100.8897378,12.657509],[100.8897057,12.657541],[100.8895699,12.6575955],[100.8898931,12.6580747],[100.8900505,12.6581573],[100.8901398,12.6582327],[100.890297,12.6583189],[100.8904767,12.6585415],[100.8906823,12.6589038],[100.8913559,12.6594975],[100.891404,12.6596201],[100.891639,12.659898],[100.8917728,12.6600014],[100.8918762,12.6600504],[100.8921523,12.6600741],[100.8924123,12.6602948],[100.8940928,12.6609547],[100.8949861,12.6610772],[100.8959055,12.6612174],[100.8957363,12.6618622],[100.8971131,12.6621553],[100.8966403,12.6644265],[100.896557,12.6645476],[100.8964617,12.6645951],[100.8963369,12.6645937],[100.8963199,12.6646836],[100.8964118,12.6646928],[100.8964514,12.664719],[100.8964898,12.6647735],[100.896511,12.6649006],[100.8960853,12.6675255],[100.8956297,12.6701226],[100.8950785,12.6732301],[100.8948954,12.6733536],[100.8947331,12.6735263],[100.8945198,12.6750232],[100.8947466,12.6750112],[100.8937016,12.6805122],[100.8927966,12.6803734],[100.8927664,12.6805442],[100.8925407,12.6805156],[100.8924505,12.6810709],[100.8926182,12.6810959],[100.8925779,12.6813192],[100.8934885,12.6814645],[100.8931634,12.6837019],[100.892755,12.6860817],[100.892079,12.6898864],[100.8913942,12.6935279],[100.8906039,12.6934591],[100.889089,12.6935732],[100.8890374,12.692927],[100.8863912,12.6929636],[100.8864646,12.6938613],[100.8860529,12.6935454],[100.8856935,12.6938659],[100.8858456,12.6944742],[100.884939,12.6947744],[100.8855184,12.6964543],[100.8870579,12.6965327],[100.886853,12.6974224],[100.8866878,12.6988825],[100.8844672,12.6988283],[100.8837896,12.7013662],[100.8825189,12.7016361],[100.8817227,12.7034717],[100.8875392,12.7024131],[100.887747,12.7028163],[100.8879925,12.7029605],[100.8881836,12.7030983],[100.8882689,12.7032897],[100.8882386,12.7035124],[100.8880408,12.7037423],[100.8880504,12.7039377],[100.8881416,12.704236],[100.8795466,12.707449],[100.8822163,12.7065377],[100.8822846,12.7070912],[100.8827061,12.7070944],[100.8827023,12.7079105],[100.883466,12.707625],[100.8844066,12.7075662],[100.8849946,12.7075195],[100.8853266,12.7078369],[100.8857302,12.7082982],[100.8858893,12.7085635],[100.8860057,12.7089094],[100.8859645,12.7092659],[100.8858611,12.7099523],[100.885851,12.7114002],[100.8858995,12.7117126],[100.8860608,12.7127001],[100.8861958,12.7128705],[100.8862411,12.7131766],[100.8861282,12.7145831],[100.8861346,12.71536],[100.8862036,12.7161991],[100.8862118,12.7165995],[100.8859994,12.7170141],[100.8859772,12.7171219],[100.8859797,12.7172365],[100.886056,12.7176436],[100.8861803,12.7177589],[100.8862237,12.7180822],[100.8863598,12.7185775],[100.8865698,12.7189824],[100.8864464,12.7192126],[100.8864614,12.7194429],[100.8869161,12.7194976],[100.886902,12.7202079],[100.8856217,12.7202957],[100.885669,12.7211429],[100.8849926,12.7212743],[100.8848907,12.7217714],[100.8856686,12.72365],[100.8866147,12.7249737],[100.8878182,12.7244651],[100.8885785,12.726178],[100.8879809,12.7264751],[100.8882211,12.7268918],[100.888761,12.7266341],[100.8892653,12.7277644],[100.8894363,12.7281334]]]}},{"type":"Feature","id":4145018,"properties":{"aeroway":"aerodrome","alt_name":"สนามบินตาคลี","iata":"TKH","icao":"VTPI","landuse":"military","name":"ท่าอากาศยานนครสวรรค์","name:en":"Takhli Royal Thai Air Force Base","name:th":"ท่าอากาศยานนครสวรรค์","ref":"Takhli Royal Thai Air Force Base","type":"multipolygon","wikidata":"Q12695227","wikipedia":"en:Takhli Royal Thai Air Force Base","@type":"relation","@id":4145018,"branch":"airforce"},"geometry":{"type":"Polygon","coordinates":[[[100.2818729,15.2501485],[100.2830496,15.2503644],[100.2833554,15.2504006],[100.2855832,15.2507391],[100.2863255,15.2508754],[100.2874415,15.2510903],[100.2900591,15.2515944],[100.2914071,15.2518541],[100.2914571,15.2518632],[100.2946031,15.2524391],[100.296349,15.2527543],[100.2975663,15.2530427],[100.2990017,15.2534561],[100.3037013,15.2547708],[100.3060126,15.2554202],[100.3092647,15.2563339],[100.310516,15.2566749],[100.3108982,15.256779],[100.3146783,15.2578091],[100.3177933,15.2586844],[100.3178357,15.2588065],[100.3179001,15.2621394],[100.3181146,15.2664451],[100.3185223,15.2714132],[100.318694,15.2772712],[100.3188657,15.2774161],[100.3187798,15.2791755],[100.3186725,15.2794446],[100.3186082,15.2805417],[100.318458,15.284164],[100.3126644,15.2895663],[100.3076004,15.2947407],[100.3049611,15.2970589],[100.2970647,15.2972037],[100.2972363,15.3009086],[100.2956914,15.3009086],[100.295627,15.297183],[100.287324,15.2973279],[100.2834305,15.2976322],[100.2801786,15.2972658],[100.2780446,15.2972389],[100.2695141,15.2972865],[100.2692137,15.2869169],[100.2690635,15.2795688],[100.2689991,15.2738557],[100.2688918,15.2680597],[100.2687631,15.2621187],[100.2686987,15.2546662],[100.2805648,15.2498644],[100.2818729,15.2501485]]]}},{"type":"Feature","id":4662076,"properties":{"landuse":"military","name":"ทหารเสือสามกษัตริย์","name:en":"Thahan Suea Samkasatri (7th Infantry)","name:th":"ทหารเสือสามกษัตริย์","note":"boundary is approximate","source":"Bing, personal","source:name":"sign at gate","type":"multipolygon","@type":"relation","@id":4662076,"branch":"other"},"geometry":{"type":"Polygon","coordinates":[[[98.9396964,18.8958136],[98.9256671,18.8897587],[98.9304465,18.8841383],[98.9417118,18.8857219],[98.945381,18.8796919],[98.9466025,18.8761485],[98.9502525,18.874382],[98.9505315,18.8730318],[98.9500701,18.8711638],[98.9504886,18.8698541],[98.9501667,18.8688338],[98.9499038,18.8672602],[98.9525646,18.8664633],[98.9601821,18.8673414],[98.963567,18.8672704],[98.9637172,18.8673681],[98.9637615,18.867476],[98.9637709,18.8675343],[98.9636555,18.8683364],[98.9635885,18.8688668],[98.9633793,18.8697069],[98.9623318,18.8753474],[98.9618909,18.8770387],[98.9615404,18.8779098],[98.9598443,18.8808583],[98.9589389,18.8822874],[98.9580823,18.8836454],[98.9557143,18.8861661],[98.9549858,18.8871515],[98.9547707,18.8875815],[98.9543571,18.8878346],[98.9540237,18.8879749],[98.9536187,18.8880553],[98.9503544,18.8874085],[98.9495229,18.8873456],[98.9488148,18.8875892],[98.9471411,18.8890408],[98.9396964,18.8958136]]]}},{"type":"Feature","id":7099634,"properties":{"landuse":"military","military":"academy","name":"สถาบันวิชาการป้องกันประเทศ","name:en":"National Defence Studies Institute","name:th":"วิทยาลัยป้องกันราชอาณาจักร สถาบันวิชาการป้องกันประเทศ","type":"multipolygon","website":"http://ndsi.rtarf.mi.th/","wikidata":"Q132860508","@type":"relation","@id":7099634,"branch":"other"},"geometry":{"type":"Polygon","coordinates":[[[100.560292,13.7811565],[100.5601628,13.781212],[100.5601,13.78112],[100.5598687,13.7812319],[100.5597497,13.781027],[100.5595057,13.7811647],[100.5588456,13.7815372],[100.5587939,13.7815664],[100.5583962,13.7817645],[100.5579738,13.7809926],[100.5579423,13.7809303],[100.5579041,13.7808548],[100.5578957,13.78084],[100.557864,13.780784],[100.557189,13.779592],[100.5569349,13.7791433],[100.5573715,13.7789245],[100.5573915,13.7789145],[100.5574289,13.7788957],[100.5576289,13.7787955],[100.5588118,13.7781565],[100.5589657,13.7780977],[100.5594103,13.7780365],[100.5594254,13.7781074],[100.5595396,13.7786429],[100.5595432,13.7790679],[100.5598015,13.7791675],[100.5597444,13.7793934],[100.5596574,13.779675],[100.5596115,13.7798235],[100.5595398,13.7798498],[100.559565,13.7803885],[100.5595759,13.7806231],[100.5600185,13.7806851],[100.5600733,13.7807085],[100.5602233,13.780786],[100.560292,13.7811565]]]}},{"type":"Feature","id":9841709,"properties":{"access":"no","landuse":"military","military":"danger_area","place":"island","type":"multipolygon","@type":"relation","@id":9841709,"branch":"other"},"geometry":{"type":"MultiPolygon","coordinates":[[[[98.6227314,8.0416505],[98.6223125,8.0413654],[98.6222281,8.0412645],[98.622103,8.0412925],[98.6221129,8.0411472],[98.6222224,8.041082],[98.6221647,8.0407263],[98.621811,8.0403386],[98.6215971,8.0401386],[98.6215641,8.0399044],[98.6219728,8.0397995],[98.6222388,8.0393931],[98.6223815,8.038999],[98.6224933,8.0385993],[98.6225862,8.0383079],[98.6223677,8.037967],[98.6223245,8.0379461],[98.6221553,8.037864],[98.6221747,8.0373757],[98.6224801,8.0369485],[98.6229335,8.0365457],[98.6233503,8.036436],[98.6235279,8.0366253],[98.6237548,8.0366193],[98.6241038,8.036438],[98.6241613,8.0360117],[98.6241161,8.0358596],[98.6244632,8.0357165],[98.6247179,8.0355977],[98.625001,8.0362997],[98.624933,8.0367178],[98.6250253,8.0373678],[98.6248829,8.0381412],[98.6244704,8.0388831],[98.6240825,8.0392955],[98.6238182,8.0401165],[98.6237634,8.0408644],[98.6232659,8.0414466],[98.6227314,8.0416505]]],[[[98.6885222,8.0998547],[98.6884475,8.0995706],[98.6884233,8.0994777],[98.6885226,8.0991139],[98.6885762,8.0988245],[98.6887586,8.0986173],[98.6892727,8.0984186],[98.6900005,8.0983358],[98.6909588,8.0986209],[98.6919186,8.0987442],[98.6925389,8.099403],[98.6930698,8.0998125],[98.6940792,8.100319],[98.6947248,8.1003938],[98.6949352,8.1009554],[98.6951154,8.1010922],[98.6951235,8.1012356],[98.6951168,8.1013498],[98.6951315,8.1014812],[98.6952308,8.1015609],[98.6952066,8.101626],[98.6952066,8.101683],[98.6952388,8.1017229],[98.6953367,8.1018105],[98.6955057,8.1018782],[98.6955513,8.101926],[98.6955526,8.1020017],[98.695388,8.1020934],[98.6950832,8.1022041],[98.6951856,8.1024806],[98.6950457,8.1026297],[98.6947577,8.1027643],[98.6943798,8.1028164],[98.6941055,8.1029599],[98.6937796,8.1029231],[98.6935934,8.1024898],[98.6933398,8.1019234],[98.6930126,8.1017348],[98.692653,8.1016971],[98.6923354,8.1014576],[98.6922619,8.1014021],[98.6915729,8.1015874],[98.691429,8.1016385],[98.6914228,8.1017003],[98.691304,8.1020721],[98.6912531,8.1022394],[98.6912048,8.1024067],[98.6911243,8.1025447],[98.6908025,8.1028023],[98.6906093,8.1029882],[98.6904001,8.1030838],[98.6902821,8.1031289],[98.6901802,8.1030918],[98.6900353,8.1029616],[98.6898234,8.1025102],[98.6894315,8.102163],[98.6890573,8.1019017],[98.6886318,8.1011736],[98.6884904,8.100747],[98.6885933,8.1002184],[98.6885222,8.0998547]]],[[[98.6877577,8.2130908],[98.6878832,8.2128098],[98.6878106,8.2123785],[98.6876389,8.2121367],[98.6874665,8.2120704],[98.6873518,8.2119829],[98.6872873,8.2119291],[98.6872391,8.2118471],[98.6872383,8.2117595],[98.6873497,8.2117196],[98.6873587,8.2116414],[98.6873758,8.2115692],[98.6875188,8.2115888],[98.6875868,8.2116205],[98.6876091,8.2116942],[98.6876121,8.2118119],[98.6876697,8.2119112],[98.6877609,8.2119059],[98.68781,8.2118798],[98.6878205,8.211839],[98.6877797,8.2118259],[98.6877254,8.2116825],[98.6877112,8.2115645],[98.6876186,8.2115506],[98.6875046,8.2115301],[98.6873999,8.2113895],[98.6874039,8.2112506],[98.6874566,8.2112186],[98.6874538,8.2111403],[98.68738,8.2111484],[98.6873022,8.2110196],[98.6872347,8.2109212],[98.6872046,8.2108157],[98.6872468,8.210699],[98.6872421,8.2106025],[98.6872422,8.2105129],[98.6872703,8.210407],[98.6873463,8.210369],[98.6874292,8.2103518],[98.6875426,8.2104098],[98.6875923,8.2104098],[98.68767,8.2104653],[98.6879212,8.210429],[98.6880854,8.2104015],[98.6882075,8.2104284],[98.6881644,8.2105335],[98.6881102,8.2106566],[98.688182,8.2107739],[98.6881602,8.2108734],[98.6882707,8.2110815],[98.688278,8.2111809],[98.6882656,8.2112746],[98.6882211,8.2113467],[98.688256,8.2115203],[98.688277,8.2117134],[98.6883529,8.2118931],[98.6884568,8.211955],[98.6884857,8.2120068],[98.6884866,8.2121094],[98.6883453,8.2125941],[98.6882661,8.2130516],[98.6881737,8.2133979],[98.6879426,8.2136266],[98.6877577,8.2135874],[98.6876455,8.2132476],[98.6877577,8.2130908]]],[[[98.6908387,8.20944],[98.6905681,8.2090493],[98.6903961,8.2086585],[98.6904399,8.2084698],[98.690496,8.2081591],[98.6907664,8.2081487],[98.6908986,8.2081405],[98.691006,8.2079859],[98.690872,8.2078717],[98.6908489,8.2077454],[98.6910628,8.2075732],[98.6913803,8.2072959],[98.6913174,8.2067902],[98.6914301,8.2065265],[98.6916006,8.20644],[98.6917384,8.2067641],[98.6919565,8.2068471],[98.6920929,8.2072461],[98.692026,8.2074072],[98.6919415,8.2076318],[98.6919382,8.2079785],[98.6920766,8.2083434],[98.6920169,8.2086729],[98.6917538,8.2089964],[98.691329,8.2094082],[98.6911239,8.2094729],[98.6908387,8.20944]]],[[[98.6911749,8.2051149],[98.6911059,8.2050572],[98.6909901,8.2049599],[98.690859,8.2049576],[98.6906329,8.2049182],[98.6903905,8.2047822],[98.6902023,8.2046518],[98.6899816,8.2045114],[98.6896976,8.2044275],[98.689503,8.2044022],[98.6894203,8.2042703],[98.6893362,8.2042158],[98.6893391,8.2040509],[98.6892607,8.2039182],[98.6889394,8.2039201],[98.6886313,8.2037861],[98.6882485,8.2035181],[98.6882089,8.2033112],[98.6884143,8.2031992],[98.6886173,8.2031161],[98.6887769,8.2032813],[98.6890427,8.2034255],[98.6891589,8.2035911],[98.6893316,8.2036937],[98.6895693,8.203735],[98.689807,8.2036502],[98.6902419,8.2036567],[98.6906893,8.2038581],[98.6909523,8.2039506],[98.6910798,8.2040372],[98.6911422,8.2043249],[98.6913063,8.2045752],[98.6914331,8.2047265],[98.6914924,8.2048243],[98.6914867,8.2049462],[98.6914406,8.2050688],[98.691418,8.2051711],[98.6913803,8.2052464],[98.6913264,8.2053056],[98.691249,8.2052832],[98.6912,8.2052166],[98.6911749,8.2051149]]],[[[98.7046988,8.1066127],[98.7050124,8.1059256],[98.7051543,8.1052078],[98.7055244,8.1046883],[98.706055,8.1046961],[98.7064018,8.1045712],[98.7071954,8.1045173],[98.7073724,8.1045259],[98.7077021,8.1044581],[98.7083501,8.1045058],[98.7100766,8.1052364],[98.710135,8.1058866],[98.7100896,8.1063359],[98.7093863,8.10662],[98.7091635,8.1068537],[98.7085574,8.1074849],[98.7084475,8.1078305],[98.7082962,8.1080841],[98.708086,8.1081109],[98.7080331,8.1083553],[98.7079464,8.1085113],[98.7077927,8.1084918],[98.7075957,8.1082773],[98.7073081,8.1080315],[98.7071662,8.1082968],[98.7070244,8.1082499],[98.7068352,8.1079847],[98.7064727,8.1078559],[98.7061978,8.1078405],[98.705949,8.1079861],[98.7057926,8.1079541],[98.7045711,8.1071037],[98.7045143,8.1069782],[98.7045261,8.1068339],[98.7046988,8.1066127]]],[[[98.6871857,8.1051169],[98.6881315,8.1048506],[98.6890857,8.1047586],[98.6898355,8.1059568],[98.6903006,8.1064462],[98.6902269,8.1068299],[98.690151,8.1071483],[98.6893015,8.1077054],[98.6889416,8.107776],[98.6885534,8.1077094],[98.6881926,8.1080076],[98.6876964,8.1082239],[98.6873773,8.1077635],[98.687242,8.1071078],[98.6869631,8.1066573],[98.6866013,8.1062333],[98.6867063,8.1055694],[98.6871857,8.1051169]]],[[[98.7066205,8.1117264],[98.7072216,8.1117079],[98.7075649,8.1116149],[98.7080021,8.1115937],[98.7087327,8.1116708],[98.7088779,8.1117211],[98.7089664,8.1118526],[98.7089932,8.1120929],[98.7090949,8.112241],[98.709429,8.1125244],[98.7096222,8.11292],[98.7096731,8.1134783],[98.709522,8.1137533],[98.7090509,8.1141548],[98.7083654,8.1142241],[98.707227,8.1141169],[98.7067032,8.1139636],[98.7063378,8.1136987],[98.7061521,8.1132797],[98.7060645,8.1123322],[98.7062251,8.1119668],[98.7066205,8.1117264]]],[[[98.6849775,8.1277517],[98.6850751,8.1279002],[98.6853753,8.1279447],[98.6854971,8.1279317],[98.6857271,8.1278419],[98.6858614,8.1276238],[98.6862213,8.1277655],[98.6863438,8.1279884],[98.686368,8.1283094],[98.6865835,8.1283],[98.6867829,8.128324],[98.6870478,8.1283755],[98.6871596,8.1285385],[98.6868969,8.1290509],[98.6872254,8.1295351],[98.6871309,8.1295925],[98.6871595,8.1298316],[98.6872287,8.1299033],[98.6873815,8.1297207],[98.6874857,8.129828],[98.687505,8.1301438],[98.6874511,8.1302171],[98.6871258,8.1301875],[98.6868991,8.1304998],[98.6867433,8.1306334],[98.6864344,8.1306302],[98.6862413,8.1303759],[98.6858344,8.1299179],[98.6854247,8.1296849],[98.6852799,8.1295919],[98.6850651,8.129485],[98.6848155,8.1294464],[98.6844491,8.1291432],[98.684252,8.1291532],[98.6840447,8.1292308],[98.6839644,8.1293591],[98.6836907,8.1292584],[98.6836251,8.1290516],[98.6837916,8.128891],[98.6838383,8.1287553],[98.6841402,8.1285927],[98.684513,8.1283143],[98.6846708,8.1279089],[98.6847959,8.1278046],[98.6849775,8.1277517]]]]}},{"type":"Feature","id":13417658,"properties":{"landuse":"military","name":"กองบัญชาการกองทัพเรือ","name:en":"Royal Thai Navy Headquarters","name:th":"กองบัญชาการกองทัพเรือ","old_name":"วังนันทอุทยาน","type":"multipolygon","wikidata":"Q2427907","wikimedia_commons":"Category:Royal Thai Navy","wikipedia":"th:กองทัพเรือไทย","@type":"relation","@id":13417658,"branch":"navy"},"geometry":{"type":"MultiPolygon","coordinates":[[[[100.4887816,13.7410649],[100.4886293,13.741334],[100.488463,13.7412611],[100.4879623,13.7423367],[100.4880474,13.7423784],[100.4880989,13.742442],[100.4880905,13.7425437],[100.4880833,13.7426305],[100.4880281,13.7426873],[100.4879591,13.7427109],[100.487876,13.7427191],[100.4878168,13.7427599],[100.4895991,13.7435326],[100.4896439,13.7435512],[100.4899069,13.7436712],[100.4900625,13.7434251],[100.4900715,13.7434106],[100.4902497,13.743129],[100.490269,13.7431426],[100.4904041,13.7429408],[100.4904415,13.7429508],[100.4905247,13.7429085],[100.4905409,13.7428733],[100.4905152,13.742813],[100.49084,13.742657],[100.4910325,13.742447],[100.4910513,13.7419252],[100.4909618,13.7418262],[100.4905376,13.74126],[100.4903007,13.7410029],[100.4898394,13.7418277],[100.4893908,13.7416373],[100.4893331,13.7416128],[100.4894454,13.7413928],[100.4887816,13.7410649]]],[[[100.4820535,13.7461417],[100.4822445,13.7461718],[100.4824631,13.7462303],[100.4828521,13.7463306],[100.4826634,13.7468155],[100.482617,13.7468459],[100.4824661,13.7473235],[100.482322,13.7477353],[100.4821671,13.7482052],[100.4827977,13.7483748],[100.4827196,13.7487696],[100.4826063,13.7496502],[100.4824929,13.7510395],[100.4824402,13.7519711],[100.4817712,13.7518875],[100.481155,13.7517775],[100.4809691,13.7517114],[100.4803949,13.7515074],[100.4801608,13.7514319],[100.4795571,13.7512373],[100.4794965,13.7512171],[100.4787058,13.7509537],[100.4784736,13.7508862],[100.4788605,13.7497835],[100.4789486,13.7494642],[100.4793706,13.7483065],[100.4798982,13.7468906],[100.4802177,13.7460207],[100.4802475,13.7460228],[100.4802346,13.7461932],[100.4804734,13.7462088],[100.4804786,13.746033],[100.4805061,13.7460113],[100.4810655,13.7460397],[100.4812858,13.7460565],[100.481334,13.7460615],[100.4820535,13.7461417]]]]}},{"type":"Feature","id":13528462,"properties":{"landuse":"military","name":"อู่ทหารเรือพระจุลจอมเกล้า","name:en":"Phra Chulachomklao Navy Garage","type":"multipolygon","@type":"relation","@id":13528462,"branch":"navy"},"geometry":{"type":"Polygon","coordinates":[[[100.5728641,13.5446115],[100.5724427,13.5503353],[100.5725102,13.5540999],[100.5730875,13.5540979],[100.5743843,13.5549476],[100.5747624,13.5547599],[100.5752593,13.5532322],[100.5753914,13.5529911],[100.5756831,13.5531183],[100.5757346,13.5530349],[100.5766873,13.5535522],[100.5765414,13.5538025],[100.5767646,13.5539193],[100.5785805,13.5505312],[100.5785512,13.5505128],[100.5773308,13.5506641],[100.5766495,13.5518635],[100.576451,13.5517749],[100.5764,13.5518531],[100.5762472,13.5517801],[100.5762874,13.5516628],[100.5756222,13.5513212],[100.5755739,13.5514072],[100.575421,13.5513446],[100.5754559,13.5512247],[100.5752547,13.5511178],[100.5766924,13.5485911],[100.5780791,13.5493368],[100.5775212,13.5503251],[100.5775373,13.5504007],[100.5780335,13.550346],[100.57895,13.5499266],[100.5807277,13.5475945],[100.5805452,13.5474662],[100.5790526,13.5495189],[100.5788504,13.549758],[100.5780957,13.5501233],[100.5780362,13.5500056],[100.5785047,13.5492224],[100.5774901,13.5486475],[100.5776955,13.5482783],[100.5782657,13.5485638],[100.5790514,13.5473213],[100.579046,13.5468519],[100.5759027,13.543328],[100.5749158,13.544178],[100.5748097,13.5441934],[100.5744593,13.5445341],[100.5741404,13.5445496],[100.5728641,13.5446115]]]}},{"type":"Feature","id":13590393,"properties":{"landuse":"military","military":"naval_base","name":"กองทัพเรือเกาะหลีเป๊ะ","name:th":"กองทัพเรือเกาะหลีเป๊ะ","note":"Outer lines unknown need survey","operator":"Royal Thai Army","type":"multipolygon","@type":"relation","@id":13590393,"branch":"navy"},"geometry":{"type":"Polygon","coordinates":[[[99.3065973,6.4836498],[99.3073887,6.4835659],[99.307858,6.4833554],[99.3080002,6.482817],[99.3084025,6.482809],[99.3090865,6.4827931],[99.3094298,6.4826865],[99.3095105,6.4825044],[99.3099077,6.4813005],[99.3095578,6.4809985],[99.3094595,6.4809632],[99.3094012,6.4808212],[99.3093652,6.480763],[99.3093272,6.480731],[99.3092662,6.4806864],[99.3092052,6.4806509],[99.3091591,6.4805835],[99.3091506,6.4805058],[99.309181,6.4803822],[99.3092255,6.480349],[99.3094039,6.4801639],[99.3094285,6.4800276],[99.3093745,6.4799187],[99.3093375,6.4797612],[99.3092251,6.4797037],[99.3091165,6.4797234],[99.3090394,6.4797486],[99.3090417,6.4797989],[99.3089698,6.4798348],[99.3088794,6.4798218],[99.3087022,6.4798984],[99.3086193,6.479975],[99.3085245,6.4799988],[99.3084616,6.4800951],[99.3083597,6.4801549],[99.3081796,6.4800997],[99.3080875,6.4800494],[99.3079414,6.4799842],[99.3078512,6.4799948],[99.307763,6.4800082],[99.3076395,6.4800699],[99.3074441,6.4800448],[99.3073682,6.4801226],[99.3073136,6.480095],[99.3072139,6.4801466],[99.307291,6.4802541],[99.3072577,6.4803422],[99.3072457,6.4804159],[99.3071085,6.4806556],[99.3070424,6.480763],[99.3069172,6.4808498],[99.3068168,6.4809723],[99.3069047,6.4810853],[99.3067176,6.4811803],[99.3067259,6.4814448],[99.3067966,6.4821141],[99.3066302,6.4824943],[99.3062892,6.4825232],[99.3061063,6.4827215],[99.306152,6.4830107],[99.3062685,6.4833578],[99.3065973,6.4836498]]]}},{"type":"Feature","id":13706591,"properties":{"landuse":"military","military":"training_area","name":"กองร้อยอาสารักษาดินแดนจังหวัดเชียงราย","name:en":"ChiangRai Volunteer Defense Corps","type":"multipolygon","@type":"relation","@id":13706591,"branch":"other"},"geometry":{"type":"Polygon","coordinates":[[[99.8629986,19.9259578],[99.863057,19.9259268],[99.8632684,19.9258824],[99.8644294,19.9256503],[99.8649283,19.9255552],[99.8649911,19.9255507],[99.865028,19.9255722],[99.8651442,19.9261643],[99.8651863,19.9263672],[99.8653396,19.9272007],[99.8633619,19.9275502],[99.863052,19.9263404],[99.8630468,19.9263202],[99.8629622,19.9260078],[99.8629986,19.9259578]]]}},{"type":"Feature","id":13881379,"properties":{"fixme":"boundary is approximate","landuse":"military","name:en":"Surat Thani Air Force Base","type":"multipolygon","@type":"relation","@id":13881379,"branch":"airforce"},"geometry":{"type":"Polygon","coordinates":[[[99.1512902,9.1493591],[99.1486282,9.1533489],[99.1468006,9.1559377],[99.1436827,9.1603999],[99.1430443,9.1599021],[99.1424987,9.160584],[99.13865,9.1572297],[99.1321781,9.1505737],[99.131254,9.1451978],[99.1277355,9.1419974],[99.1251647,9.1397873],[99.1247892,9.1387492],[99.1248107,9.137584],[99.1279435,9.1314508],[99.1296137,9.1298683],[99.1440779,9.1446331],[99.1451881,9.1436448],[99.1512902,9.1493591]]]}},{"type":"Feature","id":18200083,"properties":{"landuse":"military","military":"base","military_service":"army","name":"ค่ายพรหมโยธี","name:th":"ค่ายพรหมโยธี","type":"multipolygon","@type":"relation","@id":18200083,"branch":"other"},"geometry":{"type":"MultiPolygon","coordinates":[[[[101.3534616,14.1282256],[101.3533011,14.1281059],[101.3531094,14.1260815],[101.3506712,14.1244595],[101.3498118,14.1218188],[101.3489525,14.1214443],[101.3485083,14.1200022],[101.349646,14.1196731],[101.3490198,14.1176529],[101.3485086,14.1159797],[101.3506172,14.1153848],[101.3513329,14.1155088],[101.3527259,14.1162276],[101.3534032,14.1162772],[101.3543361,14.115955],[101.3544256,14.1164259],[101.3551285,14.1168101],[101.3569304,14.1187683],[101.3572627,14.1197226],[101.3572627,14.1205282],[101.3567259,14.1211727],[101.357186,14.1216808],[101.3574927,14.122412],[101.3571988,14.1230193],[101.3568793,14.123924],[101.3573394,14.1244693],[101.3567771,14.1257583],[101.3562403,14.1260929],[101.355678,14.1276172],[101.3557419,14.1281625],[101.358988,14.127295],[101.3587707,14.1258326],[101.3592947,14.125498],[101.3597675,14.1254856],[101.3617484,14.1264771],[101.3624257,14.1257954],[101.3646877,14.1257459],[101.3669763,14.1294328],[101.3674008,14.1303993],[101.3672162,14.1318669],[101.3661827,14.1327439],[101.3642263,14.1339788],[101.3645031,14.1345873],[101.361218,14.137075],[101.3548137,14.1417461],[101.3545184,14.1406902],[101.3532265,14.1397417],[101.3530973,14.1362339],[101.3508826,14.1341936],[101.3505873,14.1318132],[101.3496829,14.1315626],[101.34924,14.130453],[101.3502735,14.1303277],[101.353208,14.1288064],[101.3534616,14.1282256]]],[[[101.37424,14.1341337],[101.3767366,14.135018],[101.3799036,14.1361568],[101.3804373,14.1407519],[101.3797969,14.1409175],[101.37683,14.1452434],[101.3754852,14.1462369],[101.3736922,14.1466094],[101.3734147,14.1498176],[101.3730519,14.1514113],[101.3705758,14.1526945],[101.369658,14.1527152],[101.368484,14.1520736],[101.3709107,14.1433778],[101.3693626,14.1430741],[101.3665794,14.1419778],[101.3657967,14.1407802],[101.365814,14.1400211],[101.3676231,14.13965],[101.3692582,14.1399368],[101.3697105,14.1380645],[101.3697453,14.1366307],[101.3722327,14.1361584],[101.3728983,14.1360941],[101.3732944,14.1345468],[101.3734868,14.1342175],[101.3737924,14.1341078],[101.37424,14.1341337]]]]}},{"type":"Feature","id":18747641,"properties":{"landuse":"military","military":"base","military_service":"navy","name":"ฐานทัพเรือพังงา","name:en":"Phang Nga Naval Base","name:th":"ฐานทัพเรือพังงา","source":"local_knowledge","source:date":"2017-07-25","type":"multipolygon","wikidata":"Q128693635","@type":"relation","@id":18747641,"branch":"navy"},"geometry":{"type":"MultiPolygon","coordinates":[[[[98.2241051,8.5705369],[98.2247026,8.5706519],[98.2252921,8.5708013],[98.2260002,8.5709821],[98.2271968,8.5713814],[98.2280645,8.5716715],[98.2297727,8.5722354],[98.2310688,8.5726591],[98.2315545,8.5728129],[98.2316637,8.5729005],[98.2317683,8.5729373],[98.2321167,8.5730597],[98.2322695,8.5730597],[98.2344334,8.5737613],[98.236001,8.5742807],[98.2366968,8.57451],[98.2375468,8.5748837],[98.2380585,8.575159],[98.2384077,8.5753654],[98.2388812,8.5756811],[98.2391663,8.5758996],[98.239959,8.5766052],[98.2410942,8.577586],[98.2424412,8.5787697],[98.2445838,8.5806778],[98.245792,8.5817269],[98.2460806,8.5820044],[98.2463036,8.5823115],[98.2468052,8.583148],[98.2471495,8.5837542],[98.2476233,8.5848977],[98.2478346,8.5852914],[98.2480862,8.5857127],[98.2484642,8.5862855],[98.2489325,8.5870131],[98.2492509,8.5881669],[98.2494557,8.5885097],[98.2489613,8.5902203],[98.24876,8.5910012],[98.2491862,8.5930453],[98.2493629,8.594319],[98.2505073,8.5959305],[98.2503066,8.5962059],[98.2501059,8.59628],[98.2497614,8.5962978],[98.2494768,8.5964281],[98.249306,8.5967125],[98.2486807,8.5968873],[98.2479474,8.597131],[98.2476096,8.5972122],[98.2467546,8.5973325],[98.2458934,8.597429],[98.2454455,8.597388],[98.2452309,8.5972949],[98.2450142,8.597554],[98.2446818,8.5975977],[98.2443185,8.5974671],[98.2437358,8.5974641],[98.2428764,8.5976244],[98.2422958,8.5978893],[98.2420413,8.5980049],[98.2418417,8.5979834],[98.2415713,8.5965945],[98.2411727,8.5945467],[98.2409188,8.5936238],[98.2407561,8.5926257],[98.2402112,8.5912492],[98.239028,8.5885569],[98.2380289,8.5871165],[98.2374286,8.5861815],[98.2370121,8.5852321],[98.2362654,8.5845583],[98.2362321,8.5845283],[98.235238,8.5837238],[98.234395,8.5830415],[98.2328011,8.5821716],[98.2313221,8.5813644],[98.2299687,8.5809567],[98.228349,8.5804688],[98.2268673,8.5800224],[98.2260444,8.5796981],[98.2245509,8.5791096],[98.2244882,8.5790837],[98.2234108,8.5786383],[98.2225933,8.5787029],[98.2218265,8.5779748],[98.2212605,8.5765907],[98.22151,8.5736361],[98.2220151,8.5723242],[98.2231227,8.5712711],[98.2236157,8.5705009],[98.2237638,8.5704765],[98.2241051,8.5705369]]],[[[98.2489437,8.5865829],[98.2520926,8.5842225],[98.2519102,8.5832094],[98.2520873,8.5813847],[98.2501936,8.5790507],[98.2499415,8.5785787],[98.24911,8.5781384],[98.2486916,8.5788545],[98.2475811,8.5778838],[98.2470072,8.5785627],[98.2446683,8.5764304],[98.243075,8.574839],[98.241455,8.5732265],[98.2373297,8.5706379],[98.2364949,8.5713933],[98.2345456,8.5735182],[98.2366914,8.5742184],[98.2377052,8.5746693],[98.2386387,8.5751891],[98.2391215,8.5755551],[98.2426083,8.578584],[98.2453066,8.581024],[98.2462561,8.5818568],[98.2465941,8.5822811],[98.2468551,8.5827019],[98.2469983,8.5829327],[98.2472325,8.5833102],[98.2480478,8.5850553],[98.2489437,8.5865829]]]]}},{"type":"Feature","id":19699970,"properties":{"landuse":"military","name":"ค่ายกฤษณ์สีวะรา","name:en":"Fort Kritsiwara","name:th":"ค่ายกฤษณ์สีวะรา","type":"multipolygon","@type":"relation","@id":19699970,"branch":"other"},"geometry":{"type":"MultiPolygon","coordinates":[[[[104.100856,17.2048595],[104.0975511,17.1953349],[104.0957379,17.1920038],[104.1076509,17.1854081],[104.1103389,17.1881616],[104.1118908,17.1908619],[104.1111673,17.1912625],[104.1149794,17.1949466],[104.1145595,17.1952861],[104.1123569,17.197067],[104.1134727,17.1987786],[104.1120779,17.1996088],[104.109664,17.2019148],[104.1091168,17.2027654],[104.1069745,17.2037596],[104.1067045,17.2038424],[104.1064721,17.2038649],[104.1045063,17.203584],[104.1041598,17.2036098],[104.1039445,17.2036669],[104.100856,17.2048595]]],[[[104.1168231,17.1921043],[104.1185517,17.190658],[104.118008,17.1896439],[104.1179816,17.1895526],[104.1176628,17.1875968],[104.1171429,17.1863856],[104.1167782,17.1855742],[104.1163791,17.1847347],[104.1161385,17.1842891],[104.115216,17.1832566],[104.1150361,17.1831815],[104.1148489,17.1826446],[104.1144893,17.1828021],[104.1142317,17.1823022],[104.1114957,17.1835653],[104.1114256,17.1836309],[104.1112175,17.1837294],[104.111132,17.1837311],[104.1090479,17.1846915],[104.1168231,17.1921043]]]]}},{"type":"Feature","id":19739124,"properties":{"landuse":"military","military":"base","military_service":"navy","name":"ฐานทัพเรือกรมทหารราบที่ 2 กระบี่","name:en":"Krabi 2nd Infantry Regiment Naval Base","type":"multipolygon","@type":"relation","@id":19739124,"branch":"navy"},"geometry":{"type":"Polygon","coordinates":[[[98.7654909,8.0361796],[98.765449,8.0360823],[98.7654452,8.0358955],[98.7653592,8.0358812],[98.7653412,8.0357996],[98.7652236,8.0356424],[98.765205,8.0355439],[98.7650866,8.0354551],[98.7650041,8.0352456],[98.7646104,8.0345758],[98.7644411,8.0345318],[98.7643452,8.0344167],[98.7641793,8.0342968],[98.7642732,8.0339726],[98.7642652,8.0337818],[98.7645056,8.0331646],[98.7648571,8.0326036],[98.7650508,8.0318791],[98.7651332,8.0314494],[98.7650902,8.0309984],[98.7647925,8.0308173],[98.7647746,8.0307356],[98.7648858,8.0305332],[98.7649252,8.0302989],[98.7647638,8.0293755],[98.7646096,8.0292797],[98.7646563,8.0294643],[98.7643407,8.0293507],[98.7643371,8.029269],[98.7640466,8.0291163],[98.7641219,8.0287576],[98.7642151,8.0285446],[98.7644303,8.0274721],[98.7647818,8.0260907],[98.7651691,8.0247981],[98.7650113,8.024656],[98.7649565,8.0242929],[98.7649145,8.0241553],[98.7649396,8.0237931],[98.7651153,8.0234877],[98.7651978,8.0235729],[98.7651978,8.0234877],[98.7653018,8.0233811],[98.765499,8.0230757],[98.7658792,8.022717],[98.7661715,8.0225271],[98.766514,8.0225324],[98.7668045,8.0225714],[98.7669694,8.0223406],[98.7672886,8.0222483],[98.7683,8.0217547],[98.7685187,8.0216162],[98.7686801,8.0212788],[98.7689312,8.0211296],[98.7691356,8.021325],[98.7692575,8.0212681],[98.7693508,8.0213356],[98.7696699,8.0213782],[98.7699174,8.0214564],[98.7702908,8.0217564],[98.770129,8.0222092],[98.7700465,8.0225359],[98.7701203,8.0228343],[98.7705181,8.0231335],[98.771027,8.0233714],[98.7717464,8.0233598],[98.7719222,8.0234095],[98.7722987,8.0233279],[98.7724099,8.0234344],[98.7724996,8.0233492],[98.7728259,8.0233492],[98.7728474,8.023509],[98.7731953,8.0236936],[98.773432,8.0237931],[98.7736759,8.0241837],[98.7738803,8.0246809],[98.7738337,8.0252136],[98.7735719,8.0261369],[98.7734999,8.026484],[98.7731797,8.0271223],[98.7730275,8.0272187],[98.7726365,8.0273138],[98.7723241,8.0276472],[98.7723338,8.0278844],[98.7725403,8.0280669],[98.7725147,8.028374],[98.7723686,8.0283952],[98.7723753,8.0280669],[98.7721696,8.0283137],[98.7722729,8.0285824],[98.7722473,8.0286838],[98.7719747,8.0285641],[98.7719042,8.028747],[98.7718612,8.0289778],[98.7719724,8.0292335],[98.771811,8.029514],[98.7720369,8.0303024],[98.7722881,8.0310445],[98.7722925,8.0316107],[98.772427,8.031988],[98.7723458,8.0323627],[98.7720312,8.0326824],[98.7717649,8.0326961],[98.7717649,8.0336861],[98.7719312,8.0340128],[98.7719155,8.0343261],[98.7714928,8.0360746],[98.7717321,8.0381353],[98.7716831,8.0392634],[98.7711292,8.0393537],[98.7705767,8.0392714],[98.7702978,8.0390722],[98.7701958,8.0393617],[98.7702897,8.0395954],[98.7703997,8.0396087],[98.7702821,8.0402167],[98.7699192,8.0405051],[98.7697962,8.0404294],[98.7695441,8.040598],[98.7698009,8.0409491],[98.7696701,8.0412155],[98.7696661,8.0413005],[98.7695897,8.0413456],[98.7695186,8.0413257],[98.7692758,8.0413642],[98.7690908,8.0411597],[98.7685146,8.0415894],[98.7682735,8.04141],[98.7680275,8.0412402],[98.7678679,8.0411301],[98.7679117,8.040114],[98.767916,8.0382542],[98.7677121,8.0382011],[98.7677236,8.0379362],[98.7665361,8.0374688],[98.7663066,8.0373459],[98.7660438,8.037245],[98.7659392,8.037168],[98.7659821,8.036828],[98.7658107,8.0368448],[98.7657635,8.0367417],[98.7657756,8.0365146],[98.7655529,8.0364668],[98.7656146,8.0363991],[98.7655342,8.0363022],[98.7655878,8.0361773],[98.7654909,8.0361796]]]}},{"type":"Feature","id":19902820,"properties":{"landuse":"military","military":"airfield","type":"multipolygon","@type":"relation","@id":19902820,"branch":"airforce"},"geometry":{"type":"Polygon","coordinates":[[[100.9946079,12.6681924],[100.9952827,12.6768735],[100.998487,12.6766365],[100.9987133,12.6795486],[100.9979022,12.6796086],[100.9985935,12.6885029],[101.0046604,12.6880541],[101.0056096,12.7002662],[101.0038615,12.6995016],[100.9978855,12.697021],[100.9945329,12.6956398],[100.9943321,12.6955871],[100.9940573,12.6923028],[100.993594,12.687151],[100.9913195,12.6872661],[100.990856,12.6816244],[100.9910598,12.6811848],[100.9912959,12.6782016],[100.9929374,12.6780341],[100.9924997,12.6727586],[100.9921649,12.6683936],[100.9946079,12.6681924]]]}},{"type":"Feature","id":20046431,"properties":{"aeroway":"aerodrome","landuse":"military","military":"airfield","name":"ฐานทัพอากาศดอนเมือง","name:en":"Don Muang Royal Thai Air Force Base","name:th":"ฐานทัพอากาศดอนเมือง","type":"multipolygon","wikidata":"Q1655612","wikipedia":"th:ฐานทัพอากาศดอนเมือง","@type":"relation","@id":20046431,"branch":"airforce"},"geometry":{"type":"MultiPolygon","coordinates":[[[[100.6227545,13.9192938],[100.6256744,13.9176532],[100.6298484,13.9153079],[100.6321562,13.919374],[100.6297829,13.9206724],[100.6278921,13.9217499],[100.6268323,13.9223597],[100.6260864,13.9227751],[100.6251744,13.9233536],[100.6240656,13.9214934],[100.6239108,13.9212337],[100.6227545,13.9192938]]],[[[100.6321787,13.9195033],[100.6253555,13.9234091],[100.6252773,13.9234669],[100.6252342,13.9235621],[100.626654,13.9259],[100.6266889,13.9258957],[100.6284699,13.9249871],[100.62872,13.9248605],[100.6300291,13.9242173],[100.6301214,13.9241602],[100.6316006,13.9234104],[100.6338256,13.9222931],[100.6321787,13.9195033]]],[[[100.6211383,13.9302548],[100.6212539,13.9294545],[100.6214083,13.928385],[100.6214486,13.9281062],[100.6222302,13.925237],[100.6233393,13.9245793],[100.6233682,13.9242525],[100.6239267,13.9239738],[100.6247229,13.9235183],[100.6119538,13.9019638],[100.6110416,13.9003435],[100.6072629,13.8978627],[100.6062498,13.8968261],[100.6037307,13.8947705],[100.6021199,13.8937175],[100.6016268,13.8935944],[100.6012655,13.8934571],[100.6008312,13.8930939],[100.5991979,13.8939023],[100.5989362,13.893749],[100.5936975,13.8906801],[100.5932447,13.8904148],[100.5921798,13.8907777],[100.5904289,13.891857],[100.5904471,13.8920491],[100.5913551,13.8938471],[100.5914461,13.8938811],[100.5917815,13.8938906],[100.5917693,13.8941988],[100.5927767,13.8942137],[100.5951371,13.8929043],[100.5959456,13.8943357],[100.5965047,13.8953255],[100.5981041,13.898157],[100.6007705,13.8966277],[100.6182998,13.9270041],[100.6124911,13.9301869],[100.6115954,13.9306951],[100.6141564,13.9353669],[100.6130937,13.9358884],[100.6117548,13.9371336],[100.6119666,13.9375905],[100.6198213,13.9335567],[100.6203189,13.9331781],[100.6207425,13.9326821],[100.6209913,13.932036],[100.6211822,13.9302839],[100.6211383,13.9302548]]],[[[100.621447,13.9085957],[100.6221178,13.9097099],[100.6235766,13.9122488],[100.622631,13.9127691],[100.6219319,13.9115111],[100.6190368,13.9131811],[100.6176579,13.9107696],[100.621447,13.9085957]]]]}},{"type":"Feature","id":20083948,"properties":{"alt_name":"กองบิน 41","alt_name:en":"Wing 41","alt_name:th":"กองบิน 41","landuse":"military","military":"base","military_service":"air_force","name":"ฐานบินเชียงใหม่","name:en":"Chiang Mai Air Force Base","name:th":"ฐานบินเชียงใหม่","note":"boundary approximate","operator":"Royal Thai Air Force","owner":"Royal Thai Air Force","type":"multipolygon","wikidata":"Q126192389","wikipedia":"th:ฐานบินเชียงใหม่","@type":"relation","@id":20083948,"branch":"airforce"},"geometry":{"type":"MultiPolygon","coordinates":[[[[98.9576557,18.7766851],[98.9574752,18.776796],[98.9571324,18.7767858],[98.9571029,18.7768569],[98.9570546,18.7768797],[98.9570332,18.7770473],[98.9569554,18.777121],[98.9568132,18.7771159],[98.9565638,18.7772073],[98.956368,18.7771261],[98.956172,18.7773928],[98.9560072,18.7776771],[98.9556841,18.7776486],[98.9556089,18.7776416],[98.9553219,18.7776263],[98.9550456,18.7775755],[98.9547962,18.7774892],[98.9546782,18.7773978],[98.9543496,18.7771235],[98.9537916,18.7766342],[98.9538145,18.7764734],[98.953903,18.7758513],[98.9539929,18.7755948],[98.9538145,18.7752672],[98.9537233,18.7750412],[98.9533854,18.7743352],[98.9535034,18.774259],[98.953447,18.7741168],[98.9535581,18.7740817],[98.9536697,18.773572],[98.9536532,18.7735257],[98.9538467,18.7734006],[98.9545092,18.7730096],[98.9545408,18.7729232],[98.9547506,18.7723493],[98.9548472,18.7724102],[98.9549893,18.7721106],[98.9549831,18.7717222],[98.9548689,18.7712187],[98.9546476,18.7710027],[98.9556281,18.7705126],[98.9557859,18.7705589],[98.9557981,18.7704536],[98.9564753,18.7697676],[98.9573978,18.7689055],[98.9576354,18.7687214],[98.9576352,18.7688943],[98.9591131,18.7688283],[98.9591278,18.7685985],[98.9591935,18.7685489],[98.9606716,18.7684206],[98.9608455,18.768407],[98.9608637,18.7685188],[98.9609817,18.7691791],[98.9609924,18.7697581],[98.9609602,18.7738214],[98.9610117,18.7763492],[98.9610127,18.7767515],[98.9608607,18.7767642],[98.9607346,18.7770588],[98.9605629,18.7770499],[98.9603792,18.777107],[98.9600934,18.7771668],[98.9597932,18.7772721],[98.9594913,18.7773103],[98.9590529,18.7773343],[98.9587791,18.777403],[98.9585245,18.7773927],[98.9583647,18.7774385],[98.9580148,18.7775806],[98.9581288,18.7773051],[98.9583527,18.777116],[98.958413,18.7768697],[98.9576557,18.7766851]]],[[[98.9701376,18.772113],[98.9706791,18.7720529],[98.970683,18.7729543],[98.9726647,18.7729491],[98.9727573,18.773321],[98.9729851,18.7733673],[98.9729923,18.7734286],[98.9732994,18.7734823],[98.9734104,18.7743904],[98.9737559,18.7752225],[98.9737306,18.7758785],[98.9742308,18.7760698],[98.9757587,18.776654],[98.9759915,18.7770816],[98.9760055,18.7773392],[98.9758905,18.7776659],[98.9756409,18.7780908],[98.9755567,18.7783325],[98.9755416,18.7787777],[98.9754131,18.7792211],[98.9752742,18.7792243],[98.9751787,18.7792268],[98.9752089,18.7795833],[98.9744291,18.779671],[98.9743085,18.7801543],[98.9720728,18.7802021],[98.9719424,18.7801862],[98.9718035,18.7801225],[98.9717257,18.7799939],[98.9716584,18.7796779],[98.9715798,18.7795823],[98.9714781,18.7795471],[98.9713505,18.7795245],[98.970354,18.7795013],[98.9698379,18.7798519],[98.9686766,18.7797841],[98.968375,18.7795478],[98.968347,18.7792702],[98.9680328,18.7792556],[98.968016,18.7795332],[98.9677775,18.7796261],[98.9676039,18.7801087],[98.9666657,18.7800054],[98.966868,18.7792092],[98.9668903,18.7790991],[98.9670962,18.7778465],[98.9671656,18.7771153],[98.9671834,18.7763223],[98.9671775,18.7729899],[98.9671584,18.7719346],[98.9673884,18.771929],[98.9673954,18.7720146],[98.9673924,18.7720867],[98.9701376,18.772113]]]]}},{"type":"Feature","id":21426581,"properties":{"landuse":"military","military":"base","military_service":"army","name":"ค่ายสุรนารี","name:en":"Fort Suranari","name:th":"ค่ายสุรนารี","type":"multipolygon","@type":"relation","@id":21426581,"branch":"other"},"geometry":{"type":"MultiPolygon","coordinates":[[[[102.1015369,14.942919],[102.1014352,14.9421283],[102.1010165,14.9419757],[102.1005552,14.9415973],[102.1002207,14.9413904],[102.0996003,14.9410065],[102.098932,14.941036],[102.0974535,14.9411014],[102.0967281,14.9410779],[102.0965846,14.9410832],[102.0962361,14.9395972],[102.0956624,14.9404721],[102.0941112,14.9430572],[102.0927067,14.9448978],[102.0898305,14.9491397],[102.0896185,14.9492794],[102.0895867,14.9492457],[102.0844776,14.9489914],[102.0815282,14.9488417],[102.0813068,14.956956],[102.0813635,14.9570378],[102.0835764,14.9577102],[102.084021,14.9570534],[102.0847429,14.9574756],[102.0855595,14.9562949],[102.087449,14.9574015],[102.0878685,14.9571003],[102.0880618,14.9568507],[102.0882741,14.9563437],[102.0885976,14.9559892],[102.0892077,14.9559153],[102.0902693,14.9557105],[102.0904046,14.955629],[102.0908919,14.9549532],[102.0910856,14.9544776],[102.0912323,14.954257],[102.0913935,14.9541606],[102.0915888,14.9540987],[102.0939803,14.9541696],[102.0948954,14.9547245],[102.0949541,14.9549925],[102.0949531,14.9552252],[102.0948172,14.9557534],[102.0946567,14.9559164],[102.0940305,14.9561946],[102.093296,14.9565773],[102.0928145,14.9568719],[102.0918621,14.9576217],[102.0914138,14.958029],[102.0911725,14.9586457],[102.0909968,14.9593176],[102.0908314,14.9601794],[102.0907565,14.9608225],[102.0908212,14.9612134],[102.0910436,14.9616716],[102.090979,14.9620377],[102.0912915,14.9622165],[102.0913107,14.9623451],[102.0927724,14.9634833],[102.0937957,14.9640286],[102.0944525,14.9628239],[102.094545,14.962685],[102.0953507,14.9632514],[102.0956674,14.9639159],[102.095734,14.9640396],[102.0958558,14.9641347],[102.0970037,14.9647753],[102.0982542,14.9654249],[102.0982824,14.9655063],[102.0986296,14.9655174],[102.0985825,14.9670483],[102.1015065,14.9671788],[102.1016269,14.9652299],[102.1023594,14.9652571],[102.1034742,14.9655072],[102.1058828,14.9650831],[102.1058989,14.9645949],[102.1055875,14.9633789],[102.1054755,14.963322],[102.1054127,14.9629094],[102.1058093,14.9629411],[102.1059894,14.9621725],[102.1067947,14.9623017],[102.1068887,14.9615638],[102.1075017,14.9582715],[102.1074907,14.9580048],[102.1077627,14.9565037],[102.1076594,14.956287],[102.1058215,14.9560076],[102.105481,14.9559068],[102.104243,14.9553312],[102.1036298,14.9550837],[102.103937,14.9542319],[102.103963,14.9536788],[102.1038173,14.9530765],[102.1038502,14.9527169],[102.1035739,14.9526338],[102.103492,14.9523771],[102.1034953,14.9516349],[102.1035318,14.9513279],[102.1033745,14.9512596],[102.1034087,14.9506592],[102.1034279,14.950311],[102.1036062,14.948929],[102.1036886,14.9477526],[102.103718,14.9471413],[102.1037547,14.9463774],[102.1038284,14.9442252],[102.1030746,14.9443664],[102.1011898,14.9448049],[102.1013408,14.9441878],[102.1014889,14.943507],[102.1015369,14.942919]]],[[[102.0663778,14.9517685],[102.0664914,14.9500882],[102.0664912,14.9493168],[102.0665802,14.9481],[102.0676545,14.9480835],[102.0686032,14.9480692],[102.0698462,14.9480438],[102.071006,14.9480293],[102.0722401,14.9480035],[102.073959,14.9479674],[102.0759378,14.9483817],[102.076832,14.9485657],[102.0798036,14.9487537],[102.0812034,14.948829],[102.0811797,14.9505053],[102.0811452,14.9518791],[102.0810983,14.9533558],[102.0811531,14.9533785],[102.0811828,14.9534117],[102.0811571,14.9548375],[102.0811507,14.9552146],[102.0811375,14.955985],[102.0811188,14.9568812],[102.0810255,14.9569438],[102.0779941,14.956025],[102.0776307,14.9559534],[102.076662,14.9556781],[102.0717623,14.9545519],[102.0670918,14.953763],[102.0669286,14.9537034],[102.0662138,14.9535793],[102.0663778,14.9517685]]]]}},{"type":"Feature","id":21439569,"properties":{"landuse":"military","military":"base","name":"ค่ายสรรพสิทธิประสงค์","name:en":"Fort Sarnbasiddhi Prasonga","type":"multipolygon","@type":"relation","@id":21439569,"branch":"other"},"geometry":{"type":"MultiPolygon","coordinates":[[[[104.8693884,15.1895333],[104.8694944,15.1849734],[104.8698987,15.1850217],[104.8699104,15.1843734],[104.8718901,15.1845509],[104.871931,15.1830352],[104.880261,15.1833162],[104.8949021,15.1830465],[104.898893,15.1830944],[104.8992375,15.1999864],[104.8796951,15.1929706],[104.8793526,15.1928557],[104.8790486,15.1928151],[104.8788325,15.1927992],[104.8707853,15.1928529],[104.8707491,15.1895268],[104.8693884,15.1895333]]],[[[104.8781071,15.2075824],[104.8690405,15.2061148],[104.8690314,15.2016277],[104.8689742,15.2016271],[104.8687062,15.2007229],[104.8688677,15.1975909],[104.869197,15.1975669],[104.869217,15.1972343],[104.8689775,15.1972255],[104.8693471,15.1931592],[104.8716836,15.1931388],[104.8724154,15.1931331],[104.872703,15.1931302],[104.8727253,15.1939012],[104.8735811,15.1938965],[104.8737221,15.1936816],[104.8737126,15.1931082],[104.8745372,15.1930968],[104.8746393,15.1930954],[104.8770604,15.1930998],[104.8779877,15.1931065],[104.8780121,15.1931236],[104.8781116,15.1931255],[104.8782029,15.1931243],[104.878227,15.1931032],[104.8789299,15.1931092],[104.8793262,15.1931526],[104.8800821,15.1933951],[104.8833815,15.1945953],[104.8833999,15.1946153],[104.8834669,15.1946387],[104.8835396,15.1946646],[104.8835783,15.1946764],[104.8835933,15.1946719],[104.8871323,15.1959248],[104.8899999,15.1969834],[104.8900045,15.1969962],[104.8901175,15.197032],[104.8903182,15.1970987],[104.89034,15.1970879],[104.8903707,15.1970959],[104.8904025,15.1971283],[104.8940942,15.1985064],[104.8952227,15.1989098],[104.8952304,15.1989601],[104.8952976,15.1989874],[104.8954328,15.1990341],[104.8954941,15.1990015],[104.8968443,15.1994951],[104.9026699,15.2016311],[104.9014361,15.2086472],[104.8930658,15.2084739],[104.8781071,15.2075824]]]]}},{"type":"Feature","id":21439875,"properties":{"landuse":"military","military":"base","name":"กองบัญชาการช่วยรบที่ 1 (ส่วนแยก บชร.1)","name:en":"1st Army Support Command","name:th":"กองบัญชาการช่วยรบที่ 1 (ส่วนแยก บชร.1)","type":"multipolygon","@type":"relation","@id":21439875,"branch":"army"},"geometry":{"type":"Polygon","coordinates":[[[100.5862566,13.8534299],[100.5838235,13.8534739],[100.5832583,13.8525336],[100.5850113,13.8515986],[100.5852369,13.8514475],[100.5853043,13.8515263],[100.5862663,13.8516557],[100.5873549,13.851838],[100.587305,13.8520316],[100.5871685,13.8534566],[100.5862566,13.8534299]]]}}]}