{"type":"FeatureCollection","features":[{"type":"Feature","id":258214756,"properties":{"access":"yes","checkpoint":"yes","military":"checkpoint","source:position":"geolocated_photo","@type":"node","@id":258214756,"branch":"other"},"geometry":{"type":"Point","coordinates":[99.0923828,19.4215605]}},{"type":"Feature","id":262425871,"properties":{"access":"yes","checkpoint":"yes","military":"checkpoint","source:position":"Maxar;geolocated_photo","traffic_calming":"choker","@type":"node","@id":262425871,"branch":"other"},"geometry":{"type":"Point","coordinates":[98.591373,19.2678018]}},{"type":"Feature","id":301569913,"properties":{"access":"yes","checkpoint":"yes","military":"checkpoint","name":"Sop Moei","source:position":"DigitalGlobe;geolocated_photo","traffic_calming":"choker","@type":"node","@id":301569913,"branch":"other"},"geometry":{"type":"Point","coordinates":[97.9283227,17.9653877]}},{"type":"Feature","id":301569987,"properties":{"access":"yes","checkpoint":"yes","military":"checkpoint","source:position":"Bing;geolocated photo","traffic_calming":"chicane","@type":"node","@id":301569987,"branch":"other"},"geometry":{"type":"Point","coordinates":[97.9455352,17.9431621]}},{"type":"Feature","id":301570505,"properties":{"military":"checkpoint","@type":"node","@id":301570505,"branch":"other"},"geometry":{"type":"Point","coordinates":[97.9637121,17.75238]}},{"type":"Feature","id":305222363,"properties":{"access":"yes","checkpoint":"yes","military":"checkpoint","source:position":"Bing;geolocated_photo","survey_date":"2018-01-02","traffic_calming":"choker","@type":"node","@id":305222363,"branch":"other"},"geometry":{"type":"Point","coordinates":[99.4084374,19.0858792]}},{"type":"Feature","id":361376701,"properties":{"military":"checkpoint","@type":"node","@id":361376701,"branch":"other"},"geometry":{"type":"Point","coordinates":[99.712178,20.1662908]}},{"type":"Feature","id":483400496,"properties":{"access":"yes","checkpoint":"yes","military":"checkpoint","@type":"node","@id":483400496,"branch":"other"},"geometry":{"type":"Point","coordinates":[100.908606,17.5929357]}},{"type":"Feature","id":484221317,"properties":{"access":"yes","locked":"no","military":"checkpoint","name":"Army checkpoint","@type":"node","@id":484221317,"branch":"other"},"geometry":{"type":"Point","coordinates":[99.860432,20.425153]}},{"type":"Feature","id":484693900,"properties":{"access":"yes","barrier":"lift_gate","military":"checkpoint","name:en":"Army Checkpoint","source":"GPS","@type":"node","@id":484693900,"branch":"other"},"geometry":{"type":"Point","coordinates":[99.0374443,19.7240374]}},{"type":"Feature","id":484695364,"properties":{"access":"yes","barrier":"lift_gate","military":"checkpoint","@type":"node","@id":484695364,"branch":"other"},"geometry":{"type":"Point","coordinates":[99.041597,19.93891]}},{"type":"Feature","id":484695481,"properties":{"barrier":"lift_gate","checkpoint":"yes","military":"checkpoint","source:position":"Maxar;geolocated_photo","@type":"node","@id":484695481,"branch":"other"},"geometry":{"type":"Point","coordinates":[99.0495084,19.9603371]}},{"type":"Feature","id":585168946,"properties":{"access":"permit","barrier":"gate","military":"checkpoint","name":"Check Point","@type":"node","@id":585168946,"branch":"other"},"geometry":{"type":"Point","coordinates":[99.7957985,11.7623125]}},{"type":"Feature","id":590728180,"properties":{"access":"yes","barrier":"lift_gate","checkpoint":"yes","military":"checkpoint","name":"Pa Hong Checkpoint","name:th":"ด่านตรวจร่วม ผาหงส์ สภ.ไชยปราการ","source:position":"Maxar;geolocated_photo","traffic_calming":"choker","@type":"node","@id":590728180,"branch":"other"},"geometry":{"type":"Point","coordinates":[99.1359167,19.6439128]}},{"type":"Feature","id":617758963,"properties":{"access":"yes","checkpoint":"yes","military":"checkpoint","source:position":"DigitalGlobe;geolocated_photo","traffic_calming":"chicane","@type":"node","@id":617758963,"branch":"other"},"geometry":{"type":"Point","coordinates":[97.9656154,17.866914]}},{"type":"Feature","id":618035071,"properties":{"military":"checkpoint","@type":"node","@id":618035071,"branch":"other"},"geometry":{"type":"Point","coordinates":[102.485136,12.9278248]}},{"type":"Feature","id":790700364,"properties":{"access":"yes","checkpoint":"yes","military":"checkpoint","traffic_calming":"choker","@type":"node","@id":790700364,"branch":"other"},"geometry":{"type":"Point","coordinates":[98.6256139,16.753231]}},{"type":"Feature","id":795759585,"properties":{"access":"yes","checkpoint":"yes","military":"checkpoint","source:position":"Bing;geolocated photo","traffic_calming":"chicane","@type":"node","@id":795759585,"branch":"other"},"geometry":{"type":"Point","coordinates":[98.7808305,16.0692264]}},{"type":"Feature","id":798807005,"properties":{"access":"yes","checkpoint":"yes","military":"checkpoint","traffic_calming":"choker","@type":"node","@id":798807005,"branch":"other"},"geometry":{"type":"Point","coordinates":[98.4530637,17.4283787]}},{"type":"Feature","id":846456202,"properties":{"access":"no","barrier":"lift_gate","locked":"yes","military":"checkpoint","source":"GPS survey","@type":"node","@id":846456202,"branch":"other"},"geometry":{"type":"Point","coordinates":[98.9527633,19.7643844]}},{"type":"Feature","id":956412642,"properties":{"access":"yes","barrier":"lift_gate","checkpoint":"yes","military":"checkpoint","source:position":"Maxar;geolocated_photo","@type":"node","@id":956412642,"branch":"other"},"geometry":{"type":"Point","coordinates":[99.2046252,20.1100861]}},{"type":"Feature","id":968104602,"properties":{"military":"checkpoint","@type":"node","@id":968104602,"branch":"other"},"geometry":{"type":"Point","coordinates":[102.911657,14.2416017]}},{"type":"Feature","id":968137803,"properties":{"military":"checkpoint","source":"GPS survey","@type":"node","@id":968137803,"branch":"other"},"geometry":{"type":"Point","coordinates":[102.935164,14.144712]}},{"type":"Feature","id":974237793,"properties":{"military":"checkpoint","@type":"node","@id":974237793,"branch":"other"},"geometry":{"type":"Point","coordinates":[102.4447039,12.9201955]}},{"type":"Feature","id":976899241,"properties":{"access":"permit","barrier":"lift_gate","checkpoint":"yes","military":"checkpoint","name":"Check point","source:position":"Maxar;geolocated_photo","@type":"node","@id":976899241,"branch":"other"},"geometry":{"type":"Point","coordinates":[99.8003483,11.7959072]}},{"type":"Feature","id":1015410105,"properties":{"access":"no","barrier":"lift_gate","locked":"yes","military":"checkpoint","note":"2023-08-04 Cannot cross this barrier. This is approximately the current end of the loop road. It prevents access to Doi San Ju from the east, and Doi Lang from the west.","source":"GPS","@type":"node","@id":1015410105,"branch":"other"},"geometry":{"type":"Point","coordinates":[99.0947533,20.0975944]}},{"type":"Feature","id":1015410140,"properties":{"barrier":"lift_gate","military":"checkpoint","@type":"node","@id":1015410140,"branch":"other"},"geometry":{"type":"Point","coordinates":[99.0921369,20.1007284]}},{"type":"Feature","id":1015410214,"properties":{"access":"yes","barrier":"lift_gate","checkpoint":"yes","military":"checkpoint","name:en":"Doi Lang East Upper Army Checkpoint","source:name":"POI note added by user:g33k5p34k","source:position":"Maxar;geolocated_photo","traffic_calming":"chicane","@type":"node","@id":1015410214,"branch":"other"},"geometry":{"type":"Point","coordinates":[99.1587365,20.1325282]}},{"type":"Feature","id":1015437464,"properties":{"military":"checkpoint","@type":"node","@id":1015437464,"branch":"other"},"geometry":{"type":"Point","coordinates":[98.8453951,19.3429088]}},{"type":"Feature","id":1110571123,"properties":{"access":"yes","checkpoint":"yes","junction":"yes","military":"checkpoint","name:en":"Romklao","traffic_calming":"chicane","@type":"node","@id":1110571123,"branch":"other"},"geometry":{"type":"Point","coordinates":[100.9069448,17.6399813]}},{"type":"Feature","id":1177875165,"properties":{"military":"checkpoint","@type":"node","@id":1177875165,"branch":"other"},"geometry":{"type":"Point","coordinates":[100.6830019,6.9774476]}},{"type":"Feature","id":1177875754,"properties":{"military":"checkpoint","@type":"node","@id":1177875754,"branch":"other"},"geometry":{"type":"Point","coordinates":[100.6828383,6.9773651]}},{"type":"Feature","id":1177951264,"properties":{"military":"checkpoint","@type":"node","@id":1177951264,"branch":"other"},"geometry":{"type":"Point","coordinates":[101.8342811,6.4206343]}},{"type":"Feature","id":1188085617,"properties":{"military":"checkpoint","@type":"node","@id":1188085617,"branch":"other"},"geometry":{"type":"Point","coordinates":[101.57775,6.35566]}},{"type":"Feature","id":1208369032,"properties":{"barrier":"gate","comment":"access to the beach","military":"checkpoint","@type":"node","@id":1208369032,"branch":"other"},"geometry":{"type":"Point","coordinates":[100.896755,12.7453079]}},{"type":"Feature","id":1226347348,"properties":{"access":"yes","barrier":"lift_gate","checkpoint":"yes","military":"checkpoint","name:en":"Doi Ang Khang Intersection Checkpoint","source:position":"Maxar;geolocated_photo","survey_date":"2025-10-26","@type":"node","@id":1226347348,"branch":"other"},"geometry":{"type":"Point","coordinates":[99.047437,19.8589994]}},{"type":"Feature","id":1280317505,"properties":{"amenity":"police","military":"checkpoint","name":"Army Check Point","@type":"node","@id":1280317505,"branch":"other"},"geometry":{"type":"Point","coordinates":[100.3447483,17.9788767]}},{"type":"Feature","id":1300495354,"properties":{"access":"yes","checkpoint":"yes","military":"checkpoint","source:position":"Bing;geolocated photo","traffic_calming":"choker","@type":"node","@id":1300495354,"branch":"other"},"geometry":{"type":"Point","coordinates":[100.7054121,18.3696125]}},{"type":"Feature","id":1402029650,"properties":{"barrier":"toll_booth","currency:THB":"yes","military":"checkpoint","name":"อุทยานแห่งชาติ ดอยอินทนนท์","name:en":"Doi Inthanon National Park","note":"Thai nation 30 baht, foreigners 300 baht","payment:cash":"yes","source":"GPS","@type":"node","@id":1402029650,"branch":"other"},"geometry":{"type":"Point","coordinates":[98.6712376,18.4965011]}},{"type":"Feature","id":1604754194,"properties":{"military":"camp","@type":"node","@id":1604754194,"branch":"other"},"geometry":{"type":"Point","coordinates":[99.339025,20.0823676]}},{"type":"Feature","id":1635787936,"properties":{"access":"yes","checkpoint":"yes","military":"checkpoint","source":"http://www.captainslash.com/mae-sariang-to-huai-pla-kang-and-new-tracks/","traffic_calming":"choker","@type":"node","@id":1635787936,"branch":"other"},"geometry":{"type":"Point","coordinates":[98.0686982,18.154115]}},{"type":"Feature","id":1662778286,"properties":{"landuse":"military","name":"ค่ายเสนาณรงค์","name:th":"ค่ายเสนาณรงค์","@type":"node","@id":1662778286,"branch":"other"},"geometry":{"type":"Point","coordinates":[100.5009381,7.0254235]}},{"type":"Feature","id":1851001286,"properties":{"military":"checkpoint","@type":"node","@id":1851001286,"branch":"other"},"geometry":{"type":"Point","coordinates":[97.8996903,17.9137806]}},{"type":"Feature","id":1851001797,"properties":{"access":"yes","barrier":"lift_gate","military":"checkpoint","@type":"node","@id":1851001797,"branch":"other"},"geometry":{"type":"Point","coordinates":[97.7463747,17.9502069]}},{"type":"Feature","id":1979259920,"properties":{"military":"checkpoint","@type":"node","@id":1979259920,"branch":"other"},"geometry":{"type":"Point","coordinates":[101.4906234,6.4743049]}},{"type":"Feature","id":1981247559,"properties":{"military":"checkpoint","name":"ด่านตรวจบ้านคลองทรายใน","name:en":"Khlong Sai Nai Checkpoint","@type":"node","@id":1981247559,"branch":"other"},"geometry":{"type":"Point","coordinates":[101.2381721,6.6155782]}},{"type":"Feature","id":2055577546,"properties":{"barrier":"border_control","checkpoint":"yes","military":"checkpoint","name":"Thai border post - locals only","source":"http://www.captainslash.com/kanchanaburi-bong-ti-and-a-couple-of-new-roads/","source:position":"Maxar;geolocated_photo","@type":"node","@id":2055577546,"branch":"other"},"geometry":{"type":"Point","coordinates":[98.9907488,14.0335711]}},{"type":"Feature","id":2105796075,"properties":{"access":"private","barrier":"checkpoint","bicycle":"no","entrance":"yes","foot":"no","military":"checkpoint","motor_vehicle":"permissive","@type":"node","@id":2105796075,"branch":"other"},"geometry":{"type":"Point","coordinates":[98.9673954,18.7720146]}},{"type":"Feature","id":2143615895,"properties":{"military":"checkpoint","@type":"node","@id":2143615895,"branch":"other"},"geometry":{"type":"Point","coordinates":[99.6676385,20.2321673]}},{"type":"Feature","id":2411624564,"properties":{"military":"checkpoint","@type":"node","@id":2411624564,"branch":"other"},"geometry":{"type":"Point","coordinates":[101.5131338,6.386001]}},{"type":"Feature","id":2412785373,"properties":{"military":"checkpoint","@type":"node","@id":2412785373,"branch":"other"},"geometry":{"type":"Point","coordinates":[101.6325955,6.3394484]}},{"type":"Feature","id":2412788362,"properties":{"military":"checkpoint","@type":"node","@id":2412788362,"branch":"other"},"geometry":{"type":"Point","coordinates":[101.7112283,6.402881]}},{"type":"Feature","id":2412799851,"properties":{"military":"checkpoint","@type":"node","@id":2412799851,"branch":"other"},"geometry":{"type":"Point","coordinates":[101.8226093,6.4425354]}},{"type":"Feature","id":2412882622,"properties":{"military":"checkpoint","@type":"node","@id":2412882622,"branch":"other"},"geometry":{"type":"Point","coordinates":[101.8019964,6.410062]}},{"type":"Feature","id":2412882626,"properties":{"military":"checkpoint","@type":"node","@id":2412882626,"branch":"other"},"geometry":{"type":"Point","coordinates":[101.8019267,6.4102339]}},{"type":"Feature","id":2412889402,"properties":{"military":"checkpoint","@type":"node","@id":2412889402,"branch":"other"},"geometry":{"type":"Point","coordinates":[101.7480997,6.4050724]}},{"type":"Feature","id":2412911748,"properties":{"military":"checkpoint","@type":"node","@id":2412911748,"branch":"other"},"geometry":{"type":"Point","coordinates":[101.6604359,6.4437762]}},{"type":"Feature","id":2427385894,"properties":{"military":"checkpoint","name":"Ranong Immigration Office","@type":"node","@id":2427385894,"branch":"other"},"geometry":{"type":"Point","coordinates":[98.5920332,9.9549192]}},{"type":"Feature","id":2591230670,"properties":{"access":"yes","checkpoint":"yes","military":"checkpoint","traffic_calming":"choker","@type":"node","@id":2591230670,"branch":"other"},"geometry":{"type":"Point","coordinates":[100.1077633,17.8104203]}},{"type":"Feature","id":2618275385,"properties":{"military":"range","name":"กองอำนวยการทหารพราน โครงการพื้นที่พิเศษอมก๋อย","radio":"สถานีวิทยุชุมชนและชนเผ่า ขุนเขาเรดิโอ","@type":"node","@id":2618275385,"branch":"other"},"geometry":{"type":"Point","coordinates":[98.3593993,17.8011397]}},{"type":"Feature","id":2645199162,"properties":{"military":"checkpoint","@type":"node","@id":2645199162,"branch":"other"},"geometry":{"type":"Point","coordinates":[102.2658847,12.8514804]}},{"type":"Feature","id":2680493402,"properties":{"military":"checkpoint","@type":"node","@id":2680493402,"branch":"other"},"geometry":{"type":"Point","coordinates":[101.777664,6.4812526]}},{"type":"Feature","id":2680576261,"properties":{"military":"checkpoint","@type":"node","@id":2680576261,"branch":"other"},"geometry":{"type":"Point","coordinates":[101.6329877,6.3391816]}},{"type":"Feature","id":2680576265,"properties":{"military":"checkpoint","@type":"node","@id":2680576265,"branch":"other"},"geometry":{"type":"Point","coordinates":[101.5379451,6.3605224]}},{"type":"Feature","id":2680576274,"properties":{"military":"checkpoint","@type":"node","@id":2680576274,"branch":"other"},"geometry":{"type":"Point","coordinates":[101.7476767,6.4050438]}},{"type":"Feature","id":2680576280,"properties":{"military":"checkpoint","@type":"node","@id":2680576280,"branch":"other"},"geometry":{"type":"Point","coordinates":[101.8091903,6.419545]}},{"type":"Feature","id":2680576287,"properties":{"military":"checkpoint","@type":"node","@id":2680576287,"branch":"other"},"geometry":{"type":"Point","coordinates":[101.7982112,6.4312293]}},{"type":"Feature","id":2680576290,"properties":{"military":"checkpoint","@type":"node","@id":2680576290,"branch":"other"},"geometry":{"type":"Point","coordinates":[101.7970407,6.4428737]}},{"type":"Feature","id":2683648252,"properties":{"military":"checkpoint","@type":"node","@id":2683648252,"branch":"other"},"geometry":{"type":"Point","coordinates":[101.5192584,6.4024729]}},{"type":"Feature","id":2683648256,"properties":{"military":"checkpoint","@type":"node","@id":2683648256,"branch":"other"},"geometry":{"type":"Point","coordinates":[101.5065612,6.4247421]}},{"type":"Feature","id":2683674600,"properties":{"military":"checkpoint","@type":"node","@id":2683674600,"branch":"other"},"geometry":{"type":"Point","coordinates":[101.379412,6.5543512]}},{"type":"Feature","id":2683674618,"properties":{"military":"checkpoint","@type":"node","@id":2683674618,"branch":"other"},"geometry":{"type":"Point","coordinates":[101.3180885,6.5556528]}},{"type":"Feature","id":2683678383,"properties":{"military":"checkpoint","@type":"node","@id":2683678383,"branch":"other"},"geometry":{"type":"Point","coordinates":[101.0591206,6.8227765]}},{"type":"Feature","id":2683678388,"properties":{"military":"checkpoint","@type":"node","@id":2683678388,"branch":"other"},"geometry":{"type":"Point","coordinates":[101.0591782,6.8230022]}},{"type":"Feature","id":2789715445,"properties":{"military":"checkpoint","@type":"node","@id":2789715445,"branch":"other"},"geometry":{"type":"Point","coordinates":[101.2686403,6.5525805]}},{"type":"Feature","id":2789715446,"properties":{"military":"checkpoint","@type":"node","@id":2789715446,"branch":"other"},"geometry":{"type":"Point","coordinates":[101.2686611,6.5527728]}},{"type":"Feature","id":2960085592,"properties":{"checkpoint":"military","military":"checkpoint","name:en":"Checkpoint Myanmar border","@type":"node","@id":2960085592,"branch":"other"},"geometry":{"type":"Point","coordinates":[98.2487784,19.6758746]}},{"type":"Feature","id":3154095262,"properties":{"access":"yes","checkpoint":"yes","military":"checkpoint","traffic_calming":"choker","@type":"node","@id":3154095262,"branch":"other"},"geometry":{"type":"Point","coordinates":[100.1077062,17.8103381]}},{"type":"Feature","id":3182569114,"properties":{"access":"yes","checkpoint":"yes","military":"checkpoint","traffic_calming":"choker","@type":"node","@id":3182569114,"branch":"other"},"geometry":{"type":"Point","coordinates":[100.0463279,17.8817678]}},{"type":"Feature","id":3262975737,"properties":{"access":"permissive","entrance":"yes","military":"checkpoint","@type":"node","@id":3262975737,"branch":"other"},"geometry":{"type":"Point","coordinates":[98.9692754,18.7722438]}},{"type":"Feature","id":3264161593,"properties":{"access":"yes","checkpoint":"yes","military":"checkpoint","source:position":"Bing;geolocated photo","@type":"node","@id":3264161593,"branch":"other"},"geometry":{"type":"Point","coordinates":[100.9054449,18.3114399]}},{"type":"Feature","id":3335639299,"properties":{"access":"yes","checkpoint":"yes","military":"checkpoint","traffic_calming":"choker","@type":"node","@id":3335639299,"branch":"other"},"geometry":{"type":"Point","coordinates":[98.5978872,18.1986763]}},{"type":"Feature","id":3339010655,"properties":{"access":"yes","checkpoint":"yes","military":"checkpoint","note":"2017-02-16 This may be a temporary check point","source:position":"Bing;geolocated photo","traffic_calming":"choker","@type":"node","@id":3339010655,"branch":"other"},"geometry":{"type":"Point","coordinates":[97.9638625,17.7530829]}},{"type":"Feature","id":3359321709,"properties":{"access":"permissive","barrier":"lift_gate","military":"checkpoint","name":"Checkpoint","@type":"node","@id":3359321709,"branch":"other"},"geometry":{"type":"Point","coordinates":[102.6508423,12.5427411]}},{"type":"Feature","id":3442281423,"properties":{"access":"yes","checkpoint":"yes","military":"checkpoint","traffic_calming":"choker","@type":"node","@id":3442281423,"branch":"other"},"geometry":{"type":"Point","coordinates":[98.3864458,18.1556081]}},{"type":"Feature","id":3529521037,"properties":{"access":"yes","bicycle":"yes","checkpoint":"yes","foot":"yes","horse":"yes","military":"checkpoint","motor_vehicle":"yes","source:position":"GPS","traffic_calming":"choker","@type":"node","@id":3529521037,"branch":"other"},"geometry":{"type":"Point","coordinates":[99.1723317,19.0938912]}},{"type":"Feature","id":3532094470,"properties":{"access":"yes","checkpoint":"yes","military":"checkpoint","name:en":"Police Check Point","source":"GPS","source:position":"DigitalGlobe;geolocated_photo","traffic_calming":"choker","@type":"node","@id":3532094470,"branch":"other"},"geometry":{"type":"Point","coordinates":[99.4889854,19.4649143]}},{"type":"Feature","id":3546226337,"properties":{"access":"yes","checkpoint":"yes","country":"ไทย","military":"checkpoint","name":"บ้านแก่งปันเต๊า","name:en":"Kaeng Pan Tao","name:th":"บ้านแก่งปันเต๊า","source":"GPS","source:position":"Maxar;geolocated_photo","traffic_calming":"chicane","@type":"node","@id":3546226337,"branch":"other"},"geometry":{"type":"Point","coordinates":[98.9682924,19.2837235]}},{"type":"Feature","id":3546338264,"properties":{"access":"yes","alt_name:en":"Pa In Checkpoint","barrier":"border_control","checkpoint":"yes","military":"checkpoint","name":"จุดตรวจป่าฮิ้น","name:en":"Pa Hin Checkpoint","note":"2016-12-15 Combined two \"check points\" into one. There is no lift_gate present, only a chicane to slow traffic.","source":"GPS","traffic_calming":"chicane","@type":"node","@id":3546338264,"branch":"other"},"geometry":{"type":"Point","coordinates":[99.1474854,19.3870374]}},{"type":"Feature","id":3680897978,"properties":{"military":"checkpoint","@type":"node","@id":3680897978,"branch":"other"},"geometry":{"type":"Point","coordinates":[98.6811672,19.7374297]}},{"type":"Feature","id":3838712740,"properties":{"access":"yes","checkpoint":"yes","military":"checkpoint","traffic_calming":"choker","@type":"node","@id":3838712740,"branch":"other"},"geometry":{"type":"Point","coordinates":[99.9126292,19.0936435]}},{"type":"Feature","id":3838829114,"properties":{"access":"yes","checkpoint":"yes","military":"checkpoint","source:position":"Bing;geolocated photo","traffic_calming":"chicane","@type":"node","@id":3838829114,"branch":"other"},"geometry":{"type":"Point","coordinates":[101.0366797,18.2149176]}},{"type":"Feature","id":3880114803,"properties":{"access":"yes","checkpoint":"yes","military":"checkpoint","traffic_calming":"choker","@type":"node","@id":3880114803,"branch":"other"},"geometry":{"type":"Point","coordinates":[98.4752496,18.22178]}},{"type":"Feature","id":3881565899,"properties":{"access":"yes","checkpoint":"yes","military":"checkpoint","@type":"node","@id":3881565899,"branch":"other"},"geometry":{"type":"Point","coordinates":[97.8994715,18.0310906]}},{"type":"Feature","id":3883289370,"properties":{"access":"yes","checkpoint":"yes","military":"checkpoint","@type":"node","@id":3883289370,"branch":"other"},"geometry":{"type":"Point","coordinates":[98.3798437,17.9933916]}},{"type":"Feature","id":3919569162,"properties":{"access":"private","bicycle":"no","checkpoint":"yes","foot":"no","military":"checkpoint","motor_vehicle":"permissive","traffic_calming":"choker","@type":"node","@id":3919569162,"branch":"other"},"geometry":{"type":"Point","coordinates":[99.0087798,18.785793]}},{"type":"Feature","id":3949835989,"properties":{"access":"yes","checkpoint":"yes","military":"checkpoint","traffic_calming":"choker","@type":"node","@id":3949835989,"branch":"other"},"geometry":{"type":"Point","coordinates":[101.1846319,17.4947479]}},{"type":"Feature","id":3951166294,"properties":{"access":"yes","checkpoint":"yes","military":"checkpoint","traffic_calming":"choker","@type":"node","@id":3951166294,"branch":"other"},"geometry":{"type":"Point","coordinates":[101.2275255,17.5342022]}},{"type":"Feature","id":3953036667,"properties":{"access":"yes","checkpoint":"yes","military":"checkpoint","traffic_calming":"choker","@type":"node","@id":3953036667,"branch":"other"},"geometry":{"type":"Point","coordinates":[100.9235948,17.6904714]}},{"type":"Feature","id":3964043152,"properties":{"military":"checkpoint","name":"Checkpoint","@type":"node","@id":3964043152,"branch":"other"},"geometry":{"type":"Point","coordinates":[99.7145384,17.0185234]}},{"type":"Feature","id":4068407332,"properties":{"military":"checkpoint","name":"Thai Military Checkpoint","@type":"node","@id":4068407332,"branch":"other"},"geometry":{"type":"Point","coordinates":[98.5866628,9.9619525]}},{"type":"Feature","id":4082583508,"properties":{"landuse":"military","name":"6th Infantry","@type":"node","@id":4082583508,"branch":"other"},"geometry":{"type":"Point","coordinates":[103.4863634,16.1100735]}},{"type":"Feature","id":4083300703,"properties":{"landuse":"military","man_made":"mast","@type":"node","@id":4083300703,"branch":"other"},"geometry":{"type":"Point","coordinates":[103.4924906,16.0998729]}},{"type":"Feature","id":4207193150,"properties":{"military":"checkpoint","@type":"node","@id":4207193150,"branch":"other"},"geometry":{"type":"Point","coordinates":[102.165568,13.314344]}},{"type":"Feature","id":4210472421,"properties":{"access":"yes","checkpoint":"yes","military":"checkpoint","traffic_calming":"choker","@type":"node","@id":4210472421,"branch":"other"},"geometry":{"type":"Point","coordinates":[99.9128264,19.0936929]}},{"type":"Feature","id":4273145191,"properties":{"military":"office","name":"ศูนย์ต่อสู้ป้องกันภัยทางอากาศกองทัพบกที่2","@type":"node","@id":4273145191,"branch":"other"},"geometry":{"type":"Point","coordinates":[102.0910777,14.9514373]}},{"type":"Feature","id":4337872924,"properties":{"access":"yes","checkpoint":"yes","military":"checkpoint","source:position":"Bing;geolocated photo","traffic_calming":"chicane","@type":"node","@id":4337872924,"branch":"other"},"geometry":{"type":"Point","coordinates":[97.9230388,17.5676229]}},{"type":"Feature","id":4352433431,"properties":{"military":"checkpoint","@type":"node","@id":4352433431,"branch":"other"},"geometry":{"type":"Point","coordinates":[99.9620578,9.4811105]}},{"type":"Feature","id":4365710400,"properties":{"barrier":"gate","checkpoint":"security","military":"checkpoint","@type":"node","@id":4365710400,"branch":"other"},"geometry":{"type":"Point","coordinates":[98.2247327,8.5706956]}},{"type":"Feature","id":4430577926,"properties":{"military":"checkpoint","name":"Check-in desks","@type":"node","@id":4430577926,"branch":"other"},"geometry":{"type":"Point","coordinates":[100.06399,9.5464255]}},{"type":"Feature","id":4487931328,"properties":{"military":"checkpoint","@type":"node","@id":4487931328,"branch":"other"},"geometry":{"type":"Point","coordinates":[98.9604538,18.8497939]}},{"type":"Feature","id":4570471700,"properties":{"military":"checkpoint","@type":"node","@id":4570471700,"branch":"other"},"geometry":{"type":"Point","coordinates":[102.8799256,14.1722541]}},{"type":"Feature","id":4582729057,"properties":{"access":"yes","checkpoint":"yes","military":"checkpoint","source:position":"Bing;geolocated photo","traffic_calming":"chicane","@type":"node","@id":4582729057,"branch":"other"},"geometry":{"type":"Point","coordinates":[98.7534289,16.0339401]}},{"type":"Feature","id":4585147223,"properties":{"access":"yes","checkpoint":"yes","military":"checkpoint","note":"2017-01-02 Might be temporary for New Year","traffic_calming":"chicane","@type":"node","@id":4585147223,"branch":"other"},"geometry":{"type":"Point","coordinates":[98.4099248,17.1024754]}},{"type":"Feature","id":4586385525,"properties":{"access":"yes","checkpoint":"yes","military":"checkpoint","traffic_calming":"choker","@type":"node","@id":4586385525,"branch":"other"},"geometry":{"type":"Point","coordinates":[98.6257536,16.7531276]}},{"type":"Feature","id":4589599674,"properties":{"gate":"lift_gate","military":"checkpoint","name:en":"Check Point","traffic_calming":"yes","@type":"node","@id":4589599674,"branch":"other"},"geometry":{"type":"Point","coordinates":[98.6693861,14.9425575]}},{"type":"Feature","id":4591891731,"properties":{"access":"yes","checkpoint":"yes","military":"checkpoint","traffic_calming":"chicane","@type":"node","@id":4591891731,"branch":"other"},"geometry":{"type":"Point","coordinates":[98.880441,16.1982671]}},{"type":"Feature","id":4615278766,"properties":{"access":"yes","barrier":"lift_gate","checkpoint":"yes","military":"checkpoint","name":"Border Police Checkpoint","source:position":"Bing;geolocated photo","traffic_calming":"chicane","@type":"node","@id":4615278766,"branch":"other"},"geometry":{"type":"Point","coordinates":[100.9070113,17.6400846]}},{"type":"Feature","id":4623517707,"properties":{"access":"yes","barrier":"lift_gate","checkpoint":"yes","military":"checkpoint","name:en":"Payapad Check Point","operator":"Border Police Company 316","source:position":"Bing;geolocated_photo","traffic_calming":"choker","@type":"node","@id":4623517707,"branch":"other"},"geometry":{"type":"Point","coordinates":[100.9951472,17.8710585]}},{"type":"Feature","id":4655682138,"properties":{"access":"yes","checkpoint":"yes","military":"checkpoint","source:position":"2017-01-22 survey","traffic_calming":"choker","@type":"node","@id":4655682138,"branch":"other"},"geometry":{"type":"Point","coordinates":[101.059609,18.1848069]}},{"type":"Feature","id":4690181138,"properties":{"access":"yes","checkpoint":"yes","military":"checkpoint","source:position":"Bing;geolocated photo","traffic_calming":"chicane","@type":"node","@id":4690181138,"branch":"other"},"geometry":{"type":"Point","coordinates":[98.1313456,17.3612419]}},{"type":"Feature","id":4690181139,"properties":{"access":"yes","checkpoint":"yes","military":"checkpoint","source:position":"Bing;geolocated photo","traffic_calming":"chicane","@type":"node","@id":4690181139,"branch":"other"},"geometry":{"type":"Point","coordinates":[98.0615491,17.4389128]}},{"type":"Feature","id":4690181782,"properties":{"access":"yes","checkpoint":"yes","military":"checkpoint","source:position":"Bing;geolocated photo","traffic_calming":"chicane","@type":"node","@id":4690181782,"branch":"other"},"geometry":{"type":"Point","coordinates":[97.9681493,17.8647747]}},{"type":"Feature","id":4690190954,"properties":{"access":"yes","checkpoint":"yes","military":"checkpoint","source:position":"Bing;geolocated photo","traffic_calming":"chicane","@type":"node","@id":4690190954,"branch":"other"},"geometry":{"type":"Point","coordinates":[98.1505504,17.3383586]}},{"type":"Feature","id":4691472609,"properties":{"access":"yes","checkpoint":"yes","military":"checkpoint","source:position":"Bing;geolocated photo","traffic_calming":"choker","@type":"node","@id":4691472609,"branch":"other"},"geometry":{"type":"Point","coordinates":[98.493541,17.0432124]}},{"type":"Feature","id":4691472689,"properties":{"access":"yes","checkpoint":"yes","military":"checkpoint","source:position":"Bing;geolocated photo","traffic_calming":"chicane","@type":"node","@id":4691472689,"branch":"other"},"geometry":{"type":"Point","coordinates":[98.3622856,17.1484272]}},{"type":"Feature","id":4691982701,"properties":{"access":"yes","checkpoint":"yes","military":"checkpoint","source:position":"Bing;geolocated photo","traffic_calming":"choker","@type":"node","@id":4691982701,"branch":"other"},"geometry":{"type":"Point","coordinates":[98.4327201,17.060947]}},{"type":"Feature","id":4742938125,"properties":{"addr:postcode":"10300","addr:street":"ถนนทหาร","military":"office","name":"อาคารรับรองกองทัพบก (เกียกกาย)","@type":"node","@id":4742938125,"branch":"other"},"geometry":{"type":"Point","coordinates":[100.5231858,13.7931932]}},{"type":"Feature","id":4770954893,"properties":{"military":"checkpoint","name":"Yarang-Mayo Border Military Checkpoint","@type":"node","@id":4770954893,"branch":"other"},"geometry":{"type":"Point","coordinates":[101.3369566,6.7459178]}},{"type":"Feature","id":4782275824,"properties":{"access":"yes","barrier":"lift_gate","checkpoint":"yes","military":"checkpoint","source:position":"Maxar;geolocated_photo","@type":"node","@id":4782275824,"branch":"other"},"geometry":{"type":"Point","coordinates":[99.2304066,20.1244406]}},{"type":"Feature","id":4784028520,"properties":{"military":"checkpoint","name":"Registration for visitors","source_date":"2017-04-08","@type":"node","@id":4784028520,"branch":"other"},"geometry":{"type":"Point","coordinates":[99.8005175,11.7958104]}},{"type":"Feature","id":4784032988,"properties":{"military":"checkpoint","name":"entrance 2","note":"for tourists: for entrance deposit of passport > entrance card with number","source":"survey","source:date":"2017-04-08","@type":"node","@id":4784032988,"branch":"other"},"geometry":{"type":"Point","coordinates":[99.8033518,11.7941581]}},{"type":"Feature","id":4784088978,"properties":{"military":"checkpoint","source":"survey","source:date":"2017-04-08","@type":"node","@id":4784088978,"branch":"other"},"geometry":{"type":"Point","coordinates":[99.8040386,11.7831877]}},{"type":"Feature","id":4806926621,"properties":{"military":"checkpoint","name":"Army Checkpoint","name:th":"Army Checkpoint","@type":"node","@id":4806926621,"branch":"other"},"geometry":{"type":"Point","coordinates":[99.8493105,20.4096952]}},{"type":"Feature","id":4852964850,"properties":{"access":"permit","barrier":"lift_gate","military":"checkpoint","@type":"node","@id":4852964850,"branch":"other"},"geometry":{"type":"Point","coordinates":[99.9278641,19.1950698]}},{"type":"Feature","id":5248747653,"properties":{"access":"yes","barrier":"lift_gate","checkpoint":"yes","military":"checkpoint","source:position":"DigitalGlobe;geolocated_photo","traffic_calming":"chicane","@type":"node","@id":5248747653,"branch":"other"},"geometry":{"type":"Point","coordinates":[98.9599319,18.8674614]}},{"type":"Feature","id":5271846165,"properties":{"landuse":"military","military":"danger_area","@type":"node","@id":5271846165,"branch":"other"},"geometry":{"type":"Point","coordinates":[100.7242176,14.0387338]}},{"type":"Feature","id":5280853202,"properties":{"locked":"yes","military":"checkpoint","@type":"node","@id":5280853202,"branch":"other"},"geometry":{"type":"Point","coordinates":[99.9456187,20.4567753]}},{"type":"Feature","id":5303060282,"properties":{"barrier":"gate","landuse":"military","name":"Santhiya Resort Gate","@type":"node","@id":5303060282,"branch":"other"},"geometry":{"type":"Point","coordinates":[100.0550697,9.7847817]}},{"type":"Feature","id":5325350782,"properties":{"access":"yes","checkpoint":"yes","military":"checkpoint","source:position":"DigitalGlobe;geolocated_photo","traffic_calming":"choker","@type":"node","@id":5325350782,"branch":"other"},"geometry":{"type":"Point","coordinates":[99.8703093,20.118118]}},{"type":"Feature","id":5325350783,"properties":{"access":"yes","checkpoint":"yes","military":"checkpoint","source:position":"DigitalGlobe;geolocated_photo","traffic_calming":"choker","@type":"node","@id":5325350783,"branch":"other"},"geometry":{"type":"Point","coordinates":[99.8703956,20.118199]}},{"type":"Feature","id":5375073797,"properties":{"military":"office","name":"Checkpoint","@type":"node","@id":5375073797,"branch":"other"},"geometry":{"type":"Point","coordinates":[98.2087355,19.5873718]}},{"type":"Feature","id":5395784538,"properties":{"landuse":"military","military":"office","name":"ที่ทำการกองทุนหมู่บ้านหนองน้ำขาว","@type":"node","@id":5395784538,"branch":"other"},"geometry":{"type":"Point","coordinates":[99.644421,11.544282]}},{"type":"Feature","id":5438770723,"properties":{"access":"permit","barrier":"gate","military":"checkpoint","motor_vehicle":"permit","@type":"node","@id":5438770723,"branch":"other"},"geometry":{"type":"Point","coordinates":[98.9628626,18.7866951]}},{"type":"Feature","id":5630097640,"properties":{"landuse":"military","military":"checkpoint","@type":"node","@id":5630097640,"branch":"other"},"geometry":{"type":"Point","coordinates":[100.576835,13.8524959]}},{"type":"Feature","id":5718053819,"properties":{"landuse":"military","military":"checkpoint","@type":"node","@id":5718053819,"branch":"other"},"geometry":{"type":"Point","coordinates":[98.9247056,19.3212381]}},{"type":"Feature","id":6401940024,"properties":{"military":"checkpoint","@type":"node","@id":6401940024,"branch":"other"},"geometry":{"type":"Point","coordinates":[100.924193,12.6225022]}},{"type":"Feature","id":6694858549,"properties":{"military":"checkpoint","@type":"node","@id":6694858549,"branch":"other"},"geometry":{"type":"Point","coordinates":[98.2086704,19.5875785]}},{"type":"Feature","id":6703746772,"properties":{"military":"checkpoint","@type":"node","@id":6703746772,"branch":"other"},"geometry":{"type":"Point","coordinates":[100.9425237,12.6658284]}},{"type":"Feature","id":6703746773,"properties":{"military":"checkpoint","@type":"node","@id":6703746773,"branch":"other"},"geometry":{"type":"Point","coordinates":[100.9429383,12.6658593]}},{"type":"Feature","id":6703767850,"properties":{"access":"private","barrier":"gate","military":"checkpoint","@type":"node","@id":6703767850,"branch":"other"},"geometry":{"type":"Point","coordinates":[100.9190019,12.6666942]}},{"type":"Feature","id":6703767860,"properties":{"access":"private","barrier":"gate","military":"checkpoint","@type":"node","@id":6703767860,"branch":"other"},"geometry":{"type":"Point","coordinates":[100.919129,12.6666425]}},{"type":"Feature","id":6862302397,"properties":{"landuse":"military","military":"range","name":"Nongkhor Shooting Club","@type":"node","@id":6862302397,"branch":"other"},"geometry":{"type":"Point","coordinates":[101.0486254,13.1433793]}},{"type":"Feature","id":6966316210,"properties":{"access":"yes","checkpoint":"yes","military":"checkpoint","source:position":"Maxar;geolocated_photo","traffic_calming":"choker","@type":"node","@id":6966316210,"branch":"other"},"geometry":{"type":"Point","coordinates":[98.4832343,19.2855347]}},{"type":"Feature","id":7043215725,"properties":{"landuse":"military","military":"base","name":"19th Military Circle","@type":"node","@id":7043215725,"branch":"other"},"geometry":{"type":"Point","coordinates":[102.4935776,13.6967762]}},{"type":"Feature","id":7109088495,"properties":{"landuse":"military","military":"base","name":"ค่ายสฤษดิ์เสนา กรมรบพิเศษที่4","name:en":".Special force regiment","@type":"node","@id":7109088495,"branch":"other"},"geometry":{"type":"Point","coordinates":[100.5379603,16.8410549]}},{"type":"Feature","id":7216095627,"properties":{"access":"yes","checkpoint":"yes","military":"checkpoint","source":"GPS survey","traffic_calming":"chicane","@type":"node","@id":7216095627,"branch":"other"},"geometry":{"type":"Point","coordinates":[98.8118253,16.7441833]}},{"type":"Feature","id":7216095628,"properties":{"access":"yes","checkpoint":"yes","military":"checkpoint","source":"GPS survey","traffic_calming":"chicane","@type":"node","@id":7216095628,"branch":"other"},"geometry":{"type":"Point","coordinates":[98.8117987,16.7440661]}},{"type":"Feature","id":7273701416,"properties":{"barrier":"yes","military":"checkpoint","@type":"node","@id":7273701416,"branch":"other"},"geometry":{"type":"Point","coordinates":[101.7710057,5.944985]}},{"type":"Feature","id":8117569651,"properties":{"access":"yes","checkpoint":"yes","military":"checkpoint","source:position":"Maxar;geolocated_photo","traffic_calming":"choker","@type":"node","@id":8117569651,"branch":"other"},"geometry":{"type":"Point","coordinates":[98.9357034,17.8147826]}},{"type":"Feature","id":8334736210,"properties":{"access":"yes","checkpoint":"yes","military":"checkpoint","source:position":"Bing;geolocated photo","traffic_calming":"chicane","@type":"node","@id":8334736210,"branch":"other"},"geometry":{"type":"Point","coordinates":[98.7808634,16.0691827]}},{"type":"Feature","id":8668221514,"properties":{"military":"checkpoint","@type":"node","@id":8668221514,"branch":"other"},"geometry":{"type":"Point","coordinates":[101.3180813,6.5557746]}},{"type":"Feature","id":8863863812,"properties":{"building":"bunker","military":"bunker","@type":"node","@id":8863863812,"branch":"other"},"geometry":{"type":"Point","coordinates":[98.465977,19.6912739]}},{"type":"Feature","id":8863863813,"properties":{"building":"bunker","military":"bunker","@type":"node","@id":8863863813,"branch":"other"},"geometry":{"type":"Point","coordinates":[98.5283383,19.7041451]}},{"type":"Feature","id":8863863816,"properties":{"building":"bunker","military":"bunker","@type":"node","@id":8863863816,"branch":"other"},"geometry":{"type":"Point","coordinates":[98.5961312,19.7131041]}},{"type":"Feature","id":8863875233,"properties":{"building":"bunker","military":"bunker","@type":"node","@id":8863875233,"branch":"other"},"geometry":{"type":"Point","coordinates":[98.3670745,19.6912385]}},{"type":"Feature","id":8863875234,"properties":{"building":"bunker","military":"bunker","@type":"node","@id":8863875234,"branch":"other"},"geometry":{"type":"Point","coordinates":[98.358639,19.6938068]}},{"type":"Feature","id":8863951104,"properties":{"building":"bunker","military":"bunker","@type":"node","@id":8863951104,"branch":"other"},"geometry":{"type":"Point","coordinates":[98.6663648,19.7495397]}},{"type":"Feature","id":8865767173,"properties":{"building":"bunker","military":"bunker","@type":"node","@id":8865767173,"branch":"other"},"geometry":{"type":"Point","coordinates":[98.2304338,19.7178465]}},{"type":"Feature","id":8865862134,"properties":{"building":"bunker","military":"bunker","@type":"node","@id":8865862134,"branch":"other"},"geometry":{"type":"Point","coordinates":[98.8494036,19.8076554]}},{"type":"Feature","id":8865862140,"properties":{"building":"bunker","military":"bunker","@type":"node","@id":8865862140,"branch":"other"},"geometry":{"type":"Point","coordinates":[99.0441749,20.0161626]}},{"type":"Feature","id":8865862142,"properties":{"building":"bunker","military":"bunker","@type":"node","@id":8865862142,"branch":"other"},"geometry":{"type":"Point","coordinates":[99.0448669,20.0323678]}},{"type":"Feature","id":8865862143,"properties":{"building":"bunker","military":"bunker","@type":"node","@id":8865862143,"branch":"other"},"geometry":{"type":"Point","coordinates":[99.0454758,20.0346433]}},{"type":"Feature","id":8865862205,"properties":{"building":"bunker","military":"bunker","@type":"node","@id":8865862205,"branch":"other"},"geometry":{"type":"Point","coordinates":[99.0541382,20.05074]}},{"type":"Feature","id":8865862206,"properties":{"building":"bunker","military":"bunker","@type":"node","@id":8865862206,"branch":"other"},"geometry":{"type":"Point","coordinates":[99.0664158,20.0674124]}},{"type":"Feature","id":8870522978,"properties":{"building":"bunker","military":"bunker","@type":"node","@id":8870522978,"branch":"other"},"geometry":{"type":"Point","coordinates":[99.3993611,20.0864986]}},{"type":"Feature","id":8870522979,"properties":{"building":"bunker","military":"bunker","@type":"node","@id":8870522979,"branch":"other"},"geometry":{"type":"Point","coordinates":[99.3959225,20.0891738]}},{"type":"Feature","id":8870522980,"properties":{"building":"bunker","military":"bunker","@type":"node","@id":8870522980,"branch":"other"},"geometry":{"type":"Point","coordinates":[99.3914191,20.0878645]}},{"type":"Feature","id":8875528522,"properties":{"building":"bunker","military":"bunker","@type":"node","@id":8875528522,"branch":"other"},"geometry":{"type":"Point","coordinates":[99.3104565,20.1119157]}},{"type":"Feature","id":8875528523,"properties":{"building":"bunker","military":"bunker","@type":"node","@id":8875528523,"branch":"other"},"geometry":{"type":"Point","coordinates":[99.3638647,20.082194]}},{"type":"Feature","id":8878407679,"properties":{"building":"bunker","military":"bunker","@type":"node","@id":8878407679,"branch":"other"},"geometry":{"type":"Point","coordinates":[97.862757,19.5758194]}},{"type":"Feature","id":8878470940,"properties":{"building":"bunker","military":"bunker","@type":"node","@id":8878470940,"branch":"other"},"geometry":{"type":"Point","coordinates":[97.8845446,19.4987247]}},{"type":"Feature","id":9162411203,"properties":{"military":"office","name":"โครงการดุริยบันเทิง","name:en":"Duriyabanterng Project","name:th":"โครงการดุริยบันเทิง","@type":"node","@id":9162411203,"branch":"other"},"geometry":{"type":"Point","coordinates":[99.8101346,19.9083475]}},{"type":"Feature","id":9162411205,"properties":{"military":"office","name":"โครงการแพะพระราชทาน","name:en":"Royal goat project","name:th":"โครงการแพะพระราชทาน","@type":"node","@id":9162411205,"branch":"other"},"geometry":{"type":"Point","coordinates":[99.8133092,19.9117222]}},{"type":"Feature","id":9162411206,"properties":{"military":"office","name":"โครงการหมูป่า และหมูเหมยซาน","name:en":"Wild Boar and Meishan Pork Project","name:th":"โครงการหมูป่า และหมูเหมยซาน","@type":"node","@id":9162411206,"branch":"other"},"geometry":{"type":"Point","coordinates":[99.811214,19.912504]}},{"type":"Feature","id":9162411736,"properties":{"military":"office","name":"โครงการศูนย์การเรียนรู้ บ้านดินตัวอย่าง","name:en":"Bann Din Tuayang Learning Centre","name:th":"โครงการศูนย์การเรียนรู้ บ้านดินตัวอย่าง","@type":"node","@id":9162411736,"branch":"other"},"geometry":{"type":"Point","coordinates":[99.8146851,19.9110306]}},{"type":"Feature","id":9162411758,"properties":{"military":"office","name":"สำนักงานโครงการเดินทามตามรอยเท้าพ่อ","name:th":"สำนักงานโครงการเดินทามตามรอยเท้าพ่อ","@type":"node","@id":9162411758,"branch":"other"},"geometry":{"type":"Point","coordinates":[99.8137165,19.9095267]}},{"type":"Feature","id":9162411763,"properties":{"military":"office","name":"ศูนย์การเรียนรู้การทำอาหารแบบลดต้นทุน","name:en":"Cost-Effective Cooking Learning Center","name:th":"ศูนย์การเรียนรู้การทำอาหารแบบลดต้นทุน","@type":"node","@id":9162411763,"branch":"other"},"geometry":{"type":"Point","coordinates":[99.813472,19.909702]}},{"type":"Feature","id":9162411777,"properties":{"military":"office","name":"ศูนย์การเรียนรู้การฟักไข่และอนุบาลสัตว์ปีก","name:en":"Poultry Hatchery and Kindergarten Learning Center","name:th":"ศูนย์การเรียนรู้การฟักไข่และอนุบาลสัตว์ปีก","@type":"node","@id":9162411777,"branch":"other"},"geometry":{"type":"Point","coordinates":[99.813585,19.9095035]}},{"type":"Feature","id":9162411785,"properties":{"military":"office","name":"โครงการเลี้ยงไก่","name:en":"Chicken Farming Project","name:th":"โครงการเลี้ยงไก่","@type":"node","@id":9162411785,"branch":"other"},"geometry":{"type":"Point","coordinates":[99.814547,19.9087737]}},{"type":"Feature","id":9162411786,"properties":{"military":"office","name":"โครงการเลี้ยงเป็ด","name:en":"Duck Farming Project","name:th":"โครงการเลี้ยงเป็ด","@type":"node","@id":9162411786,"branch":"other"},"geometry":{"type":"Point","coordinates":[99.8156379,19.9084399]}},{"type":"Feature","id":9162411787,"properties":{"military":"office","name":"โครงการนาเกษตรอินทรีย์","name:en":"Organic Farming Project","name:th":"โครงการนาเกษตรอินทรีย์","@type":"node","@id":9162411787,"branch":"other"},"geometry":{"type":"Point","coordinates":[99.8152624,19.9079104]}},{"type":"Feature","id":9162411796,"properties":{"military":"office","name":"โครงการปลูกต้นกล้วยน้ำว้าพันธุ์มะลิอ่อง","name:en":"The project to plant Namwa banana trees, Mali Ong variety.","name:th":"โครงการปลูกต้นกล้วยน้ำว้าพันธุ์มะลิอ่อง","@type":"node","@id":9162411796,"branch":"other"},"geometry":{"type":"Point","coordinates":[99.8155909,19.9070176]}},{"type":"Feature","id":9162411804,"properties":{"military":"office","name":"โครงการเลี้ยงแกะ","name:en":"Sheep Farming Project","name:th":"โครงการเลี้ยงแกะ","@type":"node","@id":9162411804,"branch":"other"},"geometry":{"type":"Point","coordinates":[99.8140118,19.9075554]}},{"type":"Feature","id":9317472632,"properties":{"amenity":"police","landuse":"military","name":"หมวดทางหลวงบ้านดุง","name:en":"Ban Dung Highway Division","name:fr":"Police routière Ban Dung","operator":"ตำรวจแห่งชาติ","operator:en":"Royal Thai Police","operator:short":"RTP","operator:th":"ตำรวจแห่งชาติ","operator:wikidata":"Q1831399","@type":"node","@id":9317472632,"branch":"other"},"geometry":{"type":"Point","coordinates":[103.2522515,17.6075831]}},{"type":"Feature","id":9348331078,"properties":{"access":"yes","checkpoint":"yes","military":"checkpoint","source:position":"Bing;geolocated_photo","survey_date":"2018-01-02","traffic_calming":"choker","@type":"node","@id":9348331078,"branch":"other"},"geometry":{"type":"Point","coordinates":[99.4085033,19.0857892]}},{"type":"Feature","id":9432760077,"properties":{"access":"yes","barrier":"lift_gate","checkpoint":"yes","military":"checkpoint","name":"Check point","source:position":"Maxar;geolocated_photo","@type":"node","@id":9432760077,"branch":"other"},"geometry":{"type":"Point","coordinates":[99.8002788,11.7958956]}},{"type":"Feature","id":9464736709,"properties":{"comment":"no through way to the beach","military":"checkpoint","@type":"node","@id":9464736709,"branch":"other"},"geometry":{"type":"Point","coordinates":[100.8508376,12.7518795]}},{"type":"Feature","id":10202229017,"properties":{"landuse":"military","military":"training_area","name":"สนามฝึกขับยานพาหนะกรมขนส่งทหารบก","@type":"node","@id":10202229017,"branch":"other"},"geometry":{"type":"Point","coordinates":[99.6060537,13.9912436]}},{"type":"Feature","id":10740233390,"properties":{"barrier":"yes","military":"checkpoint","@type":"node","@id":10740233390,"branch":"other"},"geometry":{"type":"Point","coordinates":[101.7711481,5.9448771]}},{"type":"Feature","id":10781946166,"properties":{"military":"checkpoint","@type":"node","@id":10781946166,"branch":"other"},"geometry":{"type":"Point","coordinates":[98.5577616,16.6363807]}},{"type":"Feature","id":11134646558,"properties":{"military":"checkpoint","@type":"node","@id":11134646558,"branch":"other"},"geometry":{"type":"Point","coordinates":[99.0422393,19.9410467]}},{"type":"Feature","id":11143158505,"properties":{"barrier":"lift_gate","military":"checkpoint","name":"Check Point","note":"Moved onto Hwy node.","source":"GPS survey","@type":"node","@id":11143158505,"branch":"other"},"geometry":{"type":"Point","coordinates":[98.959402,19.6834367]}},{"type":"Feature","id":11168688121,"properties":{"military":"checkpoint","name":"Border","@type":"node","@id":11168688121,"branch":"other"},"geometry":{"type":"Point","coordinates":[98.0081153,19.6316079]}},{"type":"Feature","id":11283560852,"properties":{"military":"checkpoint","@type":"node","@id":11283560852,"branch":"other"},"geometry":{"type":"Point","coordinates":[98.5160559,9.4919636]}},{"type":"Feature","id":11812446723,"properties":{"military":"range","name":"สนามฝึกยิงปืน ภ.จว.ศรีสะเกษ","@type":"node","@id":11812446723,"branch":"other"},"geometry":{"type":"Point","coordinates":[104.3292752,15.1306326]}},{"type":"Feature","id":11938249369,"properties":{"landuse":"military","military":"training_area","@type":"node","@id":11938249369,"branch":"other"},"geometry":{"type":"Point","coordinates":[101.0246209,12.7778032]}},{"type":"Feature","id":11974728515,"properties":{"military":"checkpoint","@type":"node","@id":11974728515,"branch":"other"},"geometry":{"type":"Point","coordinates":[98.2480878,8.5864118]}},{"type":"Feature","id":12097534109,"properties":{"military":"checkpoint","@type":"node","@id":12097534109,"branch":"other"},"geometry":{"type":"Point","coordinates":[102.3145173,12.1898045]}},{"type":"Feature","id":12124309001,"properties":{"military":"checkpoint","name":"จต.ส. 40","name:th":"จต.ส. 40","@type":"node","@id":12124309001,"branch":"other"},"geometry":{"type":"Point","coordinates":[102.7017217,13.7696627]}},{"type":"Feature","id":12327207748,"properties":{"military":"office","name":"สมาคมทหารผ่านศึกเกาหลีในพระบรมราชูปถัมภ์","@type":"node","@id":12327207748,"branch":"other"},"geometry":{"type":"Point","coordinates":[100.5191653,13.779922]}},{"type":"Feature","id":12468093453,"properties":{"military":"checkpoint","@type":"node","@id":12468093453,"branch":"other"},"geometry":{"type":"Point","coordinates":[99.5872704,20.2057772]}},{"type":"Feature","id":12468093454,"properties":{"military":"checkpoint","@type":"node","@id":12468093454,"branch":"other"},"geometry":{"type":"Point","coordinates":[99.4604339,20.0991594]}},{"type":"Feature","id":12468093455,"properties":{"military":"checkpoint","@type":"node","@id":12468093455,"branch":"other"},"geometry":{"type":"Point","coordinates":[99.4739422,20.1089222]}},{"type":"Feature","id":12468140309,"properties":{"military":"checkpoint","@type":"node","@id":12468140309,"branch":"other"},"geometry":{"type":"Point","coordinates":[99.5870969,20.1810504]}},{"type":"Feature","id":12643408766,"properties":{"landuse":"military","military":"base","@type":"node","@id":12643408766,"branch":"other"},"geometry":{"type":"Point","coordinates":[101.1289436,16.3906293]}},{"type":"Feature","id":13059076468,"properties":{"military":"office","name":"มณฑลทหารบกที่ 13","@type":"node","@id":13059076468,"branch":"other"},"geometry":{"type":"Point","coordinates":[100.6435029,14.8032178]}},{"type":"Feature","id":13095698564,"properties":{"military":"checkpoint","name":"จุดตรวจ ส.37","name:th":"จุดตรวจ ส.37","@type":"node","@id":13095698564,"branch":"other"},"geometry":{"type":"Point","coordinates":[102.7203152,13.7881971]}},{"type":"Feature","id":13164433604,"properties":{"military":"checkpoint","@type":"node","@id":13164433604,"branch":"other"},"geometry":{"type":"Point","coordinates":[102.7319475,13.8204377]}},{"type":"Feature","id":13759102461,"properties":{"military":"checkpoint","@type":"node","@id":13759102461,"branch":"other"},"geometry":{"type":"Point","coordinates":[101.2148406,6.8540605]}},{"type":"Feature","id":13759102468,"properties":{"military":"checkpoint","@type":"node","@id":13759102468,"branch":"other"},"geometry":{"type":"Point","coordinates":[101.2148634,6.8541304]}},{"type":"Feature","id":13771127713,"properties":{"military":"checkpoint","name":"จุดตรวจทหาร","@type":"node","@id":13771127713,"branch":"other"},"geometry":{"type":"Point","coordinates":[101.2948782,6.7900804]}},{"type":"Feature","id":13781625213,"properties":{"military":"checkpoint","name":"ด่านตรวจบ้านปาลัส 2","@type":"node","@id":13781625213,"branch":"other"},"geometry":{"type":"Point","coordinates":[101.4779474,6.7583284]}},{"type":"Feature","id":13781625249,"properties":{"military":"checkpoint","name":"ด่านตรวจบ้านปาลัส 1","@type":"node","@id":13781625249,"branch":"other"},"geometry":{"type":"Point","coordinates":[101.4843213,6.752887]}},{"type":"Feature","id":14201145038,"properties":{"building":"military","building:levels":"3","military":"academy","name":"โรงเรียนนายร้อยพระจุลจอมเกล้า","name:en":"Chulachomklao Royal Military Academy","@type":"node","@id":14201145038,"branch":"other"},"geometry":{"type":"Point","coordinates":[101.166374,14.2984047]}},{"type":"Feature","id":14230866708,"properties":{"military":"checkpoint","name":"Muang Wan Checkpoint","name:th":"ด่านตรวจบ้านม่วงหวาน","@type":"node","@id":14230866708,"branch":"other"},"geometry":{"type":"Point","coordinates":[101.3457895,6.7398757]}},{"type":"Feature","id":14245549491,"properties":{"military":"checkpoint","name":"ด่านตรวจชุมชนจารู","@type":"node","@id":14245549491,"branch":"other"},"geometry":{"type":"Point","coordinates":[101.2993897,6.5768602]}},{"type":"Feature","id":14245928548,"properties":{"military":"checkpoint","name":"ด่านตรวจบ้านมะพร้าวต้นเดียว","name:en":"Maphrao Tondiaw Checkpoint","@type":"node","@id":14245928548,"branch":"other"},"geometry":{"type":"Point","coordinates":[101.2190448,6.8047539]}},{"type":"Feature","id":33557521,"properties":{"barrier":"wall","landuse":"military","military":"base","military_service":"army","name":"ค่ายศรีพัชรินทร","name:en":"Fort Sripatcharin","name:th":"ค่ายศรีพัชรินทร","source":"Bing;sign","website":"https://mtb23.rta.mi.th","@type":"way","@id":33557521,"branch":"other"},"geometry":{"type":"Point","coordinates":[102.8506421,16.4621021]}},{"type":"Feature","id":34125723,"properties":{"barrier":"wall","landuse":"military","military":"base","military_service":"army","name":"ค่ายสีหราชเดโชไชย","name:en":"Fort Siharat Decho Chai","source":"Bing","@type":"way","@id":34125723,"branch":"other"},"geometry":{"type":"Point","coordinates":[102.7952315,16.4741016]}},{"type":"Feature","id":48753040,"properties":{"alt_name":"Ko Klung Badan","landuse":"military","name":"เกาะกลึงบาดาล","name:en":"Ko Klueng Badan","name:th":"เกาะกลึงบาดาล","natural":"coastline","place":"islet","source":"bing","@type":"way","@id":48753040,"branch":"other"},"geometry":{"type":"Point","coordinates":[100.6791138,12.9027538]}},{"type":"Feature","id":48753044,"properties":{"alt_name":"Ko Manrawichai","landuse":"military","name":"เกาะมารวิชัย","name:en":"Ko Man Wichai","natural":"coastline","place":"islet","source":"bing","@type":"way","@id":48753044,"branch":"other"},"geometry":{"type":"Point","coordinates":[100.6731292,12.8754055]}},{"type":"Feature","id":90572810,"properties":{"access":"permissive","highway":"service","military":"danger_area","source":"bing/knowledge","@type":"way","@id":90572810,"branch":"other"},"geometry":{"type":"Point","coordinates":[98.9607637,18.7677141]}},{"type":"Feature","id":93904253,"properties":{"landuse":"military","name:en":"7th Artillery Battalion","source":"Sign, Bing","@type":"way","@id":93904253,"branch":"other"},"geometry":{"type":"Point","coordinates":[98.9678794,18.8434169]}},{"type":"Feature","id":134793464,"properties":{"building":"yes","military":"office","name":"กองบัญชาการกองทัพภาคที่ 1","name:en":"1st Army Area Headquarters","name:th":"กองบัญชาการกองทัพภาคที่ 1","source":"Bing","@type":"way","@id":134793464,"branch":"other"},"geometry":{"type":"Point","coordinates":[100.5118821,13.7666051]}},{"type":"Feature","id":168739157,"properties":{"addr:district":"หลักสี่","addr:housenumber":"127","addr:postcode":"10210","addr:province":"กรุงเทพมหานคร","addr:street":"ซอยแจ้งวัฒนะ 9","addr:subdistrict":"ทุ่งสองห้อง","building":"yes","government":"ministry","military":"office","name":"กองบัญชาการทหารสูงสุด","name:en":"Supreme Command Headquarters","name:th":"กองบัญชาการทหารสูงสุด","@type":"way","@id":168739157,"branch":"other"},"geometry":{"type":"Point","coordinates":[100.5648798,13.8863996]}},{"type":"Feature","id":175803684,"properties":{"landuse":"military","military_service":"air_force","name":"กรมช่างอากาศ","name:en":"Directorate of Aeronautical Engineering","name:th":"กรมช่างอากาศ","@type":"way","@id":175803684,"branch":"other"},"geometry":{"type":"Point","coordinates":[100.5328773,13.7954493]}},{"type":"Feature","id":178788074,"properties":{"landuse":"military","@type":"way","@id":178788074,"branch":"other"},"geometry":{"type":"Point","coordinates":[100.5327753,13.7646362]}},{"type":"Feature","id":183615983,"properties":{"alt_name":"Bamboo Island","landuse":"military","name":"เกาะไผ่","name:en":"Ko Phai","name:ru":"остров Пхай","name:th":"เกาะไผ่","natural":"coastline","place":"island","wikidata":"Q750846","wikipedia":"th:เกาะไผ่","@type":"way","@id":183615983,"branch":"other"},"geometry":{"type":"Point","coordinates":[100.674024,12.9357495]}},{"type":"Feature","id":190841241,"properties":{"landuse":"military","@type":"way","@id":190841241,"branch":"other"},"geometry":{"type":"Point","coordinates":[99.7997918,11.7898522]}},{"type":"Feature","id":194876463,"properties":{"landuse":"military","@type":"way","@id":194876463,"branch":"other"},"geometry":{"type":"Point","coordinates":[100.5909403,13.903877]}},{"type":"Feature","id":200508339,"properties":{"landuse":"military","note":"approximate","@type":"way","@id":200508339,"branch":"other"},"geometry":{"type":"Point","coordinates":[100.5303607,13.9354178]}},{"type":"Feature","id":201986862,"properties":{"landuse":"military","@type":"way","@id":201986862,"branch":"other"},"geometry":{"type":"Point","coordinates":[100.5762124,13.9363029]}},{"type":"Feature","id":202507396,"properties":{"landuse":"military","name":"โรงเรียนแผนที่ กรมแผนที่ทหาร","name:en":"Survey School, Royal Thai Survey Department","name:th":"โรงเรียนแผนที่ กรมแผนที่ทหาร","@type":"way","@id":202507396,"branch":"other"},"geometry":{"type":"Point","coordinates":[100.5073368,13.7606651]}},{"type":"Feature","id":203132232,"properties":{"landuse":"military","@type":"way","@id":203132232,"branch":"other"},"geometry":{"type":"Point","coordinates":[98.4388162,9.855295]}},{"type":"Feature","id":207659189,"properties":{"landuse":"military","name":"กรมการอุตสาหกรรมทหาร","name:th":"กรมการอุตสาหกรรมทหาร","@type":"way","@id":207659189,"branch":"other"},"geometry":{"type":"Point","coordinates":[100.5206466,13.7983137]}},{"type":"Feature","id":208241460,"properties":{"description":"Sub-Division 5, Special Training Division Border Patrol Police Bureau","landuse":"military","name":"ค่ายนเรศวรมหาราช","name:en":"Camp Naresuan","name:th":"ค่ายนเรศวรมหาราช","@type":"way","@id":208241460,"branch":"other"},"geometry":{"type":"Point","coordinates":[98.9681705,19.1803972]}},{"type":"Feature","id":210246294,"properties":{"building":"yes","landuse":"military","military":"office","military_service":"navy","@type":"way","@id":210246294,"branch":"other"},"geometry":{"type":"Point","coordinates":[100.4891846,13.7425986]}},{"type":"Feature","id":211196023,"properties":{"landuse":"military","military":"base","military_service":"navy","name":"หน่วยเรือรักษาความสงบเรียบร้อยตามลำแม่นํ้าโขง เขตเชียงราย","name:en":"Mae Khong Riverine Unit","@type":"way","@id":211196023,"branch":"other"},"geometry":{"type":"Point","coordinates":[100.0885284,20.2834373]}},{"type":"Feature","id":220996209,"properties":{"landuse":"military","name":"ฐานปฏิบัติการช้างศึก","name:en":"Chang Suek Operations Base","operator":"กองร้อยตำรวจตระเวนชายแดนที่ 135","operator:en":"135th Border Patrol Police Company","@type":"way","@id":220996209,"branch":"other"},"geometry":{"type":"Point","coordinates":[98.3686084,14.6727201]}},{"type":"Feature","id":221803610,"properties":{"landuse":"military","name":"กรมทหารต่อสู้อากาศยานรักษาพระองค์","name:en":"Military Anti-Aircraft Dept.","@type":"way","@id":221803610,"branch":"other"},"geometry":{"type":"Point","coordinates":[100.6234949,13.9552385]}},{"type":"Feature","id":222374444,"properties":{"landuse":"military","military":"office","name":"กรมวิทยาศาสตร์ทหารบก","name:en":"Chemical Department, Royal Thai Army","name:th":"กรมวิทยาศาสตร์ทหารบก","@type":"way","@id":222374444,"branch":"other"},"geometry":{"type":"Point","coordinates":[100.5851,13.8471485]}},{"type":"Feature","id":223894399,"properties":{"landuse":"military","name":"สถานีโทรคมนาคมทหารเขาเขียว","name:en":"Station green military telecommunications","source":"Bing;http://www.ratchakitcha.soc.go.th/DATA/PDF/2542/A/119/4.PDF","@type":"way","@id":223894399,"branch":"other"},"geometry":{"type":"Point","coordinates":[101.3763976,14.3558665]}},{"type":"Feature","id":224729354,"properties":{"landuse":"military","source":"Bing","@type":"way","@id":224729354,"branch":"other"},"geometry":{"type":"Point","coordinates":[99.0498568,19.9607393]}},{"type":"Feature","id":232877294,"properties":{"landuse":"military","@type":"way","@id":232877294,"branch":"other"},"geometry":{"type":"Point","coordinates":[101.3893416,14.3612313]}},{"type":"Feature","id":236030930,"properties":{"addr:district":"จตุจักร","addr:housenumber":"3/1","addr:postcode":"10900","addr:province":"กรุงเทพมหานคร","addr:street":"ซอยพหลโยธิน 30","addr:subdistrict":"จันทรเกษม","amenity":"college","education":"college","landuse":"military","name":"โรงเรียนช่างฝีมือทหาร","name:en":"Military Technical Training School","name:th":"โรงเรียนช่างฝีมือทหาร","operator":"กองบัญชาการกองทัพไทย","operator:type":"military","phone":"+66 2572 2884","website":"https://www.mtts.ac.th","wikidata":"Q13026958","wikipedia":"th:โรงเรียนช่างฝีมือทหาร","@type":"way","@id":236030930,"branch":"other"},"geometry":{"type":"Point","coordinates":[100.5760051,13.8305932]}},{"type":"Feature","id":238776815,"properties":{"landuse":"military","@type":"way","@id":238776815,"branch":"other"},"geometry":{"type":"Point","coordinates":[100.5379975,13.8329559]}},{"type":"Feature","id":242713408,"properties":{"landuse":"military","name":"สถานีอุตุนิยมวิทยาเขาเขียว","source":"Bing;http://www.ratchakitcha.soc.go.th/DATA/PDF/2542/A/119/4.PDF","@type":"way","@id":242713408,"branch":"other"},"geometry":{"type":"Point","coordinates":[101.3934318,14.3615576]}},{"type":"Feature","id":242730733,"properties":{"landuse":"military","note":"Khao Laem National Park - inner","source":"http://www.ratchakitcha.soc.go.th/DATA/PDF/2552/A/053/7.PDF;Bing","@type":"way","@id":242730733,"branch":"other"},"geometry":{"type":"Point","coordinates":[98.6106678,15.0726493]}},{"type":"Feature","id":251431563,"properties":{"landuse":"military","military":"base","name":"ค่ายพ่อขุนผาเมือง","name:en":"Fort Phokhunphamueang","name:th":"ค่ายพ่อขุนผาเมือง","source":"Bing","@type":"way","@id":251431563,"branch":"other"},"geometry":{"type":"Point","coordinates":[101.1242907,16.398333]}},{"type":"Feature","id":252980579,"properties":{"landuse":"military","name:en":"28th Cavalry Squadron","@type":"way","@id":252980579,"branch":"other"},"geometry":{"type":"Point","coordinates":[101.1369998,16.6733089]}},{"type":"Feature","id":254007125,"properties":{"layer":"1","military":"checkpoint","@type":"way","@id":254007125,"branch":"other"},"geometry":{"type":"Point","coordinates":[99.7957996,11.7623599]}},{"type":"Feature","id":264120613,"properties":{"landuse":"military","@type":"way","@id":264120613,"branch":"other"},"geometry":{"type":"Point","coordinates":[98.9588749,19.7504067]}},{"type":"Feature","id":264120810,"properties":{"landuse":"military","@type":"way","@id":264120810,"branch":"other"},"geometry":{"type":"Point","coordinates":[98.9522578,19.7639011]}},{"type":"Feature","id":279980797,"properties":{"landuse":"military","name":"สำนักงานปลัดกระทรวงกลาโหม","name:en":"Office of the Permanent Secretary for Defence","name:th":"สำนักงานปลัดกระทรวงกลาโหม","@type":"way","@id":279980797,"branch":"other"},"geometry":{"type":"Point","coordinates":[100.5494341,13.9366199]}},{"type":"Feature","id":281325752,"properties":{"building":"yes","military":"checkpoint","name:en":"Doi Inthanon National Park check point","@type":"way","@id":281325752,"branch":"other"},"geometry":{"type":"Point","coordinates":[98.6712965,18.496463]}},{"type":"Feature","id":289755424,"properties":{"addr:district":"เมืองนครนายก","addr:housenumber":"99","addr:place":"หมู่ที่ 1","addr:postcode":"26000","addr:province":"นครนายก","addr:subdistrict":"พรหมณี","amenity":"college","education":"college","email":"contact.us@crma.ac.th","landuse":"military","name":"โรงเรียนนายร้อยพระจุลจอมเกล้า","name:en":"Chulachomklao Royal Military Academy","name:th":"โรงเรียนนายร้อยพระจุลจอมเกล้า","phone":"+66 3739-3010-4","website":"https://www.crma.ac.th","wikidata":"Q1089417","wikipedia":"th:โรงเรียนนายร้อยพระจุลจอมเกล้า","@type":"way","@id":289755424,"branch":"other"},"geometry":{"type":"Point","coordinates":[101.1732295,14.2926044]}},{"type":"Feature","id":311510644,"properties":{"landuse":"military","@type":"way","@id":311510644,"branch":"other"},"geometry":{"type":"Point","coordinates":[102.7715745,17.4506884]}},{"type":"Feature","id":314513081,"properties":{"landuse":"military","name":"Ranger Station No. 8 (Keuw Nok Zae)","source":"Sign, GPS","@type":"way","@id":314513081,"branch":"other"},"geometry":{"type":"Point","coordinates":[101.0481972,18.3593789]}},{"type":"Feature","id":314514003,"properties":{"landuse":"military","@type":"way","@id":314514003,"branch":"other"},"geometry":{"type":"Point","coordinates":[101.073639,18.3179164]}},{"type":"Feature","id":315324042,"properties":{"landuse":"military","name":"ค่ายสุริยพงษ์","name:en":"Suriyapong Camp","name:th":"ค่ายสุริยพงษ์","ref":"38","@type":"way","@id":315324042,"branch":"other"},"geometry":{"type":"Point","coordinates":[100.7878945,18.7982313]}},{"type":"Feature","id":318163013,"properties":{"military":"checkpoint","@type":"way","@id":318163013,"branch":"other"},"geometry":{"type":"Point","coordinates":[98.2481648,8.5862441]}},{"type":"Feature","id":340558693,"properties":{"landuse":"military","name":"Third Marine Paramilitary Battalion","note":"Approx boundary","@type":"way","@id":340558693,"branch":"other"},"geometry":{"type":"Point","coordinates":[102.7749793,11.9721979]}},{"type":"Feature","id":342853522,"properties":{"alt_name":"คณะที่ปรึกษาทางการทหารสหรัฐฯ ประจำประเทศไทย","barrier":"wall","full_name":"Joint United States Military Advisory Group ThailandJoint United States Military Advisory Group Thailand","landuse":"military","name":"Jusmagthai","name:en":"Jusmagthai","name:th":"จัสแม็กไทย","website":"https://jusmagthai.org","wikidata":"Q56291816","wikipedia":"en:Joint United States Military Advisory Group Thailand","@type":"way","@id":342853522,"branch":"other"},"geometry":{"type":"Point","coordinates":[100.5429486,13.7248863]}},{"type":"Feature","id":344089737,"properties":{"landuse":"military","name":"กองพันพัฒนาที่ 3","name:en":"3rd Development Battalion","source":"Sign, Bing","@type":"way","@id":344089737,"branch":"other"},"geometry":{"type":"Point","coordinates":[98.9652856,18.8472973]}},{"type":"Feature","id":349644658,"properties":{"landuse":"military","name":"หน่วยบัญชาการรักษาดินแดน","name:en":"Territorial Defense Command","name:th":"หน่วยบัญชาการรักษาดินแดน","@type":"way","@id":349644658,"branch":"other"},"geometry":{"type":"Point","coordinates":[100.4952222,13.7464071]}},{"type":"Feature","id":352402603,"properties":{"landuse":"military","@type":"way","@id":352402603,"branch":"other"},"geometry":{"type":"Point","coordinates":[102.9431193,14.5369219]}},{"type":"Feature","id":382380816,"properties":{"alt_name":"กองพันทหารม้าที่ 12","alt_name:en":"12th Cavalry Squadron","alt_name:th":"กองพันทหารม้าที่ 12","landuse":"military","name":"ค่ายพระยาไชยบูรณ์","name:en":"Fort Phrayachaibun","name:th":"ค่ายพระยาไชยบูรณ์","source":"Bing, Sign","@type":"way","@id":382380816,"branch":"other"},"geometry":{"type":"Point","coordinates":[100.0394007,17.9722743]}},{"type":"Feature","id":382655469,"properties":{"fixme":"boundary approximate","landuse":"military","name":"หน่วยพลร่มที่14","name:en":"14th Paramilitary Regiment","source:name:en":"sign on highway 3199","@type":"way","@id":382655469,"branch":"other"},"geometry":{"type":"Point","coordinates":[99.3584137,14.1285155]}},{"type":"Feature","id":387353741,"properties":{"landuse":"military","name:en":"1st Infantry Battalion, 7th Infantry Regiment","source":"sign","@type":"way","@id":387353741,"branch":"other"},"geometry":{"type":"Point","coordinates":[99.0082687,18.7800337]}},{"type":"Feature","id":388787454,"properties":{"landuse":"military","name":"ค่ายกาวิละ","name:en":"Fort Kawila","name:th":"ค่ายกาวิละ","note":"approximate","@type":"way","@id":388787454,"branch":"other"},"geometry":{"type":"Point","coordinates":[99.0119788,18.7804487]}},{"type":"Feature","id":399264506,"properties":{"landuse":"military","name":"ค่ายเพชรบุรีราชสิรินธร","@type":"way","@id":399264506,"branch":"other"},"geometry":{"type":"Point","coordinates":[99.9482726,13.1166499]}},{"type":"Feature","id":408165921,"properties":{"landuse":"military","name":"ค่ายสฤษดิ์เสนา","name:en":"Saritsena Camp","name:th":"ค่ายสฤษดิ์เสนา","note":"4th Special Forces Regiment","@type":"way","@id":408165921,"branch":"other"},"geometry":{"type":"Point","coordinates":[100.538135,16.8336484]}},{"type":"Feature","id":412080229,"properties":{"access":"private","landuse":"military","name:en":"Sai Yok Camp","@type":"way","@id":412080229,"branch":"other"},"geometry":{"type":"Point","coordinates":[99.2447548,14.0032209]}},{"type":"Feature","id":412365683,"properties":{"landuse":"military","note":"Army Camp","@type":"way","@id":412365683,"branch":"other"},"geometry":{"type":"Point","coordinates":[98.9911309,14.0330289]}},{"type":"Feature","id":418062056,"properties":{"landuse":"military","military":"base","@type":"way","@id":418062056,"branch":"other"},"geometry":{"type":"Point","coordinates":[99.4321,14.1090208]}},{"type":"Feature","id":426781022,"properties":{"fixme":"boarders mostly guessed","landuse":"military","@type":"way","@id":426781022,"branch":"other"},"geometry":{"type":"Point","coordinates":[100.6564978,14.8995621]}},{"type":"Feature","id":431110420,"properties":{"landuse":"military","@type":"way","@id":431110420,"branch":"other"},"geometry":{"type":"Point","coordinates":[103.4889687,16.1060202]}},{"type":"Feature","id":437429666,"properties":{"country":"ไทย","landuse":"military","@type":"way","@id":437429666,"branch":"other"},"geometry":{"type":"Point","coordinates":[99.9614788,9.4818503]}},{"type":"Feature","id":446496404,"properties":{"landuse":"military","name":"Monument & Machine Gun Posts","tourism":"attraction","@type":"way","@id":446496404,"branch":"other"},"geometry":{"type":"Point","coordinates":[100.985772,16.6151346]}},{"type":"Feature","id":446496409,"properties":{"landuse":"military","name":"Itthi Artillery Support Base Museum","tourism":"museum","@type":"way","@id":446496409,"branch":"other"},"geometry":{"type":"Point","coordinates":[100.9834046,16.6031639]}},{"type":"Feature","id":452812672,"properties":{"landuse":"military","name":"ค่ายพระปกเกล้า","name:en":"5th Field Artilery Battalion","name:th":"ค่ายพระปกเกล้า","unit":"กองพันทหารปืนใหญ่ที่ 5","@type":"way","@id":452812672,"branch":"other"},"geometry":{"type":"Point","coordinates":[100.6227241,7.1429659]}},{"type":"Feature","id":476766544,"properties":{"landuse":"military","@type":"way","@id":476766544,"branch":"other"},"geometry":{"type":"Point","coordinates":[100.5499332,13.9105216]}},{"type":"Feature","id":485622921,"properties":{"layer":"1","military":"checkpoint","@type":"way","@id":485622921,"branch":"other"},"geometry":{"type":"Point","coordinates":[99.8003595,11.7959233]}},{"type":"Feature","id":505007495,"properties":{"landuse":"military","@type":"way","@id":505007495,"branch":"other"},"geometry":{"type":"Point","coordinates":[98.9567241,14.3525531]}},{"type":"Feature","id":540625314,"properties":{"landuse":"military","name":"ค่ายเขตอุดมศักดิ์","name:en":"Khet Udomsak Military Camp","name:th":"ค่ายเขตอุดมศักดิ์","@type":"way","@id":540625314,"branch":"other"},"geometry":{"type":"Point","coordinates":[99.1040295,10.5150543]}},{"type":"Feature","id":547708794,"properties":{"landuse":"military","name":"ฐานปฏิบัติการดอยช้างมูบ","@type":"way","@id":547708794,"branch":"other"},"geometry":{"type":"Point","coordinates":[99.8107841,20.3374416]}},{"type":"Feature","id":547708796,"properties":{"landuse":"military","@type":"way","@id":547708796,"branch":"other"},"geometry":{"type":"Point","coordinates":[99.8121334,20.3386713]}},{"type":"Feature","id":548683004,"properties":{"landuse":"military","military":"checkpoint","name":"ด่านตรวจถ้าปลา สภ.แม่สาย จ.เชียงราย","@type":"way","@id":548683004,"branch":"other"},"geometry":{"type":"Point","coordinates":[99.882533,20.3217111]}},{"type":"Feature","id":550881426,"properties":{"landuse":"military","@type":"way","@id":550881426,"branch":"other"},"geometry":{"type":"Point","coordinates":[99.5863947,12.8810973]}},{"type":"Feature","id":554872200,"properties":{"landuse":"military","name":"ค่ายตากสิน","@type":"way","@id":554872200,"branch":"other"},"geometry":{"type":"Point","coordinates":[102.1093812,12.6198824]}},{"type":"Feature","id":558951741,"properties":{"landuse":"military","name":"โรงเรียนศูนย์สงครามพิเศษ","name:en":"Special Warfare Center School","@type":"way","@id":558951741,"branch":"other"},"geometry":{"type":"Point","coordinates":[100.6948752,14.8062801]}},{"type":"Feature","id":560084735,"properties":{"landuse":"military","name":"ค่ายทองฑีฆายุ","name:en":"Thong Teekayu Camp","name:th":"ค่ายทองฑีฆายุ","@type":"way","@id":560084735,"branch":"other"},"geometry":{"type":"Point","coordinates":[100.0933683,13.8292176]}},{"type":"Feature","id":560713812,"properties":{"landuse":"military","name":"กรมทหารพรานที่ 21","name:en":"21st Regimental Task Force","note":"Boundary Approx.","source":"DigitalGlobe-Standard","@type":"way","@id":560713812,"branch":"other"},"geometry":{"type":"Point","coordinates":[101.7072113,17.6158084]}},{"type":"Feature","id":560713816,"properties":{"landuse":"military","name":"ค่ายศรีสองรัก","name:en":"28th Military Circle","note":"Boundary Approx.","source":"DigitalGlobe-Standard","@type":"way","@id":560713816,"branch":"other"},"geometry":{"type":"Point","coordinates":[101.7210166,17.5999747]}},{"type":"Feature","id":562158228,"properties":{"landuse":"military","military":"checkpoint","@type":"way","@id":562158228,"branch":"other"},"geometry":{"type":"Point","coordinates":[98.2993657,7.8857786]}},{"type":"Feature","id":563990691,"properties":{"landuse":"military","military":"checkpoint","@type":"way","@id":563990691,"branch":"other"},"geometry":{"type":"Point","coordinates":[102.1043545,12.6650228]}},{"type":"Feature","id":565711752,"properties":{"landuse":"military","military":"range","name":"สนามกีฬายิงปืนปากน้ำ Paknam shooting range","name:en":"Paknam shooting range","@type":"way","@id":565711752,"branch":"other"},"geometry":{"type":"Point","coordinates":[100.6319394,13.5963273]}},{"type":"Feature","id":568742769,"properties":{"barrier":"fence","fence_type":"metal","landuse":"military","military":"office","name":"กองร้อยอาสารักษาดินแดน จังหวัดศรีสะเกษ ที่ 2","name:en":"Si Sa Ket 2nd Territorial Volunteer Division","name:th":"กองร้อยอาสารักษาดินแดน จังหวัดศรีสะเกษ ที่ 2","@type":"way","@id":568742769,"branch":"other"},"geometry":{"type":"Point","coordinates":[104.337075,15.0966974]}},{"type":"Feature","id":574776961,"properties":{"building":"yes","landuse":"military","military":"office","name":"สำนักงานพัฒนาพิเศษ หน่วยบัญชาการทหารพัฒนา กองบัญชาการทหาร","name:en":"Special Development Office Armed Forces Development Headquarters","name:th":"สำนักงานพัฒนาพิเศษ หน่วยบัญชาการทหารพัฒนา กองบัญชาการทหาร","@type":"way","@id":574776961,"branch":"other"},"geometry":{"type":"Point","coordinates":[102.0011849,14.595794]}},{"type":"Feature","id":631382156,"properties":{"landuse":"military","@type":"way","@id":631382156,"branch":"other"},"geometry":{"type":"Point","coordinates":[99.6676815,14.11377]}},{"type":"Feature","id":634908230,"properties":{"landuse":"military","@type":"way","@id":634908230,"branch":"other"},"geometry":{"type":"Point","coordinates":[100.1733689,13.8056682]}},{"type":"Feature","id":644703364,"properties":{"landuse":"military","name":"Government Mule Breeding Station","@type":"way","@id":644703364,"branch":"other"},"geometry":{"type":"Point","coordinates":[98.9507861,18.8886225]}},{"type":"Feature","id":658700741,"properties":{"landuse":"military","@type":"way","@id":658700741,"branch":"other"},"geometry":{"type":"Point","coordinates":[100.7118668,14.8161223]}},{"type":"Feature","id":665834452,"properties":{"abandoned:military":"trench","military":"trench","@type":"way","@id":665834452,"branch":"other"},"geometry":{"type":"Point","coordinates":[100.9861414,16.6159229]}},{"type":"Feature","id":667243708,"properties":{"access":"private","landuse":"military","military":"base","military_service":"army","name":"ค่ายสุรธรรมพิทักษ์","name:en":"Fort Suratham Phithak","name:th":"ค่ายสุรธรรมพิทักษ์","wikidata":"Q84731160","@type":"way","@id":667243708,"branch":"other"},"geometry":{"type":"Point","coordinates":[102.0887468,14.8856697]}},{"type":"Feature","id":673763478,"properties":{"landuse":"military","note":"Army Camp","@type":"way","@id":673763478,"branch":"other"},"geometry":{"type":"Point","coordinates":[98.6245516,19.7146438]}},{"type":"Feature","id":676062719,"properties":{"addr:housenumber":"75","addr:postcode":"10400","addr:province":"กรุงเทพมหานคร","addr:street":"ถนนวิภาวดีรังสิต","government":"music","landuse":"military","layer":"1","military":"training_area","name":"กรมดุริยางค์ทหารบก","name:en":"Royal Thai Army Band Department","name:th":"กรมดุริยางค์ทหารบก","website":"https://rta-band.com/","@type":"way","@id":676062719,"branch":"other"},"geometry":{"type":"Point","coordinates":[100.5501969,13.7702494]}},{"type":"Feature","id":701244376,"properties":{"landuse":"military","name":"ฐานปฏิบัติการทหาร","@type":"way","@id":701244376,"branch":"other"},"geometry":{"type":"Point","coordinates":[98.3187675,17.0977411]}},{"type":"Feature","id":706385552,"properties":{"building":"yes","building:levels":"1","military":"office","@type":"way","@id":706385552,"branch":"other"},"geometry":{"type":"Point","coordinates":[104.6951335,15.6810845]}},{"type":"Feature","id":709168519,"properties":{"building":"yes","military":"office","@type":"way","@id":709168519,"branch":"other"},"geometry":{"type":"Point","coordinates":[104.6628603,15.6938452]}},{"type":"Feature","id":711195870,"properties":{"landuse":"military","military":"base","name":"ผาลู","source":"bvbdmay2019","@type":"way","@id":711195870,"branch":"other"},"geometry":{"type":"Point","coordinates":[98.5894076,16.567362]}},{"type":"Feature","id":742834446,"properties":{"landuse":"military","name:en":"32nd Ranger Regiment","note":"Exact boundary unknown.","@type":"way","@id":742834446,"branch":"other"},"geometry":{"type":"Point","coordinates":[100.7977575,18.7957553]}},{"type":"Feature","id":743698611,"properties":{"alt_name:en":"Fort Dhanarajata","landuse":"military","name":"ค่ายธนะรัชต์","name:en":"Fort Thanarat","name:th":"ค่ายธนะรัชต์","@type":"way","@id":743698611,"branch":"other"},"geometry":{"type":"Point","coordinates":[99.8841441,12.4128013]}},{"type":"Feature","id":744812228,"properties":{"landuse":"military","name":"ค่ายบูรฉัตร","@type":"way","@id":744812228,"branch":"other"},"geometry":{"type":"Point","coordinates":[99.7551872,13.5749586]}},{"type":"Feature","id":749674564,"properties":{"military":"trench","@type":"way","@id":749674564,"branch":"other"},"geometry":{"type":"Point","coordinates":[100.9725832,16.5476193]}},{"type":"Feature","id":755446256,"properties":{"landuse":"military","name":"ค่ายเจ้าพระยาราชสุภาวดี","@type":"way","@id":755446256,"branch":"other"},"geometry":{"type":"Point","coordinates":[102.5215801,13.7211281]}},{"type":"Feature","id":776747991,"properties":{"landuse":"military","name:en":"Mobile Development Unit 32","@type":"way","@id":776747991,"branch":"other"},"geometry":{"type":"Point","coordinates":[98.9668339,19.4120114]}},{"type":"Feature","id":777368858,"properties":{"landuse":"military","@type":"way","@id":777368858,"branch":"other"},"geometry":{"type":"Point","coordinates":[99.8147627,18.4817479]}},{"type":"Feature","id":777368865,"properties":{"landuse":"military","name":"Pratu Pha Camp","@type":"way","@id":777368865,"branch":"other"},"geometry":{"type":"Point","coordinates":[99.8113435,18.4830478]}},{"type":"Feature","id":778278560,"properties":{"landuse":"military","@type":"way","@id":778278560,"branch":"other"},"geometry":{"type":"Point","coordinates":[99.0915084,20.1006445]}},{"type":"Feature","id":778293514,"properties":{"landuse":"military","@type":"way","@id":778293514,"branch":"other"},"geometry":{"type":"Point","coordinates":[99.0717485,20.0968939]}},{"type":"Feature","id":778315439,"properties":{"landuse":"military","@type":"way","@id":778315439,"branch":"other"},"geometry":{"type":"Point","coordinates":[99.2740434,20.1152001]}},{"type":"Feature","id":778315440,"properties":{"landuse":"military","@type":"way","@id":778315440,"branch":"other"},"geometry":{"type":"Point","coordinates":[99.2860825,20.1089904]}},{"type":"Feature","id":778315441,"properties":{"landuse":"military","@type":"way","@id":778315441,"branch":"other"},"geometry":{"type":"Point","coordinates":[99.2788365,20.1163436]}},{"type":"Feature","id":778315443,"properties":{"landuse":"military","@type":"way","@id":778315443,"branch":"other"},"geometry":{"type":"Point","coordinates":[99.2962038,20.1021028]}},{"type":"Feature","id":800463599,"properties":{"addr:city":"ต.บ้านคลอง","addr:postcode":"65000","addr:street":"วังจันทร์","landuse":"military","name":"ค่ายสมเด็จพระนเรศวรมหาราช","name:en":"Camp of King Naresuan the Great","@type":"way","@id":800463599,"branch":"other"},"geometry":{"type":"Point","coordinates":[100.2569376,16.8340407]}},{"type":"Feature","id":801726056,"properties":{"addr:city":"ไม้งาม","addr:postcode":"63000","landuse":"military","name":"ค่ายวชิรปราการ","@type":"way","@id":801726056,"branch":"other"},"geometry":{"type":"Point","coordinates":[99.1445068,16.8904181]}},{"type":"Feature","id":816145855,"properties":{"landuse":"military","@type":"way","@id":816145855,"branch":"other"},"geometry":{"type":"Point","coordinates":[98.3320237,8.8637966]}},{"type":"Feature","id":863258741,"properties":{"landuse":"military","name":"กองพันทหารสารวัตรที่ 11","name:en":"Military Police 11th Battalion","@type":"way","@id":863258741,"branch":"other"},"geometry":{"type":"Point","coordinates":[100.5299869,13.7626321]}},{"type":"Feature","id":863467445,"properties":{"landuse":"military","name":"กองร้อยพลเสนารักษ์","@type":"way","@id":863467445,"branch":"other"},"geometry":{"type":"Point","coordinates":[100.5320308,13.7656224]}},{"type":"Feature","id":863467447,"properties":{"landuse":"military","@type":"way","@id":863467447,"branch":"other"},"geometry":{"type":"Point","coordinates":[100.5323804,13.7666521]}},{"type":"Feature","id":863472862,"properties":{"alt_name":"ศูนย์ใหญ่ รด.","landuse":"military","name":"โรงเรียนรักษาดินแดน ศูนย์การนักศึกษาวิชาทหาร","name:en":"National Defence School","short_name":"รร.รด.ศศท.","@type":"way","@id":863472862,"branch":"other"},"geometry":{"type":"Point","coordinates":[100.5622683,13.7843333]}},{"type":"Feature","id":865389869,"properties":{"landuse":"military","military":"base","name":"ศูนย์รักษาความปลอดภัย 17 รามอินทรา กองบัญชาการกองทัพไทย","name:en":"Armed Force Security Center, 17 Ramindra","name:th":"ศูนย์รักษาความปลอดภัย 17 รามอินทรา กองบัญชาการกองทัพไทย","@type":"way","@id":865389869,"branch":"other"},"geometry":{"type":"Point","coordinates":[100.608163,13.8600694]}},{"type":"Feature","id":885949783,"properties":{"landuse":"military","name":"ค่ายพระศรีพนมมาศ","name:en":"Phra Si Phanom Mat Camp","@type":"way","@id":885949783,"branch":"other"},"geometry":{"type":"Point","coordinates":[100.0296062,17.6116976]}},{"type":"Feature","id":886427298,"properties":{"landuse":"military","name":"ค่ายสุรศักดิ์มนตรี","name:en":"Fort Surasak Montri","@type":"way","@id":886427298,"branch":"other"},"geometry":{"type":"Point","coordinates":[99.5170327,18.2960832]}},{"type":"Feature","id":897148927,"properties":{"landuse":"military","name":"กองร้อยสนัยสนุนส่วนหน้าที่ 1","name:th":"กองร้อยสนัยสนุนส่วนหน้าที่ 1","@type":"way","@id":897148927,"branch":"other"},"geometry":{"type":"Point","coordinates":[100.5204642,13.7955926]}},{"type":"Feature","id":897169112,"properties":{"landuse":"military","name":"โรงเรียนทหารสรรพาวุธ","name:en":"Ordnance School","name:th":"โรงเรียนทหารสรรพาวุธ","@type":"way","@id":897169112,"branch":"other"},"geometry":{"type":"Point","coordinates":[100.5271304,13.7969631]}},{"type":"Feature","id":901435198,"properties":{"access":"no","landuse":"military","military":"base","military_service":"army","operator":"Myanmar","@type":"way","@id":901435198,"branch":"other"},"geometry":{"type":"Point","coordinates":[99.0452939,19.9493936]}},{"type":"Feature","id":901588631,"properties":{"landuse":"military","@type":"way","@id":901588631,"branch":"other"},"geometry":{"type":"Point","coordinates":[99.0933537,20.1065308]}},{"type":"Feature","id":901620517,"properties":{"country":"ไทย","landuse":"military","@type":"way","@id":901620517,"branch":"other"},"geometry":{"type":"Point","coordinates":[98.9688053,19.283498]}},{"type":"Feature","id":906714201,"properties":{"landuse":"military","@type":"way","@id":906714201,"branch":"other"},"geometry":{"type":"Point","coordinates":[99.0528658,19.8641179]}},{"type":"Feature","id":913563300,"properties":{"landuse":"military","layer":"-1","@type":"way","@id":913563300,"branch":"other"},"geometry":{"type":"Point","coordinates":[100.087609,17.2864479]}},{"type":"Feature","id":943323643,"properties":{"landuse":"military","@type":"way","@id":943323643,"branch":"other"},"geometry":{"type":"Point","coordinates":[100.7797437,14.4057198]}},{"type":"Feature","id":945665002,"properties":{"landuse":"military","name":"ค่ายภาณุรังษี","name:th":"ค่ายภาณุรังษี","@type":"way","@id":945665002,"branch":"other"},"geometry":{"type":"Point","coordinates":[99.8232239,13.5450321]}},{"type":"Feature","id":948680549,"properties":{"landuse":"military","name":"ค่ายศรีสุริยวงศ์","@type":"way","@id":948680549,"branch":"other"},"geometry":{"type":"Point","coordinates":[99.7679494,13.5103772]}},{"type":"Feature","id":957949952,"properties":{"landuse":"military","@type":"way","@id":957949952,"branch":"other"},"geometry":{"type":"Point","coordinates":[98.3177313,19.6937727]}},{"type":"Feature","id":957957243,"properties":{"landuse":"military","@type":"way","@id":957957243,"branch":"other"},"geometry":{"type":"Point","coordinates":[98.4266226,19.6897977]}},{"type":"Feature","id":958691001,"properties":{"landuse":"military","@type":"way","@id":958691001,"branch":"other"},"geometry":{"type":"Point","coordinates":[99.3772658,20.0903234]}},{"type":"Feature","id":961964277,"properties":{"military":"checkpoint","name":"ป้อมยามประตู 1","@type":"way","@id":961964277,"branch":"other"},"geometry":{"type":"Point","coordinates":[102.0935419,12.6601111]}},{"type":"Feature","id":961964432,"properties":{"military":"checkpoint","@type":"way","@id":961964432,"branch":"other"},"geometry":{"type":"Point","coordinates":[102.0946807,12.6622086]}},{"type":"Feature","id":962191109,"properties":{"military":"checkpoint","@type":"way","@id":962191109,"branch":"other"},"geometry":{"type":"Point","coordinates":[102.1042705,12.6650639]}},{"type":"Feature","id":968950255,"properties":{"landuse":"military","military":"training_area","name":"หน่วยฝึกนักศึกษาวิชาทหาร มณฑลทหารบกที่ 37","name:en":"Military Student training unit 37th Army Region","name:th":"หน่วยฝึกนักศึกษาวิชาทหาร มณฑลทหารบกที่ 37","@type":"way","@id":968950255,"branch":"other"},"geometry":{"type":"Point","coordinates":[99.8221326,19.9217926]}},{"type":"Feature","id":995643260,"properties":{"building":"yes","military":"office","@type":"way","@id":995643260,"branch":"other"},"geometry":{"type":"Point","coordinates":[100.6149251,7.1817118]}},{"type":"Feature","id":1010188105,"properties":{"landuse":"military","name":"ป้อมพระจุลจอมเกล้า","name:en":"Phra Chulachomklao Fort","@type":"way","@id":1010188105,"branch":"other"},"geometry":{"type":"Point","coordinates":[100.5790992,13.5372965]}},{"type":"Feature","id":1018440012,"properties":{"landuse":"military","@type":"way","@id":1018440012,"branch":"other"},"geometry":{"type":"Point","coordinates":[97.8845243,19.4989286]}},{"type":"Feature","id":1018440013,"properties":{"landuse":"military","@type":"way","@id":1018440013,"branch":"other"},"geometry":{"type":"Point","coordinates":[97.8875216,19.4985743]}},{"type":"Feature","id":1018456786,"properties":{"landuse":"military","@type":"way","@id":1018456786,"branch":"other"},"geometry":{"type":"Point","coordinates":[97.839228,19.1983922]}},{"type":"Feature","id":1018456794,"properties":{"landuse":"military","@type":"way","@id":1018456794,"branch":"other"},"geometry":{"type":"Point","coordinates":[97.7539625,18.778192]}},{"type":"Feature","id":1018456796,"properties":{"landuse":"military","@type":"way","@id":1018456796,"branch":"other"},"geometry":{"type":"Point","coordinates":[97.666175,18.575596]}},{"type":"Feature","id":1018456797,"properties":{"landuse":"military","@type":"way","@id":1018456797,"branch":"other"},"geometry":{"type":"Point","coordinates":[97.361348,18.5683074]}},{"type":"Feature","id":1018456798,"properties":{"landuse":"military","@type":"way","@id":1018456798,"branch":"other"},"geometry":{"type":"Point","coordinates":[97.3627001,18.5577379]}},{"type":"Feature","id":1018765070,"properties":{"landuse":"military","@type":"way","@id":1018765070,"branch":"other"},"geometry":{"type":"Point","coordinates":[98.1334802,19.7871289]}},{"type":"Feature","id":1018765071,"properties":{"landuse":"military","@type":"way","@id":1018765071,"branch":"other"},"geometry":{"type":"Point","coordinates":[98.1380374,19.7869623]}},{"type":"Feature","id":1018765072,"properties":{"landuse":"military","@type":"way","@id":1018765072,"branch":"other"},"geometry":{"type":"Point","coordinates":[98.1390075,19.7849333]}},{"type":"Feature","id":1018765073,"properties":{"landuse":"military","@type":"way","@id":1018765073,"branch":"other"},"geometry":{"type":"Point","coordinates":[98.1396347,19.7821808]}},{"type":"Feature","id":1018765074,"properties":{"landuse":"military","@type":"way","@id":1018765074,"branch":"other"},"geometry":{"type":"Point","coordinates":[98.1447648,19.7810741]}},{"type":"Feature","id":1018765075,"properties":{"landuse":"military","@type":"way","@id":1018765075,"branch":"other"},"geometry":{"type":"Point","coordinates":[98.0955739,19.779861]}},{"type":"Feature","id":1018765076,"properties":{"landuse":"military","@type":"way","@id":1018765076,"branch":"other"},"geometry":{"type":"Point","coordinates":[98.095027,19.7827397]}},{"type":"Feature","id":1018765081,"properties":{"landuse":"military","@type":"way","@id":1018765081,"branch":"other"},"geometry":{"type":"Point","coordinates":[98.2226718,19.7244608]}},{"type":"Feature","id":1018765082,"properties":{"landuse":"military","@type":"way","@id":1018765082,"branch":"other"},"geometry":{"type":"Point","coordinates":[98.2272031,19.7287817]}},{"type":"Feature","id":1018765086,"properties":{"landuse":"military","@type":"way","@id":1018765086,"branch":"other"},"geometry":{"type":"Point","coordinates":[98.2305844,19.7181]}},{"type":"Feature","id":1018765088,"properties":{"landuse":"military","@type":"way","@id":1018765088,"branch":"other"},"geometry":{"type":"Point","coordinates":[98.2381148,19.7078024]}},{"type":"Feature","id":1018765089,"properties":{"landuse":"military","@type":"way","@id":1018765089,"branch":"other"},"geometry":{"type":"Point","coordinates":[98.2313649,19.6999101]}},{"type":"Feature","id":1018765090,"properties":{"landuse":"military","@type":"way","@id":1018765090,"branch":"other"},"geometry":{"type":"Point","coordinates":[98.3065376,19.6872492]}},{"type":"Feature","id":1022777125,"properties":{"layer":"1","military":"checkpoint","@type":"way","@id":1022777125,"branch":"other"},"geometry":{"type":"Point","coordinates":[99.8002764,11.7958956]}},{"type":"Feature","id":1024284047,"properties":{"building":"yes","military":"office","name":"กองร้อยรักษาดินแดน","@type":"way","@id":1024284047,"branch":"other"},"geometry":{"type":"Point","coordinates":[99.9215778,6.9975472]}},{"type":"Feature","id":1027600623,"properties":{"landuse":"military","@type":"way","@id":1027600623,"branch":"other"},"geometry":{"type":"Point","coordinates":[100.1436881,17.6656991]}},{"type":"Feature","id":1029287922,"properties":{"landuse":"military","name":"Phra Mongkut Klao Military Base","@type":"way","@id":1029287922,"branch":"other"},"geometry":{"type":"Point","coordinates":[99.7011848,11.6849818]}},{"type":"Feature","id":1076370227,"properties":{"area":"yes","landuse":"military","military":"office","name":"กองบัญชาการกองทัพไทย","name:en":"Royal Thai Armed Forces Headquarters","name:th":"กองบัญชาการกองทัพไทย","wikidata":"Q6479158","wikipedia":"th:กองบัญชาการกองทัพไทย","@type":"way","@id":1076370227,"branch":"other"},"geometry":{"type":"Point","coordinates":[100.5656221,13.8860774]}},{"type":"Feature","id":1080163970,"properties":{"landuse":"military","name":"กองสรรพาวุธเบาที่ 1","name:th":"กองสรรพาวุธเบาที่ 1","@type":"way","@id":1080163970,"branch":"other"},"geometry":{"type":"Point","coordinates":[100.5746784,13.892504]}},{"type":"Feature","id":1101356169,"properties":{"landuse":"military","@type":"way","@id":1101356169,"branch":"other"},"geometry":{"type":"Point","coordinates":[98.978877,18.8187391]}},{"type":"Feature","id":1115485097,"properties":{"landuse":"military","name":"หน่วยบัญชาการรักษาดินแดน","name:en":"Territorial Defence Department","@type":"way","@id":1115485097,"branch":"other"},"geometry":{"type":"Point","coordinates":[99.3891459,14.1364788]}},{"type":"Feature","id":1119105466,"properties":{"landuse":"military","@type":"way","@id":1119105466,"branch":"other"},"geometry":{"type":"Point","coordinates":[99.8643695,20.4327445]}},{"type":"Feature","id":1121702074,"properties":{"landuse":"military","name":"หน่วยป้องกันรักษาป่าไม้ ศก.9 (โนนลาน)","@type":"way","@id":1121702074,"branch":"other"},"geometry":{"type":"Point","coordinates":[104.1568642,15.1856691]}},{"type":"Feature","id":1121702114,"properties":{"landuse":"military","name":"หน่วยพัฒนาการเคลื่อนที่ 53","name:en":"Mobile Development Unit 53","name:th":"หน่วยพัฒนาการเคลื่อนที่ 53","official_name":"หน่วยพัฒนาการเคลื่อนที่ 53 สำนักงานพัฒนาภาค 5 หน่วยบัญชาการทหารพัฒนา","website":"https://afdc-mdu53.rtarf.mi.th/","@type":"way","@id":1121702114,"branch":"other"},"geometry":{"type":"Point","coordinates":[104.1568923,15.1788941]}},{"type":"Feature","id":1127984681,"properties":{"landuse":"military","name":"หน่วยป้องกันรักษาป่าที่ ศก.6 (เขาพระวิหาร)","@type":"way","@id":1127984681,"branch":"other"},"geometry":{"type":"Point","coordinates":[104.6258268,14.6546842]}},{"type":"Feature","id":1135896679,"properties":{"landuse":"military","name":"ค่ายสมเด็จพระเอกาทศรถ","name:en":"Camp of King Ekathotsarot","@type":"way","@id":1135896679,"branch":"other"},"geometry":{"type":"Point","coordinates":[100.2902562,16.782562]}},{"type":"Feature","id":1143878421,"properties":{"landuse":"military","name":"สนามทำลายวัตถุระเบิด","@type":"way","@id":1143878421,"branch":"other"},"geometry":{"type":"Point","coordinates":[99.7770451,13.4881637]}},{"type":"Feature","id":1147829938,"properties":{"amenity":"hospital","healthcare":"hospital","landuse":"military","name":"โรงพยาบาลค่ายสุรสีห์","name:en":"Fort Surasi Hospital","name:th":"โรงพยาบาลค่ายสุรสีห์","source":"GPS;sign","@type":"way","@id":1147829938,"branch":"other"},"geometry":{"type":"Point","coordinates":[99.4250009,14.1042032]}},{"type":"Feature","id":1159411452,"properties":{"landuse":"military","military":"base","@type":"way","@id":1159411452,"branch":"other"},"geometry":{"type":"Point","coordinates":[98.558335,16.6361085]}},{"type":"Feature","id":1174943954,"properties":{"landuse":"military","military":"base","name":"กองร้อยตำรวจตระเวนชายแดนที่ 334","name:en":"Border Patrol Police Division 334","name:th":"กองร้อยตำรวจตระเวนชายแดนที่ 334","@type":"way","@id":1174943954,"branch":"other"},"geometry":{"type":"Point","coordinates":[99.2885902,20.0326302]}},{"type":"Feature","id":1186805184,"properties":{"landuse":"military","@type":"way","@id":1186805184,"branch":"other"},"geometry":{"type":"Point","coordinates":[98.8433239,19.0935191]}},{"type":"Feature","id":1186805185,"properties":{"landuse":"military","@type":"way","@id":1186805185,"branch":"other"},"geometry":{"type":"Point","coordinates":[98.8434921,19.0937054]}},{"type":"Feature","id":1193595248,"properties":{"landuse":"military","name":"กองพันทหารสื่อสารที่ 1","name:en":"1st Signal Battalion","@type":"way","@id":1193595248,"branch":"other"},"geometry":{"type":"Point","coordinates":[100.5424505,13.7142926]}},{"type":"Feature","id":1223242441,"properties":{"landuse":"military","@type":"way","@id":1223242441,"branch":"other"},"geometry":{"type":"Point","coordinates":[99.5103092,20.2866733]}},{"type":"Feature","id":1225906880,"properties":{"landuse":"military","name":"หน่วยพิทักษ์อุทยาน ฯ ลย.5","@type":"way","@id":1225906880,"branch":"other"},"geometry":{"type":"Point","coordinates":[101.6915135,16.8447377]}},{"type":"Feature","id":1225906881,"properties":{"landuse":"military","name":"หน่วยพิทักษ์อุทยานฯ ลย.4","@type":"way","@id":1225906881,"branch":"other"},"geometry":{"type":"Point","coordinates":[101.6945134,16.9426253]}},{"type":"Feature","id":1225906897,"properties":{"landuse":"military","name":"หน่วยพิทักษ์อุทยาน ฯ ลย.3","@type":"way","@id":1225906897,"branch":"other"},"geometry":{"type":"Point","coordinates":[101.7945178,16.8186764]}},{"type":"Feature","id":1225906904,"properties":{"landuse":"military","name":"หน่วยพิทักษ์อุทยาน ฯ ลย. 2","@type":"way","@id":1225906904,"branch":"other"},"geometry":{"type":"Point","coordinates":[101.8158073,16.9438525]}},{"type":"Feature","id":1225926926,"properties":{"landuse":"military","name":"หน่วยพิทักษ์อุทยาน ฯ ลย. 3","@type":"way","@id":1225926926,"branch":"other"},"geometry":{"type":"Point","coordinates":[101.8479811,16.8714156]}},{"type":"Feature","id":1225939731,"properties":{"landuse":"military","@type":"way","@id":1225939731,"branch":"other"},"geometry":{"type":"Point","coordinates":[101.7333291,16.8835824]}},{"type":"Feature","id":1227372340,"properties":{"landuse":"military","name":"ค่ายศรีโสธร","name:en":"Sri Sothon Camp","name:th":"ค่ายศรีโสธร","@type":"way","@id":1227372340,"branch":"other"},"geometry":{"type":"Point","coordinates":[101.0728682,13.672882]}},{"type":"Feature","id":1227464349,"properties":{"building":"bunker","military":"bunker","@type":"way","@id":1227464349,"branch":"other"},"geometry":{"type":"Point","coordinates":[100.1316063,15.5201795]}},{"type":"Feature","id":1227464350,"properties":{"building":"bunker","military":"bunker","@type":"way","@id":1227464350,"branch":"other"},"geometry":{"type":"Point","coordinates":[100.1318046,15.520919]}},{"type":"Feature","id":1227464351,"properties":{"building":"bunker","military":"bunker","@type":"way","@id":1227464351,"branch":"other"},"geometry":{"type":"Point","coordinates":[100.1318313,15.5213279]}},{"type":"Feature","id":1227464374,"properties":{"building":"bunker","military":"bunker","@type":"way","@id":1227464374,"branch":"other"},"geometry":{"type":"Point","coordinates":[100.1316125,15.5185774]}},{"type":"Feature","id":1227464375,"properties":{"building":"bunker","military":"bunker","@type":"way","@id":1227464375,"branch":"other"},"geometry":{"type":"Point","coordinates":[100.1323317,15.5180565]}},{"type":"Feature","id":1227464393,"properties":{"building":"bunker","military":"bunker","@type":"way","@id":1227464393,"branch":"other"},"geometry":{"type":"Point","coordinates":[100.1312997,15.5156073]}},{"type":"Feature","id":1227464394,"properties":{"building":"bunker","military":"bunker","@type":"way","@id":1227464394,"branch":"other"},"geometry":{"type":"Point","coordinates":[100.1326533,15.5153877]}},{"type":"Feature","id":1227464419,"properties":{"building":"bunker","military":"bunker","@type":"way","@id":1227464419,"branch":"other"},"geometry":{"type":"Point","coordinates":[100.1332503,15.5076513]}},{"type":"Feature","id":1227464420,"properties":{"building":"bunker","military":"bunker","@type":"way","@id":1227464420,"branch":"other"},"geometry":{"type":"Point","coordinates":[100.1348001,15.5078159]}},{"type":"Feature","id":1227464421,"properties":{"building":"bunker","military":"bunker","@type":"way","@id":1227464421,"branch":"other"},"geometry":{"type":"Point","coordinates":[100.1355051,15.5085299]}},{"type":"Feature","id":1227464422,"properties":{"building":"bunker","military":"bunker","@type":"way","@id":1227464422,"branch":"other"},"geometry":{"type":"Point","coordinates":[100.1361895,15.5092183]}},{"type":"Feature","id":1227464428,"properties":{"building":"bunker","military":"bunker","@type":"way","@id":1227464428,"branch":"other"},"geometry":{"type":"Point","coordinates":[100.1343885,15.5114108]}},{"type":"Feature","id":1227464437,"properties":{"building":"bunker","military":"bunker","@type":"way","@id":1227464437,"branch":"other"},"geometry":{"type":"Point","coordinates":[100.1302472,15.5055563]}},{"type":"Feature","id":1227464453,"properties":{"building":"bunker","military":"bunker","@type":"way","@id":1227464453,"branch":"other"},"geometry":{"type":"Point","coordinates":[100.1312902,15.5076801]}},{"type":"Feature","id":1227464459,"properties":{"building":"bunker","military":"bunker","@type":"way","@id":1227464459,"branch":"other"},"geometry":{"type":"Point","coordinates":[100.1322828,15.5110105]}},{"type":"Feature","id":1230092986,"properties":{"landuse":"military","@type":"way","@id":1230092986,"branch":"other"},"geometry":{"type":"Point","coordinates":[98.0342017,19.7752744]}},{"type":"Feature","id":1230092990,"properties":{"landuse":"military","@type":"way","@id":1230092990,"branch":"other"},"geometry":{"type":"Point","coordinates":[98.0319729,19.6815805]}},{"type":"Feature","id":1230092993,"properties":{"landuse":"military","@type":"way","@id":1230092993,"branch":"other"},"geometry":{"type":"Point","coordinates":[98.0043309,19.6362708]}},{"type":"Feature","id":1230092994,"properties":{"landuse":"military","@type":"way","@id":1230092994,"branch":"other"},"geometry":{"type":"Point","coordinates":[98.0018443,19.636415]}},{"type":"Feature","id":1230092995,"properties":{"landuse":"military","@type":"way","@id":1230092995,"branch":"other"},"geometry":{"type":"Point","coordinates":[97.9829759,19.6396338]}},{"type":"Feature","id":1230092996,"properties":{"landuse":"military","@type":"way","@id":1230092996,"branch":"other"},"geometry":{"type":"Point","coordinates":[98.0077053,19.6304615]}},{"type":"Feature","id":1230092998,"properties":{"landuse":"military","@type":"way","@id":1230092998,"branch":"other"},"geometry":{"type":"Point","coordinates":[97.9723914,19.6232201]}},{"type":"Feature","id":1230092999,"properties":{"landuse":"military","@type":"way","@id":1230092999,"branch":"other"},"geometry":{"type":"Point","coordinates":[97.974921,19.6026237]}},{"type":"Feature","id":1230093000,"properties":{"landuse":"military","@type":"way","@id":1230093000,"branch":"other"},"geometry":{"type":"Point","coordinates":[97.9683836,19.5997777]}},{"type":"Feature","id":1230093001,"properties":{"landuse":"military","@type":"way","@id":1230093001,"branch":"other"},"geometry":{"type":"Point","coordinates":[97.9616525,19.5987915]}},{"type":"Feature","id":1230093002,"properties":{"landuse":"military","@type":"way","@id":1230093002,"branch":"other"},"geometry":{"type":"Point","coordinates":[97.9603972,19.5928452]}},{"type":"Feature","id":1230093009,"properties":{"landuse":"military","@type":"way","@id":1230093009,"branch":"other"},"geometry":{"type":"Point","coordinates":[97.9478352,19.5952356]}},{"type":"Feature","id":1230093016,"properties":{"landuse":"military","@type":"way","@id":1230093016,"branch":"other"},"geometry":{"type":"Point","coordinates":[97.9571763,19.5936422]}},{"type":"Feature","id":1230096994,"properties":{"landuse":"military","@type":"way","@id":1230096994,"branch":"other"},"geometry":{"type":"Point","coordinates":[98.3584726,19.6937915]}},{"type":"Feature","id":1230101529,"properties":{"landuse":"military","@type":"way","@id":1230101529,"branch":"other"},"geometry":{"type":"Point","coordinates":[98.6163069,19.7173283]}},{"type":"Feature","id":1230104773,"properties":{"landuse":"military","@type":"way","@id":1230104773,"branch":"other"},"geometry":{"type":"Point","coordinates":[99.4575758,20.3921596]}},{"type":"Feature","id":1230104774,"properties":{"landuse":"military","@type":"way","@id":1230104774,"branch":"other"},"geometry":{"type":"Point","coordinates":[99.4593859,20.3894081]}},{"type":"Feature","id":1230104775,"properties":{"landuse":"military","@type":"way","@id":1230104775,"branch":"other"},"geometry":{"type":"Point","coordinates":[99.4590666,20.3824953]}},{"type":"Feature","id":1230104776,"properties":{"landuse":"military","@type":"way","@id":1230104776,"branch":"other"},"geometry":{"type":"Point","coordinates":[99.4577,20.3744525]}},{"type":"Feature","id":1230104777,"properties":{"landuse":"military","@type":"way","@id":1230104777,"branch":"other"},"geometry":{"type":"Point","coordinates":[99.4673468,20.3588295]}},{"type":"Feature","id":1230104778,"properties":{"landuse":"military","@type":"way","@id":1230104778,"branch":"other"},"geometry":{"type":"Point","coordinates":[99.4970824,20.3356482]}},{"type":"Feature","id":1230631017,"properties":{"landuse":"military","@type":"way","@id":1230631017,"branch":"other"},"geometry":{"type":"Point","coordinates":[99.4369709,20.0901124]}},{"type":"Feature","id":1230631018,"properties":{"landuse":"military","@type":"way","@id":1230631018,"branch":"other"},"geometry":{"type":"Point","coordinates":[99.4274689,20.0902412]}},{"type":"Feature","id":1230631019,"properties":{"landuse":"military","@type":"way","@id":1230631019,"branch":"other"},"geometry":{"type":"Point","coordinates":[99.409974,20.0888605]}},{"type":"Feature","id":1230631020,"properties":{"landuse":"military","@type":"way","@id":1230631020,"branch":"other"},"geometry":{"type":"Point","coordinates":[99.4003594,20.0858355]}},{"type":"Feature","id":1230631021,"properties":{"landuse":"military","@type":"way","@id":1230631021,"branch":"other"},"geometry":{"type":"Point","coordinates":[99.3994498,20.0864871]}},{"type":"Feature","id":1230631022,"properties":{"landuse":"military","@type":"way","@id":1230631022,"branch":"other"},"geometry":{"type":"Point","coordinates":[99.3960153,20.0891574]}},{"type":"Feature","id":1230631023,"properties":{"landuse":"military","@type":"way","@id":1230631023,"branch":"other"},"geometry":{"type":"Point","coordinates":[99.3915948,20.0878212]}},{"type":"Feature","id":1230631024,"properties":{"landuse":"military","@type":"way","@id":1230631024,"branch":"other"},"geometry":{"type":"Point","coordinates":[99.3835537,20.0876441]}},{"type":"Feature","id":1230631025,"properties":{"landuse":"military","@type":"way","@id":1230631025,"branch":"other"},"geometry":{"type":"Point","coordinates":[99.3640173,20.08215]}},{"type":"Feature","id":1230631026,"properties":{"landuse":"military","@type":"way","@id":1230631026,"branch":"other"},"geometry":{"type":"Point","coordinates":[99.3480043,20.0962321]}},{"type":"Feature","id":1230631027,"properties":{"landuse":"military","@type":"way","@id":1230631027,"branch":"other"},"geometry":{"type":"Point","coordinates":[99.3465067,20.0918073]}},{"type":"Feature","id":1230631028,"properties":{"landuse":"military","@type":"way","@id":1230631028,"branch":"other"},"geometry":{"type":"Point","coordinates":[99.3390426,20.0823044]}},{"type":"Feature","id":1230631029,"properties":{"landuse":"military","@type":"way","@id":1230631029,"branch":"other"},"geometry":{"type":"Point","coordinates":[99.3311605,20.0814526]}},{"type":"Feature","id":1230631030,"properties":{"landuse":"military","@type":"way","@id":1230631030,"branch":"other"},"geometry":{"type":"Point","coordinates":[99.3333086,20.0851084]}},{"type":"Feature","id":1230631031,"properties":{"landuse":"military","@type":"way","@id":1230631031,"branch":"other"},"geometry":{"type":"Point","coordinates":[99.3103736,20.1119031]}},{"type":"Feature","id":1230631034,"properties":{"landuse":"military","@type":"way","@id":1230631034,"branch":"other"},"geometry":{"type":"Point","coordinates":[99.2993459,20.0992153]}},{"type":"Feature","id":1230631035,"properties":{"landuse":"military","@type":"way","@id":1230631035,"branch":"other"},"geometry":{"type":"Point","coordinates":[99.2951287,20.099488]}},{"type":"Feature","id":1230631048,"properties":{"landuse":"military","@type":"way","@id":1230631048,"branch":"other"},"geometry":{"type":"Point","coordinates":[99.0352639,19.9804171]}},{"type":"Feature","id":1230631057,"properties":{"landuse":"military","@type":"way","@id":1230631057,"branch":"other"},"geometry":{"type":"Point","coordinates":[99.0443515,20.0162322]}},{"type":"Feature","id":1230631058,"properties":{"landuse":"military","@type":"way","@id":1230631058,"branch":"other"},"geometry":{"type":"Point","coordinates":[99.045779,20.0254141]}},{"type":"Feature","id":1230631060,"properties":{"landuse":"military","@type":"way","@id":1230631060,"branch":"other"},"geometry":{"type":"Point","coordinates":[99.0450581,20.0343627]}},{"type":"Feature","id":1230631061,"properties":{"landuse":"military","@type":"way","@id":1230631061,"branch":"other"},"geometry":{"type":"Point","coordinates":[99.0540005,20.0508552]}},{"type":"Feature","id":1230631062,"properties":{"landuse":"military","@type":"way","@id":1230631062,"branch":"other"},"geometry":{"type":"Point","coordinates":[99.0665039,20.0677977]}},{"type":"Feature","id":1230631068,"properties":{"landuse":"military","@type":"way","@id":1230631068,"branch":"other"},"geometry":{"type":"Point","coordinates":[98.9377321,19.7707219]}},{"type":"Feature","id":1230631069,"properties":{"landuse":"military","@type":"way","@id":1230631069,"branch":"other"},"geometry":{"type":"Point","coordinates":[98.7120929,19.7681179]}},{"type":"Feature","id":1230631070,"properties":{"landuse":"military","@type":"way","@id":1230631070,"branch":"other"},"geometry":{"type":"Point","coordinates":[98.7037607,19.7578315]}},{"type":"Feature","id":1230631071,"properties":{"landuse":"military","@type":"way","@id":1230631071,"branch":"other"},"geometry":{"type":"Point","coordinates":[98.6846665,19.7545744]}},{"type":"Feature","id":1265780021,"properties":{"landuse":"military","@type":"way","@id":1265780021,"branch":"other"},"geometry":{"type":"Point","coordinates":[99.5207767,20.3618013]}},{"type":"Feature","id":1265780022,"properties":{"landuse":"military","@type":"way","@id":1265780022,"branch":"other"},"geometry":{"type":"Point","coordinates":[99.5580836,20.3577526]}},{"type":"Feature","id":1265780024,"properties":{"landuse":"military","@type":"way","@id":1265780024,"branch":"other"},"geometry":{"type":"Point","coordinates":[99.5597833,20.3537899]}},{"type":"Feature","id":1265780025,"properties":{"landuse":"military","@type":"way","@id":1265780025,"branch":"other"},"geometry":{"type":"Point","coordinates":[99.5725643,20.3489744]}},{"type":"Feature","id":1265780027,"properties":{"landuse":"military","@type":"way","@id":1265780027,"branch":"other"},"geometry":{"type":"Point","coordinates":[99.5765832,20.3445652]}},{"type":"Feature","id":1265780031,"properties":{"landuse":"military","@type":"way","@id":1265780031,"branch":"other"},"geometry":{"type":"Point","coordinates":[99.5862194,20.3420981]}},{"type":"Feature","id":1265780034,"properties":{"landuse":"military","@type":"way","@id":1265780034,"branch":"other"},"geometry":{"type":"Point","coordinates":[99.591987,20.3443595]}},{"type":"Feature","id":1265780047,"properties":{"landuse":"military","@type":"way","@id":1265780047,"branch":"other"},"geometry":{"type":"Point","coordinates":[99.6417651,20.3414351]}},{"type":"Feature","id":1265780049,"properties":{"landuse":"military","@type":"way","@id":1265780049,"branch":"other"},"geometry":{"type":"Point","coordinates":[99.6479236,20.3412636]}},{"type":"Feature","id":1265780051,"properties":{"landuse":"military","@type":"way","@id":1265780051,"branch":"other"},"geometry":{"type":"Point","coordinates":[99.6490316,20.3374308]}},{"type":"Feature","id":1265780052,"properties":{"landuse":"military","@type":"way","@id":1265780052,"branch":"other"},"geometry":{"type":"Point","coordinates":[99.650091,20.3352695]}},{"type":"Feature","id":1265780053,"properties":{"landuse":"military","@type":"way","@id":1265780053,"branch":"other"},"geometry":{"type":"Point","coordinates":[99.6590493,20.3269799]}},{"type":"Feature","id":1265780055,"properties":{"landuse":"military","@type":"way","@id":1265780055,"branch":"other"},"geometry":{"type":"Point","coordinates":[99.6644525,20.3267579]}},{"type":"Feature","id":1265780059,"properties":{"landuse":"military","@type":"way","@id":1265780059,"branch":"other"},"geometry":{"type":"Point","coordinates":[99.6856528,20.3160991]}},{"type":"Feature","id":1265780062,"properties":{"landuse":"military","@type":"way","@id":1265780062,"branch":"other"},"geometry":{"type":"Point","coordinates":[99.6838074,20.3174751]}},{"type":"Feature","id":1265780064,"properties":{"landuse":"military","@type":"way","@id":1265780064,"branch":"other"},"geometry":{"type":"Point","coordinates":[99.7097993,20.3239857]}},{"type":"Feature","id":1265780066,"properties":{"landuse":"military","@type":"way","@id":1265780066,"branch":"other"},"geometry":{"type":"Point","coordinates":[99.7366469,20.3466438]}},{"type":"Feature","id":1265780068,"properties":{"landuse":"military","@type":"way","@id":1265780068,"branch":"other"},"geometry":{"type":"Point","coordinates":[99.8462616,20.407512]}},{"type":"Feature","id":1266776018,"properties":{"landuse":"military","military":"base","name":"ค่ายกำแพงเพชรอัครโยธิน","name:th":"ค่ายกำแพงเพชรอัครโยธิน","@type":"way","@id":1266776018,"branch":"other"},"geometry":{"type":"Point","coordinates":[100.2980483,13.6614829]}},{"type":"Feature","id":1271936212,"properties":{"landuse":"military","military":"base","military_service":"air_force","name":"โรงเรียนการบินกำแพงแสน","name:th":"โรงเรียนการบินกำแพงแสน","@type":"way","@id":1271936212,"branch":"other"},"geometry":{"type":"Point","coordinates":[99.9233259,14.1013811]}},{"type":"Feature","id":1290398149,"properties":{"landuse":"military","military":"base","name":"ค่ายรามราชนิเวศน์","name:th":"ค่ายรามราชนิเวศน์","@type":"way","@id":1290398149,"branch":"other"},"geometry":{"type":"Point","coordinates":[99.9469373,13.0920934]}},{"type":"Feature","id":1290615834,"properties":{"landuse":"military","military":"base","military_service":"air_force","name":"ค่ายสมันตรัฐบุรินทร์","name:en":"Samantaratburin Camp","name:th":"ค่ายสมันตรัฐบุรินทร์","@type":"way","@id":1290615834,"branch":"other"},"geometry":{"type":"Point","coordinates":[100.0830367,6.6629962]}},{"type":"Feature","id":1298165682,"properties":{"landuse":"military","military":"base","name":"ค่ายเทพสตรีศรีสุนทร","@type":"way","@id":1298165682,"branch":"other"},"geometry":{"type":"Point","coordinates":[99.6608507,8.0287488]}},{"type":"Feature","id":1305394587,"properties":{"landuse":"military","@type":"way","@id":1305394587,"branch":"other"},"geometry":{"type":"Point","coordinates":[99.5070709,20.3234716]}},{"type":"Feature","id":1306721492,"properties":{"landuse":"military","name":"ค่ายสมเด็จพระนารายณ์มหาราช","name:en":"Camp of King Narai the Great","@type":"way","@id":1306721492,"branch":"other"},"geometry":{"type":"Point","coordinates":[100.6252084,14.8056788]}},{"type":"Feature","id":1308968506,"properties":{"landuse":"military","@type":"way","@id":1308968506,"branch":"other"},"geometry":{"type":"Point","coordinates":[97.8318854,19.2908132]}},{"type":"Feature","id":1330206974,"properties":{"landuse":"military","military":"base","military_service":"air_force","name":"ค่ายวิภาวดีรังสิต","name:th":"ค่ายวิภาวดีรังสิต","@type":"way","@id":1330206974,"branch":"other"},"geometry":{"type":"Point","coordinates":[99.3557141,9.1288504]}},{"type":"Feature","id":1330216162,"properties":{"landuse":"military","military":"base","name":"ค่ายฝึกการรบพิเศษปากช่อง","name:th":"ค่ายฝึกการรบพิเศษปากช่อง","@type":"way","@id":1330216162,"branch":"other"},"geometry":{"type":"Point","coordinates":[101.5740969,14.6020337]}},{"type":"Feature","id":1333700465,"properties":{"military":"checkpoint","name":"ป้อมยาม","@type":"way","@id":1333700465,"branch":"other"},"geometry":{"type":"Point","coordinates":[101.3651416,14.163734]}},{"type":"Feature","id":1337106144,"properties":{"landuse":"military","military":"base","name":"ค่ายนิมมาณกลยุทธ","name:th":"ค่ายนิมมาณกลยุทธ","@type":"way","@id":1337106144,"branch":"other"},"geometry":{"type":"Point","coordinates":[102.5316787,13.8865998]}},{"type":"Feature","id":1337277028,"properties":{"landuse":"military","name":"สถานีวิทยุกระจายเสียงแห่งประเทศไทยจังหวัดปัตตานี","@type":"way","@id":1337277028,"branch":"other"},"geometry":{"type":"Point","coordinates":[101.2508608,6.8929097]}},{"type":"Feature","id":1337840047,"properties":{"landuse":"military","name":"ค่ายสมเด็จพระศรีสุริโยทัย","name:en":"Fort Somdej Phra Suriyothai","name:th":"ค่ายสมเด็จพระศรีสุริโยทัย","@type":"way","@id":1337840047,"branch":"other"},"geometry":{"type":"Point","coordinates":[101.1487891,6.7813463]}},{"type":"Feature","id":1337840049,"properties":{"landuse":"military","name":"สระน้ำป้องเพชร ขกท.พล.15","@type":"way","@id":1337840049,"branch":"other"},"geometry":{"type":"Point","coordinates":[101.1666996,6.7670056]}},{"type":"Feature","id":1344498964,"properties":{"landuse":"military","@type":"way","@id":1344498964,"branch":"other"},"geometry":{"type":"Point","coordinates":[98.8985461,19.7663877]}},{"type":"Feature","id":1344498967,"properties":{"landuse":"military","@type":"way","@id":1344498967,"branch":"other"},"geometry":{"type":"Point","coordinates":[98.9663193,19.7727851]}},{"type":"Feature","id":1344498977,"properties":{"landuse":"military","@type":"way","@id":1344498977,"branch":"other"},"geometry":{"type":"Point","coordinates":[98.8380807,19.8149778]}},{"type":"Feature","id":1344498983,"properties":{"landuse":"military","@type":"way","@id":1344498983,"branch":"other"},"geometry":{"type":"Point","coordinates":[98.6663346,19.7495013]}},{"type":"Feature","id":1344498984,"properties":{"landuse":"military","@type":"way","@id":1344498984,"branch":"other"},"geometry":{"type":"Point","coordinates":[98.664681,19.748267]}},{"type":"Feature","id":1344498998,"properties":{"landuse":"military","@type":"way","@id":1344498998,"branch":"other"},"geometry":{"type":"Point","coordinates":[98.6038008,19.7104345]}},{"type":"Feature","id":1344498999,"properties":{"landuse":"military","@type":"way","@id":1344498999,"branch":"other"},"geometry":{"type":"Point","coordinates":[98.5999573,19.7132365]}},{"type":"Feature","id":1344499001,"properties":{"landuse":"military","@type":"way","@id":1344499001,"branch":"other"},"geometry":{"type":"Point","coordinates":[98.5960913,19.71311]}},{"type":"Feature","id":1344499002,"properties":{"landuse":"military","@type":"way","@id":1344499002,"branch":"other"},"geometry":{"type":"Point","coordinates":[98.5943394,19.7141028]}},{"type":"Feature","id":1344499003,"properties":{"landuse":"military","@type":"way","@id":1344499003,"branch":"other"},"geometry":{"type":"Point","coordinates":[98.5919834,19.7153189]}},{"type":"Feature","id":1344499005,"properties":{"landuse":"military","@type":"way","@id":1344499005,"branch":"other"},"geometry":{"type":"Point","coordinates":[98.5763192,19.7049303]}},{"type":"Feature","id":1344499006,"properties":{"landuse":"military","@type":"way","@id":1344499006,"branch":"other"},"geometry":{"type":"Point","coordinates":[98.5739362,19.703421]}},{"type":"Feature","id":1344499007,"properties":{"landuse":"military","@type":"way","@id":1344499007,"branch":"other"},"geometry":{"type":"Point","coordinates":[98.5718764,19.7044528]}},{"type":"Feature","id":1344499024,"properties":{"landuse":"military","@type":"way","@id":1344499024,"branch":"other"},"geometry":{"type":"Point","coordinates":[98.5286605,19.7050318]}},{"type":"Feature","id":1344499025,"properties":{"landuse":"military","@type":"way","@id":1344499025,"branch":"other"},"geometry":{"type":"Point","coordinates":[98.46588,19.6913776]}},{"type":"Feature","id":1344499026,"properties":{"landuse":"military","@type":"way","@id":1344499026,"branch":"other"},"geometry":{"type":"Point","coordinates":[98.3670225,19.6912177]}},{"type":"Feature","id":1344499036,"properties":{"landuse":"military","@type":"way","@id":1344499036,"branch":"other"},"geometry":{"type":"Point","coordinates":[98.2366433,19.705841]}},{"type":"Feature","id":1351872839,"properties":{"landuse":"military","military":"base","name":"ค่ายจักรพงษ์","name:en":"Fort Chakrabongse","name:th":"ค่ายจักรพงษ์","@type":"way","@id":1351872839,"branch":"other"},"geometry":{"type":"Point","coordinates":[101.378286,14.0776498]}},{"type":"Feature","id":1360767385,"properties":{"landuse":"military","military":"base","name:en":"34th Military Circle - Fort Khunchueangthammikkarat","note":"Boundary estimated","@type":"way","@id":1360767385,"branch":"other"},"geometry":{"type":"Point","coordinates":[99.9205028,19.1932966]}},{"type":"Feature","id":1363865036,"properties":{"addr:district":"ดินแดง","addr:housenumber":"63;62","addr:postcode":"10400","addr:province":"กรุงเทพมหานคร","addr:street":"ถนนวิภาวดีรังสิต","addr:subdistrict":"รัชดาภิเษก","building":"yes","building:levels":"2","military":"office","name":"ศูนย์ศึกษายุทธศาสตร์","name:en":"Strategic Studies Center","name:th":"ศูนย์ศึกษายุทธศาสตร์","website":"https://sscthailand.org/index.php/","@type":"way","@id":1363865036,"branch":"other"},"geometry":{"type":"Point","coordinates":[100.5584707,13.7799629]}},{"type":"Feature","id":1363865065,"properties":{"addr:district":"ดินแดง","addr:postcode":"10400","addr:province":"กรุงเทพมหานคร","addr:subdistrict":"รัชดาภิเษก","building":"yes","military":"office","name":"สถาบันวิชาการป้องกันประเทศ","name:th":"สถาบันวิชาการป้องกันประเทศ","@type":"way","@id":1363865065,"branch":"other"},"geometry":{"type":"Point","coordinates":[100.5593229,13.7801232]}},{"type":"Feature","id":1365540328,"properties":{"alt_name":"โรงเรียนนายสิบทหารบก","alt_name:en":"Army Non-Commissioned Officer School","alt_name:th":"โรงเรียนนายสิบทหารบก","amenity":"college","base_function":"training","education":"college","landuse":"military","military":"base","military_service":"army","name":"ค่ายโยธินศึกษามหามงกุฏ","name:en":"Fort Yothin Suksa Mahamongkut","name:th":"ค่ายโยธินศึกษามหามงกุฏ","name:th-Latn":"Khai Yothin Sueksa Maha Mongkut","wikidata":"Q31329061","wikipedia":"th:โรงเรียนนายสิบทหารบก","@type":"way","@id":1365540328,"branch":"other"},"geometry":{"type":"Point","coordinates":[99.9629853,12.4969149]}},{"type":"Feature","id":1369665267,"properties":{"landuse":"military","name":"ค่ายจิรประวัติ","name:en":"Chiraprawat Camp","@type":"way","@id":1369665267,"branch":"other"},"geometry":{"type":"Point","coordinates":[100.1183946,15.6693933]}},{"type":"Feature","id":1369666939,"properties":{"landuse":"military","@type":"way","@id":1369666939,"branch":"other"},"geometry":{"type":"Point","coordinates":[100.6406781,14.8077834]}},{"type":"Feature","id":1369667739,"properties":{"landuse":"military","@type":"way","@id":1369667739,"branch":"other"},"geometry":{"type":"Point","coordinates":[100.6555002,14.8132639]}},{"type":"Feature","id":1369668543,"properties":{"landuse":"military","@type":"way","@id":1369668543,"branch":"other"},"geometry":{"type":"Point","coordinates":[100.6855891,14.8207679]}},{"type":"Feature","id":1372993612,"properties":{"building":"yes","military":"office","name":"กรมสวัสดิการทหารบก","name:en":"Army Welfare Department","name:th":"กรมสวัสดิการทหารบก","@type":"way","@id":1372993612,"branch":"other"},"geometry":{"type":"Point","coordinates":[100.5328132,13.7885654]}},{"type":"Feature","id":1373010265,"properties":{"landuse":"military","@type":"way","@id":1373010265,"branch":"other"},"geometry":{"type":"Point","coordinates":[100.5327002,13.788382]}},{"type":"Feature","id":1373116127,"properties":{"building":"apartments","military":"office","name":"อาคารสวัสดิการ","name:th":"อาคารสวัสดิการ","@type":"way","@id":1373116127,"branch":"other"},"geometry":{"type":"Point","coordinates":[100.5325184,13.7878369]}},{"type":"Feature","id":1374142026,"properties":{"addr:housenumber":"115/34","addr:street":"ซอยวัดใหม่ทองเสน","building":"temple","building:levels":"2","military":"office","name":"กองร้อยเครื่องยิงหนัก","@type":"way","@id":1374142026,"branch":"other"},"geometry":{"type":"Point","coordinates":[100.5216472,13.7953059]}},{"type":"Feature","id":1374920147,"properties":{"addr:district":"พญาไท","addr:postcode":"10400","addr:province":"กรุงเทพมหานคร","addr:subdistrict":"พญาไท","building":"yes","military":"office","name":"สวัสดิการกลาง กองทัพบก","name:th":"สวัสดิการกลาง กองทัพบก","@type":"way","@id":1374920147,"branch":"other"},"geometry":{"type":"Point","coordinates":[100.5324963,13.7827085]}},{"type":"Feature","id":1379283164,"properties":{"military":"trench","@type":"way","@id":1379283164,"branch":"other"},"geometry":{"type":"Point","coordinates":[99.5765465,20.3446375]}},{"type":"Feature","id":1379283165,"properties":{"military":"trench","@type":"way","@id":1379283165,"branch":"other"},"geometry":{"type":"Point","coordinates":[99.576723,20.344706]}},{"type":"Feature","id":1379283166,"properties":{"military":"trench","@type":"way","@id":1379283166,"branch":"other"},"geometry":{"type":"Point","coordinates":[99.5765146,20.3447105]}},{"type":"Feature","id":1383251986,"properties":{"landuse":"military","name":"หน่วยข่าวกรองทางทหาร","name:en":"AMIC","name:th":"หน่วยข่าวกรองทางทหาร","@type":"way","@id":1383251986,"branch":"other"},"geometry":{"type":"Point","coordinates":[100.5254886,13.7836567]}},{"type":"Feature","id":1383252071,"properties":{"amenity":"college","landuse":"military","name":"วิทยาลัยการทัพบก","name:th":"วิทยาลัยการทัพบก","@type":"way","@id":1383252071,"branch":"other"},"geometry":{"type":"Point","coordinates":[100.529365,13.7854225]}},{"type":"Feature","id":1383252072,"properties":{"addr:housename":"41","addr:street":"ถนนเทอดดำริ","landuse":"military","military":"office","name":"กรมยุทธศึกษาทหารบก","name:en":"Army Training Command","name:th":"กรมยุทธศึกษาทหารบก","@type":"way","@id":1383252072,"branch":"other"},"geometry":{"type":"Point","coordinates":[100.5298408,13.7839597]}},{"type":"Feature","id":1383256036,"properties":{"building":"apartments","military":"office","name":"โรงเรียนกิจการพลเรือน","name:th":"โรงเรียนกิจการพลเรือน","@type":"way","@id":1383256036,"branch":"other"},"geometry":{"type":"Point","coordinates":[100.5310931,13.784258]}},{"type":"Feature","id":1383256041,"properties":{"building":"yes","military":"office","name":"โรงเรียนทหารสารบรรณ","name:th":"โรงเรียนทหารสารบรรณ","website":"https://agdept.rta.mi.th/","@type":"way","@id":1383256041,"branch":"other"},"geometry":{"type":"Point","coordinates":[100.5313163,13.7848304]}},{"type":"Feature","id":1383256043,"properties":{"building":"yes","military":"office","name":"โรงพิมพ์กองทัพบก","name:th":"โรงพิมพ์กองทัพบก","@type":"way","@id":1383256043,"branch":"other"},"geometry":{"type":"Point","coordinates":[100.5314461,13.7850858]}},{"type":"Feature","id":1408731043,"properties":{"building":"yes","military":"office","name":"กองร้อยอาสารักษาดินแดนอำเภอศรีสำโรงที่ ๒","@type":"way","@id":1408731043,"branch":"other"},"geometry":{"type":"Point","coordinates":[99.8612538,17.164497]}},{"type":"Feature","id":1413175206,"properties":{"landuse":"military","military":"base","@type":"way","@id":1413175206,"branch":"other"},"geometry":{"type":"Point","coordinates":[98.1992461,19.6914007]}},{"type":"Feature","id":1413175225,"properties":{"landuse":"military","military":"base","@type":"way","@id":1413175225,"branch":"other"},"geometry":{"type":"Point","coordinates":[98.0832721,19.7946346]}},{"type":"Feature","id":1413175226,"properties":{"landuse":"military","military":"base","@type":"way","@id":1413175226,"branch":"other"},"geometry":{"type":"Point","coordinates":[98.0834966,19.7914815]}},{"type":"Feature","id":1413180516,"properties":{"landuse":"military","military":"base","@type":"way","@id":1413180516,"branch":"other"},"geometry":{"type":"Point","coordinates":[97.7499326,18.8852513]}},{"type":"Feature","id":1418599388,"properties":{"amenity":"college","landuse":"military","military_service":"navy","name":"โรงเรียนพลาธิการ","name:th":"โรงเรียนพลาธิการ","@type":"way","@id":1418599388,"branch":"other"},"geometry":{"type":"Point","coordinates":[100.583855,13.6680529]}},{"type":"Feature","id":1432188328,"properties":{"military":"checkpoint","name":"จต.ส. 34","name:th":"จต.ส. 34","@type":"way","@id":1432188328,"branch":"other"},"geometry":{"type":"Point","coordinates":[102.7315828,13.8208049]}},{"type":"Feature","id":1432193810,"properties":{"landuse":"military","@type":"way","@id":1432193810,"branch":"other"},"geometry":{"type":"Point","coordinates":[98.5176727,19.7158272]}},{"type":"Feature","id":1432589838,"properties":{"military":"checkpoint","@type":"way","@id":1432589838,"branch":"other"},"geometry":{"type":"Point","coordinates":[102.7231868,13.8503715]}},{"type":"Feature","id":1433238972,"properties":{"landuse":"military","military":"base","@type":"way","@id":1433238972,"branch":"other"},"geometry":{"type":"Point","coordinates":[99.4498091,14.1361481]}},{"type":"Feature","id":1433238974,"properties":{"landuse":"military","military":"base","@type":"way","@id":1433238974,"branch":"other"},"geometry":{"type":"Point","coordinates":[99.4476691,14.1434145]}},{"type":"Feature","id":1433238975,"properties":{"landuse":"military","military":"base","@type":"way","@id":1433238975,"branch":"other"},"geometry":{"type":"Point","coordinates":[99.4331562,14.1297521]}},{"type":"Feature","id":1433238976,"properties":{"landuse":"military","military":"base","@type":"way","@id":1433238976,"branch":"other"},"geometry":{"type":"Point","coordinates":[99.4360003,14.1341651]}},{"type":"Feature","id":1433238982,"properties":{"landuse":"military","military":"base","@type":"way","@id":1433238982,"branch":"other"},"geometry":{"type":"Point","coordinates":[99.430099,14.1147032]}},{"type":"Feature","id":1433238983,"properties":{"landuse":"military","military":"base","@type":"way","@id":1433238983,"branch":"other"},"geometry":{"type":"Point","coordinates":[99.4392225,14.1114777]}},{"type":"Feature","id":1433515391,"properties":{"landuse":"military","military":"base","@type":"way","@id":1433515391,"branch":"other"},"geometry":{"type":"Point","coordinates":[99.4262475,14.1401197]}},{"type":"Feature","id":1433515392,"properties":{"landuse":"military","military":"base","@type":"way","@id":1433515392,"branch":"other"},"geometry":{"type":"Point","coordinates":[99.4249837,14.137613]}},{"type":"Feature","id":1436759565,"properties":{"military":"office","name":"กองการภาพ กรมการทหารสื่อสาร","name:en":"Pictorial Division, Signal Department","name:th":"กองการภาพ กรมการทหารสื่อสาร","@type":"way","@id":1436759565,"branch":"other"},"geometry":{"type":"Point","coordinates":[100.5898272,13.8649442]}},{"type":"Feature","id":1446227134,"properties":{"landuse":"military","military":"base","name":"ค่ายร​ั​ตน​รังสรรค์​","name:en":"Rattanarangsan Camp","@type":"way","@id":1446227134,"branch":"other"},"geometry":{"type":"Point","coordinates":[98.5948659,9.7796363]}},{"type":"Feature","id":1446721882,"properties":{"alt_name:en":"Roi Et Provincial Royal Thai Army","landuse":"military","military":"base","name":"ค่ายประเสิรฐสงคราม","name:en":"Prasertsongkham Fort","name:th":"ค่ายประเสิรฐสงคราม","@type":"way","@id":1446721882,"branch":"other"},"geometry":{"type":"Point","coordinates":[103.6362108,16.0691872]}},{"type":"Feature","id":1447199929,"properties":{"landuse":"military","name":"ค่ายพญาแล กองร้อยอาสารักษาดินแดนจังหวัดชัยภูมิที่ 1","@type":"way","@id":1447199929,"branch":"other"},"geometry":{"type":"Point","coordinates":[102.0160292,15.8039567]}},{"type":"Feature","id":1447698375,"properties":{"landuse":"military","military":"base","@type":"way","@id":1447698375,"branch":"other"},"geometry":{"type":"Point","coordinates":[102.883855,17.2695382]}},{"type":"Feature","id":1447700853,"properties":{"landuse":"military","military":"base","@type":"way","@id":1447700853,"branch":"other"},"geometry":{"type":"Point","coordinates":[102.8904524,17.2602002]}},{"type":"Feature","id":1453039401,"properties":{"landuse":"military","name":"กองพันทหารสื่อสารที่ 21","name:en":"21st Signal Battalion","name:th":"กองพันทหารสื่อสารที่ 21","@type":"way","@id":1453039401,"branch":"other"},"geometry":{"type":"Point","coordinates":[100.6039309,13.8826552]}},{"type":"Feature","id":1453777076,"properties":{"landuse":"military","name":"สถานีอุตุนิยมวิทยามุกดาหาร","@type":"way","@id":1453777076,"branch":"other"},"geometry":{"type":"Point","coordinates":[104.7251976,16.5430691]}},{"type":"Feature","id":1462984390,"properties":{"landuse":"military","military":"base","@type":"way","@id":1462984390,"branch":"other"},"geometry":{"type":"Point","coordinates":[99.4288773,14.0898644]}},{"type":"Feature","id":1464127074,"properties":{"amenity":"hospital","emergency":"yes","healthcare":"hospital","landuse":"military","name":"โรงพยาบาลภูมิพลอดุลยเดช","name:en":"Bhumibol Adulyadej Hospital","name:th":"โรงพยาบาลภูมิพลอดุลยเดช","wikidata":"Q13026856","wikimedia_commons":"Category:Bhumibol Adulyadej Hospital","wikipedia":"th:โรงพยาบาลภูมิพลอดุลยเดช","@type":"way","@id":1464127074,"branch":"other"},"geometry":{"type":"Point","coordinates":[100.6188872,13.9087102]}},{"type":"Feature","id":1464295357,"properties":{"addr:district":"บ้านนา","addr:housenumber":"9","addr:place":"หมู่ที่ 10","addr:postcode":"26110","addr:province":"นครนายก","addr:subdistrict":"ศรีกะอาง","amenity":"college","education":"college","landuse":"military","name":"โรงเรียนเตรียมทหาร","name:ar":"مدرسة أكاديميات القوات المسلحة الإعدادية","name:arz":"مدرسة اكاديميات القوات المسلحة الاعداديه","name:ca":"Escola Preparatòria de les Acadèmies de les Forces Armades","name:da":"Forberedelsesskolen til Akademiet for de Væbnede Styrker","name:en":"Armed Forces Academies Preparatory School","name:eu":"Indar Armatuen Akademien Prestaketa Eskola","name:it":"Scuola preparatoria delle Accademie delle Forze Armate","name:ja":"タイ王国士官学校予科","name:ru":"Подготовительная школа Академии Вооружённых сил Таиланда","name:th":"โรงเรียนเตรียมทหาร","name:zh":"泰国军官预备学校","name:zh-Hans":"泰国军官预备学校","name:zh-Hant":"泰國軍官預備學校","operator":"กองบัญชาการกองทัพไทย","operator:type":"military","website":"https://afaps.rtarf.mi.th","wikidata":"Q4792974","wikipedia":"th:โรงเรียนเตรียมทหาร","@type":"way","@id":1464295357,"branch":"other"},"geometry":{"type":"Point","coordinates":[101.130797,14.3046058]}},{"type":"Feature","id":1465816807,"properties":{"landuse":"military","name":"กองพันระวังป้องกัน","name:th":"กองพันระวังป้องกัน","@type":"way","@id":1465816807,"branch":"other"},"geometry":{"type":"Point","coordinates":[100.5944127,13.9443777]}},{"type":"Feature","id":1466440832,"properties":{"landuse":"military","name":"ศูนย์ปฏิบัติการทางอวกาศ","name:th":"ศูนย์ปฏิบัติการทางอวกาศ","@type":"way","@id":1466440832,"branch":"other"},"geometry":{"type":"Point","coordinates":[100.5881743,13.9418707]}},{"type":"Feature","id":1466440836,"properties":{"landuse":"military","@type":"way","@id":1466440836,"branch":"other"},"geometry":{"type":"Point","coordinates":[100.5964151,13.9410521]}},{"type":"Feature","id":1466440839,"properties":{"amenity":"prison","landuse":"military","name":"เรือนจำทหารอากาศ","name:th":"เรือนจำทหารอากาศ","@type":"way","@id":1466440839,"branch":"other"},"geometry":{"type":"Point","coordinates":[100.5782859,13.9439979]}},{"type":"Feature","id":1466440840,"properties":{"landuse":"military","name":"กองร้อยปฏิบัติการพิเศษ 3","name:th":"กองร้อยปฏิบัติการพิเศษ 3","@type":"way","@id":1466440840,"branch":"other"},"geometry":{"type":"Point","coordinates":[100.5794788,13.943481]}},{"type":"Feature","id":1470160900,"properties":{"landuse":"military","name":"ค่ายสุรศักดิ์มนตรี","name:en":"Fort Surasak Montri","@type":"way","@id":1470160900,"branch":"other"},"geometry":{"type":"Point","coordinates":[99.5256229,18.2995337]}},{"type":"Feature","id":1473277682,"properties":{"landuse":"military","name":"ส่วนประสานงานข่าวร่วม","name:th":"ส่วนประสานงานข่าวร่วม","@type":"way","@id":1473277682,"branch":"other"},"geometry":{"type":"Point","coordinates":[100.5293583,13.7814585]}},{"type":"Feature","id":1474793952,"properties":{"landuse":"military","name":"31st Infantry Brigade King's Royal Guard","@type":"way","@id":1474793952,"branch":"other"},"geometry":{"type":"Point","coordinates":[100.6353648,14.8406927]}},{"type":"Feature","id":1474793953,"properties":{"landuse":"military","name":"11th Artillery Regiment, 1st Artillery Brigade King's Royal Guard","@type":"way","@id":1474793953,"branch":"other"},"geometry":{"type":"Point","coordinates":[100.6372351,14.8490369]}},{"type":"Feature","id":1474793954,"properties":{"landuse":"military","name":"Artillery Division (Fort Sirikit)","@type":"way","@id":1474793954,"branch":"other"},"geometry":{"type":"Point","coordinates":[100.632619,14.8683185]}},{"type":"Feature","id":1481381668,"properties":{"addr:district":"พระนคร","addr:postcode":"10200","addr:province":"กรุงเทพมหานคร","addr:subdistrict":"พระบรมมหาราชวัง","landuse":"military","military":"base","name":"กระทรวงกลาโหม","name:de":"Verteidigungsministerium","name:en":"Ministry of Defence","name:ru":"Министерство обороны","name:th":"กระทรวงกลาโหม","website":"http://www.mod.go.th","wikidata":"Q851907","wikipedia":"th:กระทรวงกลาโหม (ประเทศไทย)","@type":"way","@id":1481381668,"branch":"other"},"geometry":{"type":"Point","coordinates":[100.4948859,13.7517576]}},{"type":"Feature","id":1498976983,"properties":{"landuse":"military","name":"กองรถยนต์","name:en":"Automobile Division","name:th":"กองรถยนต์","@type":"way","@id":1498976983,"branch":"other"},"geometry":{"type":"Point","coordinates":[100.4783972,13.7491876]}},{"type":"Feature","id":1509395383,"properties":{"landuse":"military","@type":"way","@id":1509395383,"branch":"other"},"geometry":{"type":"Point","coordinates":[98.6155793,19.6919382]}},{"type":"Feature","id":1510676178,"properties":{"landuse":"military","name":"ค่ายรัตนพล","name:en":"Fort Rattanapol","name:th":"ค่ายรัตนพล","@type":"way","@id":1510676178,"branch":"other"},"geometry":{"type":"Point","coordinates":[100.3790507,6.8673715]}},{"type":"Feature","id":1512791648,"properties":{"landuse":"military","@type":"way","@id":1512791648,"branch":"other"},"geometry":{"type":"Point","coordinates":[99.0248632,19.9301629]}},{"type":"Feature","id":1517148221,"properties":{"fixme":"approximate","landuse":"military","name":"ค่ายวชิราวุธ","@type":"way","@id":1517148221,"branch":"other"},"geometry":{"type":"Point","coordinates":[99.9556929,8.4853584]}},{"type":"Feature","id":1521913001,"properties":{"military":"checkpoint","@type":"way","@id":1521913001,"branch":"other"},"geometry":{"type":"Point","coordinates":[100.0410524,17.6117374]}},{"type":"Feature","id":1524281339,"properties":{"landuse":"military","military":"base","military_service":"canine","name":"ศูนย์การสุนัขทหาร","name:th":"ศูนย์การสุนัขทหาร","@type":"way","@id":1524281339,"branch":"other"},"geometry":{"type":"Point","coordinates":[101.5232305,14.7537736]}},{"type":"Feature","id":1524281340,"properties":{"landuse":"military","military":"base","military_service":"canine","name":"กองพันสุนัขทหาร","name:th":"กองพันสุนัขทหาร","@type":"way","@id":1524281340,"branch":"other"},"geometry":{"type":"Point","coordinates":[101.5304187,14.7621345]}},{"type":"Feature","id":1524281341,"properties":{"landuse":"military","military":"base","@type":"way","@id":1524281341,"branch":"other"},"geometry":{"type":"Point","coordinates":[101.5543749,14.7588081]}},{"type":"Feature","id":1559280196,"properties":{"landuse":"military","military":"base","military_service":"army","name":"ค่ายประจักษ์ศิลปาคม","name:en":"Fort Prachaksinlapakhom","@type":"way","@id":1559280196,"branch":"other"},"geometry":{"type":"Point","coordinates":[102.8033978,17.3694776]}},{"type":"Feature","id":1561319771,"properties":{"building":"yes","military":"office","name":"กองบัญชาการช่วยรบที่ 2","name:en":"2nd Army Support Command","office":"government","@type":"way","@id":1561319771,"branch":"other"},"geometry":{"type":"Point","coordinates":[102.067129,14.9509835]}},{"type":"Feature","id":1561319773,"properties":{"building":"yes","military":"office","name":"กรมทหารช่างที่ 2","name:en":"2nd Engineer Brigade","name:th":"กรมทหารช่างที่ 2","office":"government","@type":"way","@id":1561319773,"branch":"other"},"geometry":{"type":"Point","coordinates":[102.1048359,14.8915539]}},{"type":"Feature","id":1561319774,"properties":{"building":"yes","military":"office","name":"กองพันสรรพาวุธกระสุนที่ 22","name:en":"22nd Ordnance Battalion","office":"government","@type":"way","@id":1561319774,"branch":"other"},"geometry":{"type":"Point","coordinates":[102.0757052,14.8727099]}},{"type":"Feature","id":1562773287,"properties":{"landuse":"military","name":"แผนกการฝึกกำลังสำรอง","@type":"way","@id":1562773287,"branch":"other"},"geometry":{"type":"Point","coordinates":[100.6218264,7.1488132]}},{"type":"Feature","id":1563859089,"properties":{"landuse":"military","name":"ค่ายมหาสุรสิงหนาท","unit":"กองพันทหารราบที่ 2","@type":"way","@id":1563859089,"branch":"other"},"geometry":{"type":"Point","coordinates":[101.321386,12.6452777]}}]}