{"type":"FeatureCollection","features":[{"type":"Feature","id":353334649,"properties":{"amenity":"pharmacy","created_by":"Potlatch 0.10f","@type":"node","@id":353334649},"geometry":{"type":"Point","coordinates":[100.6977308,13.8341086]}},{"type":"Feature","id":676798756,"properties":{"amenity":"pharmacy","@type":"node","@id":676798756},"geometry":{"type":"Point","coordinates":[100.5487821,13.7193405]}},{"type":"Feature","id":742013119,"properties":{"addr:street":"ถนนลาดพร้าว","amenity":"pharmacy","email":"Wanthida1993@gmail.com","name":"239/12","opening_hours":"24/7","phone":"0802224811","@type":"node","@id":742013119},"geometry":{"type":"Point","coordinates":[100.5842994,13.8008643]}},{"type":"Feature","id":891269109,"properties":{"amenity":"pharmacy","@type":"node","@id":891269109},"geometry":{"type":"Point","coordinates":[100.5715729,13.8410292]}},{"type":"Feature","id":893975232,"properties":{"amenity":"pharmacy","@type":"node","@id":893975232},"geometry":{"type":"Point","coordinates":[100.5555671,13.8715294]}},{"type":"Feature","id":893975233,"properties":{"amenity":"pharmacy","@type":"node","@id":893975233},"geometry":{"type":"Point","coordinates":[100.5556958,13.8659464]}},{"type":"Feature","id":893975236,"properties":{"amenity":"pharmacy","@type":"node","@id":893975236},"geometry":{"type":"Point","coordinates":[100.5484431,13.8556967]}},{"type":"Feature","id":893975237,"properties":{"amenity":"pharmacy","@type":"node","@id":893975237},"geometry":{"type":"Point","coordinates":[100.5557173,13.860457]}},{"type":"Feature","id":893975256,"properties":{"amenity":"pharmacy","name":"ร้านยาชินเขต","@type":"node","@id":893975256},"geometry":{"type":"Point","coordinates":[100.5508035,13.8603529]}},{"type":"Feature","id":942310682,"properties":{"addr:district":"หลักสี่","addr:housenumber":"29/214","addr:province":"กรุงเทพมหานคร","addr:subdistrict":"ทุ่งสองห้อง","amenity":"pharmacy","healthcare":"pharmacy","@type":"node","@id":942310682},"geometry":{"type":"Point","coordinates":[100.5614442,13.8961162]}},{"type":"Feature","id":942311932,"properties":{"addr:district":"หลักสี่","addr:housenumber":"29/196","addr:province":"กรุงเทพมหานคร","addr:subdistrict":"ทุ่งสองห้อง","amenity":"pharmacy","healthcare":"pharmacy","@type":"node","@id":942311932},"geometry":{"type":"Point","coordinates":[100.5615006,13.8965975]}},{"type":"Feature","id":1088409394,"properties":{"amenity":"pharmacy","healthcare":"pharmacy","@type":"node","@id":1088409394},"geometry":{"type":"Point","coordinates":[100.6013291,13.7100415]}},{"type":"Feature","id":1234524981,"properties":{"amenity":"pharmacy","name":"Pharma Herb","@type":"node","@id":1234524981},"geometry":{"type":"Point","coordinates":[100.6030762,14.0808354]}},{"type":"Feature","id":1430092865,"properties":{"amenity":"pharmacy","name":"Drug Store","@type":"node","@id":1430092865},"geometry":{"type":"Point","coordinates":[100.6369211,13.9307351]}},{"type":"Feature","id":1496839211,"properties":{"amenity":"pharmacy","name":"เมเภสัช","@type":"node","@id":1496839211},"geometry":{"type":"Point","coordinates":[100.4537584,13.6757206]}},{"type":"Feature","id":1658981104,"properties":{"amenity":"pharmacy","@type":"node","@id":1658981104},"geometry":{"type":"Point","coordinates":[100.5983479,13.7354015]}},{"type":"Feature","id":1705001836,"properties":{"addr:housenumber":"58/74","amenity":"pharmacy","name":"ร้านยาดรักพลัส","@type":"node","@id":1705001836},"geometry":{"type":"Point","coordinates":[100.5380493,13.9071538]}},{"type":"Feature","id":1705001854,"properties":{"addr:housenumber":"58/23","amenity":"pharmacy","name":"ว.เวชภัณฑ์","@type":"node","@id":1705001854},"geometry":{"type":"Point","coordinates":[100.5382588,13.9018642]}},{"type":"Feature","id":1705001898,"properties":{"addr:housenumber":"58/20","amenity":"pharmacy","name":"สุชาติเภสัชกร","@type":"node","@id":1705001898},"geometry":{"type":"Point","coordinates":[100.5380139,13.9018321]}},{"type":"Feature","id":1705001907,"properties":{"addr:housenumber":"58/112","amenity":"pharmacy","name":"ห้องยาเมืองทอง","@type":"node","@id":1705001907},"geometry":{"type":"Point","coordinates":[100.5378797,13.9055869]}},{"type":"Feature","id":1705002006,"properties":{"addr:housenumber":"58/113","amenity":"pharmacy","name":"เภสัชกรเมืองทอง","@type":"node","@id":1705002006},"geometry":{"type":"Point","coordinates":[100.5381359,13.9055927]}},{"type":"Feature","id":1707499173,"properties":{"addr:housenumber":"55/464","amenity":"pharmacy","name":"รัตนเภสัช","@type":"node","@id":1707499173},"geometry":{"type":"Point","coordinates":[100.5392025,13.9125033]}},{"type":"Feature","id":1756152395,"properties":{"amenity":"pharmacy","healthcare":"pharmacy","name":"อาร์. เอ็กซ์ รีเสิรช จำกัด","@type":"node","@id":1756152395},"geometry":{"type":"Point","coordinates":[100.5335831,13.7441106]}},{"type":"Feature","id":1762380441,"properties":{"amenity":"pharmacy","healthcare":"pharmacy","level":"1","name":"villa health shop","@type":"node","@id":1762380441},"geometry":{"type":"Point","coordinates":[100.5450845,13.7802223]}},{"type":"Feature","id":1794217787,"properties":{"amenity":"pharmacy","@type":"node","@id":1794217787},"geometry":{"type":"Point","coordinates":[100.6908624,13.7043894]}},{"type":"Feature","id":1851169854,"properties":{"amenity":"pharmacy","healthcare":"pharmacy","@type":"node","@id":1851169854},"geometry":{"type":"Point","coordinates":[100.3145212,13.8014969]}},{"type":"Feature","id":1858341259,"properties":{"amenity":"pharmacy","drive_through":"no","healthcare":"pharmacy","name":"ศาลายาเภสัช","name:en":"Drugstore","name:th":"ศาลายาเภสัช","opening_hours":"10:00-22:00","@type":"node","@id":1858341259},"geometry":{"type":"Point","coordinates":[100.3255132,13.8012961]}},{"type":"Feature","id":1872492513,"properties":{"amenity":"pharmacy","healthcare":"pharmacy","name":"ธวัชชัย ฟาร์มาซี","@type":"node","@id":1872492513},"geometry":{"type":"Point","coordinates":[100.4392195,13.7132723]}},{"type":"Feature","id":1875846691,"properties":{"amenity":"pharmacy","healthcare":"pharmacy","name":"๕ เภสัชกรสมุนไพร","@type":"node","@id":1875846691},"geometry":{"type":"Point","coordinates":[100.4443975,13.7149483]}},{"type":"Feature","id":1892793526,"properties":{"amenity":"pharmacy","healthcare":"pharmacy","name":"โอสถสยาม","name:en":"Osot Siam","@type":"node","@id":1892793526},"geometry":{"type":"Point","coordinates":[100.4509992,13.7175569]}},{"type":"Feature","id":1906481887,"properties":{"addr:housenumber":"44/29","addr:postcode":"10150","addr:street":"ถนนกาญจนาภิเษก","amenity":"pharmacy","name":"วรพัฒนเภสัช","@type":"node","@id":1906481887},"geometry":{"type":"Point","coordinates":[100.4066741,13.6507052]}},{"type":"Feature","id":1906484724,"properties":{"amenity":"pharmacy","name":"กิจเจริญเภสัช","@type":"node","@id":1906484724},"geometry":{"type":"Point","coordinates":[100.4077067,13.6509919]}},{"type":"Feature","id":1915027063,"properties":{"addr:city":"แขวงบางหว้า","addr:housenumber":"131/4","addr:postcode":"10160","addr:street":"ถนนเพชรเกษม","amenity":"pharmacy","dispensing":"yes","drive_through":"no","healthcare":"pharmacy","name":"รุ่งแสงจันทร์เภสัช","name:en":"Roongsangjan Bhesaj","operator":"ศุภศิษย์ รุ่งแสงจันทร์","@type":"node","@id":1915027063},"geometry":{"type":"Point","coordinates":[100.4499951,13.7172292]}},{"type":"Feature","id":1915065326,"properties":{"amenity":"pharmacy","healthcare":"pharmacy","@type":"node","@id":1915065326},"geometry":{"type":"Point","coordinates":[100.4478505,13.7171385]}},{"type":"Feature","id":1923092917,"properties":{"amenity":"pharmacy","healthcare":"pharmacy","name":"วิชัยเภสัช","@type":"node","@id":1923092917},"geometry":{"type":"Point","coordinates":[100.447657,13.7164816]}},{"type":"Feature","id":1926734075,"properties":{"amenity":"pharmacy","healthcare":"pharmacy","name":"วัฒนาเภสัช","@type":"node","@id":1926734075},"geometry":{"type":"Point","coordinates":[100.4477811,13.7183997]}},{"type":"Feature","id":1926822779,"properties":{"amenity":"pharmacy","healthcare":"pharmacy","name":"สวัสดีคลังยา","@type":"node","@id":1926822779},"geometry":{"type":"Point","coordinates":[100.4445946,13.7154553]}},{"type":"Feature","id":1926968531,"properties":{"amenity":"pharmacy","healthcare":"pharmacy","name":"พระอำไพเภสัช","@type":"node","@id":1926968531},"geometry":{"type":"Point","coordinates":[100.4442191,13.7155543]}},{"type":"Feature","id":1930668271,"properties":{"amenity":"pharmacy","healthcare":"pharmacy","name":"เภสัช","@type":"node","@id":1930668271},"geometry":{"type":"Point","coordinates":[100.4441959,13.7158095]}},{"type":"Feature","id":1930708805,"properties":{"amenity":"pharmacy","healthcare":"pharmacy","name":"คลังยาวัดจันทร์","@type":"node","@id":1930708805},"geometry":{"type":"Point","coordinates":[100.4440242,13.7162342]}},{"type":"Feature","id":2056956330,"properties":{"amenity":"pharmacy","healthcare":"pharmacy","name":"52 เภสัช","@type":"node","@id":2056956330},"geometry":{"type":"Point","coordinates":[100.4381514,13.7145532]}},{"type":"Feature","id":2056959127,"properties":{"amenity":"pharmacy","healthcare":"pharmacy","name":"พุทธมงคลโอสถ","@type":"node","@id":2056959127},"geometry":{"type":"Point","coordinates":[100.4380226,13.7147252]}},{"type":"Feature","id":2059562660,"properties":{"amenity":"pharmacy","@type":"node","@id":2059562660},"geometry":{"type":"Point","coordinates":[100.4365428,13.7134387]}},{"type":"Feature","id":2062723008,"properties":{"amenity":"pharmacy","healthcare":"pharmacy","name":"โสภณเภสัช","@type":"node","@id":2062723008},"geometry":{"type":"Point","coordinates":[100.4367701,13.7136754]}},{"type":"Feature","id":2064781180,"properties":{"amenity":"pharmacy","dispensing":"no","healthcare":"pharmacy","level":"0","name":"True Pharmacy","@type":"node","@id":2064781180},"geometry":{"type":"Point","coordinates":[100.6105195,13.8340956]}},{"type":"Feature","id":2072480289,"properties":{"amenity":"pharmacy","floor":"1","name":"Boots","@type":"node","@id":2072480289},"geometry":{"type":"Point","coordinates":[100.5667927,13.8283256]}},{"type":"Feature","id":2075894368,"properties":{"amenity":"pharmacy","dispensing":"no","name":"P&F Super drug","@type":"node","@id":2075894368},"geometry":{"type":"Point","coordinates":[100.4439801,13.7670066]}},{"type":"Feature","id":2078099485,"properties":{"amenity":"pharmacy","dispensing":"yes","healthcare":"pharmacy","@type":"node","@id":2078099485},"geometry":{"type":"Point","coordinates":[100.536243,13.7290645]}},{"type":"Feature","id":2104145400,"properties":{"amenity":"pharmacy","healthcare":"pharmacy","level":"0","name":"Boots","@type":"node","@id":2104145400},"geometry":{"type":"Point","coordinates":[100.5453085,13.7799797]}},{"type":"Feature","id":2109124224,"properties":{"amenity":"pharmacy","name":"ร้านขายยา(O)","@type":"node","@id":2109124224},"geometry":{"type":"Point","coordinates":[100.5513599,13.8387025]}},{"type":"Feature","id":2199701314,"properties":{"amenity":"pharmacy","dispensing":"yes","name":"Watson","opening_hours:signed":"no","wheelchair":"yes","@type":"node","@id":2199701314},"geometry":{"type":"Point","coordinates":[100.5620107,13.813189]}},{"type":"Feature","id":2368363886,"properties":{"amenity":"pharmacy","@type":"node","@id":2368363886},"geometry":{"type":"Point","coordinates":[100.5970275,14.0602448]}},{"type":"Feature","id":2368363993,"properties":{"amenity":"pharmacy","@type":"node","@id":2368363993},"geometry":{"type":"Point","coordinates":[100.5974363,14.061476]}},{"type":"Feature","id":2402012902,"properties":{"amenity":"pharmacy","@type":"node","@id":2402012902},"geometry":{"type":"Point","coordinates":[100.5001295,13.7651083]}},{"type":"Feature","id":2417382147,"properties":{"amenity":"pharmacy","healthcare":"pharmacy","name":"ยา&อาหารเสริม","@type":"node","@id":2417382147},"geometry":{"type":"Point","coordinates":[100.6054752,14.0659568]}},{"type":"Feature","id":2428800063,"properties":{"amenity":"pharmacy","@type":"node","@id":2428800063},"geometry":{"type":"Point","coordinates":[100.4970661,13.7590974]}},{"type":"Feature","id":2430406397,"properties":{"amenity":"pharmacy","name":"Boots","@type":"node","@id":2430406397},"geometry":{"type":"Point","coordinates":[100.4953757,13.7592705]}},{"type":"Feature","id":2448242721,"properties":{"addr:housenumber":"55/606","amenity":"pharmacy","healthcare":"pharmacy","name":"Casablanca Bar & Bistro","name:en":"Casablanca Bar & Bistro","name:th":"คาซาบลางก้า","@type":"node","@id":2448242721},"geometry":{"type":"Point","coordinates":[100.5399142,13.9135623]}},{"type":"Feature","id":2695739085,"properties":{"amenity":"pharmacy","@type":"node","@id":2695739085},"geometry":{"type":"Point","coordinates":[100.5642762,13.708855]}},{"type":"Feature","id":2987126991,"properties":{"amenity":"pharmacy","@type":"node","@id":2987126991},"geometry":{"type":"Point","coordinates":[100.5398967,13.7681837]}},{"type":"Feature","id":2987265443,"properties":{"amenity":"pharmacy","healthcare":"pharmacy","@type":"node","@id":2987265443},"geometry":{"type":"Point","coordinates":[100.5634098,13.7568332]}},{"type":"Feature","id":2988808733,"properties":{"amenity":"pharmacy","@type":"node","@id":2988808733},"geometry":{"type":"Point","coordinates":[100.539882,13.768125]}},{"type":"Feature","id":2997116944,"properties":{"amenity":"pharmacy","source":"Survey","@type":"node","@id":2997116944},"geometry":{"type":"Point","coordinates":[100.5268159,13.7128012]}},{"type":"Feature","id":3017429950,"properties":{"amenity":"pharmacy","dispensing":"yes","@type":"node","@id":3017429950},"geometry":{"type":"Point","coordinates":[100.7576688,13.8291003]}},{"type":"Feature","id":3038772743,"properties":{"amenity":"pharmacy","name":"เจริญทรัพย์ เภสัช","@type":"node","@id":3038772743},"geometry":{"type":"Point","coordinates":[100.4381045,13.6731209]}},{"type":"Feature","id":3038774917,"properties":{"amenity":"pharmacy","name":"แก้วธรรมเภสัช","@type":"node","@id":3038774917},"geometry":{"type":"Point","coordinates":[100.4382798,13.6711722]}},{"type":"Feature","id":3038784316,"properties":{"amenity":"pharmacy","name":"นรชัยฟาร์มาซี","@type":"node","@id":3038784316},"geometry":{"type":"Point","coordinates":[100.4387576,13.6723261]}},{"type":"Feature","id":3056851061,"properties":{"amenity":"pharmacy","name":"ศิรินทร์ พระราม 2","@type":"node","@id":3056851061},"geometry":{"type":"Point","coordinates":[100.424444,13.6553433]}},{"type":"Feature","id":3056858442,"properties":{"amenity":"pharmacy","name":"อุดมยา","@type":"node","@id":3056858442},"geometry":{"type":"Point","coordinates":[100.4240443,13.6558829]}},{"type":"Feature","id":3096836175,"properties":{"amenity":"pharmacy","dispensing":"no","name":"Hiap Heng","@type":"node","@id":3096836175},"geometry":{"type":"Point","coordinates":[100.5108819,13.739617]}},{"type":"Feature","id":3103321230,"properties":{"amenity":"pharmacy","name":"ยาดี ราคาถูก","@type":"node","@id":3103321230},"geometry":{"type":"Point","coordinates":[100.4271613,13.6715798]}},{"type":"Feature","id":3110780864,"properties":{"amenity":"pharmacy","name":"รวมยา","@type":"node","@id":3110780864},"geometry":{"type":"Point","coordinates":[100.4297014,13.6582615]}},{"type":"Feature","id":3202516264,"properties":{"amenity":"pharmacy","name":"บางบอนเภสัช","@type":"node","@id":3202516264},"geometry":{"type":"Point","coordinates":[100.4252518,13.6730521]}},{"type":"Feature","id":3234302724,"properties":{"amenity":"pharmacy","brand":"Watsons","brand:wikidata":"Q7974785","dispensing":"no","healthcare":"pharmacy","name":"Watsons","shop":"chemist","@type":"node","@id":3234302724},"geometry":{"type":"Point","coordinates":[100.5962211,13.7184983]}},{"type":"Feature","id":3256180604,"properties":{"amenity":"pharmacy","@type":"node","@id":3256180604},"geometry":{"type":"Point","coordinates":[100.4220549,13.6697475]}},{"type":"Feature","id":3283298363,"properties":{"amenity":"pharmacy","name":"ณัฐพลเภสัช","@type":"node","@id":3283298363},"geometry":{"type":"Point","coordinates":[100.4025779,13.6620352]}},{"type":"Feature","id":3283360686,"properties":{"amenity":"pharmacy","name":"ร้านยาคุ้มวิเชียร","@type":"node","@id":3283360686},"geometry":{"type":"Point","coordinates":[100.3930467,13.6554948]}},{"type":"Feature","id":3329696193,"properties":{"amenity":"pharmacy","healthcare":"pharmacy","@type":"node","@id":3329696193},"geometry":{"type":"Point","coordinates":[100.5542634,13.7427245]}},{"type":"Feature","id":3337886540,"properties":{"amenity":"pharmacy","name":"เภสัชกรวรวิทย์","@type":"node","@id":3337886540},"geometry":{"type":"Point","coordinates":[100.5354445,13.7060527]}},{"type":"Feature","id":3337890840,"properties":{"amenity":"pharmacy","@type":"node","@id":3337890840},"geometry":{"type":"Point","coordinates":[100.5288985,13.7057472]}},{"type":"Feature","id":3339726655,"properties":{"amenity":"pharmacy","name":"แคปซูล","@type":"node","@id":3339726655},"geometry":{"type":"Point","coordinates":[100.5277558,13.7062023]}},{"type":"Feature","id":3354527921,"properties":{"amenity":"pharmacy","brand":"Boots","brand:wikidata":"Q6123139","dispensing":"no","healthcare":"pharmacy","name":"Boots","@type":"node","@id":3354527921},"geometry":{"type":"Point","coordinates":[100.5835056,13.7214919]}},{"type":"Feature","id":3399377983,"properties":{"amenity":"pharmacy","healthcare":"pharmacy","name":"ธนภัทร ฟาร์มาซี","@type":"node","@id":3399377983},"geometry":{"type":"Point","coordinates":[100.3844879,13.6773815]}},{"type":"Feature","id":3471461928,"properties":{"amenity":"pharmacy","brand":"Boots","brand:wikidata":"Q6123139","healthcare":"pharmacy","name":"Boots","@type":"node","@id":3471461928},"geometry":{"type":"Point","coordinates":[100.5312778,13.7295808]}},{"type":"Feature","id":3476208597,"properties":{"amenity":"pharmacy","name":"พี. เอส. ฟาร์มาซี","@type":"node","@id":3476208597},"geometry":{"type":"Point","coordinates":[100.4006823,13.7098953]}},{"type":"Feature","id":3480409725,"properties":{"amenity":"pharmacy","name":"แสงชวาลเภสัช","@type":"node","@id":3480409725},"geometry":{"type":"Point","coordinates":[100.3946312,13.7093975]}},{"type":"Feature","id":3480446412,"properties":{"amenity":"pharmacy","@type":"node","@id":3480446412},"geometry":{"type":"Point","coordinates":[100.3942781,13.7094078]}},{"type":"Feature","id":3480451197,"properties":{"amenity":"pharmacy","healthcare":"pharmacy","name":"ธันยาเภสัช 2","@type":"node","@id":3480451197},"geometry":{"type":"Point","coordinates":[100.3940931,13.7093609]}},{"type":"Feature","id":3488647639,"properties":{"amenity":"pharmacy","@type":"node","@id":3488647639},"geometry":{"type":"Point","coordinates":[100.5152184,13.7187573]}},{"type":"Feature","id":3492831233,"properties":{"amenity":"pharmacy","name":"สิทธิชัยเภสัช","@type":"node","@id":3492831233},"geometry":{"type":"Point","coordinates":[100.3907229,13.708918]}},{"type":"Feature","id":3623124165,"properties":{"amenity":"pharmacy","name":"ศาลาโอสถ","@type":"node","@id":3623124165},"geometry":{"type":"Point","coordinates":[100.3877081,13.7088687]}},{"type":"Feature","id":3646873426,"properties":{"amenity":"pharmacy","healthcare":"pharmacy","name":"ซันฟาร์มาซี","@type":"node","@id":3646873426},"geometry":{"type":"Point","coordinates":[100.3834223,13.7084311]}},{"type":"Feature","id":3778156493,"properties":{"amenity":"pharmacy","healthcare":"pharmacy","@type":"node","@id":3778156493},"geometry":{"type":"Point","coordinates":[100.563451,13.7401635]}},{"type":"Feature","id":3800240716,"properties":{"amenity":"pharmacy","name":"จิตเกษม","@type":"node","@id":3800240716},"geometry":{"type":"Point","coordinates":[100.3751937,13.7048272]}},{"type":"Feature","id":3894809105,"properties":{"amenity":"pharmacy","@type":"node","@id":3894809105},"geometry":{"type":"Point","coordinates":[100.4938967,13.7622548]}},{"type":"Feature","id":3969140400,"properties":{"amenity":"pharmacy","name":"Lee Pharma","@type":"node","@id":3969140400},"geometry":{"type":"Point","coordinates":[100.5175801,13.7376336]}},{"type":"Feature","id":3969140402,"properties":{"amenity":"pharmacy","@type":"node","@id":3969140402},"geometry":{"type":"Point","coordinates":[100.5163938,13.737518]}},{"type":"Feature","id":4089783328,"properties":{"amenity":"pharmacy","level":"0","@type":"node","@id":4089783328},"geometry":{"type":"Point","coordinates":[100.5164926,13.7391019]}},{"type":"Feature","id":4132492350,"properties":{"amenity":"pharmacy","name":"Watson","@type":"node","@id":4132492350},"geometry":{"type":"Point","coordinates":[100.6101421,13.7726643]}},{"type":"Feature","id":4132492351,"properties":{"amenity":"pharmacy","name":"Boots","@type":"node","@id":4132492351},"geometry":{"type":"Point","coordinates":[100.6101066,13.7726397]}},{"type":"Feature","id":4134821989,"properties":{"addr:street":"Surawong Road","amenity":"pharmacy","branch":"Health & Beauty","brand":"Boots","brand:wikidata":"Q6123139","healthcare":"pharmacy","name":"Boots","phone":"02-2385650","ref":"00319","@type":"node","@id":4134821989},"geometry":{"type":"Point","coordinates":[100.5315289,13.7297689]}},{"type":"Feature","id":4141894476,"properties":{"amenity":"pharmacy","brand":"Watsons","brand:wikidata":"Q7974785","brand:wikipedia":"en:Watsons","healthcare":"pharmacy","name":"Watsons","@type":"node","@id":4141894476},"geometry":{"type":"Point","coordinates":[100.5464099,13.7831871]}},{"type":"Feature","id":4221178589,"properties":{"addr:postcode":"10110","addr:province":"กรุงเทพมหานคร","addr:street":"ซอย อ่อนนุช 1/1","amenity":"pharmacy","brand":"Boots","brand:wikidata":"Q6123139","healthcare":"pharmacy","level":"0","name":"Boots","name:en":"Boots","opening_hours":"Mo-Su 10:00-22:00","@type":"node","@id":4221178589},"geometry":{"type":"Point","coordinates":[100.6007385,13.7129678]}},{"type":"Feature","id":4253721712,"properties":{"amenity":"pharmacy","name":"ร้านขายยา","@type":"node","@id":4253721712},"geometry":{"type":"Point","coordinates":[100.5764517,13.7111862]}},{"type":"Feature","id":4279629291,"properties":{"addr:housenumber":"1677/8","addr:postcode":"10120","addr:province":"กรุงเทพมหานคร","addr:street":"Charoen Krung 63","amenity":"pharmacy","description":"Western Drugstore and Chinese Drugstore at entrance of Chareon Krung 63 Alley, 500 m. from BTS Saphan Taksin Station (S6), Chareon Krung Road Yannawa, Sathorn, Bangkok, Thailand Tel ： (+66) 2-212-4082 Email：yc.drugstore@gmail.com","dispensing":"yes","healthcare":"pharmacy","name":"Yong Chieng Pharmacy","operator":"Western Drugstore and Chinese Drugstore","phone":"+66 2 212 4082","website":"https://yong-chieng.appspot.com/","@type":"node","@id":4279629291},"geometry":{"type":"Point","coordinates":[100.5132286,13.7141342]}},{"type":"Feature","id":4329129396,"properties":{"amenity":"pharmacy","name":"Hualamphong","source":"survey","source:date":"2016-07-29","@type":"node","@id":4329129396},"geometry":{"type":"Point","coordinates":[100.5170713,13.7382308]}},{"type":"Feature","id":4405580090,"properties":{"addr:housenumber":"1055/77","addr:street":"ปรีดีพนมยงค์ 45","amenity":"pharmacy","healthcare":"pharmacy","name":"วิชัย เวชเภสัช","name:en":"Vichai Pharmacy","name:th":"วิชัย เวชเภสัช","opening_hours":"Mo-Su 10:00-22:00","phone":"+6623900433","@type":"node","@id":4405580090},"geometry":{"type":"Point","coordinates":[100.5975492,13.7369999]}},{"type":"Feature","id":4466148091,"properties":{"amenity":"pharmacy","healthcare":"pharmacy","name:en":"Hospro Pharmacy","source":"GPS","@type":"node","@id":4466148091},"geometry":{"type":"Point","coordinates":[100.6019178,13.7045741]}},{"type":"Feature","id":4475377197,"properties":{"addr:housenumber":"58/18","amenity":"pharmacy","healthcare":"pharmacy","name":"ยาทองหล่อ","name:en":"Thonglor Pharmacy","name:th":"ยาทองหล่อ","phone":"+6623911369","@type":"node","@id":4475377197},"geometry":{"type":"Point","coordinates":[100.579611,13.7243359]}},{"type":"Feature","id":4475393646,"properties":{"addr:housenumber":"1065","amenity":"pharmacy","healthcare":"pharmacy","name":"เอี๊ยะซิ่วโอสถ","name:th":"เอี๊ยะซิ่วโอสถ","@type":"node","@id":4475393646},"geometry":{"type":"Point","coordinates":[100.5792816,13.7238857]}},{"type":"Feature","id":4475396303,"properties":{"amenity":"pharmacy","healthcare":"pharmacy","name":"ห้างขายยาจิระเวชฟาร์มาซี","name:th":"ห้างขายยาจิระเวชฟาร์มาซี","@type":"node","@id":4475396303},"geometry":{"type":"Point","coordinates":[100.5790666,13.7240566]}},{"type":"Feature","id":4505784991,"properties":{"amenity":"pharmacy","healthcare":"pharmacy","name":"Swasdee","wheelchair":"no","@type":"node","@id":4505784991},"geometry":{"type":"Point","coordinates":[100.4987791,13.7597893]}},{"type":"Feature","id":4516621993,"properties":{"amenity":"pharmacy","name":"ร้านขายยา","name:th":"ร้านขายยา","@type":"node","@id":4516621993},"geometry":{"type":"Point","coordinates":[100.500233,13.6772706]}},{"type":"Feature","id":4522805998,"properties":{"amenity":"pharmacy","healthcare":"pharmacy","name":"บ้านยาชุมชน","@type":"node","@id":4522805998},"geometry":{"type":"Point","coordinates":[100.3506153,13.7057729]}},{"type":"Feature","id":4522815711,"properties":{"amenity":"pharmacy","healthcare":"pharmacy","name":"เตือนใจเภสสัช","@type":"node","@id":4522815711},"geometry":{"type":"Point","coordinates":[100.3503309,13.7057469]}},{"type":"Feature","id":4522851264,"properties":{"amenity":"pharmacy","healthcare":"pharmacy","name":"ร้านยาสิริเพ็ญ","@type":"node","@id":4522851264},"geometry":{"type":"Point","coordinates":[100.3501204,13.705282]}},{"type":"Feature","id":4522859970,"properties":{"amenity":"pharmacy","healthcare":"pharmacy","name":"ตระกูลยาเภสัช","@type":"node","@id":4522859970},"geometry":{"type":"Point","coordinates":[100.3501579,13.7050457]}},{"type":"Feature","id":4522862400,"properties":{"amenity":"pharmacy","healthcare":"pharmacy","name":"ณฤมลห้องยา","@type":"node","@id":4522862400},"geometry":{"type":"Point","coordinates":[100.3500077,13.704561]}},{"type":"Feature","id":4525584601,"properties":{"amenity":"pharmacy","name":"บ้านยาเภสัช","@type":"node","@id":4525584601},"geometry":{"type":"Point","coordinates":[100.3573781,13.7026824]}},{"type":"Feature","id":4525600098,"properties":{"amenity":"pharmacy","name":"วี.ที. ฟาร์มาซี","@type":"node","@id":4525600098},"geometry":{"type":"Point","coordinates":[100.360236,13.7040792]}},{"type":"Feature","id":4525703342,"properties":{"amenity":"pharmacy","healthcare":"pharmacy","name":"ดรักเซิร์ฟมาร์เก็ตติ้ง","@type":"node","@id":4525703342},"geometry":{"type":"Point","coordinates":[100.3780651,13.6924851]}},{"type":"Feature","id":4527517793,"properties":{"amenity":"pharmacy","name":"คลังยาเสริมสุข 2","@type":"node","@id":4527517793},"geometry":{"type":"Point","coordinates":[100.3537363,13.6842856]}},{"type":"Feature","id":4527523596,"properties":{"amenity":"pharmacy","name":"ณรงค์เภสัช","@type":"node","@id":4527523596},"geometry":{"type":"Point","coordinates":[100.3530919,13.6840359]}},{"type":"Feature","id":4527737986,"properties":{"amenity":"pharmacy","healthcare":"pharmacy","name":"หมอยาดี 2","@type":"node","@id":4527737986},"geometry":{"type":"Point","coordinates":[100.3258281,13.676489]}},{"type":"Feature","id":4529462986,"properties":{"amenity":"pharmacy","name":"กานต์ยาดี","@type":"node","@id":4529462986},"geometry":{"type":"Point","coordinates":[100.3427308,13.6871525]}},{"type":"Feature","id":4529486571,"properties":{"amenity":"pharmacy","name":"มาเจริญ ฟาร์มาซี","@type":"node","@id":4529486571},"geometry":{"type":"Point","coordinates":[100.3425383,13.6885397]}},{"type":"Feature","id":4529568011,"properties":{"amenity":"pharmacy","name":"อารีเภสัช","@type":"node","@id":4529568011},"geometry":{"type":"Point","coordinates":[100.3423647,13.6903996]}},{"type":"Feature","id":4531080498,"properties":{"amenity":"pharmacy","name":"สหพัฒน์เภสัช","@type":"node","@id":4531080498},"geometry":{"type":"Point","coordinates":[100.3423119,13.7049853]}},{"type":"Feature","id":4531158367,"properties":{"amenity":"pharmacy","name":"พงษ์กมลเภสัช","@type":"node","@id":4531158367},"geometry":{"type":"Point","coordinates":[100.3419167,13.7050768]}},{"type":"Feature","id":4543256890,"properties":{"amenity":"pharmacy","healthcare":"pharmacy","name:fr":"pharmcacie Test.","@type":"node","@id":4543256890},"geometry":{"type":"Point","coordinates":[100.557438,13.7393033]}},{"type":"Feature","id":4547414389,"properties":{"addr:street":"สุขสวัสดิ์ 26","amenity":"pharmacy","name":"วีระซัพพลาย","@type":"node","@id":4547414389},"geometry":{"type":"Point","coordinates":[100.4849045,13.67085]}},{"type":"Feature","id":4577043773,"properties":{"amenity":"pharmacy","healthcare":"pharmacy","opening_hours":"07:00-21:00","source":"survey","source:date":"2016-12-28","@type":"node","@id":4577043773},"geometry":{"type":"Point","coordinates":[100.6847003,13.9196521]}},{"type":"Feature","id":4577501990,"properties":{"addr:street":"ถนนสุคนธสวัสดิ์","amenity":"pharmacy","healthcare":"pharmacy","name":"ร้านยาทรู ฟาร์มาซี","@type":"node","@id":4577501990},"geometry":{"type":"Point","coordinates":[100.6106635,13.8340941]}},{"type":"Feature","id":4578579895,"properties":{"amenity":"pharmacy","name":"Wellness","@type":"node","@id":4578579895},"geometry":{"type":"Point","coordinates":[100.5733021,13.779203]}},{"type":"Feature","id":4585133728,"properties":{"amenity":"pharmacy","@type":"node","@id":4585133728},"geometry":{"type":"Point","coordinates":[100.574763,13.7884733]}},{"type":"Feature","id":4589153190,"properties":{"amenity":"pharmacy","healthcare":"pharmacy","name:en":"Boots Pharmacy","@type":"node","@id":4589153190},"geometry":{"type":"Point","coordinates":[100.7273171,13.7207109]}},{"type":"Feature","id":4592343570,"properties":{"amenity":"pharmacy","name":"หมอเส็งเฮิร์บช็อป","@type":"node","@id":4592343570},"geometry":{"type":"Point","coordinates":[100.3190496,13.6973865]}},{"type":"Feature","id":4603105493,"properties":{"amenity":"pharmacy","healthcare":"pharmacy","@type":"node","@id":4603105493},"geometry":{"type":"Point","coordinates":[100.6908006,13.9217834]}},{"type":"Feature","id":4609391390,"properties":{"amenity":"pharmacy","name:en":"Boots","@type":"node","@id":4609391390},"geometry":{"type":"Point","coordinates":[100.5479457,13.9142328]}},{"type":"Feature","id":4620367396,"properties":{"amenity":"pharmacy","healthcare":"pharmacy","@type":"node","@id":4620367396},"geometry":{"type":"Point","coordinates":[100.6031213,13.8861634]}},{"type":"Feature","id":4620844193,"properties":{"amenity":"pharmacy","healthcare":"pharmacy","name:en":"Boots","@type":"node","@id":4620844193},"geometry":{"type":"Point","coordinates":[100.5682482,13.8287494]}},{"type":"Feature","id":4622990596,"properties":{"amenity":"pharmacy","@type":"node","@id":4622990596},"geometry":{"type":"Point","coordinates":[100.5588917,13.7382952]}},{"type":"Feature","id":4641154188,"properties":{"amenity":"pharmacy","name":"รุ่งเรืองเภสัช","@type":"node","@id":4641154188},"geometry":{"type":"Point","coordinates":[100.3153327,13.7045529]}},{"type":"Feature","id":4641905494,"properties":{"amenity":"pharmacy","healthcare":"pharmacy","name:en":"Pharmacy","@type":"node","@id":4641905494},"geometry":{"type":"Point","coordinates":[100.6216325,13.9611828]}},{"type":"Feature","id":4641923811,"properties":{"amenity":"pharmacy","healthcare":"pharmacy","name:en":"Plus +","@type":"node","@id":4641923811},"geometry":{"type":"Point","coordinates":[100.6212238,13.9591609]}},{"type":"Feature","id":4641943607,"properties":{"amenity":"pharmacy","name:en":"Sp","@type":"node","@id":4641943607},"geometry":{"type":"Point","coordinates":[100.6216631,13.959736]}},{"type":"Feature","id":4642581780,"properties":{"amenity":"pharmacy","check_date":"2026-03-26","contact:whatsapp":"+66 95 905 8829","name":"Southeast Pharmacy","opening_hours":"09:00-22:00","phone":"+66 95 905 8829","@type":"node","@id":4642581780},"geometry":{"type":"Point","coordinates":[100.5580513,13.7388826]}},{"type":"Feature","id":4647800690,"properties":{"amenity":"pharmacy","@type":"node","@id":4647800690},"geometry":{"type":"Point","coordinates":[100.5281491,13.9625194]}},{"type":"Feature","id":4652935092,"properties":{"amenity":"pharmacy","healthcare":"pharmacy","name:en":"Px","@type":"node","@id":4652935092},"geometry":{"type":"Point","coordinates":[100.5531605,13.7418582]}},{"type":"Feature","id":4665569197,"properties":{"amenity":"pharmacy","brand":"Boots","brand:wikidata":"Q6123139","healthcare":"pharmacy","name":"Boots","name:en":"Boots","@type":"node","@id":4665569197},"geometry":{"type":"Point","coordinates":[100.5326595,13.7281336]}},{"type":"Feature","id":4672127789,"properties":{"amenity":"pharmacy","healthcare":"pharmacy","@type":"node","@id":4672127789},"geometry":{"type":"Point","coordinates":[100.5640698,13.7563406]}},{"type":"Feature","id":4701477953,"properties":{"amenity":"pharmacy","healthcare":"pharmacy","opening_hours":"08:00-21:00","source":"survey","@type":"node","@id":4701477953},"geometry":{"type":"Point","coordinates":[100.6905618,13.9219696]}},{"type":"Feature","id":4708011456,"properties":{"amenity":"pharmacy","healthcare":"pharmacy","source":"survey","@type":"node","@id":4708011456},"geometry":{"type":"Point","coordinates":[100.6262884,13.8583984]}},{"type":"Feature","id":4744965058,"properties":{"amenity":"pharmacy","healthcare":"pharmacy","name":"City pharmacy","@type":"node","@id":4744965058},"geometry":{"type":"Point","coordinates":[100.5536295,13.7449757]}},{"type":"Feature","id":4861041909,"properties":{"amenity":"pharmacy","healthcare":"pharmacy","@type":"node","@id":4861041909},"geometry":{"type":"Point","coordinates":[100.675506,13.7860979]}},{"type":"Feature","id":4935341822,"properties":{"addr:housenumber":"516/3","addr:postcode":"10270","addr:street":"ถนนสุขุมวิท","amenity":"pharmacy","healthcare":"pharmacy","name":"ทรงเภสัช","name:en":"Songbhesaj","name:th":"ทรงเภสัช","opening_hours":"Mo-Sa 06:00-19:00","phone":"0896658334","@type":"node","@id":4935341822},"geometry":{"type":"Point","coordinates":[100.606648,13.5817357]}},{"type":"Feature","id":5160290950,"properties":{"addr:housenumber":"322/18","addr:postcode":"10400","addr:street":"ซอย รัชดาภิเษก 3","amenity":"pharmacy","healthcare":"pharmacy","name":"คลังยารัชดา3 (รัชดา ซ.3)","name:en":"Klangya Ratchada 3","opening_hours":"Mo-Su 08:00-02:00","operator":"Kittinan","phone":"0658491777","website":"https://www.facebook.com/ratchadadrugstore/","@type":"node","@id":5160290950},"geometry":{"type":"Point","coordinates":[100.5655225,13.7624034]}},{"type":"Feature","id":5185728795,"properties":{"amenity":"pharmacy","healthcare":"pharmacy","name":"Drug Place","@type":"node","@id":5185728795},"geometry":{"type":"Point","coordinates":[100.602195,13.9230121]}},{"type":"Feature","id":5187770422,"properties":{"addr:street":"ถนนพระรามที่ 4","amenity":"pharmacy","name":"Keppra drug store","@type":"node","@id":5187770422},"geometry":{"type":"Point","coordinates":[100.5485763,13.724462]}},{"type":"Feature","id":5234743150,"properties":{"amenity":"pharmacy","healthcare":"pharmacy","name":"Pharmanet Drugstore","@type":"node","@id":5234743150},"geometry":{"type":"Point","coordinates":[100.5620714,13.7405011]}},{"type":"Feature","id":5236315622,"properties":{"addr:housenumber":"2080/7","addr:postcode":"10270","addr:street":"ซอยแบริ่ง","amenity":"pharmacy","healthcare":"pharmacy","name":"เอสซีแคร์","name:en":"SC Care","opening_hours":"Mo-Su 07:00-23:00","@type":"node","@id":5236315622},"geometry":{"type":"Point","coordinates":[100.6188021,13.6516953]}},{"type":"Feature","id":5255016191,"properties":{"amenity":"pharmacy","healthcare":"pharmacy","name":"Super Save","@type":"node","@id":5255016191},"geometry":{"type":"Point","coordinates":[100.4924026,13.8426429]}},{"type":"Feature","id":5262092729,"properties":{"amenity":"pharmacy","healthcare":"pharmacy","name":"Passorn Pharma","@type":"node","@id":5262092729},"geometry":{"type":"Point","coordinates":[100.5254129,14.0435228]}},{"type":"Feature","id":5271387950,"properties":{"addr:housenumber":"380","amenity":"pharmacy","healthcare":"pharmacy","name":"กิตติเวชภัณฑ์","name:th":"กิตติเวชภัณฑ์","@type":"node","@id":5271387950},"geometry":{"type":"Point","coordinates":[100.5049518,13.7707654]}},{"type":"Feature","id":5277329345,"properties":{"amenity":"pharmacy","healthcare":"pharmacy","name":"อมรฟาร์มาซี","@type":"node","@id":5277329345},"geometry":{"type":"Point","coordinates":[100.2837012,13.7077636]}},{"type":"Feature","id":5285283453,"properties":{"amenity":"pharmacy","healthcare":"pharmacy","name":"ร้านขายยากรุงเทพ","name:en":"Bangkok drug store","name:th":"ร้านขายยากรุงเทพ","@type":"node","@id":5285283453},"geometry":{"type":"Point","coordinates":[100.6167762,13.7366629]}},{"type":"Feature","id":5285283454,"properties":{"amenity":"pharmacy","healthcare":"pharmacy","name":"ร้านขายยากรุงเทพ","name:en":"Bangkok drug store","name:th":"ร้านขายยากรุงเทพ","@type":"node","@id":5285283454},"geometry":{"type":"Point","coordinates":[100.6160121,13.7381833]}},{"type":"Feature","id":5321525721,"properties":{"addr:housenumber":"160","addr:street":"ถนนสุรวงศ์","amenity":"pharmacy","healthcare":"pharmacy","name":"เชอราตัน ดีสเปนซารี","name:en":"Sheraton Dispensary","name:th":"เชอราตัน ดีสเปนซารี","@type":"node","@id":5321525721},"geometry":{"type":"Point","coordinates":[100.5285533,13.7291099]}},{"type":"Feature","id":5391698903,"properties":{"amenity":"pharmacy","healthcare":"pharmacy","@type":"node","@id":5391698903},"geometry":{"type":"Point","coordinates":[100.5727737,13.775856]}},{"type":"Feature","id":5404965867,"properties":{"amenity":"pharmacy","@type":"node","@id":5404965867},"geometry":{"type":"Point","coordinates":[100.4977661,13.7596439]}},{"type":"Feature","id":5460579621,"properties":{"amenity":"pharmacy","healthcare":"pharmacy","name":"ร้านขายยา","@type":"node","@id":5460579621},"geometry":{"type":"Point","coordinates":[100.6632787,13.6766164]}},{"type":"Feature","id":5501745488,"properties":{"amenity":"pharmacy","@type":"node","@id":5501745488},"geometry":{"type":"Point","coordinates":[100.6344188,13.7083756]}},{"type":"Feature","id":5569329721,"properties":{"amenity":"pharmacy","healthcare":"pharmacy","name:en":"Blez Phamacy","name:ja":"ブレス薬局","@type":"node","@id":5569329721},"geometry":{"type":"Point","coordinates":[100.5621342,13.7359767]}},{"type":"Feature","id":5584381402,"properties":{"amenity":"pharmacy","brand":"Watsons","brand:wikidata":"Q7974785","brand:wikipedia":"en:Watsons","dispensing":"yes","healthcare":"pharmacy","name":"Watsons","@type":"node","@id":5584381402},"geometry":{"type":"Point","coordinates":[100.6951642,13.9229802]}},{"type":"Feature","id":5594651067,"properties":{"amenity":"pharmacy","dispensing":"yes","healthcare":"pharmacy","name":"หมอยานเรศวร","@type":"node","@id":5594651067},"geometry":{"type":"Point","coordinates":[100.6036373,14.0650893]}},{"type":"Feature","id":5887272488,"properties":{"amenity":"pharmacy","healthcare":"pharmacy","name":"ราชวิถีเภสัช","name:en":"Rachawithi pharmacy","@type":"node","@id":5887272488},"geometry":{"type":"Point","coordinates":[100.5362033,13.7660124]}},{"type":"Feature","id":5917504310,"properties":{"addr:city":"กรุงเทพมหานคร","addr:housenumber":"2214","addr:postcode":"10310","addr:street":"ถนนลาดพร้าว","amenity":"pharmacy","dispensing":"yes","healthcare":"pharmacy","name":"กฤติยาเภสัช","@type":"node","@id":5917504310},"geometry":{"type":"Point","coordinates":[100.6125738,13.7841386]}},{"type":"Feature","id":6012563604,"properties":{"amenity":"pharmacy","dispensing":"yes","healthcare":"pharmacy","name":"SaveDrug","@type":"node","@id":6012563604},"geometry":{"type":"Point","coordinates":[100.6548837,13.8886959]}},{"type":"Feature","id":6015237793,"properties":{"amenity":"pharmacy","brand":"Watsons","brand:wikidata":"Q7974785","brand:wikipedia":"en:Watsons","dispensing":"yes","healthcare":"pharmacy","level":"0","name":"Watsons","@type":"node","@id":6015237793},"geometry":{"type":"Point","coordinates":[100.6823087,13.9336123]}},{"type":"Feature","id":6021247829,"properties":{"amenity":"pharmacy","dispensing":"yes","healthcare":"pharmacy","name":"Save Drug","@type":"node","@id":6021247829},"geometry":{"type":"Point","coordinates":[100.6667708,13.9220295]}},{"type":"Feature","id":6149039729,"properties":{"amenity":"pharmacy","dispensing":"yes","healthcare":"pharmacy","name":"ร้านขายยาชาลิสา","@type":"node","@id":6149039729},"geometry":{"type":"Point","coordinates":[100.5278317,13.7531099]}},{"type":"Feature","id":6163744203,"properties":{"amenity":"pharmacy","healthcare":"pharmacy","name:en":"Pharmacy (all medications)","@type":"node","@id":6163744203},"geometry":{"type":"Point","coordinates":[100.5531053,13.7429154]}},{"type":"Feature","id":6170543086,"properties":{"addr:housenumber":"613","addr:postcode":"10110","addr:street":"ถนนสุขุมวิท","amenity":"pharmacy","healthcare":"pharmacy","name":"ร้านยาศรียา","name:en":"Sriya Pharmacy","name:zh":"藥店","opening_hours":"Mo-Sa 08:00-21:00; Su 14:00-21:00","phone":"022588845","wheelchair":"limited","@type":"node","@id":6170543086},"geometry":{"type":"Point","coordinates":[100.5688743,13.7312234]}},{"type":"Feature","id":6203812797,"properties":{"addr:housenumber":"23/7","addr:postcode":"12000","addr:street":"Bangkra-Phueng Rd.St.","amenity":"pharmacy","name":"ร้านขายยาเจริญเภสัช","name:en":"CharounPharmacy","opening_hours":"Mo-Su 09:00-18:00","@type":"node","@id":6203812797},"geometry":{"type":"Point","coordinates":[100.5524296,14.0365505]}},{"type":"Feature","id":6220343285,"properties":{"amenity":"pharmacy","healthcare":"pharmacy","name:en":"O.K. Pharmacy","@type":"node","@id":6220343285},"geometry":{"type":"Point","coordinates":[100.553121,13.7430103]}},{"type":"Feature","id":6224414514,"properties":{"amenity":"pharmacy","dispensing":"yes","healthcare":"pharmacy","@type":"node","@id":6224414514},"geometry":{"type":"Point","coordinates":[100.7361168,13.9364624]}},{"type":"Feature","id":6246288085,"properties":{"amenity":"pharmacy","@type":"node","@id":6246288085},"geometry":{"type":"Point","coordinates":[100.5581885,13.7384185]}},{"type":"Feature","id":6270581299,"properties":{"amenity":"pharmacy","healthcare":"pharmacy","@type":"node","@id":6270581299},"geometry":{"type":"Point","coordinates":[100.5122485,13.7386236]}},{"type":"Feature","id":6270593792,"properties":{"amenity":"pharmacy","@type":"node","@id":6270593792},"geometry":{"type":"Point","coordinates":[100.5097043,13.7409122]}},{"type":"Feature","id":6270594189,"properties":{"amenity":"pharmacy","healthcare":"pharmacy","@type":"node","@id":6270594189},"geometry":{"type":"Point","coordinates":[100.5118284,13.7400093]}},{"type":"Feature","id":6270595185,"properties":{"amenity":"pharmacy","@type":"node","@id":6270595185},"geometry":{"type":"Point","coordinates":[100.5147345,13.7323271]}},{"type":"Feature","id":6274454087,"properties":{"amenity":"pharmacy","healthcare":"pharmacy","@type":"node","@id":6274454087},"geometry":{"type":"Point","coordinates":[100.5020626,13.7678433]}},{"type":"Feature","id":6274457188,"properties":{"amenity":"pharmacy","@type":"node","@id":6274457188},"geometry":{"type":"Point","coordinates":[100.4999712,13.7649306]}},{"type":"Feature","id":6276433388,"properties":{"amenity":"pharmacy","wheelchair":"limited","@type":"node","@id":6276433388},"geometry":{"type":"Point","coordinates":[100.515103,13.7381486]}},{"type":"Feature","id":6287460718,"properties":{"amenity":"pharmacy","@type":"node","@id":6287460718},"geometry":{"type":"Point","coordinates":[100.5125507,13.7463572]}},{"type":"Feature","id":6287468887,"properties":{"amenity":"pharmacy","healthcare":"pharmacy","@type":"node","@id":6287468887},"geometry":{"type":"Point","coordinates":[100.516486,13.7213016]}},{"type":"Feature","id":6287470185,"properties":{"amenity":"pharmacy","healthcare":"pharmacy","name":"Boots","@type":"node","@id":6287470185},"geometry":{"type":"Point","coordinates":[100.5355462,13.7451933]}},{"type":"Feature","id":6312905927,"properties":{"amenity":"pharmacy","dispensing":"yes","healthcare":"pharmacy","@type":"node","@id":6312905927},"geometry":{"type":"Point","coordinates":[100.638678,13.6954146]}},{"type":"Feature","id":6315289003,"properties":{"amenity":"pharmacy","@type":"node","@id":6315289003},"geometry":{"type":"Point","coordinates":[100.3277346,13.7930135]}},{"type":"Feature","id":6315289011,"properties":{"amenity":"pharmacy","healthcare":"pharmacy","@type":"node","@id":6315289011},"geometry":{"type":"Point","coordinates":[100.3274632,13.7977079]}},{"type":"Feature","id":6339281868,"properties":{"amenity":"pharmacy","brand":"Watsons","brand:wikidata":"Q7974785","brand:wikipedia":"en:Watsons","dispensing":"yes","healthcare":"pharmacy","name":"Watsons","shop":"chemist","@type":"node","@id":6339281868},"geometry":{"type":"Point","coordinates":[100.5370515,13.7619762]}},{"type":"Feature","id":6339281872,"properties":{"amenity":"pharmacy","brand":"Boots","brand:wikidata":"Q6123139","brand:wikipedia":"en:Boots UK","dispensing":"yes","healthcare":"pharmacy","name":"Boots","@type":"node","@id":6339281872},"geometry":{"type":"Point","coordinates":[100.5370022,13.7619145]}},{"type":"Feature","id":6351330386,"properties":{"amenity":"pharmacy","name:en":"22 Medicare","opening_hours":"Mo-Su 09:00-22:00","@type":"node","@id":6351330386},"geometry":{"type":"Point","coordinates":[100.5647328,13.7235019]}},{"type":"Feature","id":6391901311,"properties":{"amenity":"pharmacy","healthcare":"pharmacy","@type":"node","@id":6391901311},"geometry":{"type":"Point","coordinates":[100.5093252,13.7799068]}},{"type":"Feature","id":6609503990,"properties":{"amenity":"pharmacy","brand":"Boots","brand:wikidata":"Q6123139","healthcare":"pharmacy","name":"Boots","name:en":"Boots","@type":"node","@id":6609503990},"geometry":{"type":"Point","coordinates":[100.6022917,13.9185225]}},{"type":"Feature","id":6609577387,"properties":{"amenity":"pharmacy","brand":"Boots","brand:wikidata":"Q6123139","healthcare":"pharmacy","name":"Boots","name:en":"Boots","@type":"node","@id":6609577387},"geometry":{"type":"Point","coordinates":[100.601573,13.9176824]}},{"type":"Feature","id":6670686390,"properties":{"amenity":"pharmacy","healthcare":"pharmacy","name:en":"Boots","@type":"node","@id":6670686390},"geometry":{"type":"Point","coordinates":[100.754178,13.6915934]}},{"type":"Feature","id":6680904574,"properties":{"amenity":"pharmacy","dispensing":"yes","healthcare":"pharmacy","name":"ร้านขายยา","name:en":"Pharmacy Counter","name:th":"ร้านขายยา","@type":"node","@id":6680904574},"geometry":{"type":"Point","coordinates":[100.5143317,13.8474653]}},{"type":"Feature","id":6741747635,"properties":{"amenity":"pharmacy","drive_through":"no","healthcare":"pharmacy","name":"บ้านยาเวชภัณฑ์","name:en":"Baan Ya Vejchaphan","name:th":"บ้านยาเวชภัณฑ์","@type":"node","@id":6741747635},"geometry":{"type":"Point","coordinates":[100.5206278,13.8623225]}},{"type":"Feature","id":6851164338,"properties":{"addr:housenumber":"29/5-6","amenity":"pharmacy","dispensing":"yes","healthcare":"pharmacy","name":"ท่าน้ำเภสัช","name:en":"Tha Nam Pharmacy","name:th":"ท่าน้ำเภสัช","@type":"node","@id":6851164338},"geometry":{"type":"Point","coordinates":[100.4883009,13.8417074]}},{"type":"Feature","id":6956812086,"properties":{"amenity":"pharmacy","dispensing":"yes","drive_through":"no","healthcare":"pharmacy","name":"บางอ้อฟาร์มาซี","name:en":"Bang O Phamacy","name:th":"บางอ้อฟาร์มาซี","@type":"node","@id":6956812086},"geometry":{"type":"Point","coordinates":[100.5109955,13.8003294]}},{"type":"Feature","id":7017923797,"properties":{"amenity":"pharmacy","healthcare":"pharmacy","name:en":"Banya Drugstore","@type":"node","@id":7017923797},"geometry":{"type":"Point","coordinates":[100.5386608,13.7539397]}},{"type":"Feature","id":7171532685,"properties":{"amenity":"pharmacy","brand":"Watsons","brand:wikidata":"Q7974785","healthcare":"pharmacy","name":"Watsons","name:en":"Watson’s","shop":"chemist","@type":"node","@id":7171532685},"geometry":{"type":"Point","coordinates":[100.5593889,13.7387098]}},{"type":"Feature","id":7190360585,"properties":{"amenity":"pharmacy","name":"Clover Phamacy","name:en":"clover","name:ru":"аптека и сувениры","@type":"node","@id":7190360585},"geometry":{"type":"Point","coordinates":[100.541094,13.7488926]}},{"type":"Feature","id":7249062268,"properties":{"addr:housenumber":"48/3","amenity":"pharmacy","dispensing":"yes","drive_through":"no","healthcare":"pharmacy","name":"เม็ดยาเภสัช","name:en":"Med Ya Phesaj","name:th":"เม็ดยาเภสัช","@type":"node","@id":7249062268},"geometry":{"type":"Point","coordinates":[100.4881664,13.8419649]}},{"type":"Feature","id":7265253352,"properties":{"amenity":"pharmacy","dispensing":"yes","healthcare":"pharmacy","name":"ทิพย์เภสัช","name:en":"Tip Phamacy","name:th":"ทิพย์เภสัช","@type":"node","@id":7265253352},"geometry":{"type":"Point","coordinates":[100.5162996,13.8389141]}},{"type":"Feature","id":7321246485,"properties":{"amenity":"pharmacy","@type":"node","@id":7321246485},"geometry":{"type":"Point","coordinates":[100.5022469,13.7124129]}},{"type":"Feature","id":7500510449,"properties":{"amenity":"pharmacy","dispensing":"yes","healthcare":"pharmacy","@type":"node","@id":7500510449},"geometry":{"type":"Point","coordinates":[100.5953726,13.7163069]}},{"type":"Feature","id":7709542987,"properties":{"addr:housenumber":"20-22","addr:street":"ถนนอ่อนนุช","amenity":"pharmacy","healthcare":"pharmacy","name:en":"Rungrot Pharmacy","@type":"node","@id":7709542987},"geometry":{"type":"Point","coordinates":[100.6000566,13.7090846]}},{"type":"Feature","id":8293950989,"properties":{"amenity":"pharmacy","name":"Tsuruha","@type":"node","@id":8293950989},"geometry":{"type":"Point","coordinates":[100.624246,13.6573769]}},{"type":"Feature","id":8298588793,"properties":{"amenity":"pharmacy","dispensing":"yes","healthcare":"pharmacy","name":"ร้านบ้านยา สาขา 2","name:en":"Ban Ya Phamacy Branch 2","name:th":"ร้านบ้านยา สาขา 2","@type":"node","@id":8298588793},"geometry":{"type":"Point","coordinates":[100.470069,13.8347248]}},{"type":"Feature","id":9448949334,"properties":{"amenity":"pharmacy","dispensing":"yes","healthcare":"pharmacy","name":"ร้านขายยา","@type":"node","@id":9448949334},"geometry":{"type":"Point","coordinates":[100.5057411,13.7938702]}},{"type":"Feature","id":9604644820,"properties":{"amenity":"pharmacy","dispensing":"yes","healthcare":"pharmacy","name":"2 เภสัชหลักสี่","name:en":"2 Pharmacy Lak Si","@type":"node","@id":9604644820},"geometry":{"type":"Point","coordinates":[100.5833127,13.889798]}},{"type":"Feature","id":9604928097,"properties":{"amenity":"pharmacy","healthcare":"pharmacy","name":"Smile Pharma","@type":"node","@id":9604928097},"geometry":{"type":"Point","coordinates":[100.6412521,13.7769389]}},{"type":"Feature","id":9774434004,"properties":{"amenity":"pharmacy","healthcare":"pharmacy","name":"Your Peace Pharmacy","@type":"node","@id":9774434004},"geometry":{"type":"Point","coordinates":[100.5428492,13.7366906]}},{"type":"Feature","id":9998665745,"properties":{"amenity":"pharmacy","healthcare":"pharmacy","@type":"node","@id":9998665745},"geometry":{"type":"Point","coordinates":[100.515711,13.8471424]}},{"type":"Feature","id":10048602913,"properties":{"amenity":"pharmacy","dispensing":"yes","healthcare":"pharmacy","name":"บ้านยาแสงอารี","@type":"node","@id":10048602913},"geometry":{"type":"Point","coordinates":[100.5884333,13.9633076]}},{"type":"Feature","id":10093297018,"properties":{"amenity":"pharmacy","@type":"node","@id":10093297018},"geometry":{"type":"Point","coordinates":[100.5326412,13.7447896]}},{"type":"Feature","id":10296207964,"properties":{"amenity":"pharmacy","healthcare":"pharmacy","name":"Fascino ร้านขายยา ฟาสซิโน สาขา ปตท.สุขาภิบาล2","@type":"node","@id":10296207964},"geometry":{"type":"Point","coordinates":[100.6778484,13.7877325]}},{"type":"Feature","id":10297904769,"properties":{"amenity":"pharmacy","healthcare":"pharmacy","name":"หมอยา สหกรณ์","@type":"node","@id":10297904769},"geometry":{"type":"Point","coordinates":[100.6756921,13.78624]}},{"type":"Feature","id":10300758612,"properties":{"amenity":"pharmacy","brand":"Boots","brand:wikidata":"Q6123139","healthcare":"pharmacy","name":"Boots","operator":"Boots","@type":"node","@id":10300758612},"geometry":{"type":"Point","coordinates":[100.545625,13.6743728]}},{"type":"Feature","id":10572161875,"properties":{"addr:province":"กรุงเทพมหานคร","addr:street":"Sukhumvit 4 Alley","amenity":"pharmacy","healthcare":"pharmacy","name":"eXta Plus Pharmacy","@type":"node","@id":10572161875},"geometry":{"type":"Point","coordinates":[100.5528818,13.7392061]}},{"type":"Feature","id":10598839934,"properties":{"amenity":"pharmacy","healthcare":"pharmacy","opening_hours":"07:00-22:00","wheelchair":"no","@type":"node","@id":10598839934},"geometry":{"type":"Point","coordinates":[100.5676223,13.8092796]}},{"type":"Feature","id":10747741583,"properties":{"amenity":"pharmacy","brand":"Watsons","brand:wikidata":"Q7974785","healthcare":"pharmacy","name":"Watsons","shop":"chemist","@type":"node","@id":10747741583},"geometry":{"type":"Point","coordinates":[100.6803387,13.9203576]}},{"type":"Feature","id":11228672028,"properties":{"amenity":"pharmacy","healthcare":"pharmacy","name":"For U Pharma","opening_hours":"24/7","@type":"node","@id":11228672028},"geometry":{"type":"Point","coordinates":[100.5358426,13.7295504]}},{"type":"Feature","id":11242732390,"properties":{"amenity":"pharmacy","healthcare":"pharmacy","name":"ห้องยา","opening_hours":"09:00-22:00","phone":"+66 83 453 6398","wheelchair":"no","@type":"node","@id":11242732390},"geometry":{"type":"Point","coordinates":[100.7704668,13.727755]}},{"type":"Feature","id":11264563573,"properties":{"amenity":"pharmacy","brand":"Watsons","brand:wikidata":"Q7974785","healthcare":"pharmacy","name":"Watsons","@type":"node","@id":11264563573},"geometry":{"type":"Point","coordinates":[100.6067748,14.0657052]}},{"type":"Feature","id":11264958078,"properties":{"amenity":"pharmacy","healthcare":"pharmacy","name":"ฟ้าครามเภสัช","name:en":"Fahkram Bhesaj","name:th":"ฟ้าครามเภสัช","opening_hours":"Mo-Su 10:00-22:00","@type":"node","@id":11264958078},"geometry":{"type":"Point","coordinates":[100.6427678,13.9565237]}},{"type":"Feature","id":11269092098,"properties":{"amenity":"pharmacy","brand":"Boots","brand:wikidata":"Q6123139","healthcare":"pharmacy","name":"Boots","@type":"node","@id":11269092098},"geometry":{"type":"Point","coordinates":[100.6452965,13.8579044]}},{"type":"Feature","id":11272504405,"properties":{"amenity":"pharmacy","healthcare":"pharmacy","name":"ชัยณรงค์เภสัช","@type":"node","@id":11272504405},"geometry":{"type":"Point","coordinates":[100.6535437,13.8445895]}},{"type":"Feature","id":11272504417,"properties":{"amenity":"pharmacy","healthcare":"pharmacy","name":"กัญจนาเภสัช","@type":"node","@id":11272504417},"geometry":{"type":"Point","coordinates":[100.6529962,13.8443241]}},{"type":"Feature","id":11274288385,"properties":{"amenity":"pharmacy","healthcare":"pharmacy","name":"โชคดีเภสัช","@type":"node","@id":11274288385},"geometry":{"type":"Point","coordinates":[100.6530856,13.8454932]}},{"type":"Feature","id":11275228405,"properties":{"amenity":"pharmacy","brand":"Watsons","brand:wikidata":"Q7974785","healthcare":"pharmacy","name":"Watsons","@type":"node","@id":11275228405},"geometry":{"type":"Point","coordinates":[100.5376965,13.6975325]}},{"type":"Feature","id":11275228409,"properties":{"amenity":"pharmacy","brand":"Boots","brand:wikidata":"Q6123139","healthcare":"pharmacy","name":"Boots","@type":"node","@id":11275228409},"geometry":{"type":"Point","coordinates":[100.5382061,13.6981214]}},{"type":"Feature","id":11278824679,"properties":{"amenity":"pharmacy","brand":"Watsons","brand:wikidata":"Q7974785","healthcare":"pharmacy","name":"Watsons","@type":"node","@id":11278824679},"geometry":{"type":"Point","coordinates":[100.5417531,13.6964403]}},{"type":"Feature","id":11280287585,"properties":{"amenity":"pharmacy","healthcare":"pharmacy","name":"โฮมเม็ดดิซีน","name:en":"Home Medicine","name:th":"โฮมเม็ดดิซีน","@type":"node","@id":11280287585},"geometry":{"type":"Point","coordinates":[100.6488394,13.8467223]}},{"type":"Feature","id":11280287594,"properties":{"amenity":"pharmacy","healthcare":"pharmacy","name":"สกาย ฟาร์มาซี","name:en":"Sky Pharmacy","name:th":"สกาย ฟาร์มาซี","@type":"node","@id":11280287594},"geometry":{"type":"Point","coordinates":[100.6486867,13.8471096]}},{"type":"Feature","id":11296058513,"properties":{"amenity":"pharmacy","healthcare":"pharmacy","name":"คลังยาเจิดจรัส","@type":"node","@id":11296058513},"geometry":{"type":"Point","coordinates":[100.648807,13.8477894]}},{"type":"Feature","id":11307363297,"properties":{"amenity":"pharmacy","healthcare":"pharmacy","name":"ไอแคร์","name:en":"iCare","name:th":"ไอแคร์","@type":"node","@id":11307363297},"geometry":{"type":"Point","coordinates":[100.6434514,13.8584383]}},{"type":"Feature","id":11314501829,"properties":{"amenity":"pharmacy","brand":"Watsons","brand:wikidata":"Q7974785","healthcare":"pharmacy","name":"Watsons","opening_hours":"Mo-Fr 07:00-21:30; Sa,Su,PH 09:00-21:30","@type":"node","@id":11314501829},"geometry":{"type":"Point","coordinates":[100.5359229,13.728937]}},{"type":"Feature","id":11323335153,"properties":{"amenity":"pharmacy","healthcare":"pharmacy","@type":"node","@id":11323335153},"geometry":{"type":"Point","coordinates":[100.528209,13.7336256]}},{"type":"Feature","id":11343031298,"properties":{"amenity":"pharmacy","check_date":"2026-03-26","healthcare":"pharmacy","name":"P-S 15 Pharmacy","opening_hours":"Mo-Sa 08:00-22:00; Su 10:00-22:00","phone":"+66 26511791","@type":"node","@id":11343031298},"geometry":{"type":"Point","coordinates":[100.558154,13.7388951]}},{"type":"Feature","id":11359750619,"properties":{"amenity":"pharmacy","check_date":"2023-11-18","healthcare":"pharmacy","source":"survey","@type":"node","@id":11359750619},"geometry":{"type":"Point","coordinates":[100.5286037,13.7554042]}},{"type":"Feature","id":11454989617,"properties":{"amenity":"pharmacy","brand":"Watsons","brand:wikidata":"Q7974785","healthcare":"pharmacy","name":"Watsons","@type":"node","@id":11454989617},"geometry":{"type":"Point","coordinates":[100.5323608,13.7276055]}},{"type":"Feature","id":11518287796,"properties":{"addr:district":"ลาดกระบัง","addr:housenumber":"34/1","addr:place":"สถานีบริการน้ำมันบางจาก กรุงเทพกรีฑาตัดใหม่","addr:postcode":"10520","addr:province":"Bangkok","addr:street":"ถนนศรีนครินทร์-ร่มเกล้า","addr:subdistrict":"Khlong Song Ton Nun","amenity":"pharmacy","check_date":"2026-09-23","check_date:currency:XBT":"2026-09-23","contact:facebook":"https://www.facebook.com/profile.php?id=100089220908933","currency:XBT":"yes","email":"bacarepharma.bkk@gmail.com","healthcare":"pharmacy","healthcare:speciality":"pharmacology","name":"B Care Pharma","name:th":"ร้านยาบี แคร์ ฟาร์มา","opening_hours":"Mo-Su 08:30-21:00","operator:type":"business","payment:lightning":"yes","payment:lightning_contactless":"no","payment:onchain":"no","phone":"+66 98 947 1944","survey:date":"2025-03-08","@type":"node","@id":11518287796},"geometry":{"type":"Point","coordinates":[100.7171276,13.7537114]}},{"type":"Feature","id":11602416037,"properties":{"amenity":"pharmacy","fixme":"Add Thai name in name tag","healthcare":"pharmacy","level":"0","name":"Thai Smile Pharmacy","name:en":"Thai Smile Pharmacy","opening_hours":"Mo-Su 09:00-21:00","wheelchair":"no","@type":"node","@id":11602416037},"geometry":{"type":"Point","coordinates":[100.5809835,13.771971]}},{"type":"Feature","id":11613723512,"properties":{"amenity":"pharmacy","brand":"Watsons","healthcare":"pharmacy","level":"0","name":"Watsons","wheelchair":"yes","@type":"node","@id":11613723512},"geometry":{"type":"Point","coordinates":[100.5689965,13.7659874]}},{"type":"Feature","id":11621185186,"properties":{"addr:housenumber":"5/9","addr:street":"ถนนพัฒนาชนบท 3","amenity":"pharmacy","healthcare":"pharmacy","name":"ชุมทางยา","@type":"node","@id":11621185186},"geometry":{"type":"Point","coordinates":[100.7160508,13.7326003]}},{"type":"Feature","id":12134213915,"properties":{"amenity":"pharmacy","healthcare":"pharmacy","name":"D-Chain","@type":"node","@id":12134213915},"geometry":{"type":"Point","coordinates":[100.5531417,13.7386791]}},{"type":"Feature","id":12162907623,"properties":{"addr:district":"บางขุนเทียน","addr:postcode":"10150","addr:province":"กรุงเทพมหานคร","addr:street":"ซอยพระรามที่ 2 ซอย 50","addr:subdistrict":"แสมดำ","amenity":"pharmacy","drive_through":"no","healthcare":"pharmacy","name":"ศูนย์รวมยา ครอบครัว","opening_hours":"Mo-Su 08:00-20:00","@type":"node","@id":12162907623},"geometry":{"type":"Point","coordinates":[100.4430372,13.668253]}},{"type":"Feature","id":12196360651,"properties":{"amenity":"pharmacy","healthcare":"pharmacy","name":"ร้านมิตรยา","@type":"node","@id":12196360651},"geometry":{"type":"Point","coordinates":[100.4429852,13.6690138]}},{"type":"Feature","id":12198313122,"properties":{"amenity":"pharmacy","healthcare":"pharmacy","name":"มานพเภสัช","@type":"node","@id":12198313122},"geometry":{"type":"Point","coordinates":[100.4421183,13.6662606]}},{"type":"Feature","id":12219062148,"properties":{"amenity":"pharmacy","healthcare":"pharmacy","name":"สามย่านฟาร์มาเซีย","name:en":"Samyan Farmacia","name:th":"สามย่านฟาร์มาเซีย","@type":"node","@id":12219062148},"geometry":{"type":"Point","coordinates":[100.5257428,13.7354202]}},{"type":"Feature","id":12240768179,"properties":{"amenity":"pharmacy","healthcare":"pharmacy","name":"eXta plus","@type":"node","@id":12240768179},"geometry":{"type":"Point","coordinates":[100.5496082,13.7409452]}},{"type":"Feature","id":12311435974,"properties":{"amenity":"pharmacy","healthcare":"pharmacy","name":"ร้านยากรุงเทพ","name:th":"ร้านยากรุงเทพ","@type":"node","@id":12311435974},"geometry":{"type":"Point","coordinates":[100.558164,13.7613706]}},{"type":"Feature","id":12357746755,"properties":{"amenity":"pharmacy","healthcare":"pharmacy","name":"441 คลังยา","@type":"node","@id":12357746755},"geometry":{"type":"Point","coordinates":[100.4975626,13.6536278]}},{"type":"Feature","id":12399752265,"properties":{"amenity":"pharmacy","healthcare":"pharmacy","name":"สตาร์ดรัก","@type":"node","@id":12399752265},"geometry":{"type":"Point","coordinates":[100.5502247,13.718496]}},{"type":"Feature","id":12414089301,"properties":{"amenity":"pharmacy","healthcare":"pharmacy","name":"Pantamone Pharmacy","@type":"node","@id":12414089301},"geometry":{"type":"Point","coordinates":[100.4983956,13.7604913]}},{"type":"Feature","id":12414428270,"properties":{"amenity":"pharmacy","healthcare":"pharmacy","opening_hours":"16:00+","source":"survey","source:date":"2024-12-12","@type":"node","@id":12414428270},"geometry":{"type":"Point","coordinates":[100.6885616,13.9174967]}},{"type":"Feature","id":12428814628,"properties":{"amenity":"pharmacy","@type":"node","@id":12428814628},"geometry":{"type":"Point","coordinates":[100.5629838,13.8129628]}},{"type":"Feature","id":12428815113,"properties":{"amenity":"pharmacy","name":"Save Drug","@type":"node","@id":12428815113},"geometry":{"type":"Point","coordinates":[100.5642176,13.8178086]}},{"type":"Feature","id":12430030602,"properties":{"amenity":"pharmacy","brand":"Boots","brand:wikidata":"Q6123139","healthcare":"pharmacy","name":"Boots","@type":"node","@id":12430030602},"geometry":{"type":"Point","coordinates":[100.5131214,13.7303632]}},{"type":"Feature","id":12430047501,"properties":{"amenity":"pharmacy","healthcare":"pharmacy","name":"Central Pharmacy","@type":"node","@id":12430047501},"geometry":{"type":"Point","coordinates":[100.5135768,13.7296353]}},{"type":"Feature","id":12430171602,"properties":{"amenity":"pharmacy","@type":"node","@id":12430171602},"geometry":{"type":"Point","coordinates":[100.5139094,13.7158538]}},{"type":"Feature","id":12430333802,"properties":{"amenity":"pharmacy","healthcare":"pharmacy","name:en":"Ac Pharma","@type":"node","@id":12430333802},"geometry":{"type":"Point","coordinates":[100.527278,13.7169703]}},{"type":"Feature","id":12430413601,"properties":{"amenity":"pharmacy","@type":"node","@id":12430413601},"geometry":{"type":"Point","coordinates":[100.5390664,13.7247678]}},{"type":"Feature","id":12434919501,"properties":{"amenity":"pharmacy","name":"Nice Pharcare","@type":"node","@id":12434919501},"geometry":{"type":"Point","coordinates":[100.5492727,13.8019493]}},{"type":"Feature","id":12435141506,"properties":{"amenity":"pharmacy","brand":"Boots","brand:wikidata":"Q6123139","healthcare":"pharmacy","name":"Boots","@type":"node","@id":12435141506},"geometry":{"type":"Point","coordinates":[100.5686396,13.8101213]}},{"type":"Feature","id":12435220401,"properties":{"amenity":"pharmacy","@type":"node","@id":12435220401},"geometry":{"type":"Point","coordinates":[100.5681329,13.809248]}},{"type":"Feature","id":12438376303,"properties":{"amenity":"pharmacy","@type":"node","@id":12438376303},"geometry":{"type":"Point","coordinates":[100.551482,13.7235349]}},{"type":"Feature","id":12497406768,"properties":{"addr:district":"บางพลี","addr:postcode":"10540","addr:province":"สมุทรปราการ","addr:street":"กิ่งแก้ว 41","addr:subdistrict":"ราชาเทวะ","amenity":"pharmacy","drive_through":"no","healthcare":"pharmacy","name":"บีบี ดรัก สโตร์ 2","opening_hours":"Mo-Su 07:00-21:00","@type":"node","@id":12497406768},"geometry":{"type":"Point","coordinates":[100.7359897,13.7070788]}},{"type":"Feature","id":12506853802,"properties":{"amenity":"pharmacy","@type":"node","@id":12506853802},"geometry":{"type":"Point","coordinates":[100.6557684,13.7736674]}},{"type":"Feature","id":12506976101,"properties":{"amenity":"pharmacy","name":"Pharmax","@type":"node","@id":12506976101},"geometry":{"type":"Point","coordinates":[100.6735835,13.7763269]}},{"type":"Feature","id":12509169001,"properties":{"amenity":"pharmacy","@type":"node","@id":12509169001},"geometry":{"type":"Point","coordinates":[100.6750569,13.786185]}},{"type":"Feature","id":12519623978,"properties":{"amenity":"pharmacy","check_date":"2025-01-21","drive_through":"no","healthcare":"pharmacy","level":"1","name":"Be Kind","name:en":"Be Kind","@type":"node","@id":12519623978},"geometry":{"type":"Point","coordinates":[100.5814795,13.7286772]}},{"type":"Feature","id":12522386551,"properties":{"amenity":"pharmacy","opening_hours":"Mo-Su 08:00-22:00","@type":"node","@id":12522386551},"geometry":{"type":"Point","coordinates":[100.5708318,13.7972625]}},{"type":"Feature","id":12583109803,"properties":{"amenity":"pharmacy","name:en":"Siam Pharmacy","@type":"node","@id":12583109803},"geometry":{"type":"Point","coordinates":[100.5490536,13.7427232]}},{"type":"Feature","id":12586875503,"properties":{"amenity":"pharmacy","name:en":"Boots Pharmacy","@type":"node","@id":12586875503},"geometry":{"type":"Point","coordinates":[100.5793269,13.724518]}},{"type":"Feature","id":12586888802,"properties":{"amenity":"pharmacy","name:en":"J R Pharmacy","@type":"node","@id":12586888802},"geometry":{"type":"Point","coordinates":[100.5526378,13.7420693]}},{"type":"Feature","id":12603798801,"properties":{"amenity":"pharmacy","name":"Daytime","@type":"node","@id":12603798801},"geometry":{"type":"Point","coordinates":[100.6704962,13.7868709]}},{"type":"Feature","id":12615362601,"properties":{"amenity":"pharmacy","@type":"node","@id":12615362601},"geometry":{"type":"Point","coordinates":[100.6679299,13.783579]}},{"type":"Feature","id":12618164701,"properties":{"amenity":"pharmacy","name":"Fascino","@type":"node","@id":12618164701},"geometry":{"type":"Point","coordinates":[100.6724811,13.7770312]}},{"type":"Feature","id":12618208703,"properties":{"amenity":"pharmacy","@type":"node","@id":12618208703},"geometry":{"type":"Point","coordinates":[100.6694202,13.7756961]}},{"type":"Feature","id":12623227839,"properties":{"amenity":"pharmacy","brand":"Watsons","brand:wikidata":"Q7974785","healthcare":"pharmacy","name":"Watsons","@type":"node","@id":12623227839},"geometry":{"type":"Point","coordinates":[100.559697,13.777776]}},{"type":"Feature","id":12623926483,"properties":{"amenity":"pharmacy","healthcare":"pharmacy","name":"Extra Plus","@type":"node","@id":12623926483},"geometry":{"type":"Point","coordinates":[100.5597657,13.7738589]}},{"type":"Feature","id":12687216123,"properties":{"amenity":"pharmacy","healthcare":"pharmacy","name":"พาดา เจริญเภสัช","@type":"node","@id":12687216123},"geometry":{"type":"Point","coordinates":[100.5655645,13.7664242]}},{"type":"Feature","id":12687804380,"properties":{"amenity":"pharmacy","healthcare":"pharmacy","name":"ธนพร","@type":"node","@id":12687804380},"geometry":{"type":"Point","coordinates":[100.66003,13.6024958]}},{"type":"Feature","id":12687804382,"properties":{"amenity":"pharmacy","healthcare":"pharmacy","name":"ณ ร้านยา","@type":"node","@id":12687804382},"geometry":{"type":"Point","coordinates":[100.6591164,13.6016138]}},{"type":"Feature","id":12696360585,"properties":{"addr:district":"ดอนเมือง","addr:housenumber":"5","addr:place":"ตลาดเย็นจิตแลนด์","addr:postcode":"10210","addr:province":"กรุงเทพมหานคร","addr:street":"ถนนเทิดราชัน","addr:subdistrict":"สีกัน","amenity":"pharmacy","healthcare":"pharmacy","name":"เสบียงยา (เย็นจิตแลนด์)","@type":"node","@id":12696360585},"geometry":{"type":"Point","coordinates":[100.5742486,13.9472862]}},{"type":"Feature","id":12760942330,"properties":{"addr:district":"คลวงหลวง","addr:housenumber":"64/1","addr:place":"ล็อค G1-2, โซนหน้าตลาดอาม่า1000สุข","addr:postcode":"12120","addr:province":"Pathum Thani","addr:street":"ถนนธัญบุรี-วังน้อย","amenity":"pharmacy","check_date":"2026-09-23","check_date:currency:XBT":"2026-09-23","contact:facebook":"https://www.facebook.com/profile.php?id=61573509907059","currency:XBT":"yes","healthcare":"pharmacy","name":"คลังยาอาม่า - ตลาดอาม่า1000สุข","opening_hours":"Mo-Su 08:00-20:00","payment:lightning":"yes","payment:lightning_contactless":"no","payment:onchain":"no","phone":"+66 84 242 5162","survey:date":"2025-08-13","@type":"node","@id":12760942330},"geometry":{"type":"Point","coordinates":[100.7471647,14.0490587]}},{"type":"Feature","id":12912368179,"properties":{"amenity":"pharmacy","healthcare":"pharmacy","name":"Sirivej 22","name:th":"ศิริเวช 22","@type":"node","@id":12912368179},"geometry":{"type":"Point","coordinates":[100.6388175,13.9884586]}},{"type":"Feature","id":12912369806,"properties":{"amenity":"pharmacy","healthcare":"pharmacy","name":"Sirivej Pharmacy","name:th":"ศิริเวช 1","@type":"node","@id":12912369806},"geometry":{"type":"Point","coordinates":[100.6137167,13.9876301]}},{"type":"Feature","id":12912369809,"properties":{"amenity":"pharmacy","healthcare":"pharmacy","name":"Tia Charoen Bhesaj 3","name:th":"ร้านยาเตียเจริญเภสัช 3 สาขาอพาร์ตเมนต์รังสิต","@type":"node","@id":12912369809},"geometry":{"type":"Point","coordinates":[100.6132959,13.9871108]}},{"type":"Feature","id":13020789262,"properties":{"amenity":"pharmacy","check_date":"2025-07-24","healthcare":"pharmacy","name":"สุรินกัลยา ฟาร์ม่า","@type":"node","@id":13020789262},"geometry":{"type":"Point","coordinates":[100.6480657,13.6545714]}},{"type":"Feature","id":13068338854,"properties":{"amenity":"pharmacy","healthcare":"pharmacy","name":"TLP Pharmacy","name:en":"TLP Pharmacy","@type":"node","@id":13068338854},"geometry":{"type":"Point","coordinates":[100.5509605,13.7432806]}},{"type":"Feature","id":13127981084,"properties":{"amenity":"pharmacy","healthcare":"pharmacy","name":"จริงใจ","name:th":"จริงใจ","@type":"node","@id":13127981084},"geometry":{"type":"Point","coordinates":[100.5442806,13.7797196]}},{"type":"Feature","id":13185609452,"properties":{"amenity":"pharmacy","healthcare":"pharmacy","@type":"node","@id":13185609452},"geometry":{"type":"Point","coordinates":[100.5514137,13.7462366]}},{"type":"Feature","id":13271768545,"properties":{"amenity":"pharmacy","check_date":"2025-10-31","healthcare":"pharmacy","name:en":"MU terrace","@type":"node","@id":13271768545},"geometry":{"type":"Point","coordinates":[100.5255146,13.7417462]}},{"type":"Feature","id":13313390301,"properties":{"amenity":"pharmacy","name":"ยาเภสัชกร ​ฤทธิชัย","opening_hours":"Mo-Su 09:00-18:00","phone":"+66 98 915 4839","@type":"node","@id":13313390301},"geometry":{"type":"Point","coordinates":[100.5956569,13.6076259]}},{"type":"Feature","id":13350677401,"properties":{"amenity":"pharmacy","name":"DB Health Store","@type":"node","@id":13350677401},"geometry":{"type":"Point","coordinates":[100.6002245,13.7430241]}},{"type":"Feature","id":13355392241,"properties":{"addr:district":"บางรัก","addr:district:en":"Bang Rak","addr:district:th":"บางรัก","addr:postcode":"10500","addr:province":"กรุงเทพมหานคร","addr:street":"ถนนสีลม","addr:subdistrict":"สีลม","amenity":"pharmacy","building":"yes","building:levels":"5","healthcare":"pharmacy","name":"เอ็กซ์ต้า พลัส","name:en":"Extra Plus","name:th":"เอ็กซ์ต้า พลัส","@type":"node","@id":13355392241},"geometry":{"type":"Point","coordinates":[100.5203551,13.7234224]}},{"type":"Feature","id":13420385885,"properties":{"amenity":"pharmacy","healthcare":"pharmacy","@type":"node","@id":13420385885},"geometry":{"type":"Point","coordinates":[100.6355999,13.7528939]}},{"type":"Feature","id":13421439735,"properties":{"amenity":"pharmacy","healthcare":"pharmacy","name":"ศิริเวช 18","@type":"node","@id":13421439735},"geometry":{"type":"Point","coordinates":[100.688731,14.0009995]}},{"type":"Feature","id":13540029452,"properties":{"addr:district":"ลำลูกกา","addr:housenumber":"355/115-16 หมู่ที่ 15","addr:place":"อาคารผลไม้รวม 19 ห้องเลขที่ FO 05","addr:postcode":"12130","addr:province":"ปทุมธานี","addr:street":"ซอย พหลโยธิน 77","addr:subdistrict":"คูคต","amenity":"pharmacy","check_date":"2026-02-10","check_date:currency:XBT":"2026-03-16","contact:email":"orangepharma2024@gmail.com","contact:facebook":"https://www.facebook.com/profile.php?id=61573509907059","currency:XBT":"yes","healthcare":"pharmacy","name":"คลังยาอาม่า - ตลาดสี่มุมเมือง","opening_hours":"Mo-Su 07:00-24:00","payment:lightning":"yes","payment:lightning_contactless":"no","payment:onchain":"no","phone":"+66 84 242 5162","@type":"node","@id":13540029452},"geometry":{"type":"Point","coordinates":[100.6133034,13.9553167]}},{"type":"Feature","id":13622047395,"properties":{"amenity":"pharmacy","healthcare":"pharmacy","name":"Thai Pharmacy 4","@type":"node","@id":13622047395},"geometry":{"type":"Point","coordinates":[100.5775672,13.7783752]}},{"type":"Feature","id":13632830873,"properties":{"addr:district":"Don Mueang","addr:housenumber":"310/397","addr:postcode":"10210","addr:province":"Bangkok","addr:street":"ถนนสรงประภา","addr:subdistrict":"Si Kan","amenity":"pharmacy","check_date":"2026-03-11","check_date:currency:XBT":"2026-03-11","currency:XBT":"yes","email":"d.saidta@gmail.com","healthcare":"pharmacy","name":"ดอนเมืองฟาร์มาซี","name:en":"Don Pharmacy","opening_hours":"Mo-Su 11:00-20:00","payment:lightning":"yes","payment:lightning_contactless":"no","payment:onchain":"no","phone":"+66 93 965 7779","@type":"node","@id":13632830873},"geometry":{"type":"Point","coordinates":[100.5899719,13.9262417]}},{"type":"Feature","id":14157710412,"properties":{"amenity":"pharmacy","healthcare":"pharmacy","@type":"node","@id":14157710412},"geometry":{"type":"Point","coordinates":[100.576531,13.719643]}},{"type":"Feature","id":14239312936,"properties":{"amenity":"pharmacy","healthcare":"pharmacy","@type":"node","@id":14239312936},"geometry":{"type":"Point","coordinates":[100.7461865,13.7502998]}},{"type":"Feature","id":14246210679,"properties":{"amenity":"pharmacy","healthcare":"pharmacy","name":"Nanan Pharmacy","@type":"node","@id":14246210679},"geometry":{"type":"Point","coordinates":[100.7351558,13.7645517]}},{"type":"Feature","id":159378470,"properties":{"addr:district":"ปทุมวัน","addr:postcode":"10330","addr:province":"กรุงเทพมหานคร","addr:subdistrict":"ปทุมวัน","alt_name":"สถานปฎิบัติการเภสัชกรรมชุมชน","alt_name:en":"Community Pharmacy Laboratory","alt_name:th":"สถานปฎิบัติการเภสัชกรรมชุมชน","amenity":"pharmacy","building":"university","building:levels":"4","healthcare":"pharmacy","name":"โอสถศาลา","name:en":"Osotsala","name:th":"โอสถศาลา","ref":"OSOT","@type":"way","@id":159378470},"geometry":{"type":"Point","coordinates":[100.5306932,13.7439775]}},{"type":"Feature","id":316165050,"properties":{"amenity":"pharmacy","building":"yes","healthcare":"pharmacy","name":"ร้านยากรุงเทพ","opening_hours":"ทุกวัน 24 ชั่วโมง","@type":"way","@id":316165050},"geometry":{"type":"Point","coordinates":[100.65048,13.7965351]}},{"type":"Feature","id":316190737,"properties":{"addr:district":"บึงกุ่ม","addr:postcode":"10240","addr:province":"กรุงเทพมหานคร","addr:subdistrict":"คลองกุ่ม","amenity":"pharmacy","building":"yes","healthcare":"pharmacy","name":"ร้านยาพลังบุญ","@type":"way","@id":316190737},"geometry":{"type":"Point","coordinates":[100.6509836,13.7964177]}},{"type":"Feature","id":533087831,"properties":{"addr:district":"พระนคร","addr:housenumber":"240","addr:postcode":"10200","addr:province":"กรุงเทพมหานคร","addr:street":"ถนนกรุงเกษม","addr:subdistrict":"บางขุนพรหม","air_conditioned":"yes","alt_name:en":"J.Jaroen Pharmacy","amenity":"pharmacy","building":"commercial","name":"จ.เจริญเภสัช","name:en":"J.Jaroen Bhaesaj","name:th":"จ.เจริญเภสัช","opening_hours":"07:30-20:30","@type":"way","@id":533087831},"geometry":{"type":"Point","coordinates":[100.5058529,13.7670041]}},{"type":"Feature","id":583681540,"properties":{"addr:district":"พระนคร","addr:housenumber":"102/4","addr:postcode":"10200","addr:province":"กรุงเทพมหานคร","addr:subdistrict":"บางขุนพรหม","amenity":"pharmacy","building":"retail","name":"เทเวศร์เภสัช","name:th":"เทเวศร์เภสัช","official_name:th":"บริษัทเทเวศร์เภสัช จำกัด","@type":"way","@id":583681540},"geometry":{"type":"Point","coordinates":[100.5041421,13.7689093]}},{"type":"Feature","id":631492665,"properties":{"addr:housenumber":"103/3","addr:street":"ถนนสมเด็จพระปิ่นเกล้า","amenity":"pharmacy","building":"retail","healthcare":"pharmacy","name":"ห้องยา","name:th":"ห้องยา","@type":"way","@id":631492665},"geometry":{"type":"Point","coordinates":[100.4877289,13.7652987]}},{"type":"Feature","id":944285787,"properties":{"amenity":"pharmacy","dispensing":"yes","healthcare":"pharmacy","name":"มีกันโอสถ","name:en":"Mee Kun Osot Pharmacy Counter","name:th":"มีกันโอสถ","@type":"way","@id":944285787},"geometry":{"type":"Point","coordinates":[100.473994,13.8253756]}},{"type":"Feature","id":1125979571,"properties":{"addr:district":"บึงกุ่ม","addr:postcode":"10240","addr:province":"กรุงเทพมหานคร","addr:subdistrict":"คลองกุ่ม","amenity":"pharmacy","building":"yes","healthcare":"pharmacy","@type":"way","@id":1125979571},"geometry":{"type":"Point","coordinates":[100.6751992,13.7859852]}},{"type":"Feature","id":1204189307,"properties":{"addr:district":"บางรัก","addr:housenumber":"173/3;173/4","addr:postcode":"10500","addr:province":"กรุงเทพมหานคร","addr:street":"ซอยสันติภาพ","addr:subdistrict":"สี่พระยา","amenity":"pharmacy","building":"yes","building:levels":"6","healthcare":"pharmacy","name":"ยูโรชิน","name:en":"Eurochin","name:th":"ยูโรชิน","operator":"บริษัท ยูโรชิน จำกัด","@type":"way","@id":1204189307},"geometry":{"type":"Point","coordinates":[100.5258338,13.7296753]}},{"type":"Feature","id":1211935652,"properties":{"addr:district":"บางรัก","addr:postcode":"10500","addr:province":"กรุงเทพมหานคร","addr:street":"ถนนสีลม","addr:subdistrict":"สุริยวงศ์","amenity":"pharmacy","building":"yes","building:levels":"6","healthcare":"pharmacy","name":"โอโซน ฟาร์ม่า","name:en":"Ozone Pharma","name:th":"โอโซน ฟาร์ม่า","@type":"way","@id":1211935652},"geometry":{"type":"Point","coordinates":[100.528727,13.726756]}},{"type":"Feature","id":1211935653,"properties":{"addr:district":"บางรัก","addr:postcode":"10500","addr:province":"กรุงเทพมหานคร","addr:street":"ถนนสีลม","addr:subdistrict":"สุริยวงศ์","amenity":"pharmacy","building":"yes","building:levels":"6","healthcare":"pharmacy","name":"บีดี ฟาร์มา","name:en":"BD Pharma","name:th":"บีดี ฟาร์มา","@type":"way","@id":1211935653},"geometry":{"type":"Point","coordinates":[100.5287703,13.7267743]}},{"type":"Feature","id":1211935654,"properties":{"addr:district":"บางรัก","addr:postcode":"10500","addr:province":"กรุงเทพมหานคร","addr:street":"ถนนสีลม","addr:subdistrict":"สุริยวงศ์","amenity":"pharmacy","building":"yes","building:levels":"6","healthcare":"pharmacy","name":"Fascino","@type":"way","@id":1211935654},"geometry":{"type":"Point","coordinates":[100.5288144,13.7267923]}},{"type":"Feature","id":1214032298,"properties":{"addr:district":"บางรัก","addr:housenumber":"23","addr:postcode":"10500","addr:province":"กรุงเทพมหานคร","addr:street":"ถนนนเรศ","addr:subdistrict":"สี่พระยา","amenity":"pharmacy","building":"yes","healthcare":"pharmacy","name":"ชุมชนยา","name:en":"Chunchon Ya","name:th":"ชุมชนยา","@type":"way","@id":1214032298},"geometry":{"type":"Point","coordinates":[100.5236366,13.7301031]}},{"type":"Feature","id":1217747173,"properties":{"addr:district":"สาทร","addr:housenumber":"506/2","addr:postcode":"10120","addr:province":"กรุงเทพมหานคร","addr:street":"ถนนสวนพลู","addr:subdistrict":"ทุ่งมหาเมฆ","amenity":"pharmacy","branch":"ตลาดสวนพลู","building":"retail","building:levels":"4","drive_through":"no","healthcare":"pharmacy","name":"ร้านยากรุงเทพ","name:en":"Bangkok Drug Store","name:th":"ร้านยากรุงเทพ","smoking":"no","@type":"way","@id":1217747173},"geometry":{"type":"Point","coordinates":[100.5385003,13.7190213]}},{"type":"Feature","id":1217751171,"properties":{"addr:district":"สาทร","addr:housenumber":"486;484","addr:postcode":"10120","addr:province":"กรุงเทพมหานคร","addr:street":"ถนนสวนพลู","addr:subdistrict":"ทุ่งมหาเมฆ","amenity":"pharmacy","building":"retail","building:levels":"5","healthcare":"pharmacy","name":"อุดมเภสัช","name:en":"Udom Pharma","name:th":"อุดมเภสัช","@type":"way","@id":1217751171},"geometry":{"type":"Point","coordinates":[100.5381591,13.7195452]}},{"type":"Feature","id":1217754667,"properties":{"addr:district":"สาทร","addr:housenumber":"506","addr:postcode":"10120","addr:province":"กรุงเทพมหานคร","addr:street":"ถนนสวนพลู","addr:subdistrict":"ทุ่งมหาเมฆ","amenity":"pharmacy","building":"retail","building:levels":"5","healthcare":"pharmacy","name":"ฟาร์มาร์ท 2","name:en":"Pharmart 2","name:th":"ฟาร์มาร์ท 2","@type":"way","@id":1217754667},"geometry":{"type":"Point","coordinates":[100.5383448,13.7192607]}},{"type":"Feature","id":1219316415,"properties":{"addr:district":"สาทร","addr:housenumber":"499","addr:postcode":"10120","addr:province":"กรุงเทพมหานคร","addr:street":"ถนนสวนพลู","addr:subdistrict":"ทุ่งมหาเมฆ","amenity":"pharmacy","building":"commercial","building:levels":"3","healthcare":"pharmacy","name":"สวนพลูเภสัช","name:en":"Suanplu Pharmacy","name:th":"สวนพลูเภสัช","@type":"way","@id":1219316415},"geometry":{"type":"Point","coordinates":[100.5390886,13.718619]}},{"type":"Feature","id":1219725040,"properties":{"addr:district":"สาทร","addr:housenumber":"183/6","addr:postcode":"10120","addr:province":"กรุงเทพมหานคร","addr:street":"ถนนสวนพลู","addr:subdistrict":"ทุ่งมหาเมฆ","amenity":"pharmacy","building":"commercial","building:levels":"5","healthcare":"pharmacy","name":"ก.ฟาร์มาซี","@type":"way","@id":1219725040},"geometry":{"type":"Point","coordinates":[100.5381653,13.7200162]}},{"type":"Feature","id":1222892285,"properties":{"addr:district":"ยานนาวา","addr:postcode":"10120","addr:province":"กรุงเทพมหานคร","addr:street":"ถนนนางลิ้นจี่","addr:subdistrict":"ช่องนนทรี","amenity":"pharmacy","building":"commercial","building:levels":"6","healthcare":"pharmacy","name":"บางกอกฟาร์มาชูติคอล","name:th":"บางกอกฟาร์มาชูติคอล","@type":"way","@id":1222892285},"geometry":{"type":"Point","coordinates":[100.5434885,13.7076442]}},{"type":"Feature","id":1222892295,"properties":{"addr:district":"ยานนาวา","addr:housenumber":"309/4","addr:postcode":"10120","addr:province":"กรุงเทพมหานคร","addr:street":"ถนนนางลิ้นจี่","addr:subdistrict":"ช่องนนทรี","amenity":"pharmacy","building":"commercial","building:levels":"6","healthcare":"pharmacy","name":"จุฬาเภสัช","name:en":"Chula Phama","name:th":"จุฬาเภสัช","@type":"way","@id":1222892295},"geometry":{"type":"Point","coordinates":[100.5434368,13.7077408]}},{"type":"Feature","id":1226659212,"properties":{"addr:district":"บางรัก","addr:housenumber":"50/5;50/6;50/7","addr:postcode":"10500","addr:province":"กรุงเทพมหานคร","addr:street":"ถนนสีลม","addr:subdistrict":"สุริยวงศ์","amenity":"pharmacy","brand":"Boots","brand:wikidata":"Q6123139","building":"commercial","building:levels":"4","healthcare":"pharmacy","name":"Boots","@type":"way","@id":1226659212},"geometry":{"type":"Point","coordinates":[100.534538,13.7288681]}},{"type":"Feature","id":1227028450,"properties":{"addr:district":"สัมพันธวงศ์","addr:housenumber":"24;26","addr:postcode":"10100","addr:province":"กรุงเทพมหานคร","addr:subdistrict":"ตลาดน้อย","amenity":"pharmacy","building":"commercial","building:levels":"4","healthcare":"pharmacy","name":"ห้างขายยาลิ่มฮั่วหมง","name:en":"Lim Hua Mong Pharmacy","name:th":"ห้างขายยาลิ่มฮั่วหมง","operator":"ห้างหุ้นส่วนสามัญนิติบุคคล ห้างขายยาลิ่มฮั่วหมง","@type":"way","@id":1227028450},"geometry":{"type":"Point","coordinates":[100.5128462,13.7395147]}},{"type":"Feature","id":1227028451,"properties":{"addr:district":"สัมพันธวงศ์","addr:housenumber":"22","addr:postcode":"10100","addr:province":"กรุงเทพมหานคร","addr:street":"ถนนลำพูนไชย","addr:subdistrict":"ตลาดน้อย","amenity":"pharmacy","building":"commercial","building:levels":"8","healthcare":"pharmacy","name":"ห้างขายยาเต๊กซิ่วตึ๊ง","name:en":"Tek Siu Tung Phamacy","name:th":"ห้างขายยาเต๊กซิ่วตึ๊ง","@type":"way","@id":1227028451},"geometry":{"type":"Point","coordinates":[100.5128905,13.7395275]}},{"type":"Feature","id":1227631098,"properties":{"addr:housenumber":"401;403","addr:street":"ถนนนครสวรรค์","amenity":"pharmacy","building":"commercial","building:levels":"2","healthcare":"pharmacy","name":"จีแซตึ้ง","name:en":"Ji Saetung","name:th":"จีแซตึ้ง","@type":"way","@id":1227631098},"geometry":{"type":"Point","coordinates":[100.5119708,13.7598222]}},{"type":"Feature","id":1229849698,"properties":{"amenity":"pharmacy","building":"yes","healthcare":"pharmacy","name":"โอสถโดม","name:en":"Dome Phamacy","name:th":"โอสถโดม","@type":"way","@id":1229849698},"geometry":{"type":"Point","coordinates":[100.597002,14.0764585]}},{"type":"Feature","id":1235106777,"properties":{"addr:district":"บางรัก","addr:housenumber":"717/21","addr:postcode":"10500","addr:province":"กรุงเทพมหานคร","addr:street":"ถนนสี่พระยา","addr:subdistrict":"บางรัก","amenity":"pharmacy","building":"commercial","healthcare":"pharmacy","name":"เภสัชกร","name:th":"เภสัชกร","@type":"way","@id":1235106777},"geometry":{"type":"Point","coordinates":[100.5154453,13.7300349]}},{"type":"Feature","id":1235161340,"properties":{"addr:district":"สัมพันธวงศ์","addr:housenumber":"1020/2","addr:postcode":"10100","addr:province":"กรุงเทพมหานคร","addr:street":"ถนนเจริญกรุง","addr:subdistrict":"ตลาดน้อย","amenity":"pharmacy","building":"commercial","healthcare":"pharmacy","name":"ดาวทอง","name:en":"Dao Tong","name:th":"ดาวทอง","operator":"บริษัท ไอบีวัน จำกัด","@type":"way","@id":1235161340},"geometry":{"type":"Point","coordinates":[100.5144422,13.7322162]}},{"type":"Feature","id":1236783008,"properties":{"addr:district":"บางรัก","addr:housenumber":"1286","addr:postcode":"10500","addr:province":"กรุงเทพมหานคร","addr:street":"ถนนเจริญกรุง","addr:subdistrict":"บางรัก","amenity":"pharmacy","building":"commercial","building:levels":"4","healthcare":"pharmacy","name":"ห้างขายยา โอเรียลเต็ล","name:en":"Oriental Dispensary","name:th":"ห้างขายยา โอเรียลเต็ล","@type":"way","@id":1236783008},"geometry":{"type":"Point","coordinates":[100.5163216,13.723837]}},{"type":"Feature","id":1237710185,"properties":{"addr:district":"บางรัก","addr:district:en":"Bang Rak","addr:district:th":"บางรัก","addr:postcode":"10500","addr:province":"กรุงเทพมหานคร","addr:subdistrict":"สีลม","amenity":"pharmacy","building":"yes","healthcare":"pharmacy","name":"Silom Health Care","name:en":"Silom Health Care","name:th":"สีลม เฮลธ์ แคร์","@type":"way","@id":1237710185},"geometry":{"type":"Point","coordinates":[100.5285149,13.7261806]}},{"type":"Feature","id":1237710186,"properties":{"addr:district":"บางรัก","addr:district:en":"Bang Rak","addr:district:th":"บางรัก","addr:postcode":"10500","addr:province":"กรุงเทพมหานคร","addr:subdistrict":"สีลม","amenity":"pharmacy","building":"yes","healthcare":"pharmacy","name":"SJ Pharmacy","name:en":"SJ Pharmacy","name:th":"เอสเจ ฟาร์มาซี","@type":"way","@id":1237710186},"geometry":{"type":"Point","coordinates":[100.5285269,13.7261527]}},{"type":"Feature","id":1241297493,"properties":{"addr:district":"สัมพันธวงศ์","addr:housenumber":"28;30","addr:postcode":"10100","addr:province":"กรุงเทพมหานคร","addr:street":"ถนนกลันตัน","addr:subdistrict":"ตลาดน้อย","amenity":"pharmacy","building":"commercial","building:levels":"2","healthcare":"pharmacy","name":"ลิ้มเทียนเซ้ง","name:en":"Lim Tian Seng","name:th":"ลิ้มเทียนเซ้ง","operator":"บริษัท เธียรประเสริฐ ลิ้มเทียนเซ้ง จำกัด","@type":"way","@id":1241297493},"geometry":{"type":"Point","coordinates":[100.5131955,13.7389776]}},{"type":"Feature","id":1241448325,"properties":{"addr:district":"สัมพันธวงศ์","addr:postcode":"10100","addr:province":"กรุงเทพมหานคร","addr:subdistrict":"ตลาดน้อย","amenity":"pharmacy","building":"commercial","building:levels":"4","healthcare":"pharmacy","name":"สินไทยโอสถ","name:en":"Sinthai Osoth","name:th":"สินไทยโอสถ","@type":"way","@id":1241448325},"geometry":{"type":"Point","coordinates":[100.5129433,13.7387959]}},{"type":"Feature","id":1241448326,"properties":{"addr:district":"สัมพันธวงศ์","addr:postcode":"10100","addr:province":"กรุงเทพมหานคร","addr:subdistrict":"ตลาดน้อย","amenity":"pharmacy","building":"commercial","building:levels":"5","healthcare":"pharmacy","name":"จิวเง็กตึ้ง","name:en":"Jew Ngek Tueng","name:th":"จิวเง็กตึ้ง","operator":"ข้อมูล บริษัท จิวเง็กตึ๊ง ฟาร์มาซี จำกัด","@type":"way","@id":1241448326},"geometry":{"type":"Point","coordinates":[100.5129227,13.7386787]}},{"type":"Feature","id":1274783732,"properties":{"addr:district":"วัฒนา","addr:housenumber":"111","addr:postcode":"10110","addr:province":"กรุงเทพมหานคร","addr:street":"ถนนสุขุมวิท","addr:subdistrict":"คลองเตยเหนือ","amenity":"pharmacy","building":"commercial","healthcare":"pharmacy","name":"L.B. Pharmacy","@type":"way","@id":1274783732},"geometry":{"type":"Point","coordinates":[100.5546465,13.7413739]}},{"type":"Feature","id":1274819173,"properties":{"addr:district":"สัมพันธวงศ์","addr:housenumber":"893/10","addr:postcode":"10100","addr:province":"กรุงเทพมหานคร","addr:street":"ถนนนี้จงสวัสดิ","addr:subdistrict":"ตลาดน้อย","amenity":"pharmacy","building":"commercial","building:levels":"3","healthcare":"pharmacy","@type":"way","@id":1274819173},"geometry":{"type":"Point","coordinates":[100.5151058,13.7332416]}},{"type":"Feature","id":1292444752,"properties":{"addr:district":"คลองเตย","addr:housenumber":"6","addr:postcode":"10110","addr:province":"กรุงเทพมหานคร","addr:street":"ซอยสุขุมวิท 4","addr:subdistrict":"คลองเตย","amenity":"pharmacy","building":"commercial","building:levels":"4","healthcare":"pharmacy","name":"Blez Pharmacy","name:en":"Blez Pharmacy","@type":"way","@id":1292444752},"geometry":{"type":"Point","coordinates":[100.5529048,13.7411123]}},{"type":"Feature","id":1292444781,"properties":{"addr:district":"คลองเตย","addr:housenumber":"96","addr:postcode":"10110","addr:province":"กรุงเทพมหานคร","addr:street":"ถนนสุขุมวิท","addr:subdistrict":"คลองเตย","amenity":"pharmacy","building":"commercial","building:levels":"2","healthcare":"pharmacy","name":"ร้านขายยาเจอาร์","name:en":"J.R. Pharmacy","name:th":"ร้านขายยาเจอาร์","@type":"way","@id":1292444781},"geometry":{"type":"Point","coordinates":[100.5525755,13.7420055]}},{"type":"Feature","id":1298092443,"properties":{"addr:district":"คลองเตย","addr:housenumber":"26/1","addr:postcode":"10110","addr:province":"กรุงเทพมหานคร","addr:street":"ซอยสุขุมวิท 4","addr:subdistrict":"คลองเตย","amenity":"pharmacy","building":"yes","healthcare":"pharmacy","name":"โสภนเภสัช","name:en":"Sophon Pharmacy","name:th":"โสภนเภสัช","@type":"way","@id":1298092443},"geometry":{"type":"Point","coordinates":[100.5529764,13.7383291]}},{"type":"Feature","id":1302705524,"properties":{"addr:district":"สัมพันธวงศ์","addr:housenumber":"920/1","addr:postcode":"10100","addr:province":"กรุงเทพมหานคร","addr:street":"ถนนเจริญกรุง","addr:subdistrict":"ตลาดน้อย","amenity":"pharmacy","building":"commercial","building:levels":"3","healthcare":"pharmacy","name":"เต๊กแซตึ้ง โอสถสถาน","name:en":"Teksaetueng Osotsathan","name:th":"เต๊กแซตึ้ง โอสถสถาน","@type":"way","@id":1302705524},"geometry":{"type":"Point","coordinates":[100.5140433,13.7341667]}},{"type":"Feature","id":1305599190,"properties":{"addr:district":"ป้อมปราบศัตรูพ่าย","addr:housenumber":"98","addr:postcode":"10100","addr:province":"กรุงเทพมหานคร","addr:street":"ซอยนานา","addr:subdistrict":"ป้อมปราบ","amenity":"pharmacy","building":"commercial","building:levels":"3","healthcare":"pharmacy","name":"ห้างขายยาเต็กสิ่ง","@type":"way","@id":1305599190},"geometry":{"type":"Point","coordinates":[100.5138417,13.7396097]}},{"type":"Feature","id":1305599195,"properties":{"addr:district":"ป้อมปราบศัตรูพ่าย","addr:housenumber":"90","addr:postcode":"10100","addr:province":"กรุงเทพมหานคร","addr:street":"ซอยนานา","addr:subdistrict":"ป้อมปราบ","amenity":"pharmacy","building":"commercial","building:levels":"3","healthcare":"pharmacy","name":"ห้างขายยาสุ่นเฮงจั่น","name:th":"ห้างขายยาสุ่นเฮงจั่น","@type":"way","@id":1305599195},"geometry":{"type":"Point","coordinates":[100.5138755,13.739722]}},{"type":"Feature","id":1305599196,"properties":{"addr:district":"ป้อมปราบศัตรูพ่าย","addr:housenumber":"88","addr:postcode":"10100","addr:province":"กรุงเทพมหานคร","addr:street":"ซอยนานา","addr:subdistrict":"ป้อมปราบ","amenity":"pharmacy","building":"commercial","building:levels":"3","healthcare":"pharmacy","name":"ร้านขายยาสุ่นเฮงจั่น","@type":"way","@id":1305599196},"geometry":{"type":"Point","coordinates":[100.5138822,13.7397445]}},{"type":"Feature","id":1306646512,"properties":{"amenity":"pharmacy","building":"yes","healthcare":"pharmacy","@type":"way","@id":1306646512},"geometry":{"type":"Point","coordinates":[100.601191,14.0740515]}},{"type":"Feature","id":1326437371,"properties":{"addr:district":"ดินแดง","addr:housenumber":"12","addr:postcode":"10400","addr:province":"กรุงเทพมหานคร","addr:street":"ซอยประชาสงเคราะห์ 2","addr:subdistrict":"ดินแดง","amenity":"pharmacy","building":"yes","building:levels":"2","healthcare":"pharmacy","name":"บ้านหมอยา","name:th":"บ้านหมอยา","@type":"way","@id":1326437371},"geometry":{"type":"Point","coordinates":[100.5559674,13.7620294]}},{"type":"Feature","id":1337324750,"properties":{"addr:district":"ยานนาวา","addr:housenumber":"1/6","addr:postcode":"10120","addr:province":"กรุงเทพมหานคร","addr:street":"ถนนเย็นอากาศ","addr:subdistrict":"ช่องนนทรี","amenity":"pharmacy","building":"house","building:levels":"3","healthcare":"pharmacy","name":"Stardrug","@type":"way","@id":1337324750},"geometry":{"type":"Point","coordinates":[100.5487593,13.7187247]}},{"type":"Feature","id":1341993491,"properties":{"addr:district":"ยานนาวา","addr:housenumber":"236/13","addr:postcode":"10120","addr:province":"กรุงเทพมหานคร","addr:street":"ซอยพระรามที่ 3 ซอย 77 แยก 4","addr:subdistrict":"ช่องนนทรี","amenity":"pharmacy","building":"house","building:levels":"5","healthcare":"pharmacy","name":"ช่องนนทรีย์เภสัช","@type":"way","@id":1341993491},"geometry":{"type":"Point","coordinates":[100.5504171,13.7115632]}},{"type":"Feature","id":1354601716,"properties":{"addr:district":"ปทุมวัน","addr:housenumber":"1939-1941","addr:province":"กรุงเทพมหานคร","addr:street":"ถนนพระรามที่ 4","addr:subdistrict":"ลุมพินี","amenity":"pharmacy","building":"commercial","building:levels":"5","healthcare":"pharmacy","name":"บ้วนหยูเวชภัณฑ์","name:th":"บ้วนหยูเวชภัณฑ์","@type":"way","@id":1354601716},"geometry":{"type":"Point","coordinates":[100.5498812,13.7242805]}},{"type":"Feature","id":1354601717,"properties":{"addr:district":"ปทุมวัน","addr:housenumber":"1937","addr:province":"กรุงเทพมหานคร","addr:street":"ถนนพระรามที่ 4","addr:subdistrict":"ลุมพินี","amenity":"pharmacy","building":"commercial","building:levels":"5","healthcare":"pharmacy","name":"หมอยา 4","name:th":"หมอยา 4","@type":"way","@id":1354601717},"geometry":{"type":"Point","coordinates":[100.5498299,13.7243019]}},{"type":"Feature","id":1363651440,"properties":{"addr:district":"ดินแดง","addr:postcode":"10400","addr:province":"กรุงเทพมหานคร","addr:subdistrict":"รัชดาภิเษก","amenity":"pharmacy","building":"yes","healthcare":"pharmacy","name":"บ้านยา","@type":"way","@id":1363651440},"geometry":{"type":"Point","coordinates":[100.5598464,13.7779535]}},{"type":"Feature","id":1365466789,"properties":{"addr:district":"สัมพันธวงศ์","addr:housenumber":"72","addr:postcode":"10100","addr:province":"กรุงเทพมหานคร","addr:street":"ถนนพระรามที่ 4","addr:subdistrict":"ตลาดน้อย","amenity":"pharmacy","building":"commercial","building:levels":"2","healthcare":"pharmacy","name":"ฮั่วฮั้ว","@type":"way","@id":1365466789},"geometry":{"type":"Point","coordinates":[100.5141536,13.7388107]}},{"type":"Feature","id":1368031235,"properties":{"addr:district":"ดินแดง","addr:housenumber":"12","addr:postcode":"10400","addr:province":"กรุงเทพมหานคร","addr:street":"ซอยประชาสงเคราะห์ 21 แยก 6-1","addr:subdistrict":"รัชดาภิเษก","amenity":"pharmacy","building":"house","building:levels":"3","healthcare":"pharmacy","name":"ร้านบ้านยา","name:th":"ร้านบ้านยา","@type":"way","@id":1368031235},"geometry":{"type":"Point","coordinates":[100.5581706,13.7730683]}},{"type":"Feature","id":1415899888,"properties":{"addr:district":"สัมพันธวงศ์","addr:housenumber":"95","addr:postcode":"10100","addr:province":"กรุงเทพมหานคร","addr:street":"ถนนมิตรภาพไทย-จีน","addr:subdistrict":"ตลาดน้อย","amenity":"pharmacy","building":"yes","healthcare":"pharmacy","name":"ยาไตรมิตร","@type":"way","@id":1415899888},"geometry":{"type":"Point","coordinates":[100.514808,13.7379647]}},{"type":"Feature","id":1416960195,"properties":{"amenity":"pharmacy","building":"yes","healthcare":"pharmacy","name":"SK Pharmacy","name:th":"เอสเค ฟาร์มาซี","@type":"way","@id":1416960195},"geometry":{"type":"Point","coordinates":[100.6459338,13.6555536]}},{"type":"Feature","id":1441990305,"properties":{"amenity":"pharmacy","building":"yes","healthcare":"pharmacy","name":"ใบเงินฟาร์มา","@type":"way","@id":1441990305},"geometry":{"type":"Point","coordinates":[100.7520921,13.9721089]}},{"type":"Feature","id":1443267408,"properties":{"amenity":"pharmacy","building":"yes","healthcare":"pharmacy","name":"ใกล้หมอยา","name:th":"ใกล้หมอยา","@type":"way","@id":1443267408},"geometry":{"type":"Point","coordinates":[100.6979977,13.6645135]}},{"type":"Feature","id":1452541930,"properties":{"amenity":"pharmacy","building":"commercial","healthcare":"pharmacy","name":"ตู้ยาอารีย์","name:th":"ตู้ยาอารีย์","@type":"way","@id":1452541930},"geometry":{"type":"Point","coordinates":[100.544109,13.7777185]}},{"type":"Feature","id":1453904443,"properties":{"addr:district":"พระนคร","addr:housenumber":"145-147","addr:postcode":"10200","addr:province":"กรุงเทพมหานคร","addr:street":"ถนนบำรุงเมือง","addr:subdistrict":"เสาชิงช้า","amenity":"pharmacy","building":"commercial","building:levels":"3","healthcare":"pharmacy","name":"เสาชิงช้าโอสถ","name:th":"เสาชิงช้าโอสถ","@type":"way","@id":1453904443},"geometry":{"type":"Point","coordinates":[100.5004865,13.7518781]}},{"type":"Feature","id":1453915278,"properties":{"addr:district":"พระนคร","addr:postcode":"10200","addr:province":"กรุงเทพมหานคร","addr:subdistrict":"เสาชิงช้า","amenity":"pharmacy","building":"commercial","building:levels":"5","healthcare":"pharmacy","name":"สมบูรณ์โอสถ","name:th":"สมบูรณ์โอสถ","@type":"way","@id":1453915278},"geometry":{"type":"Point","coordinates":[100.5009627,13.7533395]}},{"type":"Feature","id":1454086711,"properties":{"addr:district":"พระนคร","addr:housenumber":"224/4-5","addr:postcode":"10200","addr:province":"กรุงเทพมหานคร","addr:street":"ถนนดินสอ","addr:subdistrict":"เสาชิงช้า","amenity":"pharmacy","building":"commercial","building:levels":"3","healthcare":"pharmacy","name":"เคียงโอสถ","name:th":"เคียงโอสถ","@type":"way","@id":1454086711},"geometry":{"type":"Point","coordinates":[100.5008991,13.7527545]}},{"type":"Feature","id":1456994188,"properties":{"amenity":"pharmacy","building":"commercial","healthcare":"pharmacy","name":"Chemist pharmacy","opening_hours":"Mo-Su 09:00-00:00","@type":"way","@id":1456994188},"geometry":{"type":"Point","coordinates":[100.5531743,13.7423243]}},{"type":"Feature","id":1469702349,"properties":{"amenity":"pharmacy","building":"yes","healthcare":"pharmacy","name":"ร้านยากรุงเทพ","@type":"way","@id":1469702349},"geometry":{"type":"Point","coordinates":[100.5756733,13.820068]}},{"type":"Feature","id":1505009334,"properties":{"addr:district":"พระนคร","addr:housenumber":"478-480","addr:postcode":"10200","addr:province":"กรุงเทพมหานคร","addr:street":"ถนนตะนาว","addr:subdistrict":"เสาชิงช้า","amenity":"pharmacy","building":"commercial","building:levels":"3","healthcare":"pharmacy","name":"ตะนาวเภสัช","name:en":"Tanao Phama","name:th":"ตะนาวเภสัช","@type":"way","@id":1505009334},"geometry":{"type":"Point","coordinates":[100.4983616,13.7535946]}},{"type":"Feature","id":1506651309,"properties":{"addr:district":"พระนคร","addr:housenumber":"9/5","addr:postcode":"10200","addr:province":"กรุงเทพมหานคร","addr:street":"ถนนมหรรณพ","addr:subdistrict":"เสาชิงช้า","amenity":"pharmacy","building":"commercial","building:levels":"5","healthcare":"pharmacy","name":"ร้านเภสัช","@type":"way","@id":1506651309},"geometry":{"type":"Point","coordinates":[100.4989661,13.7538663]}},{"type":"Feature","id":1516368694,"properties":{"addr:district":"พระนคร","addr:postcode":"10200","addr:province":"กรุงเทพมหานคร","addr:street":"ถนนข้าวสาร","addr:subdistrict":"ตลาดยอด","amenity":"pharmacy","brand":"Boots","brand:wikidata":"Q6123139","building":"commercial","healthcare":"pharmacy","name":"Boots","name:en":"Boots","wheelchair":"limited","@type":"way","@id":1516368694},"geometry":{"type":"Point","coordinates":[100.498264,13.7585658]}},{"type":"Feature","id":1525146186,"properties":{"addr:district":"พระนคร","addr:housenumber":"74/2","addr:postcode":"10200","addr:province":"กรุงเทพมหานคร","addr:street":"ถนนมหาไชย","addr:subdistrict":"สำราญราษฎร์","amenity":"pharmacy","building":"commercial","building:levels":"2","healthcare":"pharmacy","name":"ซีเอชแอลเฮลธ์แคร์","name:en":"CHL Healthcare","name:th":"ซีเอชแอลเฮลธ์แคร์","@type":"way","@id":1525146186},"geometry":{"type":"Point","coordinates":[100.5045507,13.7528011]}},{"type":"Feature","id":1548850264,"properties":{"addr:district":"บางกอกน้อย","addr:housenumber":"979","addr:postcode":"10700","addr:province":"กรุงเทพมหานคร","addr:street":"ถนนอรุณอมรินทร์","addr:subdistrict":"ศิริราช","amenity":"pharmacy","brand":"Fascino","building":"yes","building:levels":"5","dispensing":"yes","healthcare":"pharmacy","name":"Fascino","name:th":"Fascino","@type":"way","@id":1548850264},"geometry":{"type":"Point","coordinates":[100.4829977,13.7571123]}},{"type":"Feature","id":1548850719,"properties":{"addr:district":"บางกอกน้อย","addr:housenumber":"949","addr:postcode":"10700","addr:province":"กรุงเทพมหานคร","addr:street":"ถนนอรุณอมรินทร์","addr:subdistrict":"ศิริราช","amenity":"pharmacy","building":"commercial","building:levels":"4","dispensing":"yes","healthcare":"pharmacy","name":"พรสุขเภสัช","name:th":"พรสุขเภสัช","@type":"way","@id":1548850719},"geometry":{"type":"Point","coordinates":[100.4832007,13.7566286]}},{"type":"Feature","id":1556585459,"properties":{"amenity":"pharmacy","building":"yes","healthcare":"pharmacy","@type":"way","@id":1556585459},"geometry":{"type":"Point","coordinates":[100.576545,13.7196293]}},{"type":"Feature","id":1562720191,"properties":{"addr:district":"พระนคร","addr:housenumber":"101","addr:postcode":"10200","addr:province":"กรุงเทพมหานคร","addr:street":"ถนนบุญศิริ","addr:subdistrict":"ศาลเจ้าพ่อเสือ","amenity":"pharmacy","building":"commercial","building:levels":"3","healthcare":"pharmacy","house":"terraced","name":"สี่เภสัช","name:th":"สี่เภสัช","@type":"way","@id":1562720191},"geometry":{"type":"Point","coordinates":[100.4976686,13.7547372]}},{"type":"Feature","id":301327985,"properties":{"amenity":"pharmacy","dispensing":"yes","healthcare":"pharmacy","@type":"node","@id":301327985},"geometry":{"type":"Point","coordinates":[100.881067,12.9331489]}},{"type":"Feature","id":301552679,"properties":{"amenity":"pharmacy","dispensing":"yes","healthcare":"pharmacy","@type":"node","@id":301552679},"geometry":{"type":"Point","coordinates":[100.8881188,12.9430463]}},{"type":"Feature","id":301766474,"properties":{"amenity":"pharmacy","dispensing":"yes","healthcare":"pharmacy","name":"Super Drug","@type":"node","@id":301766474},"geometry":{"type":"Point","coordinates":[100.8887413,12.9453525]}},{"type":"Feature","id":303896272,"properties":{"amenity":"pharmacy","dispensing":"yes","healthcare":"pharmacy","name":"Pro Pharmacy","@type":"node","@id":303896272},"geometry":{"type":"Point","coordinates":[100.8759211,12.9282527]}},{"type":"Feature","id":303896282,"properties":{"amenity":"pharmacy","dispensing":"yes","healthcare":"pharmacy","@type":"node","@id":303896282},"geometry":{"type":"Point","coordinates":[100.8751743,12.9265717]}},{"type":"Feature","id":303896296,"properties":{"addr:street":"พัทยาสายสอง","amenity":"pharmacy","dispensing":"yes","healthcare":"pharmacy","name":"รวมยา ฟาร์มาซี","name:en":"Ruamya Pharmacy","@type":"node","@id":303896296},"geometry":{"type":"Point","coordinates":[100.8736411,12.9247861]}},{"type":"Feature","id":411313943,"properties":{"amenity":"pharmacy","dispensing":"yes","healthcare":"pharmacy","@type":"node","@id":411313943},"geometry":{"type":"Point","coordinates":[100.8758374,12.9235039]}},{"type":"Feature","id":415291967,"properties":{"amenity":"pharmacy","dispensing":"yes","healthcare":"pharmacy","name:en":"Wisdom Pharmacy","@type":"node","@id":415291967},"geometry":{"type":"Point","coordinates":[100.8800733,12.9251493]}},{"type":"Feature","id":423747110,"properties":{"amenity":"pharmacy","dispensing":"yes","healthcare":"pharmacy","name":"Guardian Pharmacy","@type":"node","@id":423747110},"geometry":{"type":"Point","coordinates":[100.8838412,12.9296773]}},{"type":"Feature","id":1574215715,"properties":{"amenity":"pharmacy","healthcare":"pharmacy","name":"Corner Pharmacy","@type":"node","@id":1574215715},"geometry":{"type":"Point","coordinates":[100.8845175,12.9365332]}},{"type":"Feature","id":1574215765,"properties":{"amenity":"pharmacy","healthcare":"pharmacy","@type":"node","@id":1574215765},"geometry":{"type":"Point","coordinates":[100.8847963,12.9364124]}},{"type":"Feature","id":1574217928,"properties":{"amenity":"pharmacy","healthcare":"pharmacy","name":"Wealth Pharmacy","@type":"node","@id":1574217928},"geometry":{"type":"Point","coordinates":[100.885646,12.9348978]}},{"type":"Feature","id":1584469389,"properties":{"amenity":"pharmacy","healthcare":"pharmacy","name":"Pronya","@type":"node","@id":1584469389},"geometry":{"type":"Point","coordinates":[100.8712083,12.9150683]}},{"type":"Feature","id":1598721142,"properties":{"amenity":"pharmacy","healthcare":"pharmacy","name":"Inter Pharmacy","@type":"node","@id":1598721142},"geometry":{"type":"Point","coordinates":[100.8906608,12.9552646]}},{"type":"Feature","id":1602049698,"properties":{"amenity":"pharmacy","healthcare":"pharmacy","name":"Plus Pharmacy","@type":"node","@id":1602049698},"geometry":{"type":"Point","coordinates":[100.8681649,12.8995854]}},{"type":"Feature","id":1603325121,"properties":{"amenity":"pharmacy","healthcare":"pharmacy","name":"Knowing","@type":"node","@id":1603325121},"geometry":{"type":"Point","coordinates":[100.87208,12.8973681]}},{"type":"Feature","id":1800848217,"properties":{"amenity":"pharmacy","@type":"node","@id":1800848217},"geometry":{"type":"Point","coordinates":[101.2809277,12.6783845]}},{"type":"Feature","id":1812435226,"properties":{"addr:postcode":"21140","amenity":"pharmacy","dispensing":"yes","name":"ร้านยา เภสัชกรจารุณี","@type":"node","@id":1812435226},"geometry":{"type":"Point","coordinates":[101.2120574,12.9803393]}},{"type":"Feature","id":2696418533,"properties":{"amenity":"pharmacy","@type":"node","@id":2696418533},"geometry":{"type":"Point","coordinates":[100.9361954,13.2815397]}},{"type":"Feature","id":2739049503,"properties":{"amenity":"pharmacy","healthcare":"pharmacy","name":"พัทยา ฟาร์มาชี(2)","name:th":"พัทยา ฟาร์มาชี(2)","@type":"node","@id":2739049503},"geometry":{"type":"Point","coordinates":[100.8696607,12.8968631]}},{"type":"Feature","id":3017666434,"properties":{"amenity":"pharmacy","dispensing":"no","healthcare":"pharmacy","@type":"node","@id":3017666434},"geometry":{"type":"Point","coordinates":[100.8998605,12.9681378]}},{"type":"Feature","id":3053714309,"properties":{"amenity":"pharmacy","healthcare":"pharmacy","@type":"node","@id":3053714309},"geometry":{"type":"Point","coordinates":[100.9437349,13.0196866]}},{"type":"Feature","id":3053716233,"properties":{"amenity":"pharmacy","healthcare":"pharmacy","@type":"node","@id":3053716233},"geometry":{"type":"Point","coordinates":[100.9437715,13.0196668]}},{"type":"Feature","id":3313912777,"properties":{"amenity":"pharmacy","dispensing":"no","healthcare":"pharmacy","name":"PK Pharmacy","@type":"node","@id":3313912777},"geometry":{"type":"Point","coordinates":[100.8914695,12.956742]}},{"type":"Feature","id":3440255378,"properties":{"amenity":"pharmacy","brand":"Boots","brand:wikidata":"Q6123139","dispensing":"no","healthcare":"pharmacy","name":"Boots","@type":"node","@id":3440255378},"geometry":{"type":"Point","coordinates":[100.8945125,12.9159145]}},{"type":"Feature","id":3440255694,"properties":{"amenity":"pharmacy","dispensing":"no","healthcare":"pharmacy","name":"Top Charoen Optical","@type":"node","@id":3440255694},"geometry":{"type":"Point","coordinates":[100.8956111,12.9159964]}},{"type":"Feature","id":3443250798,"properties":{"amenity":"pharmacy","healthcare":"pharmacy","name":"ศูนย์ยาฟาสซิโน","name:en":"Fascino","opening_hours":"Mo-Su 08:00-22:00","website":"http://www.profascino.co.th/","@type":"node","@id":3443250798},"geometry":{"type":"Point","coordinates":[100.8890898,12.9358842]}},{"type":"Feature","id":3450404322,"properties":{"amenity":"pharmacy","healthcare":"pharmacy","name":"ศูนย์ยาฟาสซิโน","name:en":"Fascino","opening_hours":"Mo-Su 08:00-22:00","website":"http://www.profascino.co.th/","@type":"node","@id":3450404322},"geometry":{"type":"Point","coordinates":[100.9067384,12.9533931]}},{"type":"Feature","id":3494406099,"properties":{"amenity":"pharmacy","dispensing":"no","healthcare":"pharmacy","@type":"node","@id":3494406099},"geometry":{"type":"Point","coordinates":[100.8755851,12.921398]}},{"type":"Feature","id":3510053626,"properties":{"amenity":"pharmacy","name":"Ocean Drug","@type":"node","@id":3510053626},"geometry":{"type":"Point","coordinates":[100.8697173,12.9032735]}},{"type":"Feature","id":3510171482,"properties":{"amenity":"pharmacy","healthcare":"pharmacy","name":"Bright Pharmacy","@type":"node","@id":3510171482},"geometry":{"type":"Point","coordinates":[100.8671618,12.8989911]}},{"type":"Feature","id":3558868925,"properties":{"addr:street":"จอมเทียนสายสอง","amenity":"pharmacy","healthcare":"pharmacy","name":"ร้านยากู๊ดวิว","name:en":"Goodwill","phone":"+6687-491-6599;+6690-942-1421","@type":"node","@id":3558868925},"geometry":{"type":"Point","coordinates":[100.8714631,12.9164546]}},{"type":"Feature","id":3564373278,"properties":{"addr:street":"เกษมสุวรรณ","amenity":"pharmacy","healthcare":"pharmacy","name":"Family Drug","@type":"node","@id":3564373278},"geometry":{"type":"Point","coordinates":[100.8868563,12.9320201]}},{"type":"Feature","id":3564373282,"properties":{"amenity":"pharmacy","healthcare":"pharmacy","name":"Royal Drug Pharmacy","@type":"node","@id":3564373282},"geometry":{"type":"Point","coordinates":[100.8881049,12.9346058]}},{"type":"Feature","id":3564402779,"properties":{"amenity":"pharmacy","healthcare":"pharmacy","name":"Buakhao Clinic","@type":"node","@id":3564402779},"geometry":{"type":"Point","coordinates":[100.8853086,12.9294358]}},{"type":"Feature","id":3564402781,"properties":{"amenity":"pharmacy","healthcare":"pharmacy","name":"Drug Center","@type":"node","@id":3564402781},"geometry":{"type":"Point","coordinates":[100.8851272,12.9291828]}},{"type":"Feature","id":3603492438,"properties":{"amenity":"pharmacy","healthcare":"pharmacy","name":"โกลบอล ดรัก","name:en":"Global Drug","@type":"node","@id":3603492438},"geometry":{"type":"Point","coordinates":[100.8820024,12.9263497]}},{"type":"Feature","id":3603507730,"properties":{"amenity":"pharmacy","healthcare":"pharmacy","name":"Med-Ya Pharmacy","@type":"node","@id":3603507730},"geometry":{"type":"Point","coordinates":[100.8843098,12.9282297]}},{"type":"Feature","id":3603615555,"properties":{"amenity":"pharmacy","healthcare":"pharmacy","name":"Major Pharmacy","@type":"node","@id":3603615555},"geometry":{"type":"Point","coordinates":[100.8872393,12.933066]}},{"type":"Feature","id":3775321760,"properties":{"amenity":"pharmacy","healthcare":"pharmacy","name":"Buakhao House","@type":"node","@id":3775321760},"geometry":{"type":"Point","coordinates":[100.8858969,12.930334]}},{"type":"Feature","id":3780680099,"properties":{"amenity":"pharmacy","healthcare":"pharmacy","name":"Axon Pharma","@type":"node","@id":3780680099},"geometry":{"type":"Point","coordinates":[100.8779599,12.9280378]}},{"type":"Feature","id":3780680100,"properties":{"amenity":"pharmacy","healthcare":"pharmacy","name":"Deluck Pharmacy","@type":"node","@id":3780680100},"geometry":{"type":"Point","coordinates":[100.8774441,12.9278444]}},{"type":"Feature","id":3781203826,"properties":{"amenity":"pharmacy","healthcare":"pharmacy","name":"Emperor Pharma","@type":"node","@id":3781203826},"geometry":{"type":"Point","coordinates":[100.8875421,12.9410067]}},{"type":"Feature","id":3799217877,"properties":{"addr:city":"Pattaya","addr:housenumber":"151/38","addr:place":"Moo 5","addr:postcode":"20150","addr:street":"พัทยาเหนือ","amenity":"pharmacy","healthcare":"pharmacy","name":"Samal","name:ru":"Самал","note":"We can speak English, Thai and Russian drugstore, herbal remedy shop, latex, tea and etc","opening_hours":"Mo-Su 10:00-23:00","operator":"Samal Co.,Ltd","phone":"+66 85 511 4927","website":"https://samalpharmacy.com/","@type":"node","@id":3799217877},"geometry":{"type":"Point","coordinates":[100.8924537,12.9506374]}},{"type":"Feature","id":3885541573,"properties":{"amenity":"pharmacy","healthcare":"pharmacy","name":"Legend Pharmacy","@type":"node","@id":3885541573},"geometry":{"type":"Point","coordinates":[100.8903495,12.9552127]}},{"type":"Feature","id":3885751648,"properties":{"amenity":"pharmacy","healthcare":"pharmacy","name":"ศูนย์ยาฟาสซิโน Fascino","name:en":"Fascino","opening_hours":"08:00-21:00","website":"http://www.profascino.co.th/","@type":"node","@id":3885751648},"geometry":{"type":"Point","coordinates":[100.9034532,12.9336642]}},{"type":"Feature","id":3885867862,"properties":{"amenity":"pharmacy","healthcare":"pharmacy","name":"Goodmind","@type":"node","@id":3885867862},"geometry":{"type":"Point","coordinates":[100.8869911,12.9593532]}},{"type":"Feature","id":3898309856,"properties":{"amenity":"pharmacy","healthcare":"pharmacy","name":"The Grand of Pharmacy","@type":"node","@id":3898309856},"geometry":{"type":"Point","coordinates":[100.8711435,12.9148299]}},{"type":"Feature","id":3910588202,"properties":{"amenity":"pharmacy","drive_through":"no","healthcare":"pharmacy","name":"สยามฟาร์มาซี","@type":"node","@id":3910588202},"geometry":{"type":"Point","coordinates":[100.8813051,12.9302902]}},{"type":"Feature","id":4043670384,"properties":{"amenity":"pharmacy","name":"Nona","@type":"node","@id":4043670384},"geometry":{"type":"Point","coordinates":[100.8643967,12.9090086]}},{"type":"Feature","id":4154081300,"properties":{"addr:street":"เกษมสุวรรณ","amenity":"pharmacy","healthcare":"pharmacy","name":"บัวขาว ฟาร์มาซี","name:en":"Buakhao Pharmacy","opening_hours":"Mo-Su 09:00-01:00","@type":"node","@id":4154081300},"geometry":{"type":"Point","coordinates":[100.8834461,12.9273457]}},{"type":"Feature","id":4154881045,"properties":{"amenity":"pharmacy","name":"Amatio Pharmacy","@type":"node","@id":4154881045},"geometry":{"type":"Point","coordinates":[100.9993192,13.4181251]}},{"type":"Feature","id":4183691130,"properties":{"amenity":"pharmacy","healthcare":"pharmacy","@type":"node","@id":4183691130},"geometry":{"type":"Point","coordinates":[100.8773085,12.9273077]}},{"type":"Feature","id":4196781187,"properties":{"amenity":"pharmacy","healthcare":"pharmacy","name":"Anun Pharmacy","@type":"node","@id":4196781187},"geometry":{"type":"Point","coordinates":[100.8884202,12.9309612]}},{"type":"Feature","id":4198159678,"properties":{"amenity":"pharmacy","healthcare":"pharmacy","name":"Bee Pharmacy","@type":"node","@id":4198159678},"geometry":{"type":"Point","coordinates":[100.874661,12.9272704]}},{"type":"Feature","id":4209116877,"properties":{"amenity":"pharmacy","healthcare":"pharmacy","@type":"node","@id":4209116877},"geometry":{"type":"Point","coordinates":[100.9081153,12.9241342]}},{"type":"Feature","id":4209116878,"properties":{"amenity":"pharmacy","healthcare":"pharmacy","@type":"node","@id":4209116878},"geometry":{"type":"Point","coordinates":[100.9076087,12.9242515]}},{"type":"Feature","id":4210216332,"properties":{"amenity":"pharmacy","healthcare":"pharmacy","@type":"node","@id":4210216332},"geometry":{"type":"Point","coordinates":[100.9124593,12.9226211]}},{"type":"Feature","id":4229995801,"properties":{"amenity":"pharmacy","healthcare":"pharmacy","@type":"node","@id":4229995801},"geometry":{"type":"Point","coordinates":[100.8843244,12.9357006]}},{"type":"Feature","id":4427714022,"properties":{"amenity":"pharmacy","healthcare":"pharmacy","@type":"node","@id":4427714022},"geometry":{"type":"Point","coordinates":[100.8801544,12.9144043]}},{"type":"Feature","id":4427770538,"properties":{"amenity":"pharmacy","@type":"node","@id":4427770538},"geometry":{"type":"Point","coordinates":[100.8653148,12.909503]}},{"type":"Feature","id":4427821693,"properties":{"amenity":"pharmacy","@type":"node","@id":4427821693},"geometry":{"type":"Point","coordinates":[100.8695702,12.9048103]}},{"type":"Feature","id":4485217029,"properties":{"amenity":"pharmacy","healthcare":"pharmacy","@type":"node","@id":4485217029},"geometry":{"type":"Point","coordinates":[100.8889764,12.9476009]}},{"type":"Feature","id":4487559530,"properties":{"addr:housenumber":"85/22-23","addr:street":"พัทยากลาง","amenity":"pharmacy","healthcare":"pharmacy","name":"Beach Pharmacy","opening_hours":"Mo-Su 09:00-16:00","@type":"node","@id":4487559530},"geometry":{"type":"Point","coordinates":[100.8885124,12.9361079]}},{"type":"Feature","id":4487559532,"properties":{"amenity":"pharmacy","healthcare":"pharmacy","@type":"node","@id":4487559532},"geometry":{"type":"Point","coordinates":[100.8883181,12.9358653]}},{"type":"Feature","id":4489459159,"properties":{"amenity":"pharmacy","healthcare":"pharmacy","@type":"node","@id":4489459159},"geometry":{"type":"Point","coordinates":[100.8811607,12.9306707]}},{"type":"Feature","id":4489485477,"properties":{"amenity":"pharmacy","brand":"Boots","brand:wikidata":"Q6123139","healthcare":"pharmacy","level":"1","name":"Boots","@type":"node","@id":4489485477},"geometry":{"type":"Point","coordinates":[100.8776607,12.9294896]}},{"type":"Feature","id":4491304989,"properties":{"amenity":"pharmacy","healthcare":"pharmacy","name":"พัทยากลางฟาร์มาซี","name:en":"Pattaya Klang Pharmacy","name:th":"พัทยากลางฟาร์มาซี","@type":"node","@id":4491304989},"geometry":{"type":"Point","coordinates":[100.887568,12.9364312]}},{"type":"Feature","id":4493330561,"properties":{"addr:street":"พัทยาสายสอง","amenity":"pharmacy","healthcare":"pharmacy","name":"City Pharmacy","@type":"node","@id":4493330561},"geometry":{"type":"Point","coordinates":[100.8834072,12.9320883]}},{"type":"Feature","id":4493354797,"properties":{"addr:street":"พัทยาใต้","amenity":"pharmacy","healthcare":"pharmacy","@type":"node","@id":4493354797},"geometry":{"type":"Point","coordinates":[100.877272,12.9242096]}},{"type":"Feature","id":4493354798,"properties":{"addr:street":"พัทยาใต้","amenity":"pharmacy","healthcare":"pharmacy","name":"ดี ฟาร์มาเซีย","name:en":"D Pharmacia","@type":"node","@id":4493354798},"geometry":{"type":"Point","coordinates":[100.8777191,12.924303]}},{"type":"Feature","id":4497151298,"properties":{"amenity":"pharmacy","healthcare":"pharmacy","@type":"node","@id":4497151298},"geometry":{"type":"Point","coordinates":[100.9064108,12.9729234]}},{"type":"Feature","id":4498295558,"properties":{"amenity":"pharmacy","healthcare":"pharmacy","name":"Top Pharmacy","@type":"node","@id":4498295558},"geometry":{"type":"Point","coordinates":[100.8731818,12.9246874]}},{"type":"Feature","id":4505155808,"properties":{"amenity":"pharmacy","healthcare":"pharmacy","name":"ประพนธ์ฟาร์มาซี","name:en":"Praphon Pharmacy","name:th":"ประพนธ์ฟาร์มาซี","opening_hours":"Mo-Su 07:00-20:00","@type":"node","@id":4505155808},"geometry":{"type":"Point","coordinates":[100.9075212,12.9652748]}},{"type":"Feature","id":4505229787,"properties":{"amenity":"pharmacy","healthcare":"pharmacy","name":"Pattaya Inter Pharmacy","opening_hours":"Mo-Su 09:00-22:00","@type":"node","@id":4505229787},"geometry":{"type":"Point","coordinates":[100.9069792,12.9542946]}},{"type":"Feature","id":4510178933,"properties":{"addr:street":"พัทยาสายสอง 16","amenity":"pharmacy","healthcare":"pharmacy","name":"สุขประเสริฐเภสัช","@type":"node","@id":4510178933},"geometry":{"type":"Point","coordinates":[100.8768228,12.9235072]}},{"type":"Feature","id":4510241329,"properties":{"addr:housenumber":"257/39","amenity":"pharmacy","healthcare":"pharmacy","opening_hours":"Mo-Su 09:00-22:00","@type":"node","@id":4510241329},"geometry":{"type":"Point","coordinates":[100.8774979,12.9226485]}},{"type":"Feature","id":4511062922,"properties":{"amenity":"pharmacy","healthcare":"pharmacy","opening_hours":"Mo-Su 12:00-23:00","@type":"node","@id":4511062922},"geometry":{"type":"Point","coordinates":[100.8886387,12.9437781]}},{"type":"Feature","id":4511165308,"properties":{"addr:street":"เพนียดช้าง","amenity":"pharmacy","healthcare":"pharmacy","name":"ร้านยาฟาร์เมต","@type":"node","@id":4511165308},"geometry":{"type":"Point","coordinates":[100.8962472,12.9354715]}},{"type":"Feature","id":4511165309,"properties":{"amenity":"pharmacy","healthcare":"pharmacy","name":"ไอแคร์ ฟาร์มาซี","name:en":"I Care Pharmacy","opening_hours":"Mo-Su 09:00-23:00","@type":"node","@id":4511165309},"geometry":{"type":"Point","coordinates":[100.898029,12.9377633]}},{"type":"Feature","id":4513763393,"properties":{"addr:postcode":"20150","addr:street":"ถนนห้วยใหญ่","amenity":"pharmacy","name":"ชัยชาญฟาร์มาซี","name:en":"Chai charn Phamarcy","@type":"node","@id":4513763393},"geometry":{"type":"Point","coordinates":[100.9624486,12.8640446]}},{"type":"Feature","id":4581679189,"properties":{"amenity":"pharmacy","name:en":"Farmacy","name:ru":"Аптека","@type":"node","@id":4581679189},"geometry":{"type":"Point","coordinates":[100.8909004,12.9695096]}},{"type":"Feature","id":4624089688,"properties":{"amenity":"pharmacy","healthcare":"pharmacy","name":"บุญยาเภสัช","name:en":"Bunya","name:th":"บุญยาเภสัช","@type":"node","@id":4624089688},"geometry":{"type":"Point","coordinates":[101.2408249,12.7127697]}},{"type":"Feature","id":4626845863,"properties":{"amenity":"pharmacy","name":"กวงเภสัช","name:en":"Kwong","name:th":"กวงเภสัช","opening_hours":"Mo-Su 07:30-20:30","@type":"node","@id":4626845863},"geometry":{"type":"Point","coordinates":[101.2714104,12.6835379]}},{"type":"Feature","id":4668695826,"properties":{"amenity":"pharmacy","healthcare":"pharmacy","@type":"node","@id":4668695826},"geometry":{"type":"Point","coordinates":[100.8947256,12.8800275]}},{"type":"Feature","id":4739954326,"properties":{"amenity":"pharmacy","name:ru":"Аптека","@type":"node","@id":4739954326},"geometry":{"type":"Point","coordinates":[100.8697662,12.9043967]}},{"type":"Feature","id":4791106122,"properties":{"amenity":"pharmacy","name":"สว่างโอสถ","name:th":"สว่างโอสถ","@type":"node","@id":4791106122},"geometry":{"type":"Point","coordinates":[101.1230238,13.5544969]}},{"type":"Feature","id":4878633973,"properties":{"amenity":"pharmacy","brand":"Watsons","brand:wikidata":"Q7974785","healthcare":"pharmacy","name":"Watsons","@type":"node","@id":4878633973},"geometry":{"type":"Point","coordinates":[100.8781991,12.9293729]}},{"type":"Feature","id":4892011522,"properties":{"addr:city":"หนองปรือ","addr:postcode":"20150","addr:street":"จอมเทียน 1","amenity":"pharmacy","email":"dr.holland777@gmail.com","healthcare":"pharmacy","name":"Русская Аптека Dr.Holland","name:en":"Dr. Holland- Pharmacy","name:ru":"Русская Аптека Dr.Holland","name:th":"Русская Аптека Dr.Holland","opening_hours":"Mo-Su 01:00-00:00","operator":"Kirill Tarasov","phone":"066852186704","website":"https://doctorholland.ru/","@type":"node","@id":4892011522},"geometry":{"type":"Point","coordinates":[100.8679112,12.8985366]}},{"type":"Feature","id":4892032522,"properties":{"addr:street":"นาเกลือ 29/1","amenity":"pharmacy","email":"dr.holland777@gmail.com","healthcare":"pharmacy","name":"Русская Аптека Dr.Holland","name:en":"Dr.Holland-apteka","name:ru":"Русская Аптека Dr.Holland","name:th":"Русская Аптека Dr.Holland","opening_hours":"Mo-Su 02:01-00:00","operator":"Kirill Tarasov","phone":"0852186704","website":"https://doctorholland.ru/","@type":"node","@id":4892032522},"geometry":{"type":"Point","coordinates":[100.890055,12.9541557]}},{"type":"Feature","id":5059887816,"properties":{"amenity":"pharmacy","name":"Apotheke","@type":"node","@id":5059887816},"geometry":{"type":"Point","coordinates":[101.9134141,12.5620039]}},{"type":"Feature","id":5085184021,"properties":{"amenity":"pharmacy","name":"ดี ฟาร์มาซี","name:th":"ดี ฟาร์มาซี","@type":"node","@id":5085184021},"geometry":{"type":"Point","coordinates":[101.1737991,13.4578928]}},{"type":"Feature","id":5374427521,"properties":{"amenity":"pharmacy","name":"Erawadee 2","name:ru":"Королевская аптека Erawadee","opening_hours":"Mo-Su 09:00-18:00","@type":"node","@id":5374427521},"geometry":{"type":"Point","coordinates":[100.9105098,12.8667243]}},{"type":"Feature","id":6186069485,"properties":{"amenity":"pharmacy","healthcare":"pharmacy","name:en":"Kattika pharmacy","@type":"node","@id":6186069485},"geometry":{"type":"Point","coordinates":[100.8747483,12.8903264]}},{"type":"Feature","id":6434130872,"properties":{"amenity":"pharmacy","healthcare":"pharmacy","@type":"node","@id":6434130872},"geometry":{"type":"Point","coordinates":[100.9900768,13.3641073]}},{"type":"Feature","id":6648172669,"properties":{"amenity":"pharmacy","name":"ร้านขายยา สี่ใบเถาว์","@type":"node","@id":6648172669},"geometry":{"type":"Point","coordinates":[101.2993594,12.6689087]}},{"type":"Feature","id":6648426818,"properties":{"amenity":"pharmacy","name":"ศิริภา","@type":"node","@id":6648426818},"geometry":{"type":"Point","coordinates":[101.2651343,12.6861548]}},{"type":"Feature","id":6658282641,"properties":{"amenity":"pharmacy","healthcare":"pharmacy","name":"เภสัชกรภักดี","@type":"node","@id":6658282641},"geometry":{"type":"Point","coordinates":[101.2664983,12.6973202]}},{"type":"Feature","id":6658422386,"properties":{"amenity":"pharmacy","name":"ผึ้งพาฟาร์มา","@type":"node","@id":6658422386},"geometry":{"type":"Point","coordinates":[101.2687393,12.6912024]}},{"type":"Feature","id":6666330121,"properties":{"amenity":"pharmacy","@type":"node","@id":6666330121},"geometry":{"type":"Point","coordinates":[101.2803559,12.6823926]}},{"type":"Feature","id":6666357934,"properties":{"addr:street":"ถนนสุขุมวิท","amenity":"pharmacy","name":"เภสัชกรชลิต","@type":"node","@id":6666357934},"geometry":{"type":"Point","coordinates":[101.277785,12.6814898]}},{"type":"Feature","id":6672469107,"properties":{"addr:street":"ถนนเก้ากิโล","amenity":"pharmacy","int_name":"Sasimon Pharmacy","name":"ศศิวิมล เภสัช","@type":"node","@id":6672469107},"geometry":{"type":"Point","coordinates":[100.9440029,13.1238419]}},{"type":"Feature","id":6697881387,"properties":{"amenity":"pharmacy","name":"อันยา","@type":"node","@id":6697881387},"geometry":{"type":"Point","coordinates":[100.8934821,12.7277208]}},{"type":"Feature","id":6717003373,"properties":{"addr:street":"ถนนเทศบาล 23","amenity":"pharmacy","name":"นาวาฟาร์มาซี","@type":"node","@id":6717003373},"geometry":{"type":"Point","coordinates":[100.904052,12.6820505]}},{"type":"Feature","id":6772898906,"properties":{"addr:street":"ถนนพัทยาเหนือ","amenity":"pharmacy","healthcare":"pharmacy","name":"TA Health&Drug","@type":"node","@id":6772898906},"geometry":{"type":"Point","coordinates":[100.9006295,12.9492145]}},{"type":"Feature","id":6775062981,"properties":{"addr:street":"ถนนพัทยาสายสอง","amenity":"pharmacy","brand":"Boots","brand:wikidata":"Q6123139","healthcare":"pharmacy","name":"Boots","name:en":"Boots","@type":"node","@id":6775062981},"geometry":{"type":"Point","coordinates":[100.8886674,12.9478165]}},{"type":"Feature","id":6783997662,"properties":{"amenity":"pharmacy","name":"ระเบียงยา","@type":"node","@id":6783997662},"geometry":{"type":"Point","coordinates":[100.902949,12.6747626]}},{"type":"Feature","id":6786732133,"properties":{"amenity":"pharmacy","name":"บ้านยา เภสัช","@type":"node","@id":6786732133},"geometry":{"type":"Point","coordinates":[100.9026237,12.6727895]}},{"type":"Feature","id":6799946509,"properties":{"addr:street":"เพนียดช้าง","amenity":"pharmacy","healthcare":"pharmacy","name":"ณ ยา ฟาร์มาซี","@type":"node","@id":6799946509},"geometry":{"type":"Point","coordinates":[100.9016206,12.9454301]}},{"type":"Feature","id":6808288472,"properties":{"amenity":"pharmacy","healthcare":"pharmacy","name":"การ์เด้นฟามาซี","name:en":"Garden Pharmacy","@type":"node","@id":6808288472},"geometry":{"type":"Point","coordinates":[100.8785452,12.9280711]}},{"type":"Feature","id":6810164674,"properties":{"addr:street":"พัทยากลาง","amenity":"pharmacy","healthcare":"pharmacy","name":"พัทยาเหนือฟาร์มาซี","@type":"node","@id":6810164674},"geometry":{"type":"Point","coordinates":[100.8868733,12.9364138]}},{"type":"Feature","id":6810164675,"properties":{"addr:street":"พัทยากลาง","amenity":"pharmacy","healthcare":"pharmacy","name":"ประเสริฐเภสัช","@type":"node","@id":6810164675},"geometry":{"type":"Point","coordinates":[100.8870448,12.9363436]}},{"type":"Feature","id":6810263007,"properties":{"amenity":"pharmacy","healthcare":"pharmacy","name":"ท็อป ฟาร์มาซี สาขาวัดชัยมงคล","name:en":"Top Pharmacy","@type":"node","@id":6810263007},"geometry":{"type":"Point","coordinates":[100.8757383,12.9261383]}},{"type":"Feature","id":6810331410,"properties":{"addr:street":"พัทยากลาง 13","amenity":"pharmacy","healthcare":"pharmacy","name":"คลิ๊กฟาร์มาซี","@type":"node","@id":6810331410},"geometry":{"type":"Point","coordinates":[100.8876961,12.933371]}},{"type":"Feature","id":6810342107,"properties":{"addr:street":"เกษมสุวรรณ","amenity":"pharmacy","healthcare":"pharmacy","name":"Anteka Pharmacy","name:en":"Anteka Pharmacy","@type":"node","@id":6810342107},"geometry":{"type":"Point","coordinates":[100.8871815,12.9327065]}},{"type":"Feature","id":6817894863,"properties":{"addr:street":"พัทยาใต้","amenity":"pharmacy","healthcare":"pharmacy","name":"พัทยาฟาร์ม่า","@type":"node","@id":6817894863},"geometry":{"type":"Point","coordinates":[100.8811002,12.9239736]}},{"type":"Feature","id":6818010405,"properties":{"addr:street":"เฉลิมพระเกียรติ","amenity":"pharmacy","healthcare":"pharmacy","name":"ใจดี ฟาร์มาซี","name:en":"Jaidee Pharmacy","@type":"node","@id":6818010405},"geometry":{"type":"Point","coordinates":[100.8866419,12.9274236]}},{"type":"Feature","id":6818083750,"properties":{"addr:street":"เฉลิมพระเกียรติ","amenity":"pharmacy","healthcare":"pharmacy","name":"พรสุนันท์ ฟาร์มาซี","name:en":"Phonsunan Pharmacy","@type":"node","@id":6818083750},"geometry":{"type":"Point","coordinates":[100.8874173,12.9280458]}},{"type":"Feature","id":6820347789,"properties":{"addr:street":"เฉลิมพระเกียรติ","amenity":"pharmacy","healthcare":"pharmacy","name":"First Drug สายสาม","@type":"node","@id":6820347789},"geometry":{"type":"Point","coordinates":[100.8905785,12.9322965]}},{"type":"Feature","id":6820617887,"properties":{"addr:street":"เฉลิมพระเกียรติ","amenity":"pharmacy","healthcare":"pharmacy","name":"ธีรศักดิ์เภสัช","@type":"node","@id":6820617887},"geometry":{"type":"Point","coordinates":[100.8912661,12.9327716]}},{"type":"Feature","id":6821041492,"properties":{"addr:street":"เกษมสุวรรณ","amenity":"pharmacy","healthcare":"pharmacy","name":"We're Drugs","name:en":"We're Drugs","@type":"node","@id":6821041492},"geometry":{"type":"Point","coordinates":[100.8852007,12.9292677]}},{"type":"Feature","id":6821129270,"properties":{"addr:street":"เกษมสุวรรณ","amenity":"pharmacy","healthcare":"pharmacy","name":"แคริ่ง ฟาร์ม่า","name:en":"Caring Pharma","@type":"node","@id":6821129270},"geometry":{"type":"Point","coordinates":[100.8848619,12.9290272]}},{"type":"Feature","id":6821381082,"properties":{"amenity":"pharmacy","name":"ยา & มินิมาร์ท","name:ja":"薬とミニマート","@type":"node","@id":6821381082},"geometry":{"type":"Point","coordinates":[100.9316044,13.1651196]}},{"type":"Feature","id":6821456408,"properties":{"addr:street":"ถนนเก้ากิโล","amenity":"pharmacy","name":"ภรณ์ทิพย์ เภสัช","@type":"node","@id":6821456408},"geometry":{"type":"Point","coordinates":[100.9327295,13.155604]}},{"type":"Feature","id":6823646636,"properties":{"amenity":"pharmacy","name":"ร้านพัฒนพงษ์เภสัข","@type":"node","@id":6823646636},"geometry":{"type":"Point","coordinates":[101.2994438,12.6694831]}},{"type":"Feature","id":6823843348,"properties":{"addr:place":"พัทยาใต้","amenity":"pharmacy","healthcare":"pharmacy","name":"สาโรช ฟาร์มาซี","@type":"node","@id":6823843348},"geometry":{"type":"Point","coordinates":[100.8875234,12.9213982]}},{"type":"Feature","id":6823843349,"properties":{"addr:place":"พัทยาใต้","amenity":"pharmacy","healthcare":"pharmacy","name":"ธนภูมิ ฟาร์มาซี","@type":"node","@id":6823843349},"geometry":{"type":"Point","coordinates":[100.8874774,12.9214167]}},{"type":"Feature","id":6824111101,"properties":{"amenity":"pharmacy","healthcare":"pharmacy","name":"ร้านขายยาสยามเฮิร์บ","@type":"node","@id":6824111101},"geometry":{"type":"Point","coordinates":[100.8927191,12.9201463]}},{"type":"Feature","id":6828723656,"properties":{"amenity":"pharmacy","building":"amenity","name":"ศุลักษณ์เภสัช","@type":"node","@id":6828723656},"geometry":{"type":"Point","coordinates":[100.974631,13.3505591]}},{"type":"Feature","id":6831055622,"properties":{"addr:street":"อรุโณทัย","amenity":"pharmacy","healthcare":"pharmacy","name:en":"Prima Pharmacy","@type":"node","@id":6831055622},"geometry":{"type":"Point","coordinates":[100.8942522,12.9319284]}},{"type":"Feature","id":6841565619,"properties":{"addr:street":"ซอยสัตหีบสุขุมวิท 77","amenity":"pharmacy","name":"ดีฟาร์มาซี","@type":"node","@id":6841565619},"geometry":{"type":"Point","coordinates":[100.9029616,12.6714103]}},{"type":"Feature","id":6841860395,"properties":{"addr:street":"พัทยาสายสอง 16","amenity":"pharmacy","healthcare":"pharmacy","name":"ดรักเฮ้าส์","name:en":"Drug House","@type":"node","@id":6841860395},"geometry":{"type":"Point","coordinates":[100.8783169,12.921109]}},{"type":"Feature","id":6841916598,"properties":{"addr:housenumber":"257/30-31","addr:street":"พัทยาสายสอง 16","amenity":"pharmacy","healthcare":"pharmacy","name":"ชัยบันลือ ฟาร์มาซี","@type":"node","@id":6841916598},"geometry":{"type":"Point","coordinates":[100.8783029,12.9219438]}},{"type":"Feature","id":6844989405,"properties":{"addr:street":"พัทยาสายสอง 16","amenity":"pharmacy","healthcare":"pharmacy","name":"ชัยพฤกษ์เภสัช","@type":"node","@id":6844989405},"geometry":{"type":"Point","coordinates":[100.8763434,12.923933]}},{"type":"Feature","id":6845014865,"properties":{"addr:street":"ถนนเบญญาภา","amenity":"pharmacy","building":"amenity","name":"รักษ์ยา","@type":"node","@id":6845014865},"geometry":{"type":"Point","coordinates":[100.9668124,13.339842]}},{"type":"Feature","id":6845173415,"properties":{"addr:street":"พัทยาสายสอง","amenity":"pharmacy","healthcare":"pharmacy","name":"จตุพรฟาร์มาซี","name:en":"C.P. Pharmacy","@type":"node","@id":6845173415},"geometry":{"type":"Point","coordinates":[100.8741061,12.9252369]}},{"type":"Feature","id":6845242073,"properties":{"addr:street":"พัทยาสายสอง","amenity":"pharmacy","healthcare":"pharmacy","name":"ทันยา","name:en":"Tanya Pharmacy","@type":"node","@id":6845242073},"geometry":{"type":"Point","coordinates":[100.8742433,12.9255481]}},{"type":"Feature","id":6845426102,"properties":{"amenity":"pharmacy","healthcare":"pharmacy","name":"เย็นสาย ฟาร์มาี","name:en":"Yensabai Pharmacy","@type":"node","@id":6845426102},"geometry":{"type":"Point","coordinates":[100.8738162,12.9232541]}},{"type":"Feature","id":6845674750,"properties":{"addr:street":"พัทยาสายสอง","amenity":"pharmacy","healthcare":"pharmacy","name":"J.D. Pharmacy","@type":"node","@id":6845674750},"geometry":{"type":"Point","coordinates":[100.8740586,12.9254283]}},{"type":"Feature","id":6848637097,"properties":{"amenity":"pharmacy","name":"ดีฟารมาซี","@type":"node","@id":6848637097},"geometry":{"type":"Point","coordinates":[100.9640282,13.3430051]}},{"type":"Feature","id":6858482041,"properties":{"addr:street":"ถนนราชวรุณ","amenity":"pharmacy","name":"สมาร์ท ฟาร์มาซี","name:en":"Smart Pharmacy","@type":"node","@id":6858482041},"geometry":{"type":"Point","coordinates":[100.8607715,12.920954]}},{"type":"Feature","id":6859018332,"properties":{"addr:street":"ถนนราชวรุณ","amenity":"pharmacy","name":"จิตนิยมเภสัช2","@type":"node","@id":6859018332},"geometry":{"type":"Point","coordinates":[100.8621846,12.9207585]}},{"type":"Feature","id":6860972117,"properties":{"amenity":"pharmacy","name":"เขาชีจรรย์ เภสัช","@type":"node","@id":6860972117},"geometry":{"type":"Point","coordinates":[100.9297349,12.7890343]}},{"type":"Feature","id":6861020500,"properties":{"amenity":"pharmacy","@type":"node","@id":6861020500},"geometry":{"type":"Point","coordinates":[100.9291595,12.7899458]}},{"type":"Feature","id":6861776950,"properties":{"addr:street":"ถนนสายเมืองใหม่","amenity":"pharmacy","name":"ยา","@type":"node","@id":6861776950},"geometry":{"type":"Point","coordinates":[100.9183408,13.0899116]}},{"type":"Feature","id":6868196974,"properties":{"amenity":"pharmacy","healthcare":"pharmacy","name":"ดีฟาร์มาซี","@type":"node","@id":6868196974},"geometry":{"type":"Point","coordinates":[100.9161776,12.8193232]}},{"type":"Feature","id":6868204002,"properties":{"amenity":"pharmacy","healthcare":"pharmacy","@type":"node","@id":6868204002},"geometry":{"type":"Point","coordinates":[100.9162956,12.8179606]}},{"type":"Feature","id":6868632386,"properties":{"addr:street":"จอมเทียนสายสอง","amenity":"pharmacy","healthcare":"pharmacy","name":"Health Me Pharmacy","@type":"node","@id":6868632386},"geometry":{"type":"Point","coordinates":[100.8689152,12.908672]}},{"type":"Feature","id":6879542270,"properties":{"addr:street":"ถนนสุขุมวิท (นครระยอง 35)","amenity":"pharmacy","name":"เกิ้ล ฟาร์มาซี","name:en":"Gle Pharmacy","@type":"node","@id":6879542270},"geometry":{"type":"Point","coordinates":[101.271459,12.6837252]}},{"type":"Feature","id":6879752359,"properties":{"addr:street":"ถนนสุขุมวิท (นครระยอง 45)","amenity":"pharmacy","name":"ร้านเภสัชกรชลิต","name:en":"Chalit Pharmacy","@type":"node","@id":6879752359},"geometry":{"type":"Point","coordinates":[101.2758417,12.6821944]}},{"type":"Feature","id":6947598687,"properties":{"addr:housenumber":"189/93-94","addr:postcode":"20150","addr:street":"เทพประสิทธิ์","amenity":"pharmacy","healthcare":"pharmacy","name:en":"Wangphrom Herbal Products Pattaya","opening_hours":"Mo-Su 11:00-20:00","phone":"038422244","@type":"node","@id":6947598687},"geometry":{"type":"Point","coordinates":[100.893058,12.9091736]}},{"type":"Feature","id":7004672785,"properties":{"amenity":"pharmacy","@type":"node","@id":7004672785},"geometry":{"type":"Point","coordinates":[101.4646006,12.568812]}},{"type":"Feature","id":7487465020,"properties":{"amenity":"pharmacy","healthcare":"pharmacy","@type":"node","@id":7487465020},"geometry":{"type":"Point","coordinates":[100.9584458,13.1466918]}},{"type":"Feature","id":7487465026,"properties":{"amenity":"pharmacy","healthcare":"pharmacy","@type":"node","@id":7487465026},"geometry":{"type":"Point","coordinates":[100.9586364,13.1465126]}},{"type":"Feature","id":8512651735,"properties":{"amenity":"pharmacy","dispensing":"yes","healthcare":"pharmacy","name":"โอสถสยาม","@type":"node","@id":8512651735},"geometry":{"type":"Point","coordinates":[100.9198734,13.2962528]}},{"type":"Feature","id":9668458740,"properties":{"amenity":"pharmacy","healthcare":"pharmacy","@type":"node","@id":9668458740},"geometry":{"type":"Point","coordinates":[100.9753387,13.0882341]}},{"type":"Feature","id":9911752787,"properties":{"amenity":"pharmacy","dispensing":"yes","healthcare":"pharmacy","@type":"node","@id":9911752787},"geometry":{"type":"Point","coordinates":[100.9255822,13.1659621]}},{"type":"Feature","id":11151174155,"properties":{"amenity":"pharmacy","healthcare":"pharmacy","name":"Pharmacy Anteka","@type":"node","@id":11151174155},"geometry":{"type":"Point","coordinates":[100.8855657,12.9298409]}},{"type":"Feature","id":11178277200,"properties":{"amenity":"pharmacy","brand":"Watsons","brand:wikidata":"Q7974785","healthcare":"pharmacy","name":"Watsons","@type":"node","@id":11178277200},"geometry":{"type":"Point","coordinates":[100.9031048,12.9359314]}},{"type":"Feature","id":11187044782,"properties":{"amenity":"pharmacy","healthcare":"pharmacy","name":"Namo Pharmacy","@type":"node","@id":11187044782},"geometry":{"type":"Point","coordinates":[100.894155,12.9305708]}},{"type":"Feature","id":11214999407,"properties":{"amenity":"pharmacy","healthcare":"pharmacy","@type":"node","@id":11214999407},"geometry":{"type":"Point","coordinates":[100.8907432,12.9325723]}},{"type":"Feature","id":11217197229,"properties":{"amenity":"pharmacy","healthcare":"pharmacy","name":"Anteka Pharmacy","@type":"node","@id":11217197229},"geometry":{"type":"Point","coordinates":[100.8849501,12.9428729]}},{"type":"Feature","id":11217197232,"properties":{"amenity":"pharmacy","healthcare":"pharmacy","name":"A. A. Drugs","@type":"node","@id":11217197232},"geometry":{"type":"Point","coordinates":[100.8850943,12.9427257]}},{"type":"Feature","id":11217408056,"properties":{"amenity":"pharmacy","healthcare":"pharmacy","name":"Mister DRUGs 2","@type":"node","@id":11217408056},"geometry":{"type":"Point","coordinates":[100.8849537,12.944553]}},{"type":"Feature","id":11219253709,"properties":{"amenity":"pharmacy","healthcare":"pharmacy","name":"Drugstore","@type":"node","@id":11219253709},"geometry":{"type":"Point","coordinates":[100.8890306,12.9309229]}},{"type":"Feature","id":11221661992,"properties":{"amenity":"pharmacy","healthcare":"pharmacy","name":"Anteka Pharmacy","@type":"node","@id":11221661992},"geometry":{"type":"Point","coordinates":[100.8845728,12.9314322]}},{"type":"Feature","id":11226781004,"properties":{"amenity":"pharmacy","healthcare":"pharmacy","name":"AA Pharma","@type":"node","@id":11226781004},"geometry":{"type":"Point","coordinates":[100.8838591,12.9311539]}},{"type":"Feature","id":11230310844,"properties":{"amenity":"pharmacy","healthcare":"pharmacy","name":"1988 Pharmacy","@type":"node","@id":11230310844},"geometry":{"type":"Point","coordinates":[100.8887357,12.944844]}},{"type":"Feature","id":11238632264,"properties":{"amenity":"pharmacy","healthcare":"pharmacy","@type":"node","@id":11238632264},"geometry":{"type":"Point","coordinates":[100.8888111,12.8723334]}},{"type":"Feature","id":11309558863,"properties":{"amenity":"pharmacy","healthcare":"pharmacy","name":"T Pharmacy","@type":"node","@id":11309558863},"geometry":{"type":"Point","coordinates":[100.8947791,12.9339378]}},{"type":"Feature","id":11357398591,"properties":{"amenity":"pharmacy","healthcare":"pharmacy","name":"Anteka Pharmacy","@type":"node","@id":11357398591},"geometry":{"type":"Point","coordinates":[100.8884259,12.9358461]}},{"type":"Feature","id":11597085361,"properties":{"amenity":"pharmacy","healthcare":"pharmacy","level":"0","name":"Apotheke","opening_hours":"Mo-Su 09:00-22:00","wheelchair":"no","@type":"node","@id":11597085361},"geometry":{"type":"Point","coordinates":[100.8702546,12.8954223]}},{"type":"Feature","id":11598073409,"properties":{"amenity":"pharmacy","healthcare":"pharmacy","level":"0","name":"Square Drug","opening_hours":"Mo-Su 09:00-23:00","wheelchair":"limited","@type":"node","@id":11598073409},"geometry":{"type":"Point","coordinates":[100.8879555,12.9425771]}},{"type":"Feature","id":11598073412,"properties":{"amenity":"pharmacy","healthcare":"pharmacy","name":"1988 Pharmacy","opening_hours":"Mo-Su 18:00-23:00","wheelchair":"limited","@type":"node","@id":11598073412},"geometry":{"type":"Point","coordinates":[100.888992,12.946877]}},{"type":"Feature","id":11598521256,"properties":{"addr:housenumber":"75/279","amenity":"pharmacy","healthcare":"pharmacy","level":"0","name":"Grand Pharmacy","wheelchair":"limited","@type":"node","@id":11598521256},"geometry":{"type":"Point","coordinates":[100.872728,12.8979116]}},{"type":"Feature","id":11794121842,"properties":{"amenity":"pharmacy","healthcare":"pharmacy","@type":"node","@id":11794121842},"geometry":{"type":"Point","coordinates":[100.9815277,13.1465455]}},{"type":"Feature","id":11816810767,"properties":{"amenity":"pharmacy","healthcare":"pharmacy","@type":"node","@id":11816810767},"geometry":{"type":"Point","coordinates":[101.6104679,12.6524219]}},{"type":"Feature","id":12090515682,"properties":{"amenity":"pharmacy","healthcare":"pharmacy","@type":"node","@id":12090515682},"geometry":{"type":"Point","coordinates":[100.9090386,12.8828822]}},{"type":"Feature","id":12304060330,"properties":{"amenity":"pharmacy","healthcare":"pharmacy","@type":"node","@id":12304060330},"geometry":{"type":"Point","coordinates":[100.9060905,12.895444]}},{"type":"Feature","id":12369444401,"properties":{"amenity":"pharmacy","name":"Fascino","@type":"node","@id":12369444401},"geometry":{"type":"Point","coordinates":[100.8783354,12.9063165]}},{"type":"Feature","id":12404943802,"properties":{"amenity":"pharmacy","name":"Goodwill pharmacy","@type":"node","@id":12404943802},"geometry":{"type":"Point","coordinates":[100.8644489,12.9090177]}},{"type":"Feature","id":12495707301,"properties":{"amenity":"pharmacy","name":"Премиум","@type":"node","@id":12495707301},"geometry":{"type":"Point","coordinates":[100.8872241,12.9640324]}},{"type":"Feature","id":12990474372,"properties":{"addr:district":"เมืองชลบุรี","addr:postcode":"20000","addr:province":"ชลบุรี","addr:subdistrict":"บางปลาสร้อย","amenity":"pharmacy","drive_through":"no","healthcare":"pharmacy","mobile":"+66 62 964 6598","name":"Yor-R-Yar Pharmacy","@type":"node","@id":12990474372},"geometry":{"type":"Point","coordinates":[100.9903018,13.3636697]}},{"type":"Feature","id":12990496902,"properties":{"amenity":"pharmacy","healthcare":"pharmacy","@type":"node","@id":12990496902},"geometry":{"type":"Point","coordinates":[100.9918834,13.3679492]}},{"type":"Feature","id":13261265896,"properties":{"amenity":"pharmacy","healthcare":"pharmacy","name":"For You Pharnacie","@type":"node","@id":13261265896},"geometry":{"type":"Point","coordinates":[100.8912241,12.9351335]}},{"type":"Feature","id":13261265897,"properties":{"amenity":"pharmacy","healthcare":"pharmacy","name":"Bear Drug","@type":"node","@id":13261265897},"geometry":{"type":"Point","coordinates":[100.8913705,12.9350809]}},{"type":"Feature","id":13286382368,"properties":{"amenity":"pharmacy","healthcare":"pharmacy","name":"ร้านยาทรัพย์ทวีคูณศิลปเภสัช","@type":"node","@id":13286382368},"geometry":{"type":"Point","coordinates":[100.8892692,12.9270929]}},{"type":"Feature","id":13288342584,"properties":{"amenity":"pharmacy","healthcare":"pharmacy","name":"เภสัชใกล้บ้าน","@type":"node","@id":13288342584},"geometry":{"type":"Point","coordinates":[100.9140408,12.9208508]}},{"type":"Feature","id":13310831258,"properties":{"amenity":"pharmacy","healthcare":"pharmacy","name:signed":"no","@type":"node","@id":13310831258},"geometry":{"type":"Point","coordinates":[100.7883904,12.9226723]}},{"type":"Feature","id":13312760893,"properties":{"amenity":"pharmacy","healthcare":"pharmacy","name:signed":"no","opening_hours":"Mo-Su,PH 08:00-22:00","@type":"node","@id":13312760893},"geometry":{"type":"Point","coordinates":[100.7880534,12.9221707]}},{"type":"Feature","id":13373652495,"properties":{"amenity":"pharmacy","healthcare":"pharmacy","@type":"node","@id":13373652495},"geometry":{"type":"Point","coordinates":[100.9000009,12.93935]}},{"type":"Feature","id":13457458545,"properties":{"addr:district":"เมืองชลบุรี","addr:housenumber":"1/10","addr:place":"หมู่ 2","addr:postcode":"20000","addr:province":"ชลบุรี","addr:street":"ถนนบ้านสวน ๙","addr:subdistrict":"บ้านสวน","amenity":"pharmacy","branch":"บ้านสวนซอย 9","brand":"ดีฟาร์มาซี","dispensing":"yes","healthcare":"pharmacy","mobile":"0886781160","name":"ร้านยาดีฟาร์มาซี สาขา บ้านสวนซอย 9","opening_hours":"Mo-Su 08:00-20:00","operator":"บริษัท ดีฟาร์มาซี จำกัด","ref:vatin":"0205542000451","website":"https://www.dpharmacy.co.th/","wheelchair":"yes","@type":"node","@id":13457458545},"geometry":{"type":"Point","coordinates":[100.9967023,13.3491446]}},{"type":"Feature","id":13574861201,"properties":{"amenity":"pharmacy","healthcare":"pharmacy","@type":"node","@id":13574861201},"geometry":{"type":"Point","coordinates":[100.8954935,12.8807018]}},{"type":"Feature","id":13622632602,"properties":{"amenity":"pharmacy","name":"Fascino Pharmacy","opening_hours":"Mo-Su 08:00-21:00","phone":"+66882624119","@type":"node","@id":13622632602},"geometry":{"type":"Point","coordinates":[100.9143737,12.8331934]}},{"type":"Feature","id":13649408566,"properties":{"amenity":"pharmacy","healthcare":"pharmacy","name":"Pharmacy","opening_hours":"Mo-Su 07:00-22:00","@type":"node","@id":13649408566},"geometry":{"type":"Point","coordinates":[101.4642991,12.570362]}},{"type":"Feature","id":13712891901,"properties":{"amenity":"pharmacy","@type":"node","@id":13712891901},"geometry":{"type":"Point","coordinates":[100.8920366,12.8791253]}},{"type":"Feature","id":13992232966,"properties":{"amenity":"pharmacy","healthcare":"pharmacy","name":"Hope Pharmacy","@type":"node","@id":13992232966},"geometry":{"type":"Point","coordinates":[100.9043032,12.9355772]}},{"type":"Feature","id":154409469,"properties":{"addr:street":"ถนนราชวรุณ","amenity":"pharmacy","building":"yes","healthcare":"pharmacy","name":"จิตนิยมเภสัช","@type":"way","@id":154409469},"geometry":{"type":"Point","coordinates":[100.8614224,12.9208122]}},{"type":"Feature","id":284563332,"properties":{"amenity":"pharmacy","building":"yes","healthcare":"pharmacy","name":"Erawadee","@type":"way","@id":284563332},"geometry":{"type":"Point","coordinates":[100.9022235,12.9516806]}},{"type":"Feature","id":311224324,"properties":{"amenity":"pharmacy","building":"yes","healthcare":"pharmacy","name":"D Pharmacy","@type":"way","@id":311224324},"geometry":{"type":"Point","coordinates":[100.9040221,12.9420489]}},{"type":"Feature","id":311526226,"properties":{"addr:street":"พัทยาใต้","amenity":"pharmacy","building":"yes","building:levels":"3","healthcare":"pharmacy","name":"ชินวัฒน์โอสถ พัทยา","@type":"way","@id":311526226},"geometry":{"type":"Point","coordinates":[100.8763067,12.9250045]}},{"type":"Feature","id":336954448,"properties":{"amenity":"pharmacy","building":"yes","name":"Vitamax","@type":"way","@id":336954448},"geometry":{"type":"Point","coordinates":[100.89223,12.8922446]}},{"type":"Feature","id":337221396,"properties":{"amenity":"pharmacy","building":"yes","healthcare":"pharmacy","name":"ศูนย์ยาฟาสซิโน","name:en":"Fascino","website":"http://www.profascino.co.th/","@type":"way","@id":337221396},"geometry":{"type":"Point","coordinates":[100.8941417,12.949633]}},{"type":"Feature","id":429077177,"properties":{"amenity":"pharmacy","building":"yes","healthcare":"pharmacy","name":"Century Pharmacy","@type":"way","@id":429077177},"geometry":{"type":"Point","coordinates":[100.8892863,12.953182]}},{"type":"Feature","id":472994853,"properties":{"amenity":"pharmacy","building":"yes","healthcare":"pharmacy","name":"Fascino","@type":"way","@id":472994853},"geometry":{"type":"Point","coordinates":[100.9064002,12.9524172]}},{"type":"Feature","id":528752031,"properties":{"addr:street":"พัทยาใต้","amenity":"pharmacy","building":"yes","building:levels":"3","healthcare":"pharmacy","name":"ศูนย์ยาฟาสซิโน","name:en":"Fascino","website":"http://www.profascino.co.th/","@type":"way","@id":528752031},"geometry":{"type":"Point","coordinates":[100.8761296,12.9252239]}},{"type":"Feature","id":714104055,"properties":{"amenity":"pharmacy","building":"yes","name":"จงถาวรเภสัช","@type":"way","@id":714104055},"geometry":{"type":"Point","coordinates":[100.9035238,12.680616]}},{"type":"Feature","id":720024188,"properties":{"addr:street":"ถนนเทศบาล 3","amenity":"pharmacy","building":"yes","@type":"way","@id":720024188},"geometry":{"type":"Point","coordinates":[100.9025889,12.6638102]}},{"type":"Feature","id":721737938,"properties":{"amenity":"pharmacy","building":"yes","name":"โสภณฟาร์มาซี","@type":"way","@id":721737938},"geometry":{"type":"Point","coordinates":[101.1669401,12.7138848]}},{"type":"Feature","id":729193895,"properties":{"addr:housenumber":"33","addr:place":"หมู่ 8","addr:street":"ถนนสุขุมวิท","amenity":"pharmacy","building":"yes","name":"คลังยา 51","@type":"way","@id":729193895},"geometry":{"type":"Point","coordinates":[100.9426055,13.2922609]}},{"type":"Feature","id":770906835,"properties":{"amenity":"pharmacy","building":"yes","dispensing":"yes","healthcare":"pharmacy","@type":"way","@id":770906835},"geometry":{"type":"Point","coordinates":[100.9424327,13.3353128]}},{"type":"Feature","id":2086657598,"properties":{"amenity":"pharmacy","name":"Pharmacy","@type":"node","@id":2086657598},"geometry":{"type":"Point","coordinates":[99.9473476,12.588241]}},{"type":"Feature","id":2411422747,"properties":{"amenity":"pharmacy","healthcare":"pharmacy","name":"จี้ อัน ตึ๊ง","name:en":"Chi An Tueng","name:th":"จี้ อัน ตึ๊ง","@type":"node","@id":2411422747},"geometry":{"type":"Point","coordinates":[99.9556995,12.5713183]}},{"type":"Feature","id":2412575597,"properties":{"amenity":"pharmacy","name":"มิตรยาเภสัช","name:en":"Mitrya Pharmacy","name:th":"มิตรยาเภสัช","@type":"node","@id":2412575597},"geometry":{"type":"Point","coordinates":[99.9570006,12.5723747]}},{"type":"Feature","id":2413866104,"properties":{"amenity":"pharmacy","name":"มิติใหม่เภสัช","name:en":"Mitimai Pharmacy","name:th":"มิติใหม่เภสัช","opening_hours":"Mo-Su 07:30-22:30","@type":"node","@id":2413866104},"geometry":{"type":"Point","coordinates":[99.9588888,12.5654057]}},{"type":"Feature","id":2520194143,"properties":{"amenity":"pharmacy","healthcare":"pharmacy","@type":"node","@id":2520194143},"geometry":{"type":"Point","coordinates":[99.9427605,13.1146563]}},{"type":"Feature","id":2520194146,"properties":{"amenity":"pharmacy","healthcare":"pharmacy","@type":"node","@id":2520194146},"geometry":{"type":"Point","coordinates":[99.9424645,13.1148553]}},{"type":"Feature","id":2520658705,"properties":{"amenity":"pharmacy","healthcare":"pharmacy","name":"Enfagrow","@type":"node","@id":2520658705},"geometry":{"type":"Point","coordinates":[99.9488212,13.1053951]}},{"type":"Feature","id":2520658746,"properties":{"amenity":"pharmacy","healthcare":"pharmacy","@type":"node","@id":2520658746},"geometry":{"type":"Point","coordinates":[99.9493199,13.1079365]}},{"type":"Feature","id":2520658747,"properties":{"amenity":"pharmacy","healthcare":"pharmacy","@type":"node","@id":2520658747},"geometry":{"type":"Point","coordinates":[99.9494429,13.1085383]}},{"type":"Feature","id":2520658749,"properties":{"amenity":"pharmacy","healthcare":"pharmacy","@type":"node","@id":2520658749},"geometry":{"type":"Point","coordinates":[99.9486525,13.108596]}},{"type":"Feature","id":2571226892,"properties":{"amenity":"pharmacy","name":"มิติใหม่เภสัช","name:en":"Mitimai Pharmacy","name:th":"มิติใหม่เภสัช","@type":"node","@id":2571226892},"geometry":{"type":"Point","coordinates":[99.9461433,12.5755596]}},{"type":"Feature","id":2578114661,"properties":{"amenity":"pharmacy","name":"คันคลองฟาร์มา","name:en":"Kunklong Pharma","name:th":"คันคลองฟาร์มา","@type":"node","@id":2578114661},"geometry":{"type":"Point","coordinates":[99.9456123,12.6074878]}},{"type":"Feature","id":4430246063,"properties":{"amenity":"pharmacy","name":"Pharmacy","@type":"node","@id":4430246063},"geometry":{"type":"Point","coordinates":[99.957682,12.5717877]}},{"type":"Feature","id":4430271042,"properties":{"addr:housenumber":"55-55/1","addr:street":"ถนนเพชรเกษม","amenity":"pharmacy","name":"จี้ อัน ตึ๊ง","name:en":"Chi An Tueng","name:th":"จี้ อัน ตึ๊ง","@type":"node","@id":4430271042},"geometry":{"type":"Point","coordinates":[99.956373,12.5722629]}},{"type":"Feature","id":5504245022,"properties":{"amenity":"pharmacy","@type":"node","@id":5504245022},"geometry":{"type":"Point","coordinates":[99.9527294,12.5612954]}},{"type":"Feature","id":7308298985,"properties":{"amenity":"pharmacy","@type":"node","@id":7308298985},"geometry":{"type":"Point","coordinates":[99.9016449,12.3871878]}},{"type":"Feature","id":8142348117,"properties":{"amenity":"pharmacy","healthcare":"pharmacy","opening_hours":"Mo-Su 08:00-20:00","@type":"node","@id":8142348117},"geometry":{"type":"Point","coordinates":[99.9396238,13.0812237]}},{"type":"Feature","id":12931713004,"properties":{"amenity":"pharmacy","contact:facebook":"punyahuahin","name":"ปันยาฟาร์มาซี","name:en":"Punya Pharmacy","name:th":"ปันยาฟาร์มาซี","opening_hours":"Mo-Su 08:00-23:00","phone":"+66 032 516 489","@type":"node","@id":12931713004},"geometry":{"type":"Point","coordinates":[99.9519979,12.5829612]}},{"type":"Feature","id":4310086089,"properties":{"amenity":"pharmacy","name":"ห้องยา....เอี่ยมวัฒนา","@type":"node","@id":4310086089},"geometry":{"type":"Point","coordinates":[101.4130406,14.7043528]}},{"type":"Feature","id":5267434421,"properties":{"amenity":"pharmacy","name":"เขาใหญ่ฟาร์มาชี","@type":"node","@id":5267434421},"geometry":{"type":"Point","coordinates":[101.3701609,14.5337414]}},{"type":"Feature","id":5484328682,"properties":{"amenity":"pharmacy","@type":"node","@id":5484328682},"geometry":{"type":"Point","coordinates":[100.6630933,14.7989379]}},{"type":"Feature","id":6053538213,"properties":{"amenity":"pharmacy","@type":"node","@id":6053538213},"geometry":{"type":"Point","coordinates":[100.6114953,14.8038485]}},{"type":"Feature","id":6053538214,"properties":{"amenity":"pharmacy","@type":"node","@id":6053538214},"geometry":{"type":"Point","coordinates":[100.611519,14.8040297]}},{"type":"Feature","id":6053546273,"properties":{"amenity":"pharmacy","@type":"node","@id":6053546273},"geometry":{"type":"Point","coordinates":[100.6112843,14.8035152]}},{"type":"Feature","id":6155679281,"properties":{"amenity":"pharmacy","name":"กัญญาณีเภสัชกร","@type":"node","@id":6155679281},"geometry":{"type":"Point","coordinates":[100.8917615,14.4047182]}},{"type":"Feature","id":6342984993,"properties":{"amenity":"pharmacy","@type":"node","@id":6342984993},"geometry":{"type":"Point","coordinates":[100.6124513,14.8056058]}},{"type":"Feature","id":6342984997,"properties":{"amenity":"pharmacy","healthcare":"pharmacy","@type":"node","@id":6342984997},"geometry":{"type":"Point","coordinates":[100.614612,14.8000562]}},{"type":"Feature","id":6342985199,"properties":{"amenity":"pharmacy","@type":"node","@id":6342985199},"geometry":{"type":"Point","coordinates":[100.6117121,14.8055773]}},{"type":"Feature","id":6342985201,"properties":{"amenity":"pharmacy","@type":"node","@id":6342985201},"geometry":{"type":"Point","coordinates":[100.6116509,14.805244]}},{"type":"Feature","id":6342985691,"properties":{"amenity":"pharmacy","@type":"node","@id":6342985691},"geometry":{"type":"Point","coordinates":[100.6136222,14.8033755]}},{"type":"Feature","id":6342990185,"properties":{"amenity":"pharmacy","@type":"node","@id":6342990185},"geometry":{"type":"Point","coordinates":[100.6122993,14.8008917]}},{"type":"Feature","id":6364920217,"properties":{"amenity":"pharmacy","@type":"node","@id":6364920217},"geometry":{"type":"Point","coordinates":[102.1005818,14.974815]}},{"type":"Feature","id":6364960812,"properties":{"amenity":"pharmacy","@type":"node","@id":6364960812},"geometry":{"type":"Point","coordinates":[102.0985509,14.9753924]}},{"type":"Feature","id":6367674487,"properties":{"amenity":"pharmacy","@type":"node","@id":6367674487},"geometry":{"type":"Point","coordinates":[102.0963656,14.9750596]}},{"type":"Feature","id":6367674586,"properties":{"amenity":"pharmacy","@type":"node","@id":6367674586},"geometry":{"type":"Point","coordinates":[102.0957473,14.9749525]}},{"type":"Feature","id":8140732918,"properties":{"amenity":"pharmacy","@type":"node","@id":8140732918},"geometry":{"type":"Point","coordinates":[101.4041274,14.611534]}},{"type":"Feature","id":9751574461,"properties":{"amenity":"pharmacy","dispensing":"yes","healthcare":"pharmacy","name":"RX Pharmacy","note":"Owner is a very helpful English speaking pharmacist","operator":"independent locally owned","@type":"node","@id":9751574461},"geometry":{"type":"Point","coordinates":[101.2007734,14.6488305]}},{"type":"Feature","id":10692540946,"properties":{"amenity":"pharmacy","shop":"chemist","@type":"node","@id":10692540946},"geometry":{"type":"Point","coordinates":[101.3702863,14.5344656]}},{"type":"Feature","id":10692662362,"properties":{"amenity":"pharmacy","shop":"chemist","@type":"node","@id":10692662362},"geometry":{"type":"Point","coordinates":[101.371374,14.534354]}},{"type":"Feature","id":12328182001,"properties":{"addr:housenumber":"789/4 Moo 2","amenity":"pharmacy","healthcare":"pharmacy","name":"วรรณศิริเภสัช","opening_hours":"Mo-Sa 09:00-20:30","phone":"+66 92 4792450","@type":"node","@id":12328182001},"geometry":{"type":"Point","coordinates":[101.7200657,14.8691471]}},{"type":"Feature","id":13088729355,"properties":{"amenity":"pharmacy","check_date":"2025-08-19","healthcare":"pharmacy","name":"Laan Yha","@type":"node","@id":13088729355},"geometry":{"type":"Point","coordinates":[102.1325642,15.0330006]}},{"type":"Feature","id":13088729357,"properties":{"amenity":"pharmacy","check_date":"2025-08-19","healthcare":"pharmacy","name":"Laan-Yha","@type":"node","@id":13088729357},"geometry":{"type":"Point","coordinates":[102.1316974,15.035458]}},{"type":"Feature","id":13120701226,"properties":{"amenity":"pharmacy","check_date":"2025-09-05","healthcare":"pharmacy","name":"Watsons","@type":"node","@id":13120701226},"geometry":{"type":"Point","coordinates":[102.1312571,15.0352298]}},{"type":"Feature","id":13390641901,"properties":{"amenity":"pharmacy","@type":"node","@id":13390641901},"geometry":{"type":"Point","coordinates":[101.4030014,14.6100607]}},{"type":"Feature","id":13403988221,"properties":{"amenity":"pharmacy","healthcare":"pharmacy","name":"Super save","opening_hours":"Mo-Fr 09:00-22:00","@type":"node","@id":13403988221},"geometry":{"type":"Point","coordinates":[102.1372588,15.031056]}},{"type":"Feature","id":13463900685,"properties":{"amenity":"pharmacy","check_date":"2026-01-17","healthcare":"pharmacy","@type":"node","@id":13463900685},"geometry":{"type":"Point","coordinates":[102.1091128,14.9970346]}},{"type":"Feature","id":13463900692,"properties":{"amenity":"pharmacy","brand":"Watsons","brand:wikidata":"Q7974785","check_date":"2026-01-18","healthcare":"pharmacy","name":"Watsons","@type":"node","@id":13463900692},"geometry":{"type":"Point","coordinates":[102.0703676,14.9781995]}},{"type":"Feature","id":13472541966,"properties":{"amenity":"pharmacy","check_date":"2026-01-20","healthcare":"pharmacy","name":"ปันยา","opening_hours":"07:00-22:00","@type":"node","@id":13472541966},"geometry":{"type":"Point","coordinates":[102.1307742,15.0349504]}},{"type":"Feature","id":13476763058,"properties":{"amenity":"pharmacy","check_date":"2026-01-22","healthcare":"pharmacy","name":"สถานืยา","opening_hours":"12:00-23:00","@type":"node","@id":13476763058},"geometry":{"type":"Point","coordinates":[102.0451036,14.9569332]}},{"type":"Feature","id":13734389619,"properties":{"amenity":"pharmacy","check_date":"2026-03-28","healthcare":"pharmacy","@type":"node","@id":13734389619},"geometry":{"type":"Point","coordinates":[102.0805899,14.9748561]}},{"type":"Feature","id":13932042971,"properties":{"amenity":"pharmacy","healthcare":"pharmacy","name":"Dr. Pharma","@type":"node","@id":13932042971},"geometry":{"type":"Point","coordinates":[102.04451,14.9577205]}},{"type":"Feature","id":13950891818,"properties":{"amenity":"pharmacy","check_date":"2026-06-29","healthcare":"pharmacy","opening_hours":"10:00-21:00","@type":"node","@id":13950891818},"geometry":{"type":"Point","coordinates":[102.0965158,14.9901455]}},{"type":"Feature","id":14024326451,"properties":{"addr:floor":"3","amenity":"pharmacy","brand":"Watsons","brand:wikidata":"Q7974785","check_date":"2026-07-01","healthcare":"pharmacy","name":"Watsons","@type":"node","@id":14024326451},"geometry":{"type":"Point","coordinates":[102.1162317,14.9963526]}},{"type":"Feature","id":1229857734,"properties":{"amenity":"pharmacy","building":"yes","healthcare":"pharmacy","name":"สยามฟาร์มาซี","name:en":"Siam Pharmacy","@type":"way","@id":1229857734},"geometry":{"type":"Point","coordinates":[102.0947105,14.9752582]}},{"type":"Feature","id":1230041149,"properties":{"amenity":"pharmacy","building":"yes","healthcare":"pharmacy","name":"อมรินทร์เภสัช","@type":"way","@id":1230041149},"geometry":{"type":"Point","coordinates":[102.0986343,14.9753362]}}]}