{"type":"FeatureCollection","features":[{"type":"Feature","id":70753469,"properties":{"name":"สามเสน","name:en":"Sam Sen","name:th":"สามเสน","network":"การรถไฟแห่งประเทศไทย","network:en":"State Railway of Thailand","network:th":"การรถไฟแห่งประเทศไทย","network:wikidata":"Q2165702","operator":"การรถไฟแห่งประเทศไทย","public_transport":"station","railway":"station","railway:ref":"สส","railway:station_category":"1","ref":"สส.","ref:station":"1004","source":"GPS;sign","train":"yes","wikidata":"Q6895741","@type":"node","@id":70753469},"geometry":{"type":"Point","coordinates":[100.5299374,13.7794448]}},{"type":"Feature","id":249644272,"properties":{"name":"ศาลายา","name:en":"Sala Ya","name:th":"ศาลายา","network":"การรถไฟแห่งประเทศไทย","network:en":"State Railway of Thailand","network:th":"การรถไฟแห่งประเทศไทย","network:wikidata":"Q2165702","operator":"การรถไฟแห่งประเทศไทย","public_transport":"station","railway":"station","railway:ref":"ลย","ref":"ลย.","srt_code":"SLY","train":"yes","wikidata":"Q13021768","wikipedia":"th:สถานีศาลายา","@type":"node","@id":249644272},"geometry":{"type":"Point","coordinates":[100.3243341,13.8025019]}},{"type":"Feature","id":257066779,"properties":{"air_conditioning":"no","name":"สุรศักดิ์","name:en":"Surasak","name:th":"สุรศักดิ์","network":"BTS","operator":"ระบบขนส่งมวลชนกรุงเทพ","operator:en":"Bangkok Mass Transit System;BTSC","public_transport":"station","railway":"station","ref":"S5","station":"subway","subway":"yes","wheelchair":"limited","wikidata":"Q1030152","@type":"node","@id":257066779},"geometry":{"type":"Point","coordinates":[100.5214619,13.7192683]}},{"type":"Feature","id":257066790,"properties":{"name":"ช่องนนทรี","name:en":"Chong Nonsi","name:th":"ช่องนนทรี","operator":"ระบบขนส่งมวลชนกรุงเทพ","public_transport":"station","railway":"station","ref":"S3","station":"subway","subway":"yes","wheelchair":"yes","wikidata":"Q1030199","wikipedia":"th:สถานีช่องนนทรี","@type":"node","@id":257066790},"geometry":{"type":"Point","coordinates":[100.529325,13.7237969]}},{"type":"Feature","id":257066809,"properties":{"name":"ราชดำริ","name:en":"Ratchadamri","name:th":"ราชดำริ","operator":"ระบบขนส่งมวลชนกรุงเทพ","operator:en":"Bangkok Mass Transit System;BTSC","public_transport":"station","railway":"station","ref":"S1","station":"subway","subway":"yes","wheelchair":"yes","wikidata":"Q1030185","@type":"node","@id":257066809},"geometry":{"type":"Point","coordinates":[100.5394496,13.7394708]}},{"type":"Feature","id":257067085,"properties":{"addr:province":"กรุงเทพมหานคร","country":"ไทย","name":"สะพานตากสิน","name:de":"Saphan Taksin","name:en":"Saphan Taksin","name:fr":"Saphan Taksin","name:th":"สะพานตากสิน","operator":"ระบบขนส่งมวลชนกรุงเทพ","province":"Bangkok","public_transport":"station","railway":"station","ref":"S6","station":"subway","subway":"yes","train":"yes","wikidata":"Q1021944","@type":"node","@id":257067085},"geometry":{"type":"Point","coordinates":[100.514223,13.7188128]}},{"type":"Feature","id":259723391,"properties":{"name":"เชียงราก","name:en":"Chiang Rak","name:th":"เชียงราก","network":"การรถไฟแห่งประเทศไทย","network:en":"State Railway of Thailand","network:th":"การรถไฟแห่งประเทศไทย","network:wikidata":"Q2165702","operator":"การรถไฟแห่งประเทศไทย","public_transport":"station","railway":"station","railway:ref":"ชร","railway:station_category":"2","ref":"ชร.","ref:station":"1022","train":"yes","wikidata":"Q15044034","@type":"node","@id":259723391},"geometry":{"type":"Point","coordinates":[100.5923849,14.055337]}},{"type":"Feature","id":259723396,"properties":{"access":"no","name":"จิตรลดา","name:en":"Chitlada","name:th":"จิตรลดา","network":"การรถไฟแห่งประเทศไทย","network:en":"State Railway of Thailand","network:th":"การรถไฟแห่งประเทศไทย","network:wikidata":"Q2165702","operator":"การรถไฟแห่งประเทศไทย","public_transport":"station","railway":"station","railway:ref":"จล","railway:ref:en":"CLD","railway:station_category":"พิเศษ","ref":"จล.","ref:station":"1003","srt_code":"1003","train":"yes","wikidata":"Q6633293","@type":"node","@id":259723396},"geometry":{"type":"Point","coordinates":[100.5247073,13.7665394]}},{"type":"Feature","id":280179404,"properties":{"addr:country":"Thailand","addr:district":"ปทุมวัน","addr:district:en":"Pathumwan","addr:province":"กรุงเทพมหานคร","addr:province:en":"Bangkok","addr:subdistrict":"รองเมือง","name":"หัวลำโพง","name:en":"Hua Lamphong","name:th":"หัวลำโพง","name:zh":"華喃峰","operator":"ทางด่วนและรถไฟฟ้ากรุงเทพ","public_transport":"station","railway":"station","ref":"BL28","station":"subway","subway":"yes","wikidata":"Q13021858","wikipedia":"th:สถานีหัวลำโพง","@type":"node","@id":280179404},"geometry":{"type":"Point","coordinates":[100.517135,13.7375708]}},{"type":"Feature","id":280179427,"properties":{"addr:province":"กรุงเทพมหานคร","alt_name":"Phra Ram 9 Station","country":"Thailand","name":"พระราม 9","name:en":"Phra Ram 9","name:fr":"Phra Ram 9","name:th":"พระราม 9","name:zh":"帕蓝9站","operator":"ทางด่วนและรถไฟฟ้ากรุงเทพ","province":"Bangkok","public_transport":"station","railway":"station","ref":"BL20","station":"subway","subway":"yes","website":"https://www.mrta.co.th/en/mrt-chaloem-ratchamongkhon","wheelchair":"yes","wikidata":"Q1036857","@type":"node","@id":280179427},"geometry":{"type":"Point","coordinates":[100.5652774,13.7578166]}},{"type":"Feature","id":280179448,"properties":{"name":"ศูนย์การประชุมแห่งชาติสิริกิติ์","name:en":"Queen Sirikit National Convention Centre","name:th":"ศูนย์การประชุมแห่งชาติสิริกิติ์","operator":"ทางด่วนและรถไฟฟ้ากรุงเทพ","public_transport":"station","railway":"station","ref":"BL23","short_name":"ศูนย์สิริกิติ์","short_name:en":"Sirikit Centre","short_name:th":"ศูนย์สิริกิติ์","station":"subway","subway":"yes","wheelchair":"yes","wikidata":"Q4921067","@type":"node","@id":280179448},"geometry":{"type":"Point","coordinates":[100.5599134,13.7226725]}},{"type":"Feature","id":280222462,"properties":{"addr:country":"Thailand","addr:province":"กรุงเทพมหานคร","addr:province:en":"ฺBangkok","country":"ไทย","name":"ลุมพินี","name:en":"Lumphini","name:th":"ลุมพินี","operator":"ทางด่วนและรถไฟฟ้ากรุงเทพ","province":"กรุงเทพมหานคร","public_transport":"station","railway":"station","ref":"BL25","station":"subway","subway":"yes","wikidata":"Q4923316","@type":"node","@id":280222462},"geometry":{"type":"Point","coordinates":[100.5457249,13.7256066]}},{"type":"Feature","id":280239009,"properties":{"name":"ห้วยขวาง","name:en":"Huai Khwang","name:th":"ห้วยขวาง","name:zh":"汇权","operator":"ทางด่วนและรถไฟฟ้ากรุงเทพ","public_transport":"station","railway":"station","ref":"BL18","station":"subway","subway":"yes","wikidata":"Q13021853","@type":"node","@id":280239009},"geometry":{"type":"Point","coordinates":[100.5735662,13.7786878]}},{"type":"Feature","id":280239362,"properties":{"name":"สุทธิสาร","name:en":"Sutthisan","name:th":"สุทธิสาร","name:zh":"素铁讪","operator":"ทางด่วนและรถไฟฟ้ากรุงเทพ","public_transport":"station","railway":"station","ref":"BL17","station":"subway","subway":"yes","wikidata":"Q4923841","@type":"node","@id":280239362},"geometry":{"type":"Point","coordinates":[100.5740801,13.7894884]}},{"type":"Feature","id":280239363,"properties":{"name":"รัชดาภิเษก","name:en":"Ratchadaphisek","name:th":"รัชดาภิเษก","name:zh":"叻猜拉披色","operator":"ทางด่วนและรถไฟฟ้ากรุงเทพ","public_transport":"station","railway":"station","ref":"BL16","station":"subway","subway":"yes","wikidata":"Q4924317","@type":"node","@id":280239363},"geometry":{"type":"Point","coordinates":[100.5745537,13.7989706]}},{"type":"Feature","id":280240574,"properties":{"name":"ศูนย์วัฒนธรรมแห่งประเทศไทย","name:en":"Thailand Cultural Centre","name:th":"ศูนย์วัฒนธรรมแห่งประเทศไทย","name:zh":"泰国文化中心","operator":"ทางด่วนและรถไฟฟ้ากรุงเทพ","public_transport":"station","railway":"station","ref":"BL19","station":"subway","subway":"yes","wikidata":"Q6633637","@type":"node","@id":280240574},"geometry":{"type":"Point","coordinates":[100.5701188,13.7661576]}},{"type":"Feature","id":280240577,"properties":{"name":"ลาดพร้าว","name:en":"Lat Phrao","name:th":"ลาดพร้าว","name:zh":"叻抛","operator":"ทางด่วนและรถไฟฟ้ากรุงเทพ","public_transport":"station","railway":"station","ref":"BL15","station":"subway","subway":"yes","wikidata":"Q4923372","@type":"node","@id":280240577},"geometry":{"type":"Point","coordinates":[100.5728701,13.806503]}},{"type":"Feature","id":280240580,"properties":{"addr:country":"Thailand","addr:district":"จตุจักร","addr:district:en":"Chatuchak","addr:postcode":"10900","addr:province":"กรุงเทพมหานคร","addr:province:en":"Bangkok","addr:street":"ถนนลาดพร้าว","addr:street:en":"Ladprao road","addr:subdistrict":"จตุจักร","alt_name":"สถานีรถไฟพหลโยธิน","description":"สถานีรถไฟพหลโยธิน Phahon Yothin Station ฺBangkok","name":"พหลโยธิน","name:en":"Phahon Yothin","name:ja":"パホンヨーティン駅","name:th":"พหลโยธิน","name:zh":"帕凤裕庭","operator":"ทางด่วนและรถไฟฟ้ากรุงเทพ","public_transport":"station","railway":"station","ref":"BL14","station":"subway","subway":"yes","wikidata":"Q4919752","wikipedia":"th:สถานีพหลโยธิน (รถไฟฟ้ามหานคร)","@type":"node","@id":280240580},"geometry":{"type":"Point","coordinates":[100.5614634,13.8128808]}},{"type":"Feature","id":280240585,"properties":{"name":"สวนจตุจักร","name:en":"Chatuchak Park","name:th":"สวนจตุจักร","name:zh":"乍都节公园","network":"MRT","operator":"ทางด่วนและรถไฟฟ้ากรุงเทพ","public_transport":"station","railway":"station","ref":"BL13","station":"subway","subway":"yes","wikidata":"Q6633742","@type":"node","@id":280240585},"geometry":{"type":"Point","coordinates":[100.5532845,13.8029643]}},{"type":"Feature","id":280240589,"properties":{"name":"กำแพงเพชร","name:en":"Kamphaeng Phet","name:th":"กำแพงเพชร","name:zh":"甘烹碧车站","operator":"ทางด่วนและรถไฟฟ้ากรุงเทพ","public_transport":"station","railway":"station","ref":"BL12","station":"subway","subway":"yes","wikidata":"Q13590884","@type":"node","@id":280240589},"geometry":{"type":"Point","coordinates":[100.5478837,13.7979484]}},{"type":"Feature","id":280729450,"properties":{"name":"คลองเตย","name:en":"Khlong Toei","name:th":"คลองเตย","operator":"ทางด่วนและรถไฟฟ้ากรุงเทพ","public_transport":"station","railway":"station","ref":"BL24","station":"subway","subway":"yes","wheelchair":"yes","wikidata":"Q4920172","@type":"node","@id":280729450},"geometry":{"type":"Point","coordinates":[100.5543696,13.7221264]}},{"type":"Feature","id":305693940,"properties":{"name":"โพธิ์นิมิตร","name:en":"Pho Nimit","name:th":"โพธิ์นิมิตร","network":"BTS","operator":"กรุงเทพธนาคม","public_transport":"station","railway":"station","ref":"S9","start_date":"2013-01-12","station":"subway","subway":"yes","wheelchair":"yes","wikidata":"Q18388309","@type":"node","@id":305693940},"geometry":{"type":"Point","coordinates":[100.4859681,13.7192426]}},{"type":"Feature","id":340133002,"properties":{"name":"ตลาดพลู","name:en":"Talat Phlu","name:th":"ตลาดพลู","network":"BTS","operator":"กรุงเทพธนาคม","public_transport":"station","railway":"station","ref":"S10","start_date":"2013-01-12","station":"subway","subway":"yes","wikidata":"Q18393239","wikipedia":"th:สถานีตลาดพลู","@type":"node","@id":340133002},"geometry":{"type":"Point","coordinates":[100.4766912,13.7142201]}},{"type":"Feature","id":358613848,"properties":{"name":"ยมราช","name:en":"Yommarat","name:th":"ยมราช","operator":"การรถไฟแห่งประเทศไทย","public_transport":"station","railway":"halt","railway:ref":"ยช","railway:station_category":"ป้ายหยุดรถ","ref":"ยช.","ref:station":"1002","train":"yes","wikidata":"Q13563190","@type":"node","@id":358613848},"geometry":{"type":"Point","coordinates":[100.5214744,13.758628]}},{"type":"Feature","id":360166991,"properties":{"name":"โรงพยาบาลรามาธิบดี","name:en":"Ramathibodi Hospital","name:th":"โรงพยาบาลรามาธิบดี","operator":"การรถไฟแห่งประเทศไทย","public_transport":"station","railway":"halt","railway:ref":"รธ","railway:station_category":"ป้ายหยุดรถ","ref":"รธ.","ref:station":"1232","train":"yes","wikidata":"Q17057655","@type":"node","@id":360166991},"geometry":{"type":"Point","coordinates":[100.5255047,13.7685073]}},{"type":"Feature","id":443815142,"properties":{"name":"วงเวียนใหญ่","name:en":"Wongwian Yai","name:th":"วงเวียนใหญ่","network":"BTS","operator":"ระบบขนส่งมวลชนกรุงเทพ","operator:en":"Bangkok Mass Transit System;BTSC","public_transport":"station","railway":"station","ref":"S8","station":"subway","subway":"yes","wikidata":"Q13021824","wikipedia":"th:สถานีวงเวียนใหญ่","@type":"node","@id":443815142},"geometry":{"type":"Point","coordinates":[100.4951594,13.7210816]}},{"type":"Feature","id":443815144,"properties":{"name":"กรุงธนบุรี","name:en":"Krung Thon Buri","name:ja":"クルントンブリー","name:th":"กรุงธนบุรี","network":"BTS","operator":"ระบบขนส่งมวลชนกรุงเทพ","operator:en":"Bangkok Mass Transit System;BTSC","public_transport":"station","railway":"station","ref":"S7","short_name":"กรุงธน","short_name:en":"Kring Thon","short_name:th":"กรุงธน","station":"subway","subway":"yes","wikidata":"Q11299499","wikipedia":"th:สถานีกรุงธนบุรี","@type":"node","@id":443815144},"geometry":{"type":"Point","coordinates":[100.5027176,13.7209307]}},{"type":"Feature","id":444979563,"properties":{"name":"บ้านทับช้าง","name:en":"Ban Thap Chang","name:th":"บ้านทับช้าง","network":"การรถไฟแห่งประเทศไทย","network:en":"State Railway of Thailand","network:th":"การรถไฟแห่งประเทศไทย","network:wikidata":"Q2165702","operator":"การรถไฟแห่งประเทศไทย","public_transport":"station","railway":"station","railway:ref":"ทช","railway:ref:en":"BTC","railway:station_category":"2","ref":"ทช.","ref:station":"3012","train":"yes","@type":"node","@id":444979563},"geometry":{"type":"Point","coordinates":[100.6887408,13.7329355]}},{"type":"Feature","id":451697335,"properties":{"addr:district":"บางรัก","addr:postcode":"10500","addr:province":"กรุงเทพมหานคร","addr:street":"ถนนสีลม","addr:subdistrict":"สีลม","internet_access":"no","name":"ศาลาแดง","name:en":"Sala Daeng","name:th":"ศาลาแดง","operator":"ระบบขนส่งมวลชนกรุงเทพ","operator:en":"Bangkok Mass Transit System;BTSC","public_transport":"station","railway":"station","ref":"S2","station":"subway","subway":"yes","wikidata":"Q13021833","wikipedia":"th:สถานีศาลาแดง","@type":"node","@id":451697335},"geometry":{"type":"Point","coordinates":[100.5343416,13.7285677]}},{"type":"Feature","id":674670262,"properties":{"addr:district":"เมืองสมุทรสาคร","addr:postcode":"74000","addr:province":"สมุทรสาคร","addr:subdistrict":"มหาชัย","name":"มหาชัย","name:en":"Maha Chai","name:th":"มหาชัย","network":"การรถไฟแห่งประเทศไทย","network:en":"State Railway of Thailand","network:th":"การรถไฟแห่งประเทศไทย","network:wikidata":"Q2165702","operator":"การรถไฟแห่งประเทศไทย","public_transport":"station","railway":"station","railway:ref":"ชั","ref":"ชั.","train":"yes","wheelchair":"no","wikidata":"Q6633385","wikipedia":"th:สถานีรถไฟมหาชัย","@type":"node","@id":674670262},"geometry":{"type":"Point","coordinates":[100.276623,13.5462511]}},{"type":"Feature","id":674670271,"properties":{"addr:district":"เมืองสมุทรสาคร","addr:postcode":"74000","addr:province":"สมุทรสาคร","addr:subdistrict":"โคกขาม","internet_access":"no","name":"บ้านขอม","name:en":"Ban Khom","name:th":"บ้านขอม","operator":"การรถไฟแห่งประเทศไทย","public_transport":"station","railway":"halt","railway:ref":"ขม","ref":"ขม.","train":"yes","wikidata":"Q16307547","@type":"node","@id":674670271},"geometry":{"type":"Point","coordinates":[100.3135261,13.5630261]}},{"type":"Feature","id":674670279,"properties":{"addr:district":"บางขุนเทียน","addr:postcode":"10150","addr:province":"สมุทรสาคร","addr:subdistrict":"แสมดำ","name":"พรมแดน","name:en":"Phrom Daen","name:th":"พรมแดน","operator":"การรถไฟแห่งประเทศไทย","public_transport":"station","railway":"halt","railway:ref":"พแ","ref":"พแ.","train":"yes","wikidata":"Q13021749","@type":"node","@id":674670279},"geometry":{"type":"Point","coordinates":[100.3780143,13.6209828]}},{"type":"Feature","id":674670289,"properties":{"name":"วัดสิงห์","name:en":"Wat Sing","name:th":"วัดสิงห์","network":"การรถไฟแห่งประเทศไทย","network:en":"State Railway of Thailand","network:th":"การรถไฟแห่งประเทศไทย","network:wikidata":"Q2165702","operator":"การรถไฟแห่งประเทศไทย","public_transport":"station","railway":"station","railway:ref":"สิ","ref":"สิ.","train":"yes","wikidata":"Q6895740","wikimedia_commons":"Category:Wat Sing Railway Station","@type":"node","@id":674670289},"geometry":{"type":"Point","coordinates":[100.4476577,13.683249]}},{"type":"Feature","id":674670294,"properties":{"addr:district":"จอมทอง","addr:postcode":"10150","addr:province":"กรุงเทพมหานคร","addr:subdistrict":"บางขุนเทียน","name":"วัดไทร","name:en":"Wat Sai","name:th":"วัดไทร","operator":"การรถไฟแห่งประเทศไทย","public_transport":"station","railway":"halt","railway:ref":"วซ","ref":"วซ.","source":"survey;schedule of Railway of Thailand","train":"yes","wikidata":"Q137787105","@type":"node","@id":674670294},"geometry":{"type":"Point","coordinates":[100.4575599,13.6915585]}},{"type":"Feature","id":674670328,"properties":{"addr:district":"ธนบุรี","addr:postcode":"10600","addr:province":"กรุงเทพ","addr:subdistrict":"ตลาดพลู","name":"ตลาดพลู","name:en":"Talat Phlu","name:th":"ตลาดพลู","network":"การรถไฟแห่งประเทศไทย","network:en":"State Railway of Thailand","network:th":"การรถไฟแห่งประเทศไทย","network:wikidata":"Q2165702","operator":"การรถไฟแห่งประเทศไทย","public_transport":"station","railway":"station","railway:ref":"ลู","ref":"ลู.","train":"yes","wikidata":"Q13021691","@type":"node","@id":674670328},"geometry":{"type":"Point","coordinates":[100.4780183,13.7208188]}},{"type":"Feature","id":674670334,"properties":{"addr:district":"ธนบุรี","addr:postcode":"10600","addr:province":"กรุงเทพมหานคร","addr:street":"ถนนสมเด็จพระเจ้าตากสิน","addr:subdistrict":"บางยี่เรือ","name":"วงเวียนใหญ่","name:en":"Wongwian Yai","name:th":"วงเวียนใหญ่","network":"การรถไฟแห่งประเทศไทย","network:en":"State Railway of Thailand","network:th":"การรถไฟแห่งประเทศไทย","network:wikidata":"Q2165702","operator":"การรถไฟแห่งประเทศไทย","public_transport":"station","railway":"station","railway:ref":"งญ","ref":"งญ.","train":"yes","wikidata":"Q5979361","wikipedia":"th:สถานีรถไฟวงเวียนใหญ่","@type":"node","@id":674670334},"geometry":{"type":"Point","coordinates":[100.4912323,13.7243925]}},{"type":"Feature","id":970112998,"properties":{"addr:district":"สวนหลวง","addr:province":"กรุงเทพมหานคร","country":"Thailand","int_name":"Hua Mak","name":"หัวหมาก","name:en":"Hua Mak","name:th":"หัวหมาก","network":"ARL","operator":"เอเชียเอราวัน","operator:en":"Asia Era One Company Limited","province":"Bangkok","public_transport":"station","railway":"station","ref":"A4","train":"yes","wheelchair":"yes","wikidata":"Q6633722","wikipedia":"th:สถานีหัวหมาก","@type":"node","@id":970112998},"geometry":{"type":"Point","coordinates":[100.6452618,13.7380166]}},{"type":"Feature","id":1103023738,"properties":{"addr:district":"เมืองสมุทรสาคร","addr:postcode":"74000","addr:province":"สมุุทรสาคร","addr:subdistrict":"คอกกระบือ","name":"คอกควาย","name:en":"Khok Khwai","name:th":"คอกควาย","operator":"การรถไฟแห่งประเทศไทย","public_transport":"station","railway":"halt","railway:ref":"วา","ref":"วา.","train":"yes","wikidata":"Q6578810","@type":"node","@id":1103023738},"geometry":{"type":"Point","coordinates":[100.3401052,13.5869538]}},{"type":"Feature","id":1113055052,"properties":{"name":"วุฒากาศ","name:en":"Wutthakat","name:th":"วุฒากาศ","operator":"กรุงเทพธนาคม","public_transport":"station","railway":"station","ref":"S11","station":"subway","subway":"yes","wikidata":"Q13021838","@type":"node","@id":1113055052},"geometry":{"type":"Point","coordinates":[100.4689032,13.7130228]}},{"type":"Feature","id":1183545603,"properties":{"addr:district":"เมืองสมุทรสาคร","addr:postcode":"74000","addr:province":"สมุทรสาคร","addr:subdistrict":"ท่าฉลอม","country":"ไทย","name":"บ้านแหลม","name:de":"Ban Laem","name:en":"Ban Laem","name:th":"บ้านแหลม","network":"การรถไฟแห่งประเทศไทย","network:en":"State Railway of Thailand","network:th":"การรถไฟแห่งประเทศไทย","network:wikidata":"Q2165702","operator":"การรถไฟแห่งประเทศไทย","province":"สมุทรสาคร","public_transport":"station","railway":"station","ref":"แห.","train":"yes","wikidata":"Q6633353","wikipedia":"th:สถานีรถไฟบ้านแหลม","@type":"node","@id":1183545603},"geometry":{"type":"Point","coordinates":[100.2700042,13.5419156]}},{"type":"Feature","id":1183545716,"properties":{"addr:district":"บางบอน","addr:postcode":"10150","addr:province":"กรุงเทพมหานคร","addr:subdistrict":"คลองบางบอน","name":"บางบอน","name:en":"Bang Bon","name:th":"บางบอน","operator":"การรถไฟแห่งประเทศไทย","public_transport":"station","railway":"halt","railway:ref":"าา","ref":"าา.","train":"yes","wikidata":"Q16306299","@type":"node","@id":1183545716},"geometry":{"type":"Point","coordinates":[100.428825,13.6665099]}},{"type":"Feature","id":1183545761,"properties":{"addr:district":"บางบอน","addr:postcode":"10150","addr:province":"กรุงเทพมหานคร","addr:subdistrict":"บางบอนใต้","name":"รางโพธิ์","name:en":"Rang Pho","name:th":"รางโพธิ์","network":"การรถไฟแห่งประเทศไทย","network:en":"State Railway of Thailand","network:th":"การรถไฟแห่งประเทศไทย","network:wikidata":"Q2165702","operator":"การรถไฟแห่งประเทศไทย","public_transport":"station","railway":"station","railway:ref":"รโ","ref":"รโ.","train":"yes","wikidata":"Q6633388","@type":"node","@id":1183545761},"geometry":{"type":"Point","coordinates":[100.3982295,13.6391391]}},{"type":"Feature","id":1183545948,"properties":{"addr:district":"เมืองสมุทรสาคร","addr:postcode":"74000","addr:province":"สมุทรสาคร","addr:subdistrict":"บางน้ำจืด","name":"บางน้ำจืด","name:en":"Bang Nam Chuet","name:th":"บางน้ำจืด","operator":"การรถไฟแห่งประเทศไทย","public_transport":"station","railway":"halt","railway:ref":"นจ","ref":"นจ.","train":"yes","wikidata":"Q6633333","@type":"node","@id":1183545948},"geometry":{"type":"Point","coordinates":[100.3602696,13.6051185]}},{"type":"Feature","id":1183546111,"properties":{"addr:country":"ไทย","addr:district":"เมืองสมุทรสาคร","addr:postcode":"74000","addr:province":"สมุทรสาคร","addr:subdistrict":"ท่าฉลอม","country":"ไทย","name":"ท่าฉลอม","name:en":"Ta Chalom","name:th":"ท่าฉลอม","province":"สมุทรสาคร","public_transport":"station","railway":"halt","ref":"ฉอ.","train":"yes","@type":"node","@id":1183546111},"geometry":{"type":"Point","coordinates":[100.2635289,13.5313971]}},{"type":"Feature","id":1183546364,"properties":{"addr:district":"บางขุนเทียน","addr:postcode":"10150","addr:province":"กรุงเทพมหานคร","addr:subdistrict":"แสมดำ","name":"การเคหะ","name:en":"Kan Kheha","name:th":"การเคหะ","operator":"การรถไฟแห่งประเทศไทย","public_transport":"station","railway":"halt","railway:ref":"เค","ref":"เค.","train":"yes","wikidata":"Q13015608","@type":"node","@id":1183546364},"geometry":{"type":"Point","coordinates":[100.4132302,13.6525975]}},{"type":"Feature","id":1183593073,"properties":{"addr:district":"เมืองสมุทรสาคร","addr:postcode":"74000","addr:province":"สมุทรสาคร","addr:subdistrict":"บางน้ำจืด","name":"ทุ่งสีทอง","name:en":"Thung Si Thong","name:th":"ทุ่งสีทอง","operator":"การรถไฟแห่งประเทศไทย","public_transport":"station","railway":"halt","railway:ref":"ที","ref":"ที.","train":"yes","wikidata":"Q16307537","@type":"node","@id":1183593073},"geometry":{"type":"Point","coordinates":[100.3687241,13.6126424]}},{"type":"Feature","id":1183593081,"properties":{"name":"สามแยก","name:en":"Sam Yaek","name:th":"สามแยก","operator":"การรถไฟแห่งประเทศไทย","public_transport":"station","railway":"halt","railway:ref":"แย","ref":"แย.","train":"yes","wikidata":"Q13021763","@type":"node","@id":1183593081},"geometry":{"type":"Point","coordinates":[100.3883655,13.6302658]}},{"type":"Feature","id":1285516977,"properties":{"name":"สะพานควาย","name:en":"Saphan Khwai","name:ja":"サパーンクワイ","name:th":"สะพานควาย","operator":"ระบบขนส่งมวลชนกรุงเทพ","operator:en":"Bangkok Mass Transit System;BTSC","public_transport":"station","railway":"station","ref":"N7","station":"subway","subway":"yes","wikidata":"Q873690","@type":"node","@id":1285516977},"geometry":{"type":"Point","coordinates":[100.5497114,13.7938228]}},{"type":"Feature","id":1347844713,"properties":{"name":"หัวตะเข้","name:en":"Hua Takhe","name:th":"หัวตะเข้","network":"การรถไฟแห่งประเทศไทย","network:en":"State Railway of Thailand","network:th":"การรถไฟแห่งประเทศไทย","network:wikidata":"Q2165702","operator":"การรถไฟแห่งประเทศไทย","public_transport":"station","railway":"station","railway:ref":"หข","railway:ref:en":"HTK","railway:station_category":"1","ref:station":"3015","train":"yes","wikidata":"Q6633437","@type":"node","@id":1347844713},"geometry":{"type":"Point","coordinates":[100.7828969,13.7284244]}},{"type":"Feature","id":1637548696,"properties":{"name":"มักกะสัน","name:en":"Makkasan","name:th":"มักกะสัน","network":"การรถไฟแห่งประเทศไทย","network:en":"State Railway of Thailand","network:th":"การรถไฟแห่งประเทศไทย","network:wikidata":"Q2165702","operator":"การรถไฟแห่งประเทศไทย","public_transport":"station","railway":"station","railway:ref":"มส","railway:ref:en":"MKS","railway:station_category":"1","ref:station":"3001","train":"yes","url":"https://youtu.be/6icVmI-m9LI","wikidata":"Q16434104","wikipedia":"th:สถานีรถไฟมักกะสัน","@type":"node","@id":1637548696},"geometry":{"type":"Point","coordinates":[100.5473663,13.7538606]}},{"type":"Feature","id":1692209237,"properties":{"addr:country":"ไทย","addr:district":"ปทุมวัน","addr:district:en":"Pathumwan","addr:province":"กรุงเทพมหานคร","addr:province:en":"Bangkok","addr:street":"ถนนพระรามที่ 1","addr:street:en":"Rama I Road","addr:subdistrict":"ปทุมวัน","country":"Thailand","name":"สยาม","name:en":"Siam","name:ja":"サイアム","name:ko":"싸얌역","name:th":"สยาม","network":"BTS","operator":"ระบบขนส่งมวลชนกรุงเทพ","operator:en":"Bangkok Mass Transit System;BTSC","province":"กรุงเทพมหานคร","public_transport":"station","railway":"station","ref":"CEN","station":"subway","subway":"yes","toilets:wheelchair":"no","website":"https://www.bts.co.th/library/system-structuer.html","wheelchair":"yes","wikidata":"Q1016037","wikipedia":"th:สถานีสยาม","@type":"node","@id":1692209237},"geometry":{"type":"Point","coordinates":[100.5342199,13.7456236]}},{"type":"Feature","id":1692810681,"properties":{"name":"แม่น้ำ","name:en":"Mae Nam","name:th":"แม่น้ำ","network":"การรถไฟแห่งประเทศไทย","network:en":"State Railway of Thailand","network:th":"การรถไฟแห่งประเทศไทย","network:wikidata":"Q2165702","public_transport":"station","railway":"station","railway:ref":"มน","railway:ref:en":"MAN","railway:station_category":"1","ref:station":"3002","srt_code":"MAN","train":"yes","wikidata":"Q13021806","@type":"node","@id":1692810681},"geometry":{"type":"Point","coordinates":[100.5538607,13.7139129]}},{"type":"Feature","id":1692912081,"properties":{"name":"พญาไท","name:en":"Phaya Thai","name:th":"พญาไท","network":"national","operator":"การรถไฟแห่งประเทศไทย","public_transport":"station","railway":"halt","railway:station_category":"ป้ายหยุดรถ","ref":"ญท.","ref:station":"3103","train":"yes","wikidata":"Q109127834","@type":"node","@id":1692912081},"geometry":{"type":"Point","coordinates":[100.5331942,13.7570106]}},{"type":"Feature","id":1724588735,"properties":{"name":"ชุมทางบางซื่อ","name:en":"Bang Sue Junction","name:th":"ชุมทางบางซื่อ","network":"การรถไฟแห่งประเทศไทย","network:en":"State Railway of Thailand","network:th":"การรถไฟแห่งประเทศไทย","network:wikidata":"Q2165702","operator":"การรถไฟแห่งประเทศไทย","public_transport":"station","railway":"station","railway:ref":"บซ","railway:station_category":"1","ref":"บซ.","ref:station":"1007","source":"GPS;sign","srt_code":"BSJ","train":"yes","wikidata":"Q13021685","wikipedia":"th:สถานีรถไฟชุมทางบางซื่อ","@type":"node","@id":1724588735},"geometry":{"type":"Point","coordinates":[100.5399615,13.8041416]}},{"type":"Feature","id":1726307666,"properties":{"addr:district":"ลาดกระบัง","addr:postcode":"10520","addr:province":"กรุงเทพมหานคร","addr:subdistrict":"ลาดกระบัง","name":"ลาดกระบัง","name:en":"Lat Krabang","name:th":"ลาดกระบัง","network":"การรถไฟแห่งประเทศไทย","network:en":"State Railway of Thailand","network:th":"การรถไฟแห่งประเทศไทย","network:wikidata":"Q2165702","operator":"การรถไฟแห่งประเทศไทย","public_transport":"station","railway":"station","railway:ref":"ะบ","railway:station_category":"2","ref":"ะบ.","ref:station":"3014","train":"yes","@type":"node","@id":1726307666},"geometry":{"type":"Point","coordinates":[100.7485537,13.7275084]}},{"type":"Feature","id":2013379450,"properties":{"name":"พระจอมเกล้า","name:en":"Phra Chom Klao","name:th":"พระจอมเกล้า","network":"การรถไฟแห่งประเทศไทย","network:en":"State Railway of Thailand","network:th":"การรถไฟแห่งประเทศไทย","network:wikidata":"Q2165702","operator":"การรถไฟแห่งประเทศไทย","public_transport":"station","railway":"station","railway:ref":"พม","railway:ref:en":"PCK","railway:station_category":"ป้ายหยุดรถ","ref":"พม.","ref:station":"3107","train":"yes","wikidata":"Q13017024","@type":"node","@id":2013379450},"geometry":{"type":"Point","coordinates":[100.7754678,13.7281797]}},{"type":"Feature","id":2094758805,"properties":{"name":"ท่าพระ","name:en":"Tha Phra","name:th":"ท่าพระ","name:zh":"塔帕","operator":"ทางด่วนและรถไฟฟ้ากรุงเทพ","public_transport":"station","railway":"station","ref":"BL01","station":"subway","subway":"yes","wikidata":"Q13021620","@type":"node","@id":2094758805},"geometry":{"type":"Point","coordinates":[100.4740422,13.7296466]}},{"type":"Feature","id":2094758837,"properties":{"name":"บางขุนนนท์","name:en":"Bang Khun Non","name:ru":"Бангкхуннон","name:th":"บางขุนนนท์","name:zh":"曼坤暖","operator":"ทางด่วนและรถไฟฟ้ากรุงเทพ","public_transport":"station","railway":"station","ref":"BL04","station":"subway","subway":"yes","wikidata":"Q66372327","@type":"node","@id":2094758837},"geometry":{"type":"Point","coordinates":[100.4732959,13.7633253]}},{"type":"Feature","id":2122824255,"properties":{"name":"ศาลาธรรมสพน์","name:en":"Sala Thammasop","name:th":"ศาลาธรรมสพน์","network":"การรถไฟแห่งประเทศไทย","network:en":"State Railway of Thailand","network:th":"การรถไฟแห่งประเทศไทย","network:wikidata":"Q2165702","operator":"การรถไฟแห่งประเทศไทย","public_transport":"station","railway":"station","railway:ref":"ทพ","ref":"ทพ.","train":"yes","wikidata":"Q16271193","@type":"node","@id":2122824255},"geometry":{"type":"Point","coordinates":[100.3712238,13.8008794]}},{"type":"Feature","id":3144976440,"properties":{"name":"วัดสุวรรณ","name:en":"Wat Suwan","name:th":"วัดสุวรรณ","network":"การรถไฟแห่งประเทศไทย","network:en":"State Railway of Thailand","network:th":"การรถไฟแห่งประเทศไทย","network:wikidata":"Q2165702","operator":"การรถไฟแห่งประเทศไทย","public_transport":"station","railway":"station","railway:ref":"สุ","ref":"สุ.","train":"yes","wikidata":"Q13021756","@type":"node","@id":3144976440},"geometry":{"type":"Point","coordinates":[100.2837103,13.8056697]}},{"type":"Feature","id":3144976441,"properties":{"name":"คลองมหาสวัสดิ์","name:en":"Khlong Maha Sawat","public_transport":"station","railway":"halt","railway:ref":"มว","ref":"มว.","train":"yes","@type":"node","@id":3144976441},"geometry":{"type":"Point","coordinates":[100.2507309,13.8088548]}},{"type":"Feature","id":3641278609,"properties":{"name":"ชุมทางตลิ่งชัน","name:en":"Taling Chan Junction","name:th":"ชุมทางตลิ่งชัน","network":"การรถไฟแห่งประเทศไทย","network:en":"State Railway of Thailand","network:th":"การรถไฟแห่งประเทศไทย","network:wikidata":"Q2165702","operator":"การรถไฟแห่งประเทศไทย","public_transport":"station","railway":"station","railway:ref":"ตช","ref":"ตช.;RW06","srt_code":"4004","train":"yes","wikidata":"Q6633300","wikipedia":"th:สถานีตลิ่งชัน","@type":"node","@id":3641278609},"geometry":{"type":"Point","coordinates":[100.440083,13.789269]}},{"type":"Feature","id":3801037850,"properties":{"name":"จรัญฯ 13","name:en":"Charan 13","name:ja":"ジャラン13","name:th":"จรัญฯ 13","name:zh":"乍伦13巷","operator":"ทางด่วนและรถไฟฟ้ากรุงเทพ","public_transport":"station","railway":"station","ref":"BL02","station":"subway","subway":"yes","wikidata":"Q66088546","@type":"node","@id":3801037850},"geometry":{"type":"Point","coordinates":[100.4707092,13.7401714]}},{"type":"Feature","id":3801037852,"properties":{"name":"บางพลัด","name:en":"Bang Phlat","name:ru":"Бангпхлат","name:th":"บางพลัด","name:zh":"曼盼","public_transport":"station","railway":"station","ref":"BL07","station":"subway","subway":"yes","wikidata":"Q95770449","@type":"node","@id":3801037852},"geometry":{"type":"Point","coordinates":[100.5048882,13.7924113]}},{"type":"Feature","id":3801037853,"properties":{"name":"บางยี่ขัน","name:en":"Bang Yi Khan","name:ru":"Бангйикхан","name:th":"บางยี่ขัน","name:zh":"曼益康","operator":"ทางด่วนและรถไฟฟ้ากรุงเทพ","public_transport":"station","railway":"station","ref":"BL05","station":"subway","subway":"yes","wikidata":"Q66372347","@type":"node","@id":3801037853},"geometry":{"type":"Point","coordinates":[100.4852556,13.777382]}},{"type":"Feature","id":3801037855,"properties":{"name":"บางอ้อ","name:en":"Bang O","name:ru":"Банго","name:th":"บางอ้อ","name:zh":"曼奥","operator":"ทางด่วนและรถไฟฟ้ากรุงเทพ","public_transport":"station","railway":"station","ref":"BL08","station":"subway","subway":"yes","wikidata":"Q95770065","@type":"node","@id":3801037855},"geometry":{"type":"Point","coordinates":[100.5097864,13.7989803]}},{"type":"Feature","id":3801037856,"properties":{"name":"บางแค","name:en":"Bang Khae","name:th":"บางแค","name:zh":"曼凯","operator":"ทางด่วนและรถไฟฟ้ากรุงเทพ","public_transport":"station","railway":"station","ref":"BL37","station":"subway","subway":"yes","wikidata":"Q19794085","@type":"node","@id":3801037856},"geometry":{"type":"Point","coordinates":[100.4223368,13.7119437]}},{"type":"Feature","id":3801040557,"properties":{"name":"บางโพ","name:en":"Bang Pho","name:th":"บางโพ","name:zh":"曼坡","operator":"ทางด่วนและรถไฟฟ้ากรุงเทพ","public_transport":"station","railway":"station","ref":"BL09","station":"subway","subway":"yes","wikidata":"Q95769171","@type":"node","@id":3801040557},"geometry":{"type":"Point","coordinates":[100.5210095,13.8064027]}},{"type":"Feature","id":3801040558,"properties":{"name":"บางไผ่","name:en":"Bang Phai","name:th":"บางไผ่","name:zh":"曼派","operator":"ทางด่วนและรถไฟฟ้ากรุงเทพ","public_transport":"station","railway":"station","ref":"BL33","station":"subway","subway":"yes","wikidata":"Q66091152","@type":"node","@id":3801040558},"geometry":{"type":"Point","coordinates":[100.4650788,13.7246179]}},{"type":"Feature","id":3801040559,"properties":{"name":"ภาษีเจริญ","name:en":"Phasi Charoen","name:th":"ภาษีเจริญ","name:zh":"帕喜乍能","operator":"ทางด่วนและรถไฟฟ้ากรุงเทพ","public_transport":"station","railway":"station","ref":"BL36","station":"subway","subway":"yes","wikidata":"Q13021653","@type":"node","@id":3801040559},"geometry":{"type":"Point","coordinates":[100.434326,13.7129105]}},{"type":"Feature","id":3801040561,"properties":{"air_conditioning":"no","name":"หลักสอง","name:en":"Lak Song","name:th":"หลักสอง","name:zh":"叻松","operator":"ทางด่วนและรถไฟฟ้ากรุงเทพ","public_transport":"station","railway":"station","ref":"BL38","start_date":"2019-09-21","station":"subway","subway":"yes","wheelchair":"yes","wikidata":"Q13021860","@type":"node","@id":3801040561},"geometry":{"type":"Point","coordinates":[100.4094849,13.7108774]}},{"type":"Feature","id":3801040564,"properties":{"name":"เพชรเกษม 48","name:en":"Phetkasem 48","name:th":"เพชรเกษม 48","name:zh":"碧甲盛48巷","operator":"ทางด่วนและรถไฟฟ้ากรุงเทพ","public_transport":"station","railway":"station","ref":"BL35","station":"subway","subway":"yes","wikidata":"Q16307680","@type":"node","@id":3801040564},"geometry":{"type":"Point","coordinates":[100.4454508,13.7155591]}},{"type":"Feature","id":3805378261,"properties":{"name":"วัดพระศรีมหาธาตุ","name:en":"Wat Phra Sri Mahathat","network":"BTS","operator":"กรุงเทพธนาคม","public_transport":"station","railway":"station","ref":"N17","station":"subway","subway":"yes","wikidata":"Q61357968","@type":"node","@id":3805378261},"geometry":{"type":"Point","coordinates":[100.5967316,13.8752766]}},{"type":"Feature","id":4390539966,"properties":{"name":"บางบำหรุ","name:en":"Bang Bamru","name:th":"บางบำหรุ","public_transport":"station","railway":"station","ref":"บำ.;RW05","srt_code":"4005","train":"yes","type":"public_transport","wikidata":"Q13021717","@type":"node","@id":4390539966},"geometry":{"type":"Point","coordinates":[100.4775032,13.7922078]}},{"type":"Feature","id":4659143529,"properties":{"name":"คลองต้นไทร","name:en":"Khlong Ton Sai","name:th":"คลองต้นไทร","operator":"การรถไฟแห่งประเทศไทย","public_transport":"station","railway":"halt","railway:ref":"ไซ","ref":"ไซ.","source":"bing;survey;schedule of Railway of Thailand","train":"yes","wikidata":"Q13015613","@type":"node","@id":4659143529},"geometry":{"type":"Point","coordinates":[100.4697741,13.7064846]}},{"type":"Feature","id":4659155415,"properties":{"addr:district":"จอมทอง","addr:postcode":"10150","addr:province":"กรุงเทพมหานคร","addr:subdistrict":"บางขุนเทียน","name":"จอมทอง","name:en":"Chom Thong","name:th":"จอมทอง","operator":"การรถไฟแห่งประเทศไทย","public_transport":"station","railway":"halt","railway:ref":"ทจ","ref":"ทจ.","source":"bing;survey;schedule of Railway of Thailand","train":"yes","wikidata":"Q13017017","@type":"node","@id":4659155415},"geometry":{"type":"Point","coordinates":[100.465136,13.7018278]}},{"type":"Feature","id":5222817654,"properties":{"name":"แยกติวานนท์","name:en":"Yaek Tiwanon","name:th":"แยกติวานนท์","network":"MRT","operator":"ทางด่วนและรถไฟฟ้ากรุงเทพ","operator:en":"Bangkok Expressway and Metro","public_transport":"station","railway":"station","ref":"PP13","station":"subway","subway":"yes","wikidata":"Q19794082","@type":"node","@id":5222817654},"geometry":{"type":"Point","coordinates":[100.5149681,13.8395295]}},{"type":"Feature","id":5222817655,"properties":{"name":"วงศ์สว่าง","name:en":"Wong Sawang","name:th":"วงศ์สว่าง","operator":"ทางด่วนและรถไฟฟ้ากรุงเทพ","operator:en":"Bangkok Expressway and Metro","public_transport":"station","railway":"station","ref":"PP14","station":"subway","subway":"yes","wikidata":"Q13021812","wikipedia":"th:สถานีวงศ์สว่าง","@type":"node","@id":5222817655},"geometry":{"type":"Point","coordinates":[100.526496,13.8298636]}},{"type":"Feature","id":5222817656,"properties":{"name":"บางซ่อน","name:en":"Bang Son","name:th":"บางซ่อน","operator":"ทางด่วนและรถไฟฟ้ากรุงเทพ","operator:en":"Bangkok Expressway and Metro","public_transport":"station","railway":"station","ref":"PP15","station":"subway","subway":"yes","@type":"node","@id":5222817656},"geometry":{"type":"Point","coordinates":[100.5324581,13.820081]}},{"type":"Feature","id":5222843674,"properties":{"name":"คลองบางไผ่","name:en":"Khlong Bang Phai","name:th":"คลองบางไผ่","network":"MRT","operator":"ทางด่วนและรถไฟฟ้ากรุงเทพ","operator:en":"Bangkok Expressway and Metro","public_transport":"station","railway":"station","ref":"PP1","station":"subway","subway":"yes","wikidata":"Q15379154","wikipedia":"th:สถานีคลองบางไผ่","@type":"node","@id":5222843674},"geometry":{"type":"Point","coordinates":[100.4082161,13.8924338]}},{"type":"Feature","id":5222843675,"properties":{"name":"ตลาดบางใหญ่","name:en":"Talad Bang Yai","name:th":"ตลาดบางใหญ่","network":"MRT","operator":"ทางด่วนและรถไฟฟ้ากรุงเทพ","operator:en":"Bangkok Expressway and Metro","public_transport":"station","railway":"station","ref":"PP2","station":"subway","subway":"yes","wikidata":"Q25103860","wikipedia":"th:สถานีตลาดบางใหญ่","@type":"node","@id":5222843675},"geometry":{"type":"Point","coordinates":[100.409287,13.8810117]}},{"type":"Feature","id":5222843676,"properties":{"name":"สามแยกบางใหญ่","name:en":"Sam Yaek Bang Yai","name:th":"สามแยกบางใหญ่","network":"MRT","operator":"ทางด่วนและรถไฟฟ้ากรุงเทพ","operator:en":"Bangkok Expressway and Metro","public_transport":"station","railway":"station","ref":"PP3","station":"subway","subway":"yes","wikidata":"Q25106306","wikipedia":"th:สถานีสามแยกบางใหญ่","@type":"node","@id":5222843676},"geometry":{"type":"Point","coordinates":[100.4193624,13.8746749]}},{"type":"Feature","id":5222843677,"properties":{"name":"บางพลู","name:en":"Bang Phlu","name:th":"บางพลู","network":"MRT","operator":"ทางด่วนและรถไฟฟ้ากรุงเทพ","operator:en":"Bangkok Expressway and Metro","public_transport":"station","railway":"station","ref":"PP4","station":"subway","subway":"yes","wikidata":"Q13021635","wikipedia":"th:สถานีบางพลู","@type":"node","@id":5222843677},"geometry":{"type":"Point","coordinates":[100.4338011,13.8757677]}},{"type":"Feature","id":5222843678,"properties":{"name":"บางรักใหญ่","name:en":"Bang Rak Yai","name:th":"บางรักใหญ่","network":"MRT","operator":"ทางด่วนและรถไฟฟ้ากรุงเทพ","operator:en":"Bangkok Expressway and Metro","public_transport":"station","railway":"station","ref":"PP5","station":"subway","subway":"yes","wikidata":"Q16307495","wikipedia":"th:สถานีบางรักใหญ่","@type":"node","@id":5222843678},"geometry":{"type":"Point","coordinates":[100.4449359,13.876607]}},{"type":"Feature","id":5222843679,"properties":{"name":"บางรักน้อยท่าอิฐ","name:en":"Bang Rak Noi Tha It","name:th":"บางรักน้อยท่าอิฐ","network":"MRT","operator":"ทางด่วนและรถไฟฟ้ากรุงเทพ","operator:en":"Bangkok Expressway and Metro","public_transport":"station","railway":"station","ref":"PP6","station":"subway","subway":"yes","wikidata":"Q73813625","@type":"node","@id":5222843679},"geometry":{"type":"Point","coordinates":[100.4559653,13.8748084]}},{"type":"Feature","id":5222843680,"properties":{"name":"ไทรม้า","name:en":"Sai Ma","name:th":"ไทรม้า","network":"MRT","operator":"ทางด่วนและรถไฟฟ้ากรุงเทพ","operator:en":"Bangkok Expressway and Metro","public_transport":"station","railway":"station","ref":"PP7","station":"subway","subway":"yes","wikidata":"Q13021885","wikipedia":"th:สถานีไทรม้า","@type":"node","@id":5222843680},"geometry":{"type":"Point","coordinates":[100.4666922,13.8705112]}},{"type":"Feature","id":5222843681,"properties":{"name":"สะพานพระนั่งเกล้า","name:en":"Phra Nang Klao Bridge","name:th":"สะพานพระนั่งเกล้า","network":"MRT","operator":"ทางด่วนและรถไฟฟ้ากรุงเทพ","operator:en":"Bangkok Expressway and Metro","public_transport":"station","railway":"station","ref":"PP8","station":"subway","subway":"yes","wikidata":"Q96419170","wikipedia":"th:สถานีสะพานพระนั่งเกล้า","@type":"node","@id":5222843681},"geometry":{"type":"Point","coordinates":[100.4801284,13.8702897]}},{"type":"Feature","id":5222843682,"properties":{"name":"แยกนนทบุรี 1","name:en":"Yaek Nonthaburi 1","name:th":"แยกนนทบุรี 1","network":"MRT","operator":"ทางด่วนและรถไฟฟ้ากรุงเทพ","operator:en":"Bangkok Expressway and Metro","public_transport":"station","railway":"station","ref":"PP9","station":"subway","subway":"yes","toilets:wheelchair":"yes","wikidata":"Q73811536","wikipedia":"th:สถานีแยกนนทบุรี 1","@type":"node","@id":5222843682},"geometry":{"type":"Point","coordinates":[100.4940765,13.865961]}},{"type":"Feature","id":5222843683,"properties":{"name":"บางกระสอ","name:en":"Bang Krasor","name:th":"บางกระสอ","network":"MRT","operator":"ทางด่วนและรถไฟฟ้ากรุงเทพ","operator:en":"Bangkok Expressway and Metro","public_transport":"station","railway":"station","ref":"PP10","station":"subway","subway":"yes","toilets:wheelchair":"yes","wikidata":"Q13021840","wikipedia":"th:สถานีบางกระสอ","@type":"node","@id":5222843683},"geometry":{"type":"Point","coordinates":[100.5046524,13.8616527]}},{"type":"Feature","id":5222843684,"properties":{"name":"ศูนย์ราชการนนทบุรี","name:en":"Nonthaburi Civic Center","network":"MRT","operator":"ทางด่วนและรถไฟฟ้ากรุงเทพ","operator:en":"Bangkok Expressway and Metro","public_transport":"station","railway":"station","ref":"PP11","station":"subway","subway":"yes","toilets:wheelchair":"yes","wikidata":"Q25106308","wikimedia_commons":"File:Pink Line at Nonthaburi Civic Center Station 01.jpg","@type":"node","@id":5222843684},"geometry":{"type":"Point","coordinates":[100.5130671,13.8601736]}},{"type":"Feature","id":5222843685,"properties":{"name":"กระทรวงสาธารณสุข","name:en":"Ministry of Public Health","name:th":"กระทรวงสาธารณสุข","network":"MRT","operator":"ทางด่วนและรถไฟฟ้ากรุงเทพ","operator:en":"Bangkok Expressway and Metro","public_transport":"station","railway":"station","ref":"PP12","station":"subway","subway":"yes","toilets:wheelchair":"yes","wikidata":"Q96418970","wikipedia":"th:สถานีกระทรวงสาธารณสุข","@type":"node","@id":5222843685},"geometry":{"type":"Point","coordinates":[100.5147152,13.8485312]}},{"type":"Feature","id":5388599065,"properties":{"addr:country":"ไทย","addr:district":"จตุจักร","addr:postcode":"10900","addr:province":"กรุงเทพมหานคร","addr:province:en":"Bangkok","addr:street":"ถนนพหลโยธิน","country":"ไทย","name":"หมอชิต","name:en":"Mo Chit","name:ja":"モーチット","name:th":"หมอชิต","operator":"ระบบขนส่งมวลชนกรุงเทพ","operator:en":"Bangkok Mass Transit System;BTSC","province":"กรุงเทพ;กรุงเทพมหานคร","public_transport":"station","railway":"station","ref":"N8","station":"subway","subway":"yes","toilets:wheelchair":"no","website":"https://www.bts.co.th/eng/service/areamap.html","wheelchair":"limited","wheelchair:description":"Mochit Station This station has elevator near the stairs.","wikidata":"Q873641","@type":"node","@id":5388599065},"geometry":{"type":"Point","coordinates":[100.5537913,13.8025991]}},{"type":"Feature","id":5388607091,"properties":{"name":"อารีย์","name:en":"Ari","name:th":"อารีย์","operator":"ระบบขนส่งมวลชนกรุงเทพ","operator:en":"Bangkok Mass Transit System;BTSC","public_transport":"station","railway":"station","ref":"N5","station":"subway","subway":"yes","toilets:wheelchair":"no","wheelchair":"limited","wheelchair:description":"Ari Station","wikidata":"Q6149301","@type":"node","@id":5388607091},"geometry":{"type":"Point","coordinates":[100.5446201,13.7797077]}},{"type":"Feature","id":5388610344,"properties":{"name":"พญาไท","name:en":"Phaya Thai","name:ja":"パヤタイ","name:th":"พญาไท","operator":"ระบบขนส่งมวลชนกรุงเทพ","operator:en":"Bangkok Mass Transit System;BTSC","public_transport":"station","railway":"station","ref":"N2","station":"subway","subway":"yes","wikidata":"Q15139351","wikipedia":"th:สถานีพญาไท","@type":"node","@id":5388610344},"geometry":{"type":"Point","coordinates":[100.5338214,13.7569644]}},{"type":"Feature","id":5388611982,"properties":{"name":"ราชเทวี","name:en":"Ratchathewi","name:th":"ราชเทวี","operator":"ระบบขนส่งมวลชนกรุงเทพ","public_transport":"station","railway":"station","ref":"N1","station":"subway","subway":"yes","wikidata":"Q6633184","@type":"node","@id":5388611982},"geometry":{"type":"Point","coordinates":[100.5315534,13.7518605]}},{"type":"Feature","id":5388638318,"properties":{"name":"สนามเป้า","name:en":"Sanam Pao","name:th":"สนามเป้า","operator":"ระบบขนส่งมวลชนกรุงเทพ","public_transport":"station","railway":"station","ref":"N4","station":"subway","subway":"yes","wikidata":"Q4922512","@type":"node","@id":5388638318},"geometry":{"type":"Point","coordinates":[100.5420729,13.7726225]}},{"type":"Feature","id":5391599348,"properties":{"country":"Thailand","name":"แบริ่ง","name:en":"Bearing","name:th":"แบริ่ง","operator":"กรุงเทพธนาคม","public_transport":"station","railway":"station","ref":"E14","station":"subway","subway":"yes","wikidata":"Q6633805","@type":"node","@id":5391599348},"geometry":{"type":"Point","coordinates":[100.6018056,13.6611846]}},{"type":"Feature","id":5391610964,"properties":{"name":"บางนา","name:en":"Bang Na","name:th":"บางนา","operator":"กรุงเทพธนาคม","public_transport":"station","railway":"station","ref":"E13","station":"subway","subway":"yes","wikidata":"Q6633173","@type":"node","@id":5391610964},"geometry":{"type":"Point","coordinates":[100.6046633,13.668138]}},{"type":"Feature","id":5391610985,"properties":{"addr:postcode":"10110","addr:province":"กรุงเทพมหานคร","addr:street":"Sukhumvit Road","air_conditioning":"no","internet_access":"no","name":"พระโขนง","name:en":"Phra Khanong","name:th":"พระโขนง","network":"Sukhumvit Line","operator":"ระบบขนส่งมวลชนกรุงเทพ","operator:en":"Bangkok Mass Transit System;BTSC","public_transport":"station","railway":"station","ref":"E8","station":"subway","subway":"yes","wikidata":"Q4924738","@type":"node","@id":5391610985},"geometry":{"type":"Point","coordinates":[100.5912365,13.7151693]}},{"type":"Feature","id":5391611863,"properties":{"name":"อนุสาวรีย์ชัยสมรภูมิ","name:en":"Victory Monument","name:th":"อนุสาวรีย์ชัยสมรภูมิ","operator":"ระบบขนส่งมวลชนกรุงเทพ","operator:en":"Bangkok Mass Transit System;BTSC","public_transport":"station","railway":"station","ref":"N3","station":"subway","subway":"yes","wikidata":"Q4919845","@type":"node","@id":5391611863},"geometry":{"type":"Point","coordinates":[100.5370529,13.7627589]}},{"type":"Feature","id":5391613497,"properties":{"addr:country":"Thailand","addr:district":"บางนา","addr:province":"กรุงเทพมหานคร","description":"Udomsuk station","name":"อุดมสุข","name:en":"Udom Suk","name:th":"อุดมสุข","operator":"กรุงเทพธนาคม","public_transport":"station","railway":"station","ref":"E12","station":"subway","subway":"yes","wikidata":"Q13021857","@type":"node","@id":5391613497},"geometry":{"type":"Point","coordinates":[100.6094698,13.6798746]}},{"type":"Feature","id":5391616767,"properties":{"name":"ปุณณวิถี","name:en":"Punnawithi","name:th":"ปุณณวิถี","operator":"กรุงเทพธนาคม","public_transport":"station","railway":"station","ref":"E11","station":"subway","subway":"yes","wikidata":"Q6633186","@type":"node","@id":5391616767},"geometry":{"type":"Point","coordinates":[100.6089963,13.689279]}},{"type":"Feature","id":5391618414,"properties":{"alt_name:en":"Bang Jak","name":"บางจาก","name:en":"Bang Chak","name:th":"บางจาก","public_transport":"station","railway":"station","ref":"E10","station":"subway","subway":"yes","wikidata":"Q6633183","@type":"node","@id":5391618414},"geometry":{"type":"Point","coordinates":[100.6053402,13.6967594]}},{"type":"Feature","id":5391620400,"properties":{"name":"อ่อนนุช","name:en":"On Nut","name:th":"อ่อนนุช","public_transport":"station","railway":"station","ref":"E9","station":"subway","subway":"yes","wikidata":"Q1028755","@type":"node","@id":5391620400},"geometry":{"type":"Point","coordinates":[100.601004,13.7056249]}},{"type":"Feature","id":5391625873,"properties":{"addr:province":"กรุงเทพมหานคร","addr:street":"ถนนสุขุมวิท","description":"Asok station","name":"อโศก","name:en":"Asok","name:ja":"アソーク駅","name:ko":"아소크","name:th":"อโศก","operator":"ระบบขนส่งมวลชนกรุงเทพ","operator:en":"Bangkok Mass Transit System;BTSC","public_transport":"station","railway":"station","ref":"E4","station":"subway","subway":"yes","wikidata":"Q4924120","@type":"node","@id":5391625873},"geometry":{"type":"Point","coordinates":[100.5603571,13.7370432]}},{"type":"Feature","id":5391626092,"properties":{"addr:province":"กรุงเทพมหานคร","addr:street":"ถนนสุขุมวิท","name":"ทองหล่อ","name:en":"Thong Lo","name:th":"ทองหล่อ","operator":"ระบบขนส่งมวลชนกรุงเทพ","operator:en":"Bangkok Mass Transit System;BTSC","public_transport":"station","railway":"station","ref":"E6","station":"subway","subway":"yes","wheelchair":"yes","wikidata":"Q4924220","@type":"node","@id":5391626092},"geometry":{"type":"Point","coordinates":[100.5785054,13.7242264]}},{"type":"Feature","id":5391626093,"properties":{"name":"พร้อมพงษ์","name:en":"Phrom Phong","name:ja":"プロムポン","name:th":"พร้อมพงษ์","operator":"ระบบขนส่งมวลชนกรุงเทพ","operator:en":"Bangkok Mass Transit System;BTSC","public_transport":"station","railway":"station","ref":"E5","station":"subway","subway":"yes","toilets:wheelchair":"no","wheelchair":"limited","wikidata":"Q1028691","@type":"node","@id":5391626093},"geometry":{"type":"Point","coordinates":[100.5697129,13.7304345]}},{"type":"Feature","id":5391628766,"properties":{"addr:country":"TH","addr:district":"วัฒนา","addr:district:en":"Wattana","addr:postcode":"10110","addr:province":"กรุงเทพมหานคร","addr:province:en":"Bangkok","addr:subdistrict":"คลองเตยเหนือ","name":"นานา","name:en":"Nana","name:ja":"ナーナー","name:th":"นานา","network":"BTS","operator":"ระบบขนส่งมวลชนกรุงเทพ","operator:en":"Bangkok Mass Transit System;BTSC","public_transport":"station","railway":"station","ref":"E3","station":"subway","subway":"yes","wikidata":"Q6633167","@type":"node","@id":5391628766},"geometry":{"type":"Point","coordinates":[100.5554291,13.7405358]}},{"type":"Feature","id":5391631777,"properties":{"name":"เพลินจิต","name:en":"Phloen Chit","name:th":"เพลินจิต","network":"BTS","operator":"ระบบขนส่งมวลชนกรุงเทพ","operator:en":"Bangkok Mass Transit System;BTSC","public_transport":"station","railway":"station","ref":"E2","station":"subway","subway":"yes","wikidata":"Q4921113","@type":"node","@id":5391631777},"geometry":{"type":"Point","coordinates":[100.5489762,13.7430684]}},{"type":"Feature","id":5391636575,"properties":{"name":"ชิดลม","name:en":"Chit Lom","name:th":"ชิดลม","network":"BTS","operator":"ระบบขนส่งมวลชนกรุงเทพ","operator:en":"Bangkok Mass Transit System;BTSC","public_transport":"station","railway":"station","ref":"E1","station":"subway","subway":"yes","wheelchair":"yes","wikidata":"Q6633149","@type":"node","@id":5391636575},"geometry":{"type":"Point","coordinates":[100.5430684,13.7440974]}},{"type":"Feature","id":5391659126,"properties":{"name":"สำโรง","name:en":"Samrong","name:th":"สำโรง","operator":"กรุงเทพธนาคม","public_transport":"station","railway":"station","ref":"E15","station":"subway","subway":"yes","wikidata":"Q13021846","wikipedia":"th:สถานีสำโรง","@type":"node","@id":5391659126},"geometry":{"type":"Point","coordinates":[100.5957857,13.6464875]}},{"type":"Feature","id":5391691787,"properties":{"name":"สุขุมวิท","name:en":"Sukhumvit","name:ja":"スクムウィット","name:th":"สุขุมวิท","name:zh":"素坤逸","operator":"ทางด่วนและรถไฟฟ้ากรุงเทพ","public_transport":"station","railway":"station","ref":"BL22","station":"subway","subway":"yes","wikidata":"Q1036841","@type":"node","@id":5391691787},"geometry":{"type":"Point","coordinates":[100.561498,13.7374671]}},{"type":"Feature","id":5405616025,"properties":{"colour":"#65B724","name":"เอกมัย","name:en":"Ekkamai","name:ja":"エカマイ","name:ru":"Эккамай","name:th":"เอกมัย","public_transport":"station","railway":"station","ref":"E7","station":"subway","subway":"yes","wheelchair":"yes","wikidata":"Q4919536","@type":"node","@id":5405616025},"geometry":{"type":"Point","coordinates":[100.585111,13.7195385]}},{"type":"Feature","id":5472737123,"properties":{"addr:country":"Thailand","addr:district":"ห้วยขวาง","addr:district:en":"Huai Khwang","addr:postcode":"10310","addr:province":"กรุงเทพมหานคร","addr:province:en":"Bangkok","addr:subdistrict":"บางกะปิ","addr:subdistrict:en":"Bangkapi","country":"ไทย","name":"คลองตัน","name:en":"Khlong Tan","name:th":"คลองตัน","operator":"การรถไฟแห่งประเทศไทย","province":"กรุงเทพมหานคร","public_transport":"station","railway":"station","railway:ref":"คต","railway:ref:en":"KOT","railway:station_category":"2","ref":"คต.","ref:station":"3009","train":"yes","@type":"node","@id":5472737123},"geometry":{"type":"Point","coordinates":[100.5895169,13.744339]}},{"type":"Feature","id":5812248586,"properties":{"addr:country":"Thailand","addr:district":"คลองสาน","addr:postcode":"10600","addr:province":"กรุงเทพมหานคร","addr:subdistrict":"คลองต้นไทร","country":"Thailand","monorail":"yes","name":"เจริญนคร","name:en":"Charoen Nakhon","name:ja":"チャルンナコーン","name:th":"เจริญนคร","network":"BTS","operator":"กรุงเทพธนาคม","province":"Bangkok","public_transport":"station","railway":"station","ref":"G2","wikidata":"Q104212231","wikipedia":"th:สถานีเจริญนคร (รถไฟฟ้าสายสีทอง)","@type":"node","@id":5812248586},"geometry":{"type":"Point","coordinates":[100.5090694,13.7264621]}},{"type":"Feature","id":5812248587,"properties":{"monorail":"yes","name":"คลองสาน","name:en":"Khlong San","name:ja":"クローンサーン","name:th":"คลองสาน","network":"BTS","operator":"กรุงเทพธนาคม","public_transport":"station","railway":"station","ref":"G3","wikidata":"Q104212244","wikipedia":"th:สถานีคลองสาน (รถไฟฟ้าสายสีทอง)","@type":"node","@id":5812248587},"geometry":{"type":"Point","coordinates":[100.5077213,13.7303066]}},{"type":"Feature","id":6024782068,"properties":{"addr:country":"Thailand","addr:district":"ธัญบุรี","addr:postcode":"12130","addr:province":"ปทุมธานี","addr:province:en":"Pathumthani","addr:subdistrict":"ประชาธิปัตย์","country":"ไทย","description":"สถานีรังสิต Rangsit Station","name":"รังสิต","name:en":"Rangsit","name:th":"รังสิต","name:zh":"兰实","network":"รถไฟฟ้าชานเมือง สายสีแดง","network:en":"SRT Red Lines","network:th":"รถไฟฟ้าชานเมือง สายสีแดง","network:wikidata":"Q2542280","operator":"การรถไฟแห่งประเทศไทย","province":"ปทุมธานี","public_transport":"station","railway":"station","railway:ref":"รต;RN10","railway:station_category":"1","ref":"รต.;RN10","ref:station":"1021","short_name":"สถานีรังสิต","short_name:en":"Rangsit Station","short_name:th":"สถานีรังสิต","train":"yes","wikidata":"Q6633383","@type":"node","@id":6024782068},"geometry":{"type":"Point","coordinates":[100.6021544,13.9905416]}},{"type":"Feature","id":6124793513,"properties":{"name":"ปู่เจ้า","name:en":"Pu Chao","name:th":"ปู่เจ้า","operator":"กรุงเทพธนาคม","public_transport":"station","railway":"station","ref":"E16","station":"subway","subway":"yes","wheelchair":"yes","wikidata":"Q59779848","wikipedia":"th:สถานีปู่เจ้า","@type":"node","@id":6124793513},"geometry":{"type":"Point","coordinates":[100.5920064,13.6372768]}},{"type":"Feature","id":6124793514,"properties":{"name":"ช้างเอราวัณ","name:en":"Chang Erawan","name:th":"ช้างเอราวัณ","operator":"กรุงเทพธนาคม","public_transport":"station","railway":"station","ref":"E17","station":"subway","subway":"yes","wikidata":"Q13021646","wikipedia":"th:สถานีช้างเอราวัณ","@type":"node","@id":6124793514},"geometry":{"type":"Point","coordinates":[100.5901599,13.6215944]}},{"type":"Feature","id":6124793515,"properties":{"name":"โรงเรียนนายเรือ","name:en":"Royal Thai Naval Academy","name:th":"โรงเรียนนายเรือ","public_transport":"station","railway":"station","ref":"E18","station":"subway","subway":"yes","wikidata":"Q60034232","wikipedia":"th:สถานีโรงเรียนนายเรือ","@type":"node","@id":6124793515},"geometry":{"type":"Point","coordinates":[100.5949057,13.6084089]}},{"type":"Feature","id":6124793516,"properties":{"name":"ปากน้ำ","name:en":"Pak Nam","name:th":"ปากน้ำ","public_transport":"station","railway":"station","ref":"E19","station":"subway","subway":"yes","wikidata":"Q60034220","wikipedia":"th:สถานีปากน้ำ","@type":"node","@id":6124793516},"geometry":{"type":"Point","coordinates":[100.5970924,13.6021243]}},{"type":"Feature","id":6124793517,"properties":{"name":"ศรีนครินทร์","name:en":"Srinagarindra","name:th":"ศรีนครินทร์","public_transport":"station","railway":"station","ref":"E20","station":"subway","subway":"yes","wikidata":"Q60034186","wikipedia":"th:สถานีศรีนครินทร์","@type":"node","@id":6124793517},"geometry":{"type":"Point","coordinates":[100.6090352,13.5919965]}},{"type":"Feature","id":6124793521,"properties":{"name":"แพรกษา","name:en":"Phraek Sa","name:th":"แพรกษา","public_transport":"station","railway":"station","ref":"E21","station":"subway","subway":"yes","wikidata":"Q60034142","wikipedia":"th:สถานีแพรกษา","@type":"node","@id":6124793521},"geometry":{"type":"Point","coordinates":[100.607905,13.5841917]}},{"type":"Feature","id":6124793522,"properties":{"name":"สายลวด","name:en":"Sai Luat","name:th":"สายลวด","public_transport":"station","railway":"station","ref":"E22","station":"subway","subway":"yes","wikidata":"Q60034123","wikipedia":"th:สถานีสายลวด","@type":"node","@id":6124793522},"geometry":{"type":"Point","coordinates":[100.6054607,13.5777755]}},{"type":"Feature","id":6124793523,"properties":{"air_conditioning":"no","name":"เคหะฯ","name:en":"Kheha","name:th":"เคหะฯ","public_transport":"station","railway":"station","ref":"E23","station":"subway","subway":"yes","toilets":"yes","wikidata":"Q59764824","wikipedia":"th:สถานีเคหะฯ","@type":"node","@id":6124793523},"geometry":{"type":"Point","coordinates":[100.6076939,13.5676866]}},{"type":"Feature","id":6228668385,"properties":{"name":"คลองหลวงแพ่ง","name:en":"Khlong Luang Phaeng","name:th":"คลองหลวงแพ่ง","network":"การรถไฟแห่งประเทศไทย","network:en":"State Railway of Thailand","network:th":"การรถไฟแห่งประเทศไทย","network:wikidata":"Q2165702","operator":"การรถไฟแห่งประเทศไทย","public_transport":"station","railway":"station","railway:ref":"คพ","railway:ref:en":"KLP","railway:station_category":"3","ref":"คพ.","ref:station":"3017","train":"yes","wikidata":"Q13021666","@type":"node","@id":6228668385},"geometry":{"type":"Point","coordinates":[100.8630607,13.7200739]}},{"type":"Feature","id":6228668386,"properties":{"name":"เปรง","name:en":"Preng","network":"การรถไฟแห่งประเทศไทย","network:en":"State Railway of Thailand","network:th":"การรถไฟแห่งประเทศไทย","network:wikidata":"Q2165702","old_name":"คลองเปรง","operator":"การรถไฟแห่งประเทศไทย","public_transport":"station","railway":"station","railway:ref":"คป","railway:ref:en":"PRE","railway:station_category":"3","ref":"คป.","ref:station":"3019","train":"yes","wikidata":"Q11335955","@type":"node","@id":6228668386},"geometry":{"type":"Point","coordinates":[100.9249376,13.7123679]}},{"type":"Feature","id":6228668485,"properties":{"name":"คลองอุดมชลจร","name:en":"Khlong Udom Chonlajorn","name:th":"คลองอุดมชลจร","operator":"การรถไฟแห่งประเทศไทย","public_transport":"station","railway":"halt","railway:ref":"ดจ","railway:ref:en":"KUC","railway:station_category":"ป้ายหยุดรถ","ref":"ดจ.","ref:station":"3018","train":"yes","wikidata":"Q65051105","@type":"node","@id":6228668485},"geometry":{"type":"Point","coordinates":[100.8969339,13.715861]}},{"type":"Feature","id":6563228219,"properties":{"name":"สิรินธร","name:en":"Sirindhorn","name:ru":"Сиринтхон","name:th":"สิรินธร","name:zh":"诗琳通","operator":"ทางด่วนและรถไฟฟ้ากรุงเทพ","public_transport":"station","railway":"station","ref":"BL06","station":"subway","subway":"yes","wikidata":"Q83555413","@type":"node","@id":6563228219},"geometry":{"type":"Point","coordinates":[100.4933267,13.7838726]}},{"type":"Feature","id":6681609012,"properties":{"name":"แยก คปอ.","name:en":"Yaek Kor Por Aor","name:th":"แยก คปอ.","opening_date":"2020-12-16","operator":"กรุงเทพธนาคม","public_transport":"station","railway":"station","ref":"N23","station":"subway","subway":"yes","wikidata":"Q104211805","@type":"node","@id":6681609012},"geometry":{"type":"Point","coordinates":[100.6258374,13.9250126]}},{"type":"Feature","id":6681609016,"properties":{"colour":"green","name":"พิพิธภัณฑ์กองทัพอากาศ","name:en":"Royal Thai Air Force Museum","name:th":"พิพิธภัณฑ์กองทัพอากาศ","network":"BTS","opening_date":"2020-12-16","operator":"กรุงเทพธนาคม","public_transport":"station","railway":"station","ref":"N22","station":"subway","subway":"yes","wikidata":"Q104211775","@type":"node","@id":6681609016},"geometry":{"type":"Point","coordinates":[100.621691,13.9179713]}},{"type":"Feature","id":6681609017,"properties":{"amenity":"shelter","bench":"yes","name":"โรงพยาบาลภูมิพลอดุลยเดช","name:en":"Bhumibol Adulyadej Hospital","name:th":"โรงพยาบาลภูมิพลอดุลยเดช","network":"BTS","opening_date":"2020-12-16","operator":"กรุงเทพธนาคม","public_transport":"station","railway":"station","ref":"N21","shelter_type":"public_transport","station":"subway","subway":"yes","wikidata":"Q104211764","@type":"node","@id":6681609017},"geometry":{"type":"Point","coordinates":[100.6173961,13.910714]}},{"type":"Feature","id":6681609018,"properties":{"name":"สะพานใหม่","name:en":"Saphan Mai","name:th":"สะพานใหม่","network":"BTS","opening_date":"2020-12-16","operator":"กรุงเทพธนาคม","public_transport":"station","railway":"station","ref":"N20","station":"subway","subway":"yes","wikidata":"Q104211663","wikipedia":"th:สถานีสะพานใหม่","@type":"node","@id":6681609018},"geometry":{"type":"Point","coordinates":[100.6090774,13.8966129]}},{"type":"Feature","id":6681609019,"properties":{"name":"สายหยุด","name:en":"Sai Yud","name:th":"สายหยุด","opening_date":"2020-12-16","operator":"กรุงเทพธนาคม","public_transport":"station","railway":"station","ref":"N19","station":"subway","subway":"yes","wikidata":"Q104211647","@type":"node","@id":6681609019},"geometry":{"type":"Point","coordinates":[100.6042685,13.888451]}},{"type":"Feature","id":6681609020,"properties":{"name":"พหลโยธิน 59","name:en":"Phahonyothin 59","name:th":"พหลโยธิน 59","network":"BTS","opening_date":"2020-12-16","operator":"กรุงเทพธนาคม","public_transport":"station","railway":"station","ref":"N18","station":"subway","subway":"yes","wikidata":"Q104211602","@type":"node","@id":6681609020},"geometry":{"type":"Point","coordinates":[100.6007312,13.8824483]}},{"type":"Feature","id":6681609024,"properties":{"name":"กรมทหารราบที่ 11","name:en":"11th Infantry Regiment","name:th":"กรมทหารราบที่ 11","network":"BTS","operator":"กรุงเทพธนาคม","public_transport":"station","railway":"station","ref":"N16","station":"subway","subway":"yes","wikidata":"Q96096780","@type":"node","@id":6681609024},"geometry":{"type":"Point","coordinates":[100.5919727,13.8675784]}},{"type":"Feature","id":6681609025,"properties":{"name":"บางบัว","name:en":"Bang Bua","name:th":"บางบัว","operator":"กรุงเทพธนาคม","public_transport":"station","railway":"station","ref":"N15","station":"subway","subway":"yes","wikidata":"Q96075530","@type":"node","@id":6681609025},"geometry":{"type":"Point","coordinates":[100.5851786,13.856049]}},{"type":"Feature","id":6681609026,"properties":{"name":"กรมป่าไม้","name:en":"Royal Forest Department","name:ja":"ロイヤルフォレストデパートメント駅","name:th":"กรมป่าไม้","network":"BTS","operator":"กรุงเทพธนาคม","public_transport":"station","railway":"station","ref":"N14","station":"subway","subway":"yes","wikidata":"Q96096835","@type":"node","@id":6681609026},"geometry":{"type":"Point","coordinates":[100.5818158,13.850326]}},{"type":"Feature","id":6681609027,"properties":{"name":"มหาวิทยาลัยเกษตรศาสตร์","name:en":"Kasetsart University","name:ja":"カセサート大学駅","network":"BTS","operator":"กรุงเทพธนาคม","public_transport":"station","railway":"station","ref":"N13","station":"subway","subway":"yes","wikidata":"Q76973081","@type":"node","@id":6681609027},"geometry":{"type":"Point","coordinates":[100.577105,13.8423141]}},{"type":"Feature","id":6681609028,"properties":{"name":"เสนานิคม","name:en":"Sena Nikhom","name:ja":"セナニコム駅","name:th":"เสนานิคม","operator":"กรุงเทพธนาคม","public_transport":"station","railway":"station","ref":"N12","station":"subway","subway":"yes","wheelchair":"yes","wikidata":"Q76973119","@type":"node","@id":6681609028},"geometry":{"type":"Point","coordinates":[100.5736286,13.8364057]}},{"type":"Feature","id":6681609029,"properties":{"name":"รัชโยธิน","name:en":"Ratchayothin","name:ja":"ラチャヨーティン駅","name:th":"รัชโยธิน","network":"BTS","operator":"กรุงเทพธนาคม","public_transport":"station","railway":"station","ref":"N11","station":"subway","subway":"yes","wikidata":"Q76972519","@type":"node","@id":6681609029},"geometry":{"type":"Point","coordinates":[100.5697222,13.8297477]}},{"type":"Feature","id":6681609030,"properties":{"name":"พหลโยธิน 24","name:en":"Phahonyothin 24","name:ja":"パホンヨーティン24駅","name:th":"พหลโยธิน 24","network":"BTS","operator":"กรุงเทพธนาคม","public_transport":"station","railway":"station","ref":"N10","station":"subway","subway":"yes","wikidata":"Q13021643","@type":"node","@id":6681609030},"geometry":{"type":"Point","coordinates":[100.5664253,13.8241206]}},{"type":"Feature","id":6703045990,"properties":{"construction:railway":"station","name":"น้อมเกล้า","name:en":"Nom Klao","name:th":"น้อมเกล้า","network":"Metropolitan Rapid Transit","network:short":"MRT","network:wikidata":"Q806485","note":"อย่าเพิ่มแท็ก railway=station และ/หรือ public_transport=station ก่อนที่จะเปิดให้บริการ | Do not add railway=station and/or public_transport=station tags before operational service","operator":"ทางด่วนและรถไฟฟ้ากรุงเทพ","public_transport":"station","ref":"OR24","station":"subway","status":"inactive","subway":"yes","@type":"node","@id":6703045990},"geometry":{"type":"Point","coordinates":[100.6914039,13.786851]}},{"type":"Feature","id":6703045993,"properties":{"construction:railway":"station","name":"มีนพัฒนา","name:en":"Min Phatthana","name:th":"มีนพัฒนา","network":"Metropolitan Rapid Transit","network:short":"MRT","network:wikidata":"Q806485","note":"อย่าเพิ่มแท็ก railway=station และ/หรือ public_transport=station ก่อนที่จะเปิดให้บริการ | Do not add railway=station and/or public_transport=station tags before operational service","operator":"ทางด่วนและรถไฟฟ้ากรุงเทพ","public_transport":"station","ref":"OR26","station":"subway","status":"inactive","subway":"yes","@type":"node","@id":6703045993},"geometry":{"type":"Point","coordinates":[100.7111008,13.7973754]}},{"type":"Feature","id":6711003839,"properties":{"addr:country":"Thailand","addr:district":"Bang Phli","addr:postcode":"10540","addr:province":"Samut Prakan","country":"Thailand","description":"Suvarnabhumi Station Airport Rail Link","int_name":"Suvarnabhumi","name":"สุวรรณภูมิ","name:en":"Suvarnabhumi","name:ko":"수완나품","name:ru":"Суварнабхуми","name:th":"สุวรรณภูมิ","network":"ARL","operator":"เอเชียเอราวัน","operator:en":"Asia Era One Company Limited","province":"Samutprakan","public_transport":"station","railway":"station","ref":"A1","train":"yes","wheelchair":"yes","wikidata":"Q6633190","wikipedia":"th:สถานีท่าอากาศยานสุวรรณภูมิ","@type":"node","@id":6711003839},"geometry":{"type":"Point","coordinates":[100.7512954,13.6942952]}},{"type":"Feature","id":6711009224,"properties":{"addr:country":"ไทย","addr:district":"สวนหลวง","addr:district:en":"Suan Luang","addr:postcode":"10250","addr:province":"กรุงเทพมหานคร","addr:province:en":"Bangkok","addr:subdistrict":"สวนหลวง","addr:subdistrict:en":"Suan Luang","country":"ไทย","int_name":"Ramkhamhaeng","name":"รามคำแหง","name:en":"Ramkhamhaeng","name:ja":"ラームカムヘーン","name:th":"รามคำแหง","network":"ARL","operator":"เอเชียเอราวัน","operator:en":"Asia Era One Company Limited","province":"กรุงเทพมหานคร","public_transport":"station","railway":"station","ref":"A5","source":"Ramkhamkhaeng","train":"yes","wikidata":"Q6633628","wikipedia":"th:สถานีรามคำแหง","@type":"node","@id":6711009224},"geometry":{"type":"Point","coordinates":[100.6001541,13.7429933]}},{"type":"Feature","id":6711014684,"properties":{"addr:country":"ไทย","addr:district":"ประเวศ","addr:district:en":"Pravet","addr:province":"กรุงเทพมหานคร","addr:subdistrict":"ประเวศ","country":"Thailand","name":"บ้านทับช้าง","name:en":"Ban Thap Chang","name:th":"บ้านทับช้าง","network":"ARL","operator":"เอเชียเอราวัน","operator:en":"Asia Era One Company Limited","province":"Bangkok","public_transport":"station","railway":"station","ref":"A3","train":"yes","wikidata":"Q6895675","wikipedia":"th:สถานีบ้านทับช้าง","@type":"node","@id":6711014684},"geometry":{"type":"Point","coordinates":[100.6908166,13.7328881]}},{"type":"Feature","id":6711016582,"properties":{"addr:district":"ลาดกระบัง","addr:province":"กรุงเทพมหานคร","addr:subdistrict":"ลาดกระบัง","country":"ไทย","int_name":"Lat Krabang","name":"ลาดกระบัง","name:en":"Lat Krabang","name:th":"ลาดกระบัง","network":"ARL","operator":"เอเชียเอราวัน","operator:en":"Asia Era One Company Limited","province":"กรุงเทพมหานคร","public_transport":"station","railway":"station","ref":"A2","train":"yes","wikidata":"Q15283201","wikipedia":"th:สถานีลาดกระบัง","@type":"node","@id":6711016582},"geometry":{"type":"Point","coordinates":[100.7485985,13.7276817]}},{"type":"Feature","id":6711023184,"properties":{"name":"มักกะสัน","name:en":"Makkasan","name:th":"มักกะสัน","network":"ARL","operator":"เอเชียเอราวัน","operator:en":"Asia Era One Company Limited","public_transport":"station","railway":"station","ref":"A6","train":"yes","wheelchair":"yes","wikidata":"Q11340409","wikipedia":"th:สถานีรับส่งผู้โดยสารอากาศยานในเมือง","@type":"node","@id":6711023184},"geometry":{"type":"Point","coordinates":[100.5611427,13.7509089]}},{"type":"Feature","id":6711026524,"properties":{"addr:country":"Thailand","addr:district":"ราชเทวี","addr:province":"กรุงเทพมหานคร","addr:province:en":"Bangkok","addr:street":"ถนนราชปรารภ","alt_name":"Ratchaprarop Station","country":"Thailand","description":"Ratchaprarop Station","int_name":"Ratchaprarop","name":"ราชปรารภ","name:en":"Ratchaprarop","name:ja":"ラチャプラロップ","name:th":"ราชปรารภ","network":"ARL","operator":"เอเชียเอราวัน","operator:en":"Asia Era One Company Limited","province":"Bangkok","public_transport":"station","railway":"station","ref":"A7","train":"yes","wikidata":"Q6633462","wikipedia":"th:สถานีราชปรารภ","@type":"node","@id":6711026524},"geometry":{"type":"Point","coordinates":[100.5421238,13.7551065]}},{"type":"Feature","id":6711028526,"properties":{"addr:district":"Ratchathewi","addr:postcode":"10400","addr:province":"Bangkok","addr:subdistrict":"Phayathai","alt_name":"สถานีรถไฟฟ้าพญาไท","alt_name:th":"สถานีรถไฟฟ้าพญาไท","country":"ไทย","description":"สถานีรถไฟฟ้าพญาไท Phaya Thai station","int_name":"Phaya Thai","name":"พญาไท","name:en":"Phaya Thai","name:ja":"パヤタイ","name:th":"พญาไท","network":"ARL","operator":"เอเชียเอราวัน","operator:en":"Asia Era One Company Limited","public_transport":"station","railway":"station","ref":"A8","train":"yes","wikidata":"Q13021649","wikipedia":"th:สถานีพญาไท (รถไฟฟ้าเชื่อมท่าอากาศยานสุวรรณภูมิ)","@type":"node","@id":6711028526},"geometry":{"type":"Point","coordinates":[100.5349074,13.75671]}},{"type":"Feature","id":6966466946,"properties":{"alt_name":"Ladphrao Intersection;BTS ห้าแยก ลาดพร้าว","name":"ห้าแยกลาดพร้าว","name:en":"Ha Yaek Lat Phrao","name:ja":"ハーイェークラプラオ駅","operator":"กรุงเทพธนาคม","public_transport":"station","railway":"station","ref":"N9","station":"subway","subway":"yes","wikidata":"Q16307668","@type":"node","@id":6966466946},"geometry":{"type":"Point","coordinates":[100.5620359,13.8166807]}},{"type":"Feature","id":7096345624,"properties":{"name":"ไฟฉาย","name:en":"Fai Chai","name:ja":"ファイチャーイ","name:ru":"Файчай","name:th":"ไฟฉาย","name:zh":"发彩","network":"MRT","operator":"ทางด่วนและรถไฟฟ้ากรุงเทพ","public_transport":"station","railway":"station","ref":"BL03","station":"subway","subway":"yes","wikidata":"Q66087746","@type":"node","@id":7096345624},"geometry":{"type":"Point","coordinates":[100.4693198,13.7558013]}},{"type":"Feature","id":7769630266,"properties":{"addr:city":"แขวงรองเมือง","addr:district":"ปทุมวัน","addr:housenumber":"1","addr:postcode":"10330","addr:province":"กรุงเทพมหานคร","addr:street":"ถนนรองเมือง","addr:subdistrict":"รองเมือง","description":"Main railway station in Bangkok. Generally known as Hua Lamphong Station.","internet_access":"wlan","internet_access:fee":"no","loc_name":"หัวลำโพง","loc_name:de":"Hua Lamphong","loc_name:en":"Hua Lamphong","loc_name:th":"หัวลำโพง","loc_name:zh":"華喃峰","name":"กรุงเทพ","name:de":"Bangkok","name:en":"Bangkok","name:es":"Bangkok","name:ru":"Бангкок","name:th":"กรุงเทพ","name:zh":"曼谷","network":"การรถไฟแห่งประเทศไทย","network:en":"State Railway of Thailand","network:th":"การรถไฟแห่งประเทศไทย","network:wikidata":"Q2165702","operator":"การรถไฟแห่งประเทศไทย","public_transport":"station","railway":"station","railway:ref":"กท.","railway:station_category":"พิเศษ","ref":"กท.","ref:station":"1001","source":"GPS;sign","train":"yes","wheelchair":"yes","wikidata":"Q125929","wikipedia":"th:สถานีกรุงเทพ (หัวลำโพง)","@type":"node","@id":7769630266},"geometry":{"type":"Point","coordinates":[100.5166499,13.7393113]}},{"type":"Feature","id":7769630267,"properties":{"alt_name":"บางกอกน้อย","alt_name:en":"Bangkok Noi","alt_name:th":"บางกอกน้อย","name":"ธนบุรี","name:en":"Thonburi","name:ja":"トンブリー","name:th":"ธนบุรี","network":"การรถไฟแห่งประเทศไทย","network:en":"State Railway of Thailand","network:th":"การรถไฟแห่งประเทศไทย","network:wikidata":"Q2165702","operator":"การรถไฟแห่งประเทศไทย","public_transport":"station","railway":"station","railway:ref":"ธบ","ref":"ธบ.","srt_code":"TBR","train":"yes","wikidata":"Q6895717","@type":"node","@id":7769630267},"geometry":{"type":"Point","coordinates":[100.4787743,13.7606966]}},{"type":"Feature","id":7769639096,"properties":{"name":"บางหว้า","name:en":"Bang Wa","name:th":"บางหว้า","name:zh":"曼瓦","operator":"กรุงเทพธนาคม","public_transport":"station","railway":"station","ref":"S12","station":"subway","subway":"yes","@type":"node","@id":7769639096},"geometry":{"type":"Point","coordinates":[100.4577913,13.72079]}},{"type":"Feature","id":7769639097,"properties":{"name":"บางหว้า","name:en":"Bang Wa","name:th":"บางหว้า","name:zh":"曼瓦","operator":"ทางด่วนและรถไฟฟ้ากรุงเทพ","public_transport":"station","railway":"station","ref":"BL34","station":"subway","subway":"yes","wikidata":"Q66091132","@type":"node","@id":7769639097},"geometry":{"type":"Point","coordinates":[100.4570233,13.7202698]}},{"type":"Feature","id":7769639098,"properties":{"name":"เตาปูน","name:en":"Tao Poon","name:th":"เตาปูน","name:zh":"岛本站","network":"MRT","operator":"ทางด่วนและรถไฟฟ้ากรุงเทพ","public_transport":"station","railway":"station","ref":"BL10;PP16","station":"subway","subway":"yes","wikidata":"Q13021868","wikipedia":"th:สถานีเตาปูน","@type":"node","@id":7769639098},"geometry":{"type":"Point","coordinates":[100.5307752,13.8061627]}},{"type":"Feature","id":7769639099,"properties":{"name":"รางสะแก","name:en":"Rang Sakae","name:th":"รางสะแก","operator":"การรถไฟแห่งประเทศไทย","public_transport":"station","railway":"halt","railway:ref":"รแ","ref":"รแ.","train":"yes","wikidata":"Q13017025","@type":"node","@id":7769639099},"geometry":{"type":"Point","coordinates":[100.4097749,13.6494143]}},{"type":"Feature","id":7781158247,"properties":{"name":"เซนต์หลุยส์","name:en":"Saint Louis","name:th":"เซนต์หลุยส์","network":"BTS","operator":"ระบบขนส่งมวลชนกรุงเทพ","operator:en":"Bangkok Mass Transit System;BTSC","public_transport":"station","railway":"station","ref":"S4","station":"subway","subway":"yes","wheelchair":"yes","wikidata":"Q13021839","wikipedia":"th:สถานีเซนต์หลุยส์","@type":"node","@id":7781158247},"geometry":{"type":"Point","coordinates":[100.5266863,13.720816]}},{"type":"Feature","id":7781303392,"properties":{"addr:district":"เมืองสมุทรปราการ","addr:postcode":"10270","addr:province":"สมุทรปราการ","addr:street":"ถนนเทพารักษ์","addr:subdistrict":"เทพารักษ์","monorail":"yes","name":"สำโรง","name:en":"Samrong","name:th":"สำโรง","operator":"อีสเทิร์นบางกอกโมโนเรล","operator:en":"Eastern Bangkok Monorail","operator:th":"อีสเทิร์นบางกอกโมโนเรล","public_transport":"station","railway":"station","ref":"YL23","station":"monorail","wikidata":"Q29068277","wikipedia":"th:สถานีสำโรง","@type":"node","@id":7781303392},"geometry":{"type":"Point","coordinates":[100.5966038,13.6450158]}},{"type":"Feature","id":7787093465,"properties":{"name":"อโศก","name:en":"Asok","name:th":"อโศก","operator":"การรถไฟแห่งประเทศไทย","public_transport":"station","railway":"halt","railway:ref":"อโ","railway:station_category":"ป้ายหยุดรถ","ref":"อโ.","ref:station":"3105","train":"yes","@type":"node","@id":7787093465},"geometry":{"type":"Point","coordinates":[100.5641274,13.7500289]}},{"type":"Feature","id":7787093466,"properties":{"addr:district":"ราชเทวี","addr:province":"กรุงเทพมหานคร","name":"ราชปรารภ","name:en":"Ratchaprarop","name:ja":"ラチャプラロップ","name:th":"ราชปรารภ","operator":"การรถไฟแห่งประเทศไทย","public_transport":"station","railway":"halt","ref":"รป.","train":"yes","wikidata":"Q109128207","@type":"node","@id":7787093466},"geometry":{"type":"Point","coordinates":[100.541873,13.7550849]}},{"type":"Feature","id":7787093467,"properties":{"name":"อุรุพงษ์","name:en":"Uruphong","name:ja":"ウルポン","name:th":"อุรุพงษ์","operator":"การรถไฟแห่งประเทศไทย","public_transport":"station","railway":"halt","railway:ref":"รุ","railway:station_category":"ป้ายหยุดรถ","ref":"รุ.","ref:station":"3102","train":"yes","wikidata":"Q16304392","@type":"node","@id":7787093467},"geometry":{"type":"Point","coordinates":[100.5263062,13.7585749]}},{"type":"Feature","id":7787093469,"properties":{"name":"จรัลสนิทวงศ์","name:en":"Charan Sanitwong","name:th":"จรัลสนิทวงศ์","operator":"การรถไฟแห่งประเทศไทย","public_transport":"station","railway":"halt","railway:ref":"รว","ref":"รว.","train":"yes","wikidata":"Q16271177","wikipedia":"th:ป้ายหยุดรถไฟจรัญสนิทวงศ์","@type":"node","@id":7787093469},"geometry":{"type":"Point","coordinates":[100.4725817,13.7631788]}},{"type":"Feature","id":7787093470,"properties":{"name":"บางระมาด","name:en":"Bang Ramat","name:th":"บางระมาด","operator":"การรถไฟแห่งประเทศไทย","public_transport":"station","railway":"halt","railway:ref":"รม","ref":"รม.","train":"yes","wikidata":"Q13015632","@type":"node","@id":7787093470},"geometry":{"type":"Point","coordinates":[100.4535109,13.7784563]}},{"type":"Feature","id":7787093471,"properties":{"name":"จตุจักร","name:en":"Chatuchak","name:th":"จตุจักร","network":"รถไฟฟ้าชานเมือง สายสีแดง","network:en":"SRT Red Lines","network:th":"รถไฟฟ้าชานเมือง สายสีแดง","network:wikidata":"Q2542280","operator":"การรถไฟแห่งประเทศไทย","public_transport":"station","railway":"station","railway:ref":"RN02","ref":"RN02","train":"yes","wikidata":"Q108596671","wikipedia":"th:สถานีจตุจักร","@type":"node","@id":7787093471},"geometry":{"type":"Point","coordinates":[100.5494741,13.8266181]}},{"type":"Feature","id":7787093472,"properties":{"name":"วัดเสมียนนารี","name:en":"Wat Samian Nari","name:th":"วัดเสมียนนารี","network":"รถไฟฟ้าชานเมือง สายสีแดง","network:en":"SRT Red Lines","network:th":"รถไฟฟ้าชานเมือง สายสีแดง","network:wikidata":"Q2542280","operator":"การรถไฟแห่งประเทศไทย","public_transport":"station","railway":"station","railway:ref":"RN03","ref":"RN03","train":"yes","wikidata":"Q108596711","wikipedia":"th:สถานีวัดเสมียนนารี","@type":"node","@id":7787093472},"geometry":{"type":"Point","coordinates":[100.5574987,13.8415934]}},{"type":"Feature","id":7787093474,"properties":{"name":"บางเขน","name:en":"Bang Khen","name:th":"บางเขน","network":"รถไฟฟ้าชานเมือง สายสีแดง","network:en":"SRT Red Lines","network:th":"รถไฟฟ้าชานเมือง สายสีแดง","network:wikidata":"Q2542280","operator":"การรถไฟแห่งประเทศไทย","public_transport":"station","railway":"station","railway:ref":"RN04","ref":"RN04","train":"yes","wikidata":"Q6633329","wikipedia":"th:สถานีบางเขน","@type":"node","@id":7787093474},"geometry":{"type":"Point","coordinates":[100.5616724,13.8493659]}},{"type":"Feature","id":7787093475,"properties":{"name":"ทุ่งสองห้อง","name:en":"Thung Song Hong","name:th":"ทุ่งสองห้อง","network":"รถไฟฟ้าชานเมือง สายสีแดง","network:en":"SRT Red Lines","network:th":"รถไฟฟ้าชานเมือง สายสีแดง","network:wikidata":"Q2542280","operator":"การรถไฟแห่งประเทศไทย","public_transport":"station","railway":"station","railway:ref":"RN05","ref":"RN05","train":"yes","wikidata":"Q100635380","wikipedia":"th:สถานีทุ่งสองห้อง","@type":"node","@id":7787093475},"geometry":{"type":"Point","coordinates":[100.5675309,13.8602057]}},{"type":"Feature","id":7787093476,"properties":{"name":"หลักสี่","name:en":"Lak Si","name:th":"หลักสี่","network":"รถไฟฟ้าชานเมือง สายสีแดง","network:en":"SRT Red Lines","network:th":"รถไฟฟ้าชานเมือง สายสีแดง","network:wikidata":"Q2542280","operator":"การรถไฟแห่งประเทศไทย","public_transport":"station","railway":"station","railway:ref":"RN06","ref":"RN06","train":"yes","wikidata":"Q6633446","@type":"node","@id":7787093476},"geometry":{"type":"Point","coordinates":[100.581936,13.8863144]}},{"type":"Feature","id":7787093477,"properties":{"name":"การเคหะ","name:en":"Kan Kheha","name:th":"การเคหะ","network":"รถไฟฟ้าชานเมือง สายสีแดง","network:en":"SRT Red Lines","network:th":"รถไฟฟ้าชานเมือง สายสีแดง","network:wikidata":"Q2542280","operator":"การรถไฟแห่งประเทศไทย","public_transport":"station","railway":"station","railway:ref":"RN07","ref":"RN07","train":"yes","wikidata":"Q107751653","wikipedia":"th:สถานีการเคหะ","@type":"node","@id":7787093477},"geometry":{"type":"Point","coordinates":[100.5888732,13.898657]}},{"type":"Feature","id":7787093478,"properties":{"name":"ดอนเมือง","name:en":"Don Muang","name:th":"ดอนเมือง","network":"รถไฟฟ้าชานเมือง สายสีแดง;การรถไฟแห่งประเทศไทย","network:en":"SRT Red Lines;State Railway of Thailand","network:th":"รถไฟฟ้าชานเมือง สายสีแดง;การรถไฟแห่งประเทศไทย","network:wikidata":"Q2542280;Q2165702","operator":"การรถไฟแห่งประเทศไทย","public_transport":"station","railway":"station","railway:ref":"ดม;RN08","railway:station_category":"1","ref":"RN08","ref:station":"1017","train":"yes","wikidata":"Q35596136","wikipedia":"th:สถานีดอนเมือง","@type":"node","@id":7787093478},"geometry":{"type":"Point","coordinates":[100.5978685,13.914688]}},{"type":"Feature","id":7787093479,"properties":{"name":"หลักหก (ม.รังสิต)","name:en":"Lak Hok (Rangsit U.)","network":"รถไฟฟ้าชานเมือง สายสีแดง","network:en":"SRT Red Lines","network:th":"รถไฟฟ้าชานเมือง สายสีแดง","network:wikidata":"Q2542280","operator":"การรถไฟแห่งประเทศไทย","public_transport":"station","railway":"station","railway:ref":"RN09","ref":"RN09","train":"yes","wikidata":"Q100631366","wikipedia":"th:สถานีหลักหก","@type":"node","@id":7787093479},"geometry":{"type":"Point","coordinates":[100.6053753,13.9657233]}},{"type":"Feature","id":7892607486,"properties":{"name":"บ้านฉิมพลี","name:en":"Ban Chimphli","name:th":"บ้านฉิมพลี","operator":"การรถไฟแห่งประเทศไทย","public_transport":"station","railway":"halt","railway:ref":"ฉพ","ref":"ฉพ.","train":"yes","wikidata":"Q13015630","@type":"node","@id":7892607486},"geometry":{"type":"Point","coordinates":[100.4205975,13.7991608]}},{"type":"Feature","id":7892607487,"properties":{"name":"พุทธมณฑลสาย 2","name:en":"Phutthamonthon Sai 2","name:th":"พุทธมณฑลสาย 2","operator":"การรถไฟแห่งประเทศไทย","public_transport":"station","railway":"halt","railway:ref":"ทล","ref":"ทล.","train":"yes","wikidata":"Q13015636","@type":"node","@id":7892607487},"geometry":{"type":"Point","coordinates":[100.3950605,13.8000368]}},{"type":"Feature","id":7892607490,"properties":{"name":"คลองหนึ่ง","name:en":"Khlong Nueng","name:th":"คลองหนึ่ง","operator":"การรถไฟแห่งประเทศไทย","public_transport":"station","railway":"halt","railway:ref":"ลห","railway:station_category":"ป้ายหยุดรถ","ref":"ลห.","ref:station":"1223","train":"yes","wikidata":"Q100604998","@type":"node","@id":7892607490},"geometry":{"type":"Point","coordinates":[100.5980653,14.0231677]}},{"type":"Feature","id":7892607491,"properties":{"name":"มหาวิทยาลัยธรรมศาสตร์","name:en":"Thammasat University","name:th":"มหาวิทยาลัยธรรมศาสตร์","operator":"การรถไฟแห่งประเทศไทย","public_transport":"station","railway":"halt","railway:ref":"ธส","railway:station_category":"ที่หยุดรถ","ref":"ธส.","ref:station":"1230","train":"yes","wikidata":"Q100604976","@type":"node","@id":7892607491},"geometry":{"type":"Point","coordinates":[100.5885381,14.0793792]}},{"type":"Feature","id":7896595817,"properties":{"addr:district":"เมืองสมุทรสาคร","addr:postcode":"74000","addr:province":"สมุทรสาคร","addr:subdistrict":"มหาชัย","name":"คลองจาก","name:en":"Khlong Chak","name:th":"คลองจาก","operator":"การรถไฟแห่งประเทศไทย","public_transport":"station","railway":"halt","railway:ref":"ลจ","ref":"ลจ.","train":"yes","wikidata":"Q13021673","@type":"node","@id":7896595817},"geometry":{"type":"Point","coordinates":[100.2888097,13.551665]}},{"type":"Feature","id":7947495107,"properties":{"construction:railway":"station","name":"เคหะรามคำแหง","name:en":"Keha Ramkhamhaeng","name:th":"เคหะรามคำแหง","network":"Metropolitan Rapid Transit","network:short":"MRT","network:wikidata":"Q806485","note":"อย่าเพิ่มแท็ก railway=station และ/หรือ public_transport=station ก่อนที่จะเปิดให้บริการ | Do not add railway=station and/or public_transport=station tags before operational service","operator":"ทางด่วนและรถไฟฟ้ากรุงเทพ","public_transport":"station","ref":"OR27","station":"subway","status":"inactive","subway":"yes","@type":"node","@id":7947495107},"geometry":{"type":"Point","coordinates":[100.7234827,13.8035436]}},{"type":"Feature","id":7947551369,"properties":{"monorail":"yes","name":"กรุงธนบุรี","name:en":"Krung Thon Buri","name:ja":"クルントンブリー","name:th":"กรุงธนบุรี","network":"BTS","operator":"กรุงเทพธนาคม","public_transport":"station","railway":"station","ref":"G1","wikidata":"Q11299499","wikipedia":"th:สถานีกรุงธนบุรี","@type":"node","@id":7947551369},"geometry":{"type":"Point","coordinates":[100.5037147,13.7211055]}},{"type":"Feature","id":8093933514,"properties":{"addr:district":"เมืองสมุทรสาคร","addr:postcode":"74000","addr:province":"สมุทรสาคร","addr:subdistrict":"มหาชัย","internet_access":"no","name":"นิคมรถไฟมหาชัย","name:en":"Nikhom Rotfai Maha Chai","name:th":"นิคมรถไฟมหาชัย","operator":"การรถไฟแห่งประเทศไทย","public_transport":"station","railway":"halt","train":"yes","wikidata":"Q137787490","@type":"node","@id":8093933514},"geometry":{"type":"Point","coordinates":[100.2820986,13.5486177]}},{"type":"Feature","id":8093957526,"properties":{"name":"วุฒากาศ","name:en":"Wutthakat","name:th":"วุฒากาศ","operator":"การรถไฟแห่งประเทศไทย","public_transport":"station","railway":"halt","train":"yes","wikidata":"Q137785620","@type":"node","@id":8093957526},"geometry":{"type":"Point","coordinates":[100.4726397,13.7125407]}},{"type":"Feature","id":8214007176,"properties":{"name":"คูคต","name:en":"Khu Khot","name:th":"คูคต","opening_date":"2020-12-16","operator":"กรุงเทพธนาคม","public_transport":"station","railway":"station","ref":"N24","station":"subway","subway":"yes","toilets":"yes","toilets:wheelchair":"yes","wheelchair":"designated","wikidata":"Q66103267","wikipedia":"th:สถานีคูคต","@type":"node","@id":8214007176},"geometry":{"type":"Point","coordinates":[100.6465227,13.9323658]}},{"type":"Feature","id":8717933838,"properties":{"monorail":"yes","name":"ลาดพร้าว","name:en":"Lat Phrao","name:th":"ลาดพร้าว","name:zh":"叻抛","operator":"อีสเทิร์นบางกอกโมโนเรล","operator:en":"Eastern Bangkok Monorail","operator:th":"อีสเทิร์นบางกอกโมโนเรล","public_transport":"station","railway":"station","ref":"YL01","station":"monorail","wheelchair":"yes","wikidata":"Q4923372","wikipedia":"th:สถานีลาดพร้าว","@type":"node","@id":8717933838},"geometry":{"type":"Point","coordinates":[100.5747847,13.8069826]}},{"type":"Feature","id":8730762307,"properties":{"construction:railway":"station","name":"แยกร่มเกล้า","name:en":"Yaek Rom Klao","name:th":"แยกร่มเกล้า","network":"Metropolitan Rapid Transit","network:short":"MRT","network:wikidata":"Q806485","note":"อย่าเพิ่มแท็ก railway=station และ/หรือ public_transport=station ก่อนที่จะเปิดให้บริการ | Do not add railway=station and/or public_transport=station tags before operational service","operator":"ทางด่วนและรถไฟฟ้ากรุงเทพ","public_transport":"station","ref":"OR29","station":"subway","status":"inactive","subway":"yes","@type":"node","@id":8730762307},"geometry":{"type":"Point","coordinates":[100.7390249,13.8132889]}},{"type":"Feature","id":8730762313,"properties":{"construction:railway":"station","name":"มีนบุรี","name:en":"Min Buri","name:th":"มีนบุรี","network":"Metropolitan Rapid Transit","network:short":"MRT","network:wikidata":"Q806485","note":"อย่าเพิ่มแท็ก railway=station และ/หรือ public_transport=station ก่อนที่จะเปิดให้บริการ | Do not add railway=station and/or public_transport=station tags before operational service","operator":"ทางด่วนและรถไฟฟ้ากรุงเทพ","public_transport":"station","ref":"OR28","station":"subway","status":"inactive","subway":"yes","@type":"node","@id":8730762313},"geometry":{"type":"Point","coordinates":[100.7330443,13.8100296]}},{"type":"Feature","id":8986366369,"properties":{"addr:city":"แขวงจตุจักร","addr:district":"จตุจักร","addr:housenumber":"336","addr:postcode":"10900","addr:province":"กรุงเทพมหานคร","addr:street":"ถนนเทอดดำริ","addr:subdistrict":"จตุจักร","alt_name":"สถานีกลางบางซื่อ","alt_name:en":"Bang Sue Grand Station","alt_name:th":"สถานีกลางบางซื่อ","name":"กรุงเทพอภิวัฒน์","name:en":"Krung Thep Aphiwat","name:ka":"クルンテープ・アピワット","name:ko":"끄룽텝 아피왓 중앙역","name:th":"กรุงเทพอภิวัฒน์","name:zh":"邦似中央车站","network":"การรถไฟแห่งประเทศไทย","network:en":"State Railway of Thailand","network:th":"การรถไฟแห่งประเทศไทย","network:wikidata":"Q2165702","official_name":"สถานีกลางกรุงเทพอภิวัฒน์","official_name:en":"Krung Thep Aphiwat Central Terminal","official_name:th":"สถานีกลางกรุงเทพอภิวัฒน์","operator":"การรถไฟแห่งประเทศไทย","public_transport":"station","railway":"station","railway:ref":"กภ","railway:station_category":"1","ref":"กภ.","train":"yes","wheelchair":"yes","wikidata":"Q23925684","wikipedia":"th:สถานีกลางกรุงเทพอภิวัฒน์","@type":"node","@id":8986366369},"geometry":{"type":"Point","coordinates":[100.5417111,13.8040313]}},{"type":"Feature","id":8990382534,"properties":{"name":"บางซ่อน","name:en":"Bang Son","name:th":"บางซ่อน","network":"รถไฟฟ้าชานเมือง สายสีแดง","network:en":"SRT Red Lines","network:th":"รถไฟฟ้าชานเมือง สายสีแดง","network:wikidata":"Q2542280","operator":"การรถไฟแห่งประเทศไทย","public_transport":"station","railway":"station","ref":"ซอ;RW02","train":"yes","wikidata":"Q23869363","wikipedia":"en:Bang Son railway station","@type":"node","@id":8990382534},"geometry":{"type":"Point","coordinates":[100.534213,13.8221332]}},{"type":"Feature","id":9697484713,"properties":{"construction:railway":"station","name":"สัมมากร","name:en":"Sammakorn","name:th":"สัมมากร","network":"Metropolitan Rapid Transit","network:short":"MRT","network:wikidata":"Q806485","note":"อย่าเพิ่มแท็ก railway=station และ/หรือ public_transport=station ก่อนที่จะเปิดให้บริการ | Do not add railway=station and/or public_transport=station tags before operational service","operator":"ทางด่วนและรถไฟฟ้ากรุงเทพ","public_transport":"station","ref":"OR23","station":"subway","status":"inactive","subway":"yes","@type":"node","@id":9697484713},"geometry":{"type":"Point","coordinates":[100.6758788,13.7782911]}},{"type":"Feature","id":9734008618,"properties":{"monorail":"yes","name":"ทิพวัล","name:en":"Thipphawan","name:th":"ทิพวัล","operator":"อีสเทิร์นบางกอกโมโนเรล","operator:en":"Eastern Bangkok Monorail","operator:th":"อีสเทิร์นบางกอกโมโนเรล","public_transport":"station","railway":"station","ref":"YL22","station":"monorail","wikidata":"Q119009751","wikipedia":"th:สถานีทิพวัล","@type":"node","@id":9734008618},"geometry":{"type":"Point","coordinates":[100.6098956,13.6367271]}},{"type":"Feature","id":9734008619,"properties":{"monorail":"yes","name":"ศรีเทพา","name:en":"Si Thepha","name:th":"ศรีเทพา","operator":"อีสเทิร์นบางกอกโมโนเรล","operator:en":"Eastern Bangkok Monorail","operator:th":"อีสเทิร์นบางกอกโมโนเรล","public_transport":"station","railway":"station","ref":"YL21","station":"monorail","wikidata":"Q119009797","wikipedia":"th:สถานีศรีเทพา","@type":"node","@id":9734008619},"geometry":{"type":"Point","coordinates":[100.622688,13.6298427]}},{"type":"Feature","id":10830450760,"properties":{"monorail":"yes","name":"ศรีด่าน","name:en":"Si Dan","name:th":"ศรีด่าน","operator":"อีสเทิร์นบางกอกโมโนเรล","operator:en":"Eastern Bangkok Monorail","operator:th":"อีสเทิร์นบางกอกโมโนเรล","public_transport":"station","railway":"station","ref":"YL20","station":"monorail","wikidata":"Q119009914","wikipedia":"th:สถานีศรีด่าน","@type":"node","@id":10830450760},"geometry":{"type":"Point","coordinates":[100.6301104,13.6331023]}},{"type":"Feature","id":10830450761,"properties":{"monorail":"yes","name":"ศรีแบริ่ง","name:en":"Si Bearing","name:th":"ศรีแบริ่ง","operator":"อีสเทิร์นบางกอกโมโนเรล","operator:en":"Eastern Bangkok Monorail","operator:th":"อีสเทิร์นบางกอกโมโนเรล","public_transport":"station","railway":"station","ref":"YL19","station":"monorail","wikidata":"Q119009970","wikipedia":"th:สถานีศรีแบริ่ง","@type":"node","@id":10830450761},"geometry":{"type":"Point","coordinates":[100.6362735,13.6434906]}},{"type":"Feature","id":10830450762,"properties":{"monorail":"yes","name":"ศรีลาซาล","name:en":"Si La Salle","name:th":"ศรีลาซาล","operator":"อีสเทิร์นบางกอกโมโนเรล","operator:en":"Eastern Bangkok Monorail","operator:th":"อีสเทิร์นบางกอกโมโนเรล","public_transport":"station","railway":"station","ref":"YL18","station":"monorail","wikidata":"Q119010023","wikipedia":"th:สถานีศรีลาซาล","@type":"node","@id":10830450762},"geometry":{"type":"Point","coordinates":[100.6421608,13.6549747]}},{"type":"Feature","id":10830450763,"properties":{"monorail":"yes","name":"ศรีเอี่ยม","name:en":"Si Iam","name:th":"ศรีเอี่ยม","operator":"อีสเทิร์นบางกอกโมโนเรล","operator:en":"Eastern Bangkok Monorail","operator:th":"อีสเทิร์นบางกอกโมโนเรล","public_transport":"station","railway":"station","ref":"YL17","station":"monorail","wikidata":"Q119010023","wikipedia":"th:สถานีศรีลาซาล","@type":"node","@id":10830450763},"geometry":{"type":"Point","coordinates":[100.6450683,13.6676858]}},{"type":"Feature","id":10867419319,"properties":{"monorail":"yes","name":"ศรีอุดม","name:en":"Si Udom","name:th":"ศรีอุดม","operator":"อีสเทิร์นบางกอกโมโนเรล","operator:en":"Eastern Bangkok Monorail","operator:th":"อีสเทิร์นบางกอกโมโนเรล","public_transport":"station","railway":"station","ref":"YL16","station":"monorail","wikidata":"Q119010086","wikipedia":"th:สถานีศรีอุดม","@type":"node","@id":10867419319},"geometry":{"type":"Point","coordinates":[100.6461707,13.6766379]}},{"type":"Feature","id":10867419320,"properties":{"monorail":"yes","name":"สวนหลวง ร.9","name:en":"Suan Luang Rama IX","name:th":"สวนหลวง ร.9","operator":"อีสเทิร์นบางกอกโมโนเรล","operator:en":"Eastern Bangkok Monorail","operator:th":"อีสเทิร์นบางกอกโมโนเรล","public_transport":"station","railway":"station","ref":"YL15","station":"monorail","wheelchair":"yes","wikidata":"Q119010410","wikipedia":"th:สถานีสวนหลวง ร.9","@type":"node","@id":10867419320},"geometry":{"type":"Point","coordinates":[100.6471028,13.6908637]}},{"type":"Feature","id":10867419321,"properties":{"monorail":"yes","name":"ศรีนครินทร์ 38","name:en":"Srinagarindra 38","name:th":"ศรีนครินทร์ 38","operator":"อีสเทิร์นบางกอกโมโนเรล","operator:en":"Eastern Bangkok Monorail","operator:th":"อีสเทิร์นบางกอกโมโนเรล","public_transport":"station","railway":"station","ref":"YL14","station":"monorail","wikidata":"Q119010493","wikipedia":"th:สถานีศรีนครินทร์ 38","@type":"node","@id":10867419321},"geometry":{"type":"Point","coordinates":[100.6464727,13.7011219]}},{"type":"Feature","id":10867419322,"properties":{"monorail":"yes","name":"ศรีนุช","name:en":"Si Nut","name:th":"ศรีนุช","operator":"อีสเทิร์นบางกอกโมโนเรล","operator:en":"Eastern Bangkok Monorail","operator:th":"อีสเทิร์นบางกอกโมโนเรล","public_transport":"station","railway":"station","ref":"YL13","station":"monorail","wikidata":"Q119010548","wikipedia":"th:สถานีศรีนุช","@type":"node","@id":10867419322},"geometry":{"type":"Point","coordinates":[100.6441957,13.7110971]}},{"type":"Feature","id":10867419323,"properties":{"monorail":"yes","name":"กลันตัน","name:en":"Kalantan","name:th":"กลันตัน","operator":"อีสเทิร์นบางกอกโมโนเรล","operator:en":"Eastern Bangkok Monorail","operator:th":"อีสเทิร์นบางกอกโมโนเรล","public_transport":"station","railway":"station","ref":"YL12","station":"monorail","wikidata":"Q119010700","wikipedia":"th:สถานีกลันตัน","@type":"node","@id":10867419323},"geometry":{"type":"Point","coordinates":[100.6417798,13.7252705]}},{"type":"Feature","id":10867419324,"properties":{"addr:country":"Thailand","addr:district":"สวนหลวง","addr:district:en":"Suanluang","addr:province":"กรุงเทพมหานคร","addr:province:en":"Bangkok","alt_name":"Hua Mak station","monorail":"yes","name":"หัวหมาก","name:en":"Hua Mak","name:th":"หัวหมาก","operator":"อีสเทิร์นบางกอกโมโนเรล","operator:en":"Eastern Bangkok Monorail","operator:th":"อีสเทิร์นบางกอกโมโนเรล","public_transport":"station","railway":"station","ref":"YL11","station":"monorail","wikidata":"Q109130566","wikipedia":"th:สถานีหัวหมาก","@type":"node","@id":10867419324},"geometry":{"type":"Point","coordinates":[100.6411384,13.7361482]}},{"type":"Feature","id":10867419325,"properties":{"monorail":"yes","name":"ศรีกรีฑา","name:en":"Si Kritha","name:th":"ศรีกรีฑา","operator":"อีสเทิร์นบางกอกโมโนเรล","operator:en":"Eastern Bangkok Monorail","operator:th":"อีสเทิร์นบางกอกโมโนเรล","public_transport":"station","railway":"station","ref":"YL10","station":"monorail","wikidata":"Q119722574","wikipedia":"th:สถานีศรีกรีฑา","@type":"node","@id":10867419325},"geometry":{"type":"Point","coordinates":[100.6447881,13.7504111]}},{"type":"Feature","id":10867419326,"properties":{"monorail":"yes","name":"แยกลำสาลี","name:en":"Yaek Lam Sali","name:th":"แยกลำสาลี","operator":"อีสเทิร์นบางกอกโมโนเรล","operator:en":"Eastern Bangkok Monorail","operator:th":"อีสเทิร์นบางกอกโมโนเรล","public_transport":"station","railway":"station","ref":"YL09","station":"monorail","wikidata":"Q119722811","wikipedia":"th:สถานีแยกลำสาลี","@type":"node","@id":10867419326},"geometry":{"type":"Point","coordinates":[100.6455722,13.7618191]}},{"type":"Feature","id":10867419327,"properties":{"monorail":"yes","name":"บางกะปิ","name:en":"Bang Kapi","name:th":"บางกะปิ","operator":"อีสเทิร์นบางกอกโมโนเรล","operator:en":"Eastern Bangkok Monorail","operator:th":"อีสเทิร์นบางกอกโมโนเรล","public_transport":"station","railway":"station","ref":"YL08","station":"monorail","wikidata":"Q119723016","wikipedia":"th:สถานีบางกะปิ","@type":"node","@id":10867419327},"geometry":{"type":"Point","coordinates":[100.6397685,13.7690755]}},{"type":"Feature","id":10867419328,"properties":{"monorail":"yes","name":"ลาดพร้าว 101","name:en":"Lat Phrao 101","name:th":"ลาดพร้าว 101","network":"MRT","operator":"อีสเทิร์นบางกอกโมโนเรล","operator:en":"Eastern Bangkok Monorail","operator:th":"อีสเทิร์นบางกอกโมโนเรล","public_transport":"station","railway":"station","ref":"YL07","station":"monorail","wikidata":"Q119726019","wikipedia":"th:สถานีลาดพร้าว 101","@type":"node","@id":10867419328},"geometry":{"type":"Point","coordinates":[100.6298421,13.7746334]}},{"type":"Feature","id":10867419329,"properties":{"monorail":"yes","name":"มหาดไทย","name:en":"Mahatthai","name:th":"มหาดไทย","operator":"อีสเทิร์นบางกอกโมโนเรล","operator:en":"Eastern Bangkok Monorail","operator:th":"อีสเทิร์นบางกอกโมโนเรล","public_transport":"station","railway":"station","ref":"YL06","station":"monorail","wikidata":"Q119723149","wikipedia":"th:สถานีมหาดไทย","@type":"node","@id":10867419329},"geometry":{"type":"Point","coordinates":[100.6231602,13.7783677]}},{"type":"Feature","id":10867419330,"properties":{"monorail":"yes","name":"ภาวนา","name:en":"Phawana","name:th":"ภาวนา","operator":"อีสเทิร์นบางกอกโมโนเรล","operator:en":"Eastern Bangkok Monorail","operator:th":"อีสเทิร์นบางกอกโมโนเรล","public_transport":"station","railway":"station","ref":"YL02","station":"monorail","wikidata":"Q16307526","wikipedia":"th:สถานีภาวนา","@type":"node","@id":10867419330},"geometry":{"type":"Point","coordinates":[100.5841952,13.8001638]}},{"type":"Feature","id":10867419331,"properties":{"monorail":"yes","name":"โชคชัย 4","name:en":"Chok Chai 4","name:th":"โชคชัย 4","operator":"อีสเทิร์นบางกอกโมโนเรล","operator:en":"Eastern Bangkok Monorail","operator:th":"อีสเทิร์นบางกอกโมโนเรล","public_transport":"station","railway":"station","ref":"YL03","station":"monorail","wikidata":"Q108004772","wikipedia":"th:สถานีโชคชัย 4","@type":"node","@id":10867419331},"geometry":{"type":"Point","coordinates":[100.5944302,13.7944253]}},{"type":"Feature","id":10867419332,"properties":{"monorail":"yes","name":"ลาดพร้าว 71","name:en":"Lat Phrao 71","name:th":"ลาดพร้าว 71","operator":"อีสเทิร์นบางกอกโมโนเรล","operator:en":"Eastern Bangkok Monorail","operator:th":"อีสเทิร์นบางกอกโมโนเรล","public_transport":"station","railway":"station","ref":"YL04","station":"monorail","wikidata":"Q119723265","wikipedia":"th:สถานีลาดพร้าว 71","@type":"node","@id":10867419332},"geometry":{"type":"Point","coordinates":[100.6075731,13.7870921]}},{"type":"Feature","id":10867419333,"properties":{"monorail":"yes","name":"ลาดพร้าว 83","name:en":"Lat Phrao 83","name:th":"ลาดพร้าว 83","operator":"อีสเทิร์นบางกอกโมโนเรล","operator:en":"Eastern Bangkok Monorail","operator:th":"อีสเทิร์นบางกอกโมโนเรล","public_transport":"station","railway":"station","ref":"YL05","station":"monorail","wikidata":"Q119723213","wikimedia_commons":"File:Lat Phrao 83 Station 04.jpg","wikipedia":"th:สถานีลาดพร้าว 83","@type":"node","@id":10867419333},"geometry":{"type":"Point","coordinates":[100.6136576,13.7837002]}},{"type":"Feature","id":11052599118,"properties":{"name":"หัวหมาก","name:en":"Hua Mak","name:th":"หัวหมาก","network":"การรถไฟแห่งประเทศไทย","network:en":"State Railway of Thailand","network:th":"การรถไฟแห่งประเทศไทย","network:wikidata":"Q2165702","operator":"การรถไฟแห่งประเทศไทย","public_transport":"station","railway":"station","railway:ref":"หม","railway:ref:en":"HUM","railway:station_category":"1","ref":"หม.","ref:station":"3010","train":"yes","wikidata":"Q16307590","@type":"node","@id":11052599118},"geometry":{"type":"Point","coordinates":[100.6397417,13.7383944]}},{"type":"Feature","id":11364308559,"properties":{"monorail":"yes","name":"ศูนย์ราชการนนทบุรี","name:en":"Nonthaburi Civic Center","name:th":"ศูนย์ราชการนนทบุรี","network":"MRT","operator":"นอร์ทเทิร์นบางกอกโมโนเรล","operator:en":"Northern Bangkok Monorail Company Limited","public_transport":"station","railway":"station","ref":"PK01","station":"monorail","wikidata":"Q25106308","wikipedia":"th:สถานีศูนย์ราชการนนทบุรี","@type":"node","@id":11364308559},"geometry":{"type":"Point","coordinates":[100.5181159,13.8597221]}},{"type":"Feature","id":11364361871,"properties":{"monorail":"yes","name":"แคราย","name:en":"Khae Rai","name:th":"แคราย","network":"MRT","operator":"นอร์ทเทิร์นบางกอกโมโนเรล","operator:en":"Northern Bangkok Monorail Company Limited","public_transport":"station","railway":"station","ref":"PK02","station":"monorail","wikidata":"Q16307698","wikipedia":"th:สถานีแคราย","@type":"node","@id":11364361871},"geometry":{"type":"Point","coordinates":[100.5206536,13.8626592]}},{"type":"Feature","id":11364361876,"properties":{"monorail":"yes","name":"สนามบินน้ำ","name:en":"Sanambin Nam","name:th":"สนามบินน้ำ","network":"MRT","operator":"นอร์ทเทิร์นบางกอกโมโนเรล","operator:en":"Northern Bangkok Monorail Company Limited","public_transport":"station","railway":"station","ref":"PK03","station":"monorail","wikidata":"Q13021842","wikipedia":"th:สถานีสนามบินน้ำ","@type":"node","@id":11364361876},"geometry":{"type":"Point","coordinates":[100.5163213,13.8741356]}},{"type":"Feature","id":11364361877,"properties":{"monorail":"yes","name":"แยกปากเกร็ด","name:en":"Yaek Pak Kret","name:th":"แยกปากเกร็ด","network":"MRT","operator":"นอร์ทเทิร์นบางกอกโมโนเรล","operator:en":"Northern Bangkok Monorail Company Limited","public_transport":"station","railway":"station","ref":"PK06","station":"monorail","wikidata":"Q123537238","wikipedia":"th:สถานีแยกปากเกร็ด","@type":"node","@id":11364361877},"geometry":{"type":"Point","coordinates":[100.505395,13.906199]}},{"type":"Feature","id":11364361878,"properties":{"monorail":"yes","name":"สามัคคี","name:en":"Samakkhi","name:th":"สามัคคี","network":"MRT","operator":"นอร์ทเทิร์นบางกอกโมโนเรล","operator:en":"Northern Bangkok Monorail Company Limited","public_transport":"station","railway":"station","ref":"PK04","station":"monorail","wikidata":"Q13021845","wikipedia":"th:สถานีสามัคคี","@type":"node","@id":11364361878},"geometry":{"type":"Point","coordinates":[100.5105744,13.8892782]}},{"type":"Feature","id":11364361879,"properties":{"monorail":"yes","name":"กรมชลประทาน","name:en":"Royal Irrigation Department","name:th":"กรมชลประทาน","network":"MRT","operator":"นอร์ทเทิร์นบางกอกโมโนเรล","operator:en":"Northern Bangkok Monorail Company Limited","public_transport":"station","railway":"station","ref":"PK05","station":"monorail","wikidata":"Q123537197","wikipedia":"th:สถานีกรมชลประทาน","@type":"node","@id":11364361879},"geometry":{"type":"Point","coordinates":[100.5070888,13.8985658]}},{"type":"Feature","id":11364361880,"properties":{"monorail":"yes","name":"เลี่ยงเมืองปากเกร็ด","name:en":"Pak Kret Bypass","name:th":"เลี่ยงเมืองปากเกร็ด","network":"MRT","operator":"นอร์ทเทิร์นบางกอกโมโนเรล","operator:en":"Northern Bangkok Monorail Company Limited","public_transport":"station","railway":"station","ref":"PK07","station":"monorail","wikidata":"Q123537262","wikipedia":"th:สถานีเลี่ยงเมืองปากเกร็ด","@type":"node","@id":11364361880},"geometry":{"type":"Point","coordinates":[100.515577,13.9064956]}},{"type":"Feature","id":11364361882,"properties":{"monorail":"yes","name":"แจ้งวัฒนะ-ปากเกร็ด 28","name:en":"Chaeng Watthana-Pak Kret 28","name:th":"แจ้งวัฒนะ-ปากเกร็ด 28","network":"MRT","operator":"นอร์ทเทิร์นบางกอกโมโนเรล","operator:en":"Northern Bangkok Monorail Company Limited","public_transport":"station","railway":"station","ref":"PK08","station":"monorail","wikidata":"Q123537277","wikipedia":"th:สถานีแจ้งวัฒนะ-ปากเกร็ด 28","@type":"node","@id":11364361882},"geometry":{"type":"Point","coordinates":[100.5292604,13.9041584]}},{"type":"Feature","id":11364361916,"properties":{"monorail":"yes","name":"ศรีรัช","name:en":"Si Rat","name:th":"ศรีรัช","network":"MRT","operator":"นอร์ทเทิร์นบางกอกโมโนเรล","operator:en":"Northern Bangkok Monorail Company Limited","public_transport":"station","railway":"station","ref":"PK09","station":"monorail","wikidata":"Q16307483","wikipedia":"th:สถานีศรีรัช","@type":"node","@id":11364361916},"geometry":{"type":"Point","coordinates":[100.5400085,13.9005741]}},{"type":"Feature","id":11364361947,"properties":{"monorail":"yes","name":"เมืองทองธานี","name:en":"Muang Thong Thani","name:th":"เมืองทองธานี","network":"MRT","operator":"นอร์ทเทิร์นบางกอกโมโนเรล","operator:en":"Northern Bangkok Monorail Company Limited","public_transport":"station","railway":"station","ref":"PK10","station":"monorail","wikidata":"Q123537334","wikipedia":"th:สถานีเมืองทองธานี","@type":"node","@id":11364361947},"geometry":{"type":"Point","coordinates":[100.5484467,13.8974279]}},{"type":"Feature","id":11364361977,"properties":{"monorail":"yes","name":"แจ้งวัฒนะ 14","name:en":"Chaeng Watthana 14","name:th":"แจ้งวัฒนะ 14","network":"MRT","operator":"นอร์ทเทิร์นบางกอกโมโนเรล","operator:en":"Northern Bangkok Monorail Company Limited","public_transport":"station","railway":"station","ref":"PK11","station":"monorail","wikidata":"Q123537372","wikipedia":"th:สถานีแจ้งวัฒนะ 14","@type":"node","@id":11364361977},"geometry":{"type":"Point","coordinates":[100.5601498,13.8933037]}},{"type":"Feature","id":11364411040,"properties":{"monorail":"yes","name":"ตลาดมีนบุรี","name:en":"Min Buri Market","name:th":"ตลาดมีนบุรี","network":"MRT","operator":"นอร์ทเทิร์นบางกอกโมโนเรล","public_transport":"station","railway":"station","ref":"PK29","station":"monorail","wikidata":"Q123537788","wikipedia":"th:สถานีตลาดมีนบุรี","@type":"node","@id":11364411040},"geometry":{"type":"Point","coordinates":[100.7258382,13.8125125]}},{"type":"Feature","id":11364465363,"properties":{"monorail":"yes","name":"ศูนย์ราชการเฉลิมพระเกียรติ","name:en":"Government Complex","name:th":"ศูนย์ราชการเฉลิมพระเกียรติ","network":"MRT","operator":"นอร์ทเทิร์นบางกอกโมโนเรล","operator:en":"Northern Bangkok Monorail Company Limited","public_transport":"station","railway":"station","ref":"PK12","station":"monorail","wikidata":"Q123537386","wikipedia":"th:สถานีศูนย์ราชการเฉลิมพระเกียรติ","@type":"node","@id":11364465363},"geometry":{"type":"Point","coordinates":[100.5673522,13.8907652]}},{"type":"Feature","id":11364501870,"properties":{"monorail":"yes","name":"โทรคมนาคมแห่งชาติ","name:en":"National Telecom","name:th":"โทรคมนาคมแห่งชาติ","network":"MRT","operator":"นอร์ทเทิร์นบางกอกโมโนเรล","operator:en":"Northern Bangkok Monorail Company Limited","public_transport":"station","railway":"station","ref":"PK13","station":"monorail","wikidata":"Q123537477","wikipedia":"th:สถานีโทรคมนาคมแห่งชาติ","@type":"node","@id":11364501870},"geometry":{"type":"Point","coordinates":[100.5757143,13.8875764]}},{"type":"Feature","id":11364501879,"properties":{"monorail":"yes","name":"หลักสี่","name:en":"Lak Si","name:th":"หลักสี่","network":"MRT","operator":"นอร์ทเทิร์นบางกอกโมโนเรล","operator:en":"Northern Bangkok Monorail Company Limited","public_transport":"station","railway":"station","ref":"PK14","station":"monorail","wikidata":"Q6633446","@type":"node","@id":11364501879},"geometry":{"type":"Point","coordinates":[100.5826859,13.8840791]}},{"type":"Feature","id":11364501913,"properties":{"monorail":"yes","name":"วัดพระศรีมหาธาตุ","name:en":"Wat Phra Sri Mahathat","name:th":"วัดพระศรีมหาธาตุ","network":"MRT","operator":"นอร์ทเทิร์นบางกอกโมโนเรล","operator:en":"Northern Bangkok Monorail Company Limited","public_transport":"station","railway":"station","ref":"PK16","station":"monorail","wikidata":"Q61357968","wikipedia":"th:สถานีวัดพระศรีมหาธาตุ","@type":"node","@id":11364501913},"geometry":{"type":"Point","coordinates":[100.5972049,13.8743621]}},{"type":"Feature","id":11364501914,"properties":{"monorail":"yes","name":"ราชภัฏพระนคร","name:en":"Rajabhat Phranakhon","name:th":"ราชภัฏพระนคร","network":"MRT","operator":"นอร์ทเทิร์นบางกอกโมโนเรล","operator:en":"Northern Bangkok Monorail Company Limited","public_transport":"station","railway":"station","ref":"PK15","station":"monorail","wikidata":"Q16307599","wikipedia":"th:สถานีราชภัฏพระนคร","@type":"node","@id":11364501914},"geometry":{"type":"Point","coordinates":[100.5892957,13.879939]}},{"type":"Feature","id":11364501917,"properties":{"monorail":"yes","name":"รามอินทรา 3","name:en":"Ram Inthra 3","name:th":"รามอินทรา 3","network":"MRT","operator":"นอร์ทเทิร์นบางกอกโมโนเรล","operator:en":"Northern Bangkok Monorail Company Limited","public_transport":"station","railway":"station","ref":"PK17","station":"monorail","wikidata":"Q123537774","wikipedia":"th:สถานีรามอินทรา 3","@type":"node","@id":11364501917},"geometry":{"type":"Point","coordinates":[100.6026204,13.8709544]}},{"type":"Feature","id":11364501918,"properties":{"monorail":"yes","name":"ลาดปลาเค้า","name:en":"Lat Pla Khao","name:th":"ลาดปลาเค้า","network":"MRT","operator":"นอร์ทเทิร์นบางกอกโมโนเรล","operator:en":"Northern Bangkok Monorail Company Limited","public_transport":"station","railway":"station","ref":"PK18","station":"monorail","wikidata":"Q123537777","wikipedia":"th:สถานีลาดปลาเค้า","@type":"node","@id":11364501918},"geometry":{"type":"Point","coordinates":[100.617815,13.8627961]}},{"type":"Feature","id":11364501919,"properties":{"monorail":"yes","name":"รามอินทรา กม.4","name:en":"Ram Inthra Kor Mor 4","name:th":"รามอินทรา กม.4","network":"MRT","operator":"นอร์ทเทิร์นบางกอกโมโนเรล","operator:en":"Northern Bangkok Monorail Company Limited","public_transport":"station","railway":"station","ref":"PK19","station":"monorail","wikidata":"Q123537779","wikipedia":"th:สถานีรามอินทรา กม.4","@type":"node","@id":11364501919},"geometry":{"type":"Point","coordinates":[100.6261305,13.8583122]}},{"type":"Feature","id":11364501920,"properties":{"monorail":"yes","name":"มัยลาภ","name:en":"Maiyalap","name:th":"มัยลาภ","network":"MRT","operator":"นอร์ทเทิร์นบางกอกโมโนเรล","public_transport":"station","railway":"station","ref":"PK20","station":"monorail","wikidata":"Q123537780","wikipedia":"th:สถานีมัยลาภ","@type":"node","@id":11364501920},"geometry":{"type":"Point","coordinates":[100.6322263,13.855015]}},{"type":"Feature","id":11364501922,"properties":{"monorail":"yes","name":"วัชรพล","name:en":"Vacharaphol","name:th":"วัชรพล","network":"MRT","operator":"นอร์ทเทิร์นบางกอกโมโนเรล","public_transport":"station","railway":"station","ref":"PK21","station":"monorail","wikidata":"Q123537781","wikipedia":"th:สถานีวัชรพล","@type":"node","@id":11364501922},"geometry":{"type":"Point","coordinates":[100.6428787,13.8492636]}},{"type":"Feature","id":11364501923,"properties":{"monorail":"yes","name":"รามอินทรา กม.6","name:en":"Ram Inthra Kor Mor 6","name:th":"รามอินทรา กม.6","network":"MRT","operator":"นอร์ทเทิร์นบางกอกโมโนเรล","operator:en":"Northern Bangkok Monorail Company Limited","public_transport":"station","railway":"station","ref":"PK22","station":"monorail","wikidata":"Q123537782","wikipedia":"th:สถานีรามอินทรา กม.6","@type":"node","@id":11364501923},"geometry":{"type":"Point","coordinates":[100.6502444,13.845267]}},{"type":"Feature","id":11364501927,"properties":{"monorail":"yes","name":"รามอินทรา กม.9","name:en":"Ram Inthra Kor Mor 9","name:th":"รามอินทรา กม.9","network":"MRT","operator":"นอร์ทเทิร์นบางกอกโมโนเรล","operator:en":"Northern Bangkok Monorail Company Limited","public_transport":"station","railway":"station","ref":"PK24","station":"monorail","wikidata":"Q123537784","wikipedia":"th:สถานีรามอินทรา กม.9","@type":"node","@id":11364501927},"geometry":{"type":"Point","coordinates":[100.6675745,13.8337874]}},{"type":"Feature","id":11364501928,"properties":{"monorail":"yes","name":"คู้บอน","name:en":"Khu Bon","name:th":"คู้บอน","network":"MRT","operator":"นอร์ทเทิร์นบางกอกโมโนเรล","public_transport":"station","railway":"station","ref":"PK23","station":"monorail","wikidata":"Q123537783","wikipedia":"th:สถานีคู้บอน","@type":"node","@id":11364501928},"geometry":{"type":"Point","coordinates":[100.6587866,13.8406246]}},{"type":"Feature","id":11364501929,"properties":{"monorail":"yes","name":"วงแหวนรามอินทรา","name:en":"Outer Ring Road-Ram Inthra","name:th":"วงแหวนรามอินทรา","network":"MRT","operator":"นอร์ทเทิร์นบางกอกโมโนเรล","operator:en":"Northern Bangkok Monorail Company Limited","public_transport":"station","railway":"station","ref":"PK25","station":"monorail","wikidata":"Q123537785","wikipedia":"th:สถานีวงแหวนรามอินทรา","@type":"node","@id":11364501929},"geometry":{"type":"Point","coordinates":[100.6772099,13.8244533]}},{"type":"Feature","id":11364501940,"properties":{"monorail":"yes","name":"บางชัน","name:en":"Bang Chan","name:th":"บางชัน","network":"MRT","operator":"นอร์ทเทิร์นบางกอกโมโนเรล","operator:en":"Northern Bangkok Monorail Company Limited","public_transport":"station","railway":"station","ref":"PK27","station":"monorail","wikidata":"Q123537787","wikimedia_commons":"File:MRT Pink Line Bang Chan Station 20231203-1.jpg","wikipedia":"th:สถานีบางชัน","@type":"node","@id":11364501940},"geometry":{"type":"Point","coordinates":[100.702937,13.8127236]}},{"type":"Feature","id":11364501941,"properties":{"monorail":"yes","name":"นพรัตน์","name:en":"Nopparat","name:th":"นพรัตน์","network":"MRT","operator":"นอร์ทเทิร์นบางกอกโมโนเรล","operator:en":"Northern Bangkok Monorail Company Limited","public_transport":"station","railway":"station","ref":"PK26","station":"monorail","wikidata":"Q123537786","wikimedia_commons":"File:MRT Pink Line Nopparat Station 20231203-1.jpg","wikipedia":"th:สถานีนพรัตน์","@type":"node","@id":11364501941},"geometry":{"type":"Point","coordinates":[100.685651,13.8165312]}},{"type":"Feature","id":11364501942,"properties":{"monorail":"yes","name":"เศรษฐบุตรบำเพ็ญ","name:en":"Setthabutbamphen","name:th":"เศรษฐบุตรบำเพ็ญ","operator":"นอร์ทเทิร์นบางกอกโมโนเรล","public_transport":"station","railway":"station","ref":"PK28","station":"monorail","wikidata":"Q123470968","wikipedia":"th:สถานีเศรษฐบุตรบำเพ็ญ","@type":"node","@id":11364501942},"geometry":{"type":"Point","coordinates":[100.7126294,13.812694]}},{"type":"Feature","id":11364501951,"properties":{"monorail":"yes","name":"มีนบุรี","name:en":"Min Buri","name:th":"มีนบุรี","operator":"นอร์ทเทิร์นบางกอกโมโนเรล","public_transport":"station","railway":"station","ref":"PK30","station":"monorail","wikidata":"Q123537773","wikipedia":"th:สถานีมีนบุรี","@type":"node","@id":11364501951},"geometry":{"type":"Point","coordinates":[100.7326906,13.8084135]}},{"type":"Feature","id":11505460640,"properties":{"addr:country":"ไทย","addr:district":"ปทุมวัน","addr:district:en":"Pathum Wan","addr:province":"กรุงเทพมหานคร","addr:province:en":"bangkok","addr:street":"ถนนพระรามที่ 1","addr:street:en":"Rama I Road","addr:subdistrict":"วังใหม่","name":"สนามกีฬาแห่งชาติ","name:en":"National Stadium","name:th":"สนามกีฬาแห่งชาติ","operator":"ระบบขนส่งมวลชนกรุงเทพ","operator:en":"Bangkok Mass Transit System;BTSC","public_transport":"station","railway":"station","ref":"W1","station":"subway","subway":"yes","wikidata":"Q1030167","wikipedia":"th:สถานีสนามกีฬาแห่งชาติ","@type":"node","@id":11505460640},"geometry":{"type":"Point","coordinates":[100.5290855,13.74651]}},{"type":"Feature","id":12122842058,"properties":{"abandoned":"station","name":"คลองมอญ","name:th":"คลองมอญ","railway":"halt","train":"yes","@type":"node","@id":12122842058},"geometry":{"type":"Point","coordinates":[100.8243789,13.7248051]}},{"type":"Feature","id":12620662269,"properties":{"construction:railway":"station","name":"รัฐสภา","name:en":"Parliament House","name:th":"รัฐสภา","network":"Metropolitan Rapid Transit","network:short":"MRT","network:wikidata":"Q806485","note":"อย่าเพิ่มแท็ก railway=station และ/หรือ public_transport=station ก่อนที่จะเปิดให้บริการ | Do not add railway=station and/or public_transport=station tags before operational service","operator":"ทางด่วนและรถไฟฟ้ากรุงเทพ","public_transport":"station","ref":"PP17","station":"subway","status":"inactive","subway":"yes","@type":"node","@id":12620662269},"geometry":{"type":"Point","coordinates":[100.5195171,13.7952591]}},{"type":"Feature","id":12620662270,"properties":{"construction:railway":"station","name":"ศรีย่าน","name:en":"Sri Yan","name:th":"ศรีย่าน","network":"Metropolitan Rapid Transit","network:short":"MRT","network:wikidata":"Q806485","note":"อย่าเพิ่มแท็ก railway=station และ/หรือ public_transport=station ก่อนที่จะเปิดให้บริการ | Do not add railway=station and/or public_transport=station tags before operational service","operator":"ทางด่วนและรถไฟฟ้ากรุงเทพ","public_transport":"station","ref":"PP18","station":"subway","status":"inactive","subway":"yes","@type":"node","@id":12620662270},"geometry":{"type":"Point","coordinates":[100.512976,13.7870134]}},{"type":"Feature","id":12620663626,"properties":{"construction:railway":"station","name":"วชิรพยาบาล","name:en":"Vajira Hospital","name:th":"วชิรพยาบาล","network":"Metropolitan Rapid Transit","network:short":"MRT","network:wikidata":"Q806485","note":"อย่าเพิ่มแท็ก railway=station และ/หรือ public_transport=station ก่อนที่จะเปิดให้บริการ | Do not add railway=station and/or public_transport=station tags before operational service","operator":"ทางด่วนและรถไฟฟ้ากรุงเทพ","public_transport":"station","ref":"PP19","station":"subway","status":"inactive","subway":"yes","@type":"node","@id":12620663626},"geometry":{"type":"Point","coordinates":[100.5089937,13.7796159]}},{"type":"Feature","id":12620679797,"properties":{"construction:railway":"station","name":"หอสมุดแห่งชาติ","name:en":"National Library","name:th":"หอสมุดแห่งชาติ","network":"Metropolitan Rapid Transit","network:short":"MRT","network:wikidata":"Q806485","note":"อย่าเพิ่มแท็ก railway=station และ/หรือ public_transport=station ก่อนที่จะเปิดให้บริการ | Do not add railway=station and/or public_transport=station tags before operational service","operator":"ทางด่วนและรถไฟฟ้ากรุงเทพ","public_transport":"station","ref":"PP20","station":"subway","status":"inactive","subway":"yes","@type":"node","@id":12620679797},"geometry":{"type":"Point","coordinates":[100.5055912,13.7724242]}},{"type":"Feature","id":12620703194,"properties":{"construction:railway":"station","name":"บางขุนพรหม","name:en":"Bang Khun Phrom","name:th":"บางขุนพรหม","network":"Metropolitan Rapid Transit","network:short":"MRT","network:wikidata":"Q806485","note":"อย่าเพิ่มแท็ก railway=station และ/หรือ public_transport=station ก่อนที่จะเปิดให้บริการ | Do not add railway=station and/or public_transport=station tags before operational service","operator":"ทางด่วนและรถไฟฟ้ากรุงเทพ","public_transport":"station","ref":"PP18","station":"subway","status":"inactive","subway":"yes","@type":"node","@id":12620703194},"geometry":{"type":"Point","coordinates":[100.5005931,13.7660736]}},{"type":"Feature","id":12620703436,"properties":{"construction:railway":"station","name":"สะพานพุทธฯ","name:en":"Memorial Bridge","name:th":"สะพานพุทธฯ","network":"Metropolitan Rapid Transit","network:short":"MRT","network:wikidata":"Q806485","note":"อย่าเพิ่มแท็ก railway=station และ/หรือ public_transport=station ก่อนที่จะเปิดให้บริการ | Do not add railway=station and/or public_transport=station tags before operational service","operator":"ทางด่วนและรถไฟฟ้ากรุงเทพ","public_transport":"station","ref":"PP24","station":"subway","status":"inactive","subway":"yes","@type":"node","@id":12620703436},"geometry":{"type":"Point","coordinates":[100.495208,13.7324871]}},{"type":"Feature","id":12620703437,"properties":{"construction:railway":"station","name":"วงเวียนใหญ่","name:en":"Wongwian Yai","name:th":"วงเวียนใหญ่","network":"Metropolitan Rapid Transit","network:short":"MRT","network:wikidata":"Q806485","note":"อย่าเพิ่มแท็ก railway=station และ/หรือ public_transport=station ก่อนที่จะเปิดให้บริการ | Do not add railway=station and/or public_transport=station tags before operational service","operator":"ทางด่วนและรถไฟฟ้ากรุงเทพ","public_transport":"station","ref":"PP25","station":"subway","status":"inactive","subway":"yes","@type":"node","@id":12620703437},"geometry":{"type":"Point","coordinates":[100.4923926,13.7243208]}},{"type":"Feature","id":12620703438,"properties":{"construction:railway":"station","name":"โรงพยาบาลสมเด็จพระปิ่นเกล้า","name:en":"Somdech Phra Pinklao Hospital","name:th":"โรงพยาบาลสมเด็จพระปิ่นเกล้า","network":"Metropolitan Rapid Transit","network:short":"MRT","network:wikidata":"Q806485","note":"อย่าเพิ่มแท็ก railway=station และ/หรือ public_transport=station ก่อนที่จะเปิดให้บริการ | Do not add railway=station and/or public_transport=station tags before operational service","operator":"ทางด่วนและรถไฟฟ้ากรุงเทพ","public_transport":"station","ref":"PP26","station":"subway","status":"inactive","subway":"yes","@type":"node","@id":12620703438},"geometry":{"type":"Point","coordinates":[100.4881199,13.7118613]}},{"type":"Feature","id":12620703439,"properties":{"construction:railway":"station","name":"ดาวคะนอง","name:en":"Dao Khanong","name:th":"ดาวคะนอง","network":"Metropolitan Rapid Transit","network:short":"MRT","network:wikidata":"Q806485","note":"อย่าเพิ่มแท็ก railway=station และ/หรือ public_transport=station ก่อนที่จะเปิดให้บริการ | Do not add railway=station and/or public_transport=station tags before operational service","operator":"ทางด่วนและรถไฟฟ้ากรุงเทพ","public_transport":"station","ref":"PP27","station":"subway","status":"inactive","subway":"yes","@type":"node","@id":12620703439},"geometry":{"type":"Point","coordinates":[100.4824767,13.6954627]}},{"type":"Feature","id":12803589960,"properties":{"addr:country":"Thailand","addr:province":"กรุงเทพมหานคร","addr:province:en":"Bangkok","alt_name":"สถานีสีลม","alt_name:en":"Si Lom Station","alt_name:th":"สถานีสีลม","name":"สีลม","name:en":"Si Lom","name:fr":"Si Lom","name:ja":"シーロム","name:th":"สีลม","operator":"ทางด่วนและรถไฟฟ้ากรุงเทพ","public_transport":"station","railway":"station","ref":"BL26","station":"subway","subway":"yes","wikidata":"Q1036816","@type":"node","@id":12803589960},"geometry":{"type":"Point","coordinates":[100.5370702,13.7291982]}},{"type":"Feature","id":12803915074,"properties":{"addr:country":"Thailand","addr:district":"สัมพันธวงศ์","addr:district:en":"Samphanthawong","addr:postcode":"10100","addr:province":"กรุงเทพมหานคร","addr:province:en":"Bangkok","addr:street":"ถนนเจริญกรุง","addr:street:en":"Charoenkrung Road","addr:subdistrict":"สัมพันธวงศ์","country":"ไทย","name":"วัดมังกร","name:en":"Wat Mangkon","name:zh":"龍蓮寺","operator":"ทางด่วนและรถไฟฟ้ากรุงเทพ","province":"กรุงเทพมหานคร","public_transport":"station","railway":"station","ref":"BL29","station":"subway","subway":"yes","website":"https://metro.bemplc.co.th/Line-Maps?Line=1&Station=29","wikidata":"Q13021830","@type":"node","@id":12803915074},"geometry":{"type":"Point","coordinates":[100.5099097,13.7422095]}},{"type":"Feature","id":12803915076,"properties":{"name":"สามยอด","name:en":"Sam Yot","operator":"ทางด่วนและรถไฟฟ้ากรุงเทพ","public_transport":"station","railway":"station","ref":"BL30","station":"subway","subway":"yes","wikidata":"Q61359058","@type":"node","@id":12803915076},"geometry":{"type":"Point","coordinates":[100.5023022,13.7470004]}},{"type":"Feature","id":12803915077,"properties":{"air_conditioning":"yes","name":"สนามไชย","name:en":"Sanam Chai","name:th":"สนามไชย","operator":"ทางด่วนและรถไฟฟ้ากรุงเทพ","public_transport":"station","railway":"station","ref":"BL31","station":"subway","subway":"yes","wikidata":"Q19794088","wikipedia":"th:สถานีสนามไชย","@type":"node","@id":12803915077},"geometry":{"type":"Point","coordinates":[100.4946239,13.7443259]}},{"type":"Feature","id":12803915078,"properties":{"addr:country":"Thailand","addr:province":"Bangkok","alt_name":"สถานีสามย่าน","alt_name:en":"Sam Yan Station","alt_name:th":"สถานีสามย่าน","country":"ไทย","name":"สามย่าน","name:en":"Sam Yan","name:fr":"Sam Yan","name:th":"สามย่าน","operator":"ทางด่วนและรถไฟฟ้ากรุงเทพ","province":"ฺBangkok","public_transport":"station","railway":"station","ref":"BL27","station":"subway","subway":"yes","website":"https://metro.bemplc.co.th/Line-Maps?Line=1&Station=27","wikidata":"Q1039683","@type":"node","@id":12803915078},"geometry":{"type":"Point","coordinates":[100.5301206,13.7320608]}},{"type":"Feature","id":12803915080,"properties":{"name":"อิสรภาพ","name:en":"Itsaraphap","operator":"ทางด่วนและรถไฟฟ้ากรุงเทพ","public_transport":"station","railway":"station","ref":"BL32","station":"subway","subway":"yes","wikidata":"Q25537502","@type":"node","@id":12803915080},"geometry":{"type":"Point","coordinates":[100.4857002,13.7383645]}},{"type":"Feature","id":12803915082,"properties":{"name":"บางซื่อ","name:en":"Bang Sue","name:th":"บางซื่อ","name:zh":"挽赐站","operator":"ทางด่วนและรถไฟฟ้ากรุงเทพ","public_transport":"station","railway":"station","ref":"BL11","station":"subway","subway":"yes","wikidata":"Q4384431","@type":"node","@id":12803915082},"geometry":{"type":"Point","coordinates":[100.5410464,13.8023925]}},{"type":"Feature","id":12805950167,"properties":{"alt_name":"Phetchaburi MRT station","name":"เพชรบุรี","name:en":"Phetchaburi","name:th":"เพชรบุรี","name:zh":"碧武里","operator":"ทางด่วนและรถไฟฟ้ากรุงเทพ","public_transport":"station","railway":"station","ref":"BL21","station":"subway","subway":"yes","wikidata":"Q4921013","@type":"node","@id":12805950167},"geometry":{"type":"Point","coordinates":[100.5634165,13.7491853]}},{"type":"Feature","id":12849038005,"properties":{"monorail":"yes","name":"อิมแพ็ค เมืองทองธานี","name:en":"Impact Muang Thong Thani","name:th":"อิมแพ็ค เมืองทองธานี","network":"MRT","public_transport":"station","railway":"station","ref":"MT01","station":"monorail","wikidata":"Q123537775","wikipedia":"th:สถานีอิมแพ็ค เมืองทองธานี","@type":"node","@id":12849038005},"geometry":{"type":"Point","coordinates":[100.5442604,13.9104409]}},{"type":"Feature","id":12849038006,"properties":{"monorail":"yes","name":"ทะเลสาบเมืองทองธานี","name:en":"Lake Muang Thong Thani","name:th":"ทะเลสาบเมืองทองธานี","network":"MRT","public_transport":"station","railway":"station","ref":"MT02","station":"monorail","wikidata":"Q123537776","wikipedia":"th:สถานีทะเลสาบเมืองทองธานี","@type":"node","@id":12849038006},"geometry":{"type":"Point","coordinates":[100.5456387,13.9183795]}},{"type":"Feature","id":13373875189,"properties":{"light_rail":"yes","name":"อาคารผู้โดยสารหลัก","name:th":"อาคารผู้โดยสารหลัก","operator":"บริษัท ท่าอากาศยานไทย จำกัด (มหาชน)","public_transport":"station","railway":"station","station":"light_rail","wheelchair":"yes","wikidata":"Q141223977","@type":"node","@id":13373875189},"geometry":{"type":"Point","coordinates":[100.7504793,13.6914254]}},{"type":"Feature","id":13373875190,"properties":{"light_rail":"yes","name":"อาคารเทียบเครื่องบินรองหลังที่ 1","name:en":"Midfield Satellite Concourse 1","name:th":"อาคารเทียบเครื่องบินรองหลังที่ 1","operator":"บริษัท ท่าอากาศยานไทย จำกัด (มหาชน)","public_transport":"station","railway":"station","station":"light_rail","wheelchair":"yes","wikidata":"Q141223976","@type":"node","@id":13373875190},"geometry":{"type":"Point","coordinates":[100.7482188,13.6824933]}},{"type":"Feature","id":13410325190,"properties":{"construction:railway":"station","name":"ราษฎร์พัฒนา","name:en":"Rat Phatthana","name:th":"ราษฎร์พัฒนา","network":"Metropolitan Rapid Transit","network:short":"MRT","network:wikidata":"Q806485","note":"อย่าเพิ่มแท็ก railway=station และ/หรือ public_transport=station ก่อนที่จะเปิดให้บริการ | Do not add railway=station and/or public_transport=station tags before operational service","operator":"ทางด่วนและรถไฟฟ้ากรุงเทพ","public_transport":"station","ref":"OR25","station":"subway","status":"inactive","subway":"yes","@type":"node","@id":13410325190},"geometry":{"type":"Point","coordinates":[100.70018,13.7916638]}},{"type":"Feature","id":13971907544,"properties":{"construction:railway":"station","name":"อนุสาวรีย์ประชาธิปไตย","name:en":"Democracy Monument","name:th":"อนุสาวรีย์ประชาธิปไตย","network":"Metropolitan Rapid Transit","network:short":"MRT","network:wikidata":"Q806485","note":"อย่าเพิ่มแท็ก railway=station และ/หรือ public_transport=station ก่อนที่จะเปิดให้บริการ | Do not add railway=station and/or public_transport=station tags before operational service","operator":"ทางด่วนและรถไฟฟ้ากรุงเทพ","public_transport":"station","ref":"PP22;OR05","station":"subway","status":"inactive","subway":"yes","@type":"node","@id":13971907544},"geometry":{"type":"Point","coordinates":[100.5042404,13.7566773]}},{"type":"Feature","id":13971907561,"properties":{"construction:railway":"station","name":"บางปะแก้ว","name:en":"Bang Pakaeo","name:th":"บางปะแก้ว","network":"Metropolitan Rapid Transit","network:short":"MRT","network:wikidata":"Q806485","note":"อย่าเพิ่มแท็ก railway=station และ/หรือ public_transport=station ก่อนที่จะเปิดให้บริการ | Do not add railway=station and/or public_transport=station tags before operational service","operator":"ทางด่วนและรถไฟฟ้ากรุงเทพ","public_transport":"station","ref":"PP28","station":"subway","status":"inactive","subway":"yes","@type":"node","@id":13971907561},"geometry":{"type":"Point","coordinates":[100.4838506,13.6881174]}},{"type":"Feature","id":13971907564,"properties":{"construction:railway":"station","name":"บางปะกอก","name:en":"Bang Pakok","name:th":"บางปะกอก","network":"Metropolitan Rapid Transit","network:short":"MRT","network:wikidata":"Q806485","note":"อย่าเพิ่มแท็ก railway=station และ/หรือ public_transport=station ก่อนที่จะเปิดให้บริการ | Do not add railway=station and/or public_transport=station tags before operational service","operator":"ทางด่วนและรถไฟฟ้ากรุงเทพ","public_transport":"station","ref":"PP29","station":"subway","status":"inactive","subway":"yes","@type":"node","@id":13971907564},"geometry":{"type":"Point","coordinates":[100.4972062,13.6788409]}},{"type":"Feature","id":13971907567,"properties":{"construction:railway":"station","name":"แยกประชาอุทิศ","name:en":"Yaek Pracha Uthit","name:th":"แยกประชาอุทิศ","network":"Metropolitan Rapid Transit","network:short":"MRT","network:wikidata":"Q806485","note":"อย่าเพิ่มแท็ก railway=station และ/หรือ public_transport=station ก่อนที่จะเปิดให้บริการ | Do not add railway=station and/or public_transport=station tags before operational service","operator":"ทางด่วนและรถไฟฟ้ากรุงเทพ","public_transport":"station","ref":"PP30","station":"subway","status":"inactive","subway":"yes","@type":"node","@id":13971907567},"geometry":{"type":"Point","coordinates":[100.5044452,13.6742741]}},{"type":"Feature","id":13971907570,"properties":{"construction:railway":"station","name":"ราษฎร์บูรณะ","name:en":"Rat Burana","name:th":"ราษฎร์บูรณะ","network":"Metropolitan Rapid Transit","network:short":"MRT","network:wikidata":"Q806485","note":"อย่าเพิ่มแท็ก railway=station และ/หรือ public_transport=station ก่อนที่จะเปิดให้บริการ | Do not add railway=station and/or public_transport=station tags before operational service","operator":"ทางด่วนและรถไฟฟ้ากรุงเทพ","public_transport":"station","ref":"PP31","station":"subway","status":"inactive","subway":"yes","@type":"node","@id":13971907570},"geometry":{"type":"Point","coordinates":[100.5115283,13.669847]}},{"type":"Feature","id":13971907573,"properties":{"construction:railway":"station","name":"พระประแดง","name:en":"Phra Pradaeng","name:th":"พระประแดง","network":"Metropolitan Rapid Transit","network:short":"MRT","network:wikidata":"Q806485","note":"อย่าเพิ่มแท็ก railway=station และ/หรือ public_transport=station ก่อนที่จะเปิดให้บริการ | Do not add railway=station and/or public_transport=station tags before operational service","operator":"ทางด่วนและรถไฟฟ้ากรุงเทพ","public_transport":"station","ref":"PP32","station":"subway","status":"inactive","subway":"yes","@type":"node","@id":13971907573},"geometry":{"type":"Point","coordinates":[100.5192637,13.6579425]}},{"type":"Feature","id":13971907577,"properties":{"construction:railway":"station","name":"ครุใน","name:en":"Khru Nai","name:th":"ครุใน","network":"Metropolitan Rapid Transit","network:short":"MRT","network:wikidata":"Q806485","note":"อย่าเพิ่มแท็ก railway=station และ/หรือ public_transport=station ก่อนที่จะเปิดให้บริการ | Do not add railway=station and/or public_transport=station tags before operational service","operator":"ทางด่วนและรถไฟฟ้ากรุงเทพ","public_transport":"station","ref":"PP33","station":"subway","status":"inactive","subway":"yes","@type":"node","@id":13971907577},"geometry":{"type":"Point","coordinates":[100.5257744,13.6417015]}},{"type":"Feature","id":13980299805,"properties":{"construction:railway":"station","name":"คลองบ้านม้า","name:en":"Khlong Ban Ma","name:th":"คลองบ้านม้า","network":"Metropolitan Rapid Transit","network:short":"MRT","network:wikidata":"Q806485","note":"อย่าเพิ่มแท็ก railway=station และ/หรือ public_transport=station ก่อนที่จะเปิดให้บริการ | Do not add railway=station and/or public_transport=station tags before operational service","operator":"ทางด่วนและรถไฟฟ้ากรุงเทพ","public_transport":"station","ref":"OR22","station":"subway","status":"inactive","subway":"yes","@type":"node","@id":13980299805},"geometry":{"type":"Point","coordinates":[100.6677515,13.7737996]}},{"type":"Feature","id":13980300008,"properties":{"construction:railway":"station","name":"ศรีบูรพา","name:en":"Si Burapha","name:th":"ศรีบูรพา","network":"Metropolitan Rapid Transit","network:short":"MRT","network:wikidata":"Q806485","note":"อย่าเพิ่มแท็ก railway=station และ/หรือ public_transport=station ก่อนที่จะเปิดให้บริการ | Do not add railway=station and/or public_transport=station tags before operational service","operator":"ทางด่วนและรถไฟฟ้ากรุงเทพ","public_transport":"station","ref":"OR21","station":"subway","status":"inactive","subway":"yes","@type":"node","@id":13980300008},"geometry":{"type":"Point","coordinates":[100.6585776,13.7681518]}},{"type":"Feature","id":13980300011,"properties":{"construction:railway":"station","name":"แยกลำสาลี","name:en":"Yaek Lam Sali","name:th":"แยกลำสาลี","network":"Metropolitan Rapid Transit","network:short":"MRT","network:wikidata":"Q806485","note":"อย่าเพิ่มแท็ก railway=station และ/หรือ public_transport=station ก่อนที่จะเปิดให้บริการ | Do not add railway=station and/or public_transport=station tags before operational service","operator":"ทางด่วนและรถไฟฟ้ากรุงเทพ","public_transport":"station","station":"subway","status":"inactive","subway":"yes","@type":"node","@id":13980300011},"geometry":{"type":"Point","coordinates":[100.6460934,13.7627763]}},{"type":"Feature","id":13980320806,"properties":{"construction:railway":"station","name":"รามคำแหง 40","name:en":"Ramkhamhaeng 40","name:th":"รามคำแหง 40","network":"Metropolitan Rapid Transit","network:short":"MRT","network:wikidata":"Q806485","note":"อย่าเพิ่มแท็ก railway=station และ/หรือ public_transport=station ก่อนที่จะเปิดให้บริการ | Do not add railway=station and/or public_transport=station tags before operational service","operator":"ทางด่วนและรถไฟฟ้ากรุงเทพ","public_transport":"station","ref":"OR19","station":"subway","status":"inactive","subway":"yes","@type":"node","@id":13980320806},"geometry":{"type":"Point","coordinates":[100.638128,13.7618549]}},{"type":"Feature","id":13980320809,"properties":{"alt_name":"การกีฬาแห่งประเทศไทย","alt_name:en":"Sports Authority of Thailand","alt_name:th":"การกีฬาแห่งประเทศไทย","construction:railway":"station","name":"กกท.","name:en":"SAT","name:th":"กกท.","network":"Metropolitan Rapid Transit","network:short":"MRT","network:wikidata":"Q806485","note":"อย่าเพิ่มแท็ก railway=station และ/หรือ public_transport=station ก่อนที่จะเปิดให้บริการ | Do not add railway=station and/or public_transport=station tags before operational service","operator":"ทางด่วนและรถไฟฟ้ากรุงเทพ","public_transport":"station","ref":"OR18","station":"subway","status":"inactive","subway":"yes","@type":"node","@id":13980320809},"geometry":{"type":"Point","coordinates":[100.6267029,13.7605651]}},{"type":"Feature","id":13980371085,"properties":{"construction:railway":"station","name":"มหาวิทยาลัยรามคำแหง","name:en":"Ramkhamhaeng University","name:th":"มหาวิทยาลัยรามคำแหง","network":"Metropolitan Rapid Transit","network:short":"MRT","network:wikidata":"Q806485","note":"อย่าเพิ่มแท็ก railway=station และ/หรือ public_transport=station ก่อนที่จะเปิดให้บริการ | Do not add railway=station and/or public_transport=station tags before operational service","operator":"ทางด่วนและรถไฟฟ้ากรุงเทพ","public_transport":"station","ref":"OR17","station":"subway","status":"inactive","subway":"yes","@type":"node","@id":13980371085},"geometry":{"type":"Point","coordinates":[100.6179734,13.7590617]}},{"type":"Feature","id":13980371088,"properties":{"construction:railway":"station","name":"รามคำแหง 12","name:en":"Ramkhamhaeng 12","name:th":"รามคำแหง 12","network":"Metropolitan Rapid Transit","network:short":"MRT","network:wikidata":"Q806485","note":"อย่าเพิ่มแท็ก railway=station และ/หรือ public_transport=station ก่อนที่จะเปิดให้บริการ | Do not add railway=station and/or public_transport=station tags before operational service","operator":"ทางด่วนและรถไฟฟ้ากรุงเทพ","public_transport":"station","ref":"OR16","station":"subway","status":"inactive","subway":"yes","@type":"node","@id":13980371088},"geometry":{"type":"Point","coordinates":[100.6098329,13.7517193]}},{"type":"Feature","id":13980371091,"properties":{"construction:railway":"station","name":"วัดพระราม 9","name:en":"Wat Phra Ram 9","name:th":"วัดพระราม 9","network":"Metropolitan Rapid Transit","network:short":"MRT","network:wikidata":"Q806485","note":"อย่าเพิ่มแท็ก railway=station และ/หรือ public_transport=station ก่อนที่จะเปิดให้บริการ | Do not add railway=station and/or public_transport=station tags before operational service","old_name":"ประดิษฐ์มนูธรรม","old_name:en":"Pradit Manutham","old_name:th":"ประดิษฐ์มนูธรรม","operator":"ทางด่วนและรถไฟฟ้ากรุงเทพ","public_transport":"station","ref":"OR15","station":"subway","status":"inactive","subway":"yes","@type":"node","@id":13980371091},"geometry":{"type":"Point","coordinates":[100.5922548,13.7522601]}},{"type":"Feature","id":13980371094,"properties":{"alt_name":"การรถไฟฟ้าขนส่งมวลชนแห่งประเทศไทย","alt_name:en":"Mass Rapid Transit Authority of Thailand","alt_name:th":"การรถไฟฟ้าขนส่งมวลชนแห่งประเทศไทย","construction:railway":"station","name":"รฟม.","name:en":"MRTA","name:th":"รฟม.","network":"Metropolitan Rapid Transit","network:short":"MRT","network:wikidata":"Q806485","note":"อย่าเพิ่มแท็ก railway=station และ/หรือ public_transport=station ก่อนที่จะเปิดให้บริการ | Do not add railway=station and/or public_transport=station tags before operational service","operator":"ทางด่วนและรถไฟฟ้ากรุงเทพ","public_transport":"station","ref":"OR14","station":"subway","status":"inactive","subway":"yes","@type":"node","@id":13980371094},"geometry":{"type":"Point","coordinates":[100.5781074,13.7553937]}},{"type":"Feature","id":13980403801,"properties":{"construction:railway":"station","name":"ประชาสงเคราะห์","name:en":"Pracha Songkhro","name:th":"ประชาสงเคราะห์","network":"Metropolitan Rapid Transit","network:short":"MRT","network:wikidata":"Q806485","note":"อย่าเพิ่มแท็ก railway=station และ/หรือ public_transport=station ก่อนที่จะเปิดให้บริการ | Do not add railway=station and/or public_transport=station tags before operational service","operator":"ทางด่วนและรถไฟฟ้ากรุงเทพ","public_transport":"station","ref":"OR12","station":"subway","status":"inactive","subway":"yes","@type":"node","@id":13980403801},"geometry":{"type":"Point","coordinates":[100.5622596,13.7723859]}},{"type":"Feature","id":13980403805,"properties":{"construction:railway":"station","name":"ดินแดง","name:en":"Din Daeng","name:th":"ดินแดง","network":"Metropolitan Rapid Transit","network:short":"MRT","network:wikidata":"Q806485","note":"อย่าเพิ่มแท็ก railway=station และ/หรือ public_transport=station ก่อนที่จะเปิดให้บริการ | Do not add railway=station and/or public_transport=station tags before operational service","operator":"ทางด่วนและรถไฟฟ้ากรุงเทพ","public_transport":"station","ref":"OR11","station":"subway","status":"inactive","subway":"yes","@type":"node","@id":13980403805},"geometry":{"type":"Point","coordinates":[100.5521522,13.7710641]}},{"type":"Feature","id":13980403807,"properties":{"construction:railway":"station","name":"ราชปรารภ","name:en":"Ratchaprarop","name:th":"ราชปรารภ","network":"Metropolitan Rapid Transit","network:short":"MRT","network:wikidata":"Q806485","note":"อย่าเพิ่มแท็ก railway=station และ/หรือ public_transport=station ก่อนที่จะเปิดให้บริการ | Do not add railway=station and/or public_transport=station tags before operational service","operator":"ทางด่วนและรถไฟฟ้ากรุงเทพ","public_transport":"station","ref":"OR10","station":"subway","status":"inactive","subway":"yes","@type":"node","@id":13980403807},"geometry":{"type":"Point","coordinates":[100.5424658,13.7570617]}},{"type":"Feature","id":13980424259,"properties":{"construction:railway":"station","name":"ประตูน้ำ","name:en":"Pratunam","name:th":"ประตูน้ำ","network":"Metropolitan Rapid Transit","network:short":"MRT","network:wikidata":"Q806485","note":"อย่าเพิ่มแท็ก railway=station และ/หรือ public_transport=station ก่อนที่จะเปิดให้บริการ | Do not add railway=station and/or public_transport=station tags before operational service","operator":"ทางด่วนและรถไฟฟ้ากรุงเทพ","public_transport":"station","ref":"OR09","station":"subway","status":"inactive","subway":"yes","@type":"node","@id":13980424259},"geometry":{"type":"Point","coordinates":[100.536801,13.751458]}},{"type":"Feature","id":13980424262,"properties":{"construction:railway":"station","name":"ราชเทวี","name:en":"Ratchathewi","name:th":"ราชเทวี","network":"Metropolitan Rapid Transit","network:short":"MRT","network:wikidata":"Q806485","note":"อย่าเพิ่มแท็ก railway=station และ/หรือ public_transport=station ก่อนที่จะเปิดให้บริการ | Do not add railway=station and/or public_transport=station tags before operational service","operator":"ทางด่วนและรถไฟฟ้ากรุงเทพ","public_transport":"station","ref":"OR08","station":"subway","status":"inactive","subway":"yes","@type":"node","@id":13980424262},"geometry":{"type":"Point","coordinates":[100.53036,13.7537307]}},{"type":"Feature","id":13980424265,"properties":{"construction:railway":"station","name":"ยมราช","name:en":"Yommarat","name:th":"ยมราช","network":"Metropolitan Rapid Transit","network:short":"MRT","network:wikidata":"Q806485","note":"อย่าเพิ่มแท็ก railway=station และ/หรือ public_transport=station ก่อนที่จะเปิดให้บริการ | Do not add railway=station and/or public_transport=station tags before operational service","operator":"ทางด่วนและรถไฟฟ้ากรุงเทพ","public_transport":"station","ref":"OR07","station":"subway","status":"inactive","subway":"yes","@type":"node","@id":13980424265},"geometry":{"type":"Point","coordinates":[100.5184065,13.756864]}},{"type":"Feature","id":13980424268,"properties":{"construction:railway":"station","name":"หลานหลวง","name:en":"Lan Luang","name:th":"หลานหลวง","network":"Metropolitan Rapid Transit","network:short":"MRT","network:wikidata":"Q806485","note":"อย่าเพิ่มแท็ก railway=station และ/หรือ public_transport=station ก่อนที่จะเปิดให้บริการ | Do not add railway=station and/or public_transport=station tags before operational service","operator":"ทางด่วนและรถไฟฟ้ากรุงเทพ","public_transport":"station","ref":"OR06","station":"subway","status":"inactive","subway":"yes","@type":"node","@id":13980424268},"geometry":{"type":"Point","coordinates":[100.5107763,13.7564664]}},{"type":"Feature","id":13980424271,"properties":{"construction:railway":"station","name":"สนามหลวง","name:en":"Sanam Luang","name:th":"สนามหลวง","network":"Metropolitan Rapid Transit","network:short":"MRT","network:wikidata":"Q806485","note":"อย่าเพิ่มแท็ก railway=station และ/หรือ public_transport=station ก่อนที่จะเปิดให้บริการ | Do not add railway=station and/or public_transport=station tags before operational service","operator":"ทางด่วนและรถไฟฟ้ากรุงเทพ","public_transport":"station","station":"subway","status":"inactive","subway":"yes","@type":"node","@id":13980424271},"geometry":{"type":"Point","coordinates":[100.4927997,13.759251]}},{"type":"Feature","id":13980424274,"properties":{"construction:railway":"station","name":"ศิริราช","name:en":"Siriraj","name:th":"ศิริราช","network":"Metropolitan Rapid Transit","network:short":"MRT","network:wikidata":"Q806485","note":"อย่าเพิ่มแท็ก railway=station และ/หรือ public_transport=station ก่อนที่จะเปิดให้บริการ | Do not add railway=station and/or public_transport=station tags before operational service","operator":"ทางด่วนและรถไฟฟ้ากรุงเทพ","public_transport":"station","ref":"OR03","station":"subway","status":"inactive","subway":"yes","@type":"node","@id":13980424274},"geometry":{"type":"Point","coordinates":[100.4832828,13.7608485]}},{"type":"Feature","id":13980424277,"properties":{"name":"ตลิ่งชัน","name:en":"Taling Chan","name:th":"ตลิ่งชัน","network":"Metropolitan Rapid Transit","network:short":"MRT","network:wikidata":"Q806485","note":"อย่าเพิ่มแท็ก railway=station และ/หรือ public_transport=station ก่อนที่จะเปิดให้บริการ | Do not add railway=station and/or public_transport=station tags before operational service","operator":"ทางด่วนและรถไฟฟ้ากรุงเทพ","proposed:railway":"station","public_transport":"station","station":"subway","subway":"yes","@type":"node","@id":13980424277},"geometry":{"type":"Point","coordinates":[100.4398761,13.7889684]}},{"type":"Feature","id":14025381171,"properties":{"name":"โรงพยาบาลท่าฉลอม","name:en":"Thachalom City Hospital","name:th":"โรงพยาบาลท่าฉลอม","public_transport":"station","railway":"halt","train":"yes","@type":"node","@id":14025381171},"geometry":{"type":"Point","coordinates":[100.2677177,13.5360697]}},{"type":"Feature","id":462449585,"properties":{"building":"train_station","name":"สถานีรถไฟฟ้า MRT สุทธิสาร","name:en":"Sutthisan MRT Station","roof:material":"metal","station":"subway","subway":"yes","@type":"way","@id":462449585},"geometry":{"type":"Point","coordinates":[100.5744083,13.7890246]}},{"type":"Feature","id":463349316,"properties":{"addr:district":"ดินแดง","addr:postcode":"10400","addr:province":"กรุงเทพมหานคร","addr:subdistrict":"รัชดาภิเษก","building":"train_station","name":"สถานีรถไฟฟ้า MRT สุทธิสาร","name:en":"Sutthisan MRT Station","roof:material":"metal","station":"subway","subway":"yes","@type":"way","@id":463349316},"geometry":{"type":"Point","coordinates":[100.5739349,13.7887944]}},{"type":"Feature","id":463349317,"properties":{"addr:district":"ดินแดง","addr:postcode":"10400","addr:province":"กรุงเทพมหานคร","addr:subdistrict":"รัชดาภิเษก","building":"train_station","name":"สถานีรถไฟฟ้า MRT สุทธิสาร","name:en":"Sutthisan MRT Station","roof:material":"metal","station":"subway","subway":"yes","@type":"way","@id":463349317},"geometry":{"type":"Point","coordinates":[100.5739369,13.7904121]}},{"type":"Feature","id":463349318,"properties":{"building":"train_station","name":"สถานีรถไฟฟ้า MRT สุทธิสาร","name:en":"Sutthisan MRT Station","roof:material":"metal","station":"subway","subway":"yes","@type":"way","@id":463349318},"geometry":{"type":"Point","coordinates":[100.5744761,13.7906049]}},{"type":"Feature","id":1364323532,"properties":{"area":"yes","layer":"-1","name":"ราชเทวี","name:th":"ราชเทวี","public_transport":"station","railway":"construction","station":"subway","subway":"yes","@type":"way","@id":1364323532},"geometry":{"type":"Point","coordinates":[100.5299025,13.753994]}},{"type":"Feature","id":1364323537,"properties":{"area":"yes","layer":"-1","name":"บางขุนนนท์","name:en":"Bang Khun Non","name:th":"บางขุนนนท์","public_transport":"station","railway":"construction","station":"subway","subway":"yes","@type":"way","@id":1364323537},"geometry":{"type":"Point","coordinates":[100.4724058,13.7631986]}},{"type":"Feature","id":1603596539,"properties":{"addr:district":"สัตหีบ","addr:postcode":"ชลบุรี","addr:subdistrict":"นาจอมเทียน","name":"สวนนงนุช","name:en":"Suan Nong Nuch","public_transport":"station","railway":"halt","railway:ref":"นุ","railway:ref:en":"SNU","railway:station_category":"ที่หยุดรถ","ref":"นุ.","ref:station":"3044","train":"yes","@type":"node","@id":1603596539},"geometry":{"type":"Point","coordinates":[100.9242303,12.7746754]}},{"type":"Feature","id":1757183325,"properties":{"name":"ญาณสังวราราม","name:en":"Yanasangwararam","public_transport":"station","railway":"station","railway:ref":"ญส","railway:ref:en":"YSW","railway:station_category":"ที่หยุดรถ","ref":"ญส.","ref:station":"3123","train":"yes","wikidata":"Q72825224","@type":"node","@id":1757183325},"geometry":{"type":"Point","coordinates":[100.9224543,12.8013992]}},{"type":"Feature","id":1757198540,"properties":{"addr:city":"เมืองพัทยา อำเภอบางละมุง","name":"บ้านห้วยขวาง","name:en":"Ban Huai Khwang","name:th":"บ้านห้วยขวาง","network":"การรถไฟแห่งประเทศไทย","network:en":"State Railway of Thailand","network:th":"การรถไฟแห่งประเทศไทย","network:wikidata":"Q2165702","operator":"การรถไฟแห่งประเทศไทย","public_transport":"station","railway":"station","railway:ref":"ยข","railway:ref:en":"BHW","railway:station_category":"3","ref":"ยข.","ref:station":"3043","train":"yes","wikidata":"Q72825718","@type":"node","@id":1757198540},"geometry":{"type":"Point","coordinates":[100.9214409,12.8263019]}},{"type":"Feature","id":1757202181,"properties":{"addr:city":"พัทยา บางละมุง","addr:country":"Thailand","addr:district":"บางละมุง","addr:postcode":"20150","addr:subdistrict":"หนองปรือ","country":"ไทย","name":"พัทยา","name:en":"Pattaya","name:th":"พัทยา","network":"การรถไฟแห่งประเทศไทย","network:en":"State Railway of Thailand","network:th":"การรถไฟแห่งประเทศไทย","network:wikidata":"Q2165702","operator":"การรถไฟแห่งประเทศไทย","public_transport":"station","railway":"station","railway:ref":"พา","railway:ref:en":"PTY","railway:station_category":"2","ref":"พา.","ref:station":"3041","train":"yes","wheelchair":"yes","wikidata":"Q13021757","@type":"node","@id":1757202181},"geometry":{"type":"Point","coordinates":[100.9094181,12.940201]}},{"type":"Feature","id":1757216505,"properties":{"addr:city":"ตำบลบางละมุง","addr:district":"บางละมุง","addr:postcode":"20150","addr:province":"ชลบุรี","addr:subdistrict":"บางละมุง","name":"บางละมุง","name:en":"Bang Lamung","name:th":"บางละมุง","network":"การรถไฟแห่งประเทศไทย","network:en":"State Railway of Thailand","network:th":"การรถไฟแห่งประเทศไทย","network:wikidata":"Q2165702","operator":"การรถไฟแห่งประเทศไทย","public_transport":"station","railway":"station","railway:ref":"มุ","railway:ref:en":"BGL","railway:station_category":"1","ref":"มุ.","ref:station":"3039","train":"yes","wikidata":"Q25038233","@type":"node","@id":1757216505},"geometry":{"type":"Point","coordinates":[100.9400616,13.0344892]}},{"type":"Feature","id":2084277763,"properties":{"addr:district":"ศรีราชา","addr:postcode":"20230","addr:province":"ชลบุรี","addr:subdistrict":"ทุ่งสุขลา","name":"แหลมฉบัง","name:en":"Laem Chabang","name:th":"แหลมฉบัง","network":"การรถไฟแห่งประเทศไทย","network:en":"State Railway of Thailand","network:th":"การรถไฟแห่งประเทศไทย","network:wikidata":"Q2165702","public_transport":"station","railway":"station","railway:station_category":"1","ref":"ฉบ.","ref:station":"3036","train":"yes","@type":"node","@id":2084277763},"geometry":{"type":"Point","coordinates":[100.8983441,13.0990761]}},{"type":"Feature","id":3105881490,"properties":{"name":"พัทยาใต้","name:en":"Pattaya Tai","name:th":"พัทยาใต้","operator":"การรถไฟแห่งประเทศไทย","public_transport":"station","railway":"halt","railway:ref":"ใต","railway:ref:en":"PTT","railway:station_category":"ที่หยุดรถ","ref":"ใต.","ref:station":"3042","train":"yes","@type":"node","@id":3105881490},"geometry":{"type":"Point","coordinates":[100.9012331,12.9084474]}},{"type":"Feature","id":3127053415,"properties":{"name":"แจมโบรี่","name:en":"Jam Bo Ri","name:th":"แจมโบรี่","public_transport":"halt","railway":"halt","train":"yes","@type":"node","@id":3127053415},"geometry":{"type":"Point","coordinates":[100.9401834,12.6313979]}},{"type":"Feature","id":3397729425,"properties":{"name":"ชุมทางศรีราชา","name:en":"Si Racha Junction","name:th":"ชุมทางศรีราชา","network":"การรถไฟแห่งประเทศไทย","network:en":"State Railway of Thailand","network:th":"การรถไฟแห่งประเทศไทย","network:wikidata":"Q2165702","operator":"การรถไฟแห่งประเทศไทย","public_transport":"station","railway":"station","railway:ref":"ศช","railway:ref:en":"SRC","railway:station_category":"1","ref:station":"3036","train":"yes","@type":"node","@id":3397729425},"geometry":{"type":"Point","coordinates":[100.9459405,13.1561998]}},{"type":"Feature","id":6228668387,"properties":{"name":"คลองแขวงกลั่น","name:en":"Khlong Kwaeng Klan","name:th":"คลองแขวงกลั่น","operator":"การรถไฟแห่งประเทศไทย","public_transport":"station","railway":"halt","railway:ref":"แข","railway:ref:en":"KWK","railway:station_category":"ป้ายหยุดรถ","ref":"แข.","ref:station":"3020","train":"yes","@type":"node","@id":6228668387},"geometry":{"type":"Point","coordinates":[100.9665439,13.7071179]}},{"type":"Feature","id":6228668486,"properties":{"name":"บางเตย","name:en":"Bang Toey","name:th":"บางเตย","operator":"การรถไฟแห่งประเทศไทย","public_transport":"station","railway":"halt","railway:ref":"งย","railway:ref:en":"BTY","railway:station_category":"ป้ายหยุดรถ","ref":"งย.","ref:station":"3022","train":"yes","@type":"node","@id":6228668486},"geometry":{"type":"Point","coordinates":[101.0186541,13.7006141]}},{"type":"Feature","id":6228668885,"properties":{"addr:district":"เมืองฉะเชิงเทรา","addr:province":"ฉะเชิงเทรา","addr:subdistrict":"บางเตย","name":"คลองบางพระ","name:en":"Khlong Bang Phra","network":"การรถไฟแห่งประเทศไทย","network:en":"State Railway of Thailand","network:th":"การรถไฟแห่งประเทศไทย","network:wikidata":"Q2165702","operator":"การรถไฟแห่งประเทศไทย","public_transport":"station","railway":"station","railway:ref":"คบ","railway:ref:en":"KBP","railway:station_category":"3","ref":"คบ.","ref:station":"3021","train":"yes","@type":"node","@id":6228668885},"geometry":{"type":"Point","coordinates":[100.9913772,13.7040406]}},{"type":"Feature","id":6813416102,"properties":{"addr:city":"ตำบลบางพระ อำเภอศรีราชา","addr:postcode":"20110","name":"เขาพระบาท","name:en":"Khao Phra Bat","name:th":"เขาพระบาท","network":"การรถไฟแห่งประเทศไทย","network:en":"State Railway of Thailand","network:th":"การรถไฟแห่งประเทศไทย","network:wikidata":"Q2165702","operator":"การรถไฟแห่งประเทศไทย","public_transport":"station","railway":"station","railway:ref":"ขะ","railway:ref:en":"KPB","railway:station_category":"ที่หยุดรถ","ref":"ขะ.","ref:station":"3035","train":"yes","@type":"node","@id":6813416102},"geometry":{"type":"Point","coordinates":[100.9416248,13.2024409]}},{"type":"Feature","id":6813416103,"properties":{"addr:city":"ตำบลพลูตาหลวง อำเภอสัตหีบ","addr:postcode":"20180","name":"บ้านพลูตาหลวง","name:en":"Ban Phlu Ta Luang","name:zh":"บ้านพลูตาหลวง","operator":"การรถไฟแห่งประเทศไทย","public_transport":"station","railway":"station","railway:ref":"พต","railway:ref:en":"BTG","railway:station_category":"3","ref:station":"3047","train":"yes","wikidata":"Q6633359","@type":"node","@id":6813416103},"geometry":{"type":"Point","coordinates":[100.9722522,12.7045627]}},{"type":"Feature","id":6814271828,"properties":{"addr:city":"ตำบลบางเสร่ อำเภอสัตหีบ","addr:district":"สัตหีบ","addr:postcode":"20250","addr:province":"ชลบุรี","addr:subdistrict":"บางเสร่","internet_access":"terminal","name":"ชุมทางเขาชีจรรย์","name:en":"Khao Chi Chan Junction","name:th":"ชุมทางเขาชีจรรย์","network":"การรถไฟแห่งประเทศไทย","network:en":"State Railway of Thailand","network:th":"การรถไฟแห่งประเทศไทย","network:wikidata":"Q2165702","operator":"การรถไฟแห่งประเทศไทย","public_transport":"station","railway":"station","railway:ref":"ชจ","railway:ref:en":"KCC","railway:station_category":"3","ref:station":"3045","train":"yes","wikidata":"Q13021688","@type":"node","@id":6814271828},"geometry":{"type":"Point","coordinates":[100.9545837,12.7336884]}},{"type":"Feature","id":6815508922,"properties":{"addr:province":"ชลบุรี","addr:province:en":"Chon Buri","name":"ตลาดน้ำ 4 ภาค","name:en":"Pattaya Floating Market","name:th":"ตลาดน้ำ 4 ภาค","operator":"การรถไฟแห่งประเทศไทย","public_transport":"station","railway":"halt","railway:ref":"ตภ","railway:station_category":"ที่หยุดรถ","ref":"ตภ.","ref:station":"3124","train":"yes","@type":"node","@id":6815508922},"geometry":{"type":"Point","coordinates":[100.909609,12.8696752]}},{"type":"Feature","id":6815520154,"properties":{"addr:city":"ตำบลบ้านฉาง อำเภอบ้านฉาง ระยอง","addr:district":"บ้านฉาง","addr:postcode":"21130","addr:province":"ระยอง","addr:subdistrict":"บ้านฉาง","name":"บ้านฉาง","name:en":"Ban Chang","name:th":"บ้านฉาง","network":"การรถไฟแห่งประเทศไทย","network:en":"State Railway of Thailand","network:th":"การรถไฟแห่งประเทศไทย","network:wikidata":"Q2165702","operator":"การรถไฟแห่งประเทศไทย","public_transport":"station","railway":"station","railway:ref":"บฉ","railway:ref:en":"BNC","railway:station_category":"3","ref":"บฉ.","ref:station":"3110","train":"yes","@type":"node","@id":6815520154},"geometry":{"type":"Point","coordinates":[101.0546506,12.7062736]}},{"type":"Feature","id":7158053585,"properties":{"name":"ดอนสีนนท์","name:en":"Don Si Non","name:th":"ดอนสีนนท์","public_transport":"station","railway":"station","railway:ref":"ดอ","railway:ref:en":"DSN","railway:station_category":"3","ref":"ดอ.","ref:station":"3026","train":"yes","@type":"node","@id":7158053585},"geometry":{"type":"Point","coordinates":[101.1089521,13.6009825]}},{"type":"Feature","id":7656655750,"properties":{"name":"ศาลเจ้าพ่อเขาใหญ่","name:en":"Chao Por Khao Yai Shrine","name:th":"ศาลเจ้าพ่อเขาใหญ่","public_transport":"station","railway":"station","station":"funicular","@type":"node","@id":7656655750},"geometry":{"type":"Point","coordinates":[100.8064238,13.1679285]}},{"type":"Feature","id":7656655751,"properties":{"name":"ศาลเจ้าแม่กวนอิม","name:th":"ศาลเจ้าแม่กวนอิม","public_transport":"station","railway":"station","station":"funicular","@type":"node","@id":7656655751},"geometry":{"type":"Point","coordinates":[100.8060323,13.1675772]}},{"type":"Feature","id":8286467706,"properties":{"addr:district":"เมืองฉะเชิงเทรา","addr:province":"ฉะเชิงเทรา","name":"แปดริ้ว","name:en":"Paet Rio","name:th":"แปดริ้ว","network":"การรถไฟแห่งประเทศไทย","network:en":"State Railway of Thailand","network:th":"การรถไฟแห่งประเทศไทย","network:wikidata":"Q2165702","operator":"การรถไฟแห่งประเทศไทย","public_transport":"station","railway":"halt","railway:ref":"แร","railway:ref:en":"PAR","railway:station_category":"ที่หยุดรถ","ref":"แร.","ref:station":"3025","train":"yes","website":"https://www.railway.co.th/SRTTimetable/StationList","@type":"node","@id":8286467706},"geometry":{"type":"Point","coordinates":[101.0768337,13.6933234]}},{"type":"Feature","id":8559239959,"properties":{"name":"แสมสาร","name:en":"Samae Sarn","public_transport":"halt","railway":"halt","train":"yes","@type":"node","@id":8559239959},"geometry":{"type":"Point","coordinates":[100.9552552,12.6477862]}},{"type":"Feature","id":8880244774,"properties":{"addr:district":"เมืองระยอง","addr:postcode":"21150","addr:province":"ระยอง","addr:subdistrict":"มาบตาพุด","name":"มาบตาพุด","name:en":"Map Ta Phut","public_transport":"station","railway":"station","railway:ref":"าพ","railway:station_category":"1","ref":"าพ.","ref:station":"3115","train":"yes","@type":"node","@id":8880244774},"geometry":{"type":"Point","coordinates":[101.1283275,12.6908417]}},{"type":"Feature","id":9218260604,"properties":{"addr:district":"พานทอง","addr:postcode":"20160","addr:province":"ชลบุรี","addr:province:en":"Chonburi","addr:subdistrict":"พานทอง","alt_name":"สถานีรถไฟพานทอง","alt_name:en":"Phanthong railway station","alt_name:th":"สถานีรถไฟพานทอง","country":"Thailand","name":"พานทอง","name:en":"Phan Thong","network":"การรถไฟแห่งประเทศไทย","network:en":"State Railway of Thailand","network:th":"การรถไฟแห่งประเทศไทย","network:wikidata":"Q2165702","public_transport":"station","railway":"station","railway:ref":"งท","railway:ref:en":"PHT","railway:station_category":"3","ref":"งท.","ref:station":"3029","train":"yes","@type":"node","@id":9218260604},"geometry":{"type":"Point","coordinates":[101.0811134,13.462977]}},{"type":"Feature","id":9218260605,"properties":{"name":"ชลบุรี","name:en":"Chon Buri","public_transport":"station","railway":"station","railway:ref":"ชบ","railway:ref:en":"COB","railway:station_category":"1","ref":"ชบ.","ref:station":"3032","train":"yes","@type":"node","@id":9218260605},"geometry":{"type":"Point","coordinates":[100.9982915,13.3421976]}},{"type":"Feature","id":9218260606,"properties":{"addr:country":"ไทย","addr:district":"ศรีราชา","addr:province":"ชลบุรี","addr:subdistrict":"บางพระ","country":"ไทย","name":"บางพระ","name:en":"Bang Phra","name:th":"บางพระ","public_transport":"station","railway":"station","railway:ref":"ระ","railway:ref:en":"PRA","railway:station_category":"3","ref":"ระ.","ref:station":"3034","train":"yes","@type":"node","@id":9218260606},"geometry":{"type":"Point","coordinates":[100.9535761,13.2357646]}},{"type":"Feature","id":9218260607,"properties":{"name":"อู่ตะเภา","name:en":"U-Tapao","name:th":"อู่ตะเภา","network":"การรถไฟแห่งประเทศไทย","network:en":"State Railway of Thailand","network:th":"การรถไฟแห่งประเทศไทย","network:wikidata":"Q2165702","public_transport":"station","railway":"station","railway:ref":"อต","railway:ref:en":"UTA","ref:station":"3048","train":"yes","@type":"node","@id":9218260607},"geometry":{"type":"Point","coordinates":[100.9650818,12.6614518]}},{"type":"Feature","id":9218260608,"properties":{"name":"จุกเสม็ด","name:en":"Chuk Samet","name:th":"จุกเสม็ด","network":"การรถไฟแห่งประเทศไทย","network:en":"State Railway of Thailand","network:th":"การรถไฟแห่งประเทศไทย","network:wikidata":"Q2165702","operator":"การรถไฟแห่งประเทศไทย","public_transport":"station","railway":"station","railway:ref":"จุ","railway:ref:en":"CSA","railway:station_category":"1","ref:station":"3049","train":"yes","wikidata":"Q123717247","wikimedia_commons":"File:Chuk Samet Station 202312-3.jpg","wikipedia":"en:Chuk Samet railway station","@type":"node","@id":9218260608},"geometry":{"type":"Point","coordinates":[100.9216077,12.6247647]}},{"type":"Feature","id":12000624997,"properties":{"name":"ค่ายลูกเสือวชิราวุธ","name:th":"ค่ายลูกเสือวชิราวุธ","public_transport":"station","railway":"halt","railway:station_category":"ที่หยุดรถ","train":"yes","@type":"node","@id":12000624997},"geometry":{"type":"Point","coordinates":[100.9455236,13.1815706]}},{"type":"Feature","id":13279861391,"properties":{"addr:district":"อำเภอเมืองฉะเชิงเทรา","addr:postcode":"24000","addr:province":"ฉะเชิงเทรา","addr:subdistrict":"หน้าเมือง","name":"ชุมทางฉะเชิงเทรา","name:en":"Chachoengsao Junction","name:th":"ชุมทางฉะเชิงเทรา","network":"การรถไฟแห่งประเทศไทย","network:en":"State Railway of Thailand","network:th":"การรถไฟแห่งประเทศไทย","network:wikidata":"Q2165702","operator":"การรถไฟแห่งประเทศไทย","public_transport":"station","railway":"station","railway:ref":"ฉท.","railway:ref:en":"CHJ","railway:station_category":"1","ref":"ฉท.","ref:station":"3023","train":"yes","wikidata":"Q6633237","wikipedia":"th:สถานีรถไฟชุมทางฉะเชิงเทรา","@type":"node","@id":13279861391},"geometry":{"type":"Point","coordinates":[101.0588808,13.695576]}},{"type":"Feature","id":249644246,"properties":{"name":"หนองศาลา","name:en":"Nong Sala","name:th":"หนองศาลา","public_transport":"station","railway":"station","railway:ref":"งา","railway:station_category":"4","ref":"งา.","ref:station":"4108","train":"yes","wikidata":"Q13021773","@type":"node","@id":249644246},"geometry":{"type":"Point","coordinates":[99.9705603,12.9036673]}},{"type":"Feature","id":259729393,"properties":{"name":"เพชรบุรี","name:en":"Phetchaburi","name:th":"เพชรบุรี","name:zh":"佛丕","network":"การรถไฟแห่งประเทศไทย","network:en":"State Railway of Thailand","network:th":"การรถไฟแห่งประเทศไทย","network:wikidata":"Q2165702","operator":"การรถไฟแห่งประเทศไทย","public_transport":"station","railway":"station","railway:ref":"พบ","railway:station_category":"1","ref":"พบ.","ref:station":"4101","train":"yes","wikidata":"Q6633465","@type":"node","@id":259729393},"geometry":{"type":"Point","coordinates":[99.9411745,13.1164803]}},{"type":"Feature","id":283390945,"properties":{"addr:district":"ปากท่อ","addr:province":"ราชบุรี","addr:subdistrict":"ป่าไก่","name":"บ้านป่าไก่","name:en":"Ban Pa Kai","public_transport":"station","railway":"halt","railway:ref":"ไป","railway:station_category":"ที่หยุดรถ","ref":"ไป.","ref:station":"4092","train":"yes","@type":"node","@id":283390945},"geometry":{"type":"Point","coordinates":[99.8388019,13.4118109]}},{"type":"Feature","id":369742119,"properties":{"addr:country":"TH","addr:district":"ชะอำ","addr:postcode":"76120","addr:province":"เพชรบุรี","addr:province:en":"Phetchaburi","addr:subdistrict":"ชะอำ","alt_name":"บ้านชะอำ","alt_name:en":"Ban Cha-am","name":"ชะอำ","name:en":"Cha-am","name:th":"ชะอำ","public_transport":"station","railway":"station","railway:ref":"ชอ","railway:station_category":"2","ref":"ชอ.","ref:station":"4111","train":"yes","wikidata":"Q13021689","wikipedia":"th:สถานีรถไฟชะอำ","@type":"node","@id":369742119},"geometry":{"type":"Point","coordinates":[99.9662102,12.7998336]}},{"type":"Feature","id":872526510,"properties":{"addr:district":"เมืองสมุทรสาคร","addr:postcode":"74000","addr:province":"สมุทรสาคร","addr:subdistrict":"กาหลง","alt_name":"สถานีรถไฟบ้านกาหลง","name":"บ้านกาหลง","name:en":"Ban Kalong","name:th":"บ้านกาหลง","public_transport":"station","railway":"halt","ref":"กห.","train":"yes","@type":"node","@id":872526510},"geometry":{"type":"Point","coordinates":[100.1377025,13.4872698]}},{"type":"Feature","id":966340803,"properties":{"name":"เขาทโมน","name:en":"Khao Thamon","name:th":"เขาทโมน","public_transport":"station","railway":"station","railway:ref":"โม","railway:station_category":"4","ref":"โม.","ref:station":"4104","train":"yes","wikidata":"Q13021792","@type":"node","@id":966340803},"geometry":{"type":"Point","coordinates":[99.9597392,13.039481]}},{"type":"Feature","id":966340867,"properties":{"addr:district":"เมืองเพชรบุรี","addr:postcode":"76000","addr:province":"เพชรบุรี","addr:subdistrict":"ดอนยาง","name":"หนองไม้เหลือง","name:en":"Nong Mai Lueang","name:th":"หนองไม้เหลือง","public_transport":"station","railway":"station","railway:ref":"นม","railway:station_category":"4","ref":"นม.","ref:station":"4105","train":"yes","website":"https://www.railway.co.th/SRTTimetable/StationList?StartStation=4089&DestStation=4002","wikidata":"Q16271197","@type":"node","@id":966340867},"geometry":{"type":"Point","coordinates":[99.9624934,13.0046115]}},{"type":"Feature","id":966340903,"properties":{"name":"หนองปลาไหล","name:en":"Nong Pla Lai","name:th":"หนองปลาไหล","public_transport":"station","railway":"station","railway:ref":"ปล","railway:station_category":"4","ref":"ปล.","ref:station":"4098","train":"yes","wikidata":"Q13021778","@type":"node","@id":966340903},"geometry":{"type":"Point","coordinates":[99.8719177,13.1892424]}},{"type":"Feature","id":966340925,"properties":{"name":"บางจาก","name:en":"Bang Chak","name:th":"บางจาก","public_transport":"station","railway":"station","railway:ref":"จก","railway:station_category":"4","ref":"จก.","ref:station":"4099","train":"yes","wikidata":"Q25053170","@type":"node","@id":966340925},"geometry":{"type":"Point","coordinates":[99.8996263,13.1599264]}},{"type":"Feature","id":966340976,"properties":{"addr:country":"Thailand","addr:district":"เขาย้อย","addr:postcode":"76140","addr:province":"เพชรบุรี","addr:subdistrict":"เขาย้อย","country":"ไทย","name":"เขาย้อย","name:en":"Khao Yoi","name:th":"เขาย้อย","public_transport":"station","railway":"station","railway:ref":"เข","railway:station_category":"3","ref":"เข.","ref:station":"4097","train":"yes","wikidata":"Q13021788","@type":"node","@id":966340976},"geometry":{"type":"Point","coordinates":[99.8610098,13.2395059]}},{"type":"Feature","id":966341114,"properties":{"name":"หนองจอก","name:en":"Nong Chok","name:th":"หนองจอก","public_transport":"station","railway":"station","railway:ref":"หจ","railway:station_category":"3","ref":"หจ.","ref:station":"4107","train":"yes","wikidata":"Q13021774","@type":"node","@id":966341114},"geometry":{"type":"Point","coordinates":[99.9665562,12.9533134]}},{"type":"Feature","id":1085870067,"properties":{"addr:district":"เมืองสมุทรสงคราม","addr:postcode":"75000","addr:province":"สมุทรสงคราม","addr:province:en":"Samutsongkhram","addr:subdistrict":"แม่กลอง","alt_name":"สถานีรถไฟแม่กลอง","name":"แม่กลอง","name:en":"Mae Klong","name:ru":"Маеклонг","name:th":"แม่กลอง","name:zh":"夜功","network":"การรถไฟแห่งประเทศไทย","network:en":"State Railway of Thailand","network:th":"การรถไฟแห่งประเทศไทย","network:wikidata":"Q2165702","operator":"การรถไฟแห่งประเทศไทย","public_transport":"station","railway":"station","ref":"แอ.","train":"yes","website":"https://www.railway.co.th/SRTTimetable/StationList?DestStation=5019&StartStation=5032","wikidata":"Q6633481","@type":"node","@id":1085870067},"geometry":{"type":"Point","coordinates":[99.9984292,13.4074854]}},{"type":"Feature","id":1183546250,"properties":{"name":"เขตเมือง","name:en":"Khet Mueang","name:th":"เขตเมือง","public_transport":"station","railway":"halt","ref":"ดเ.","train":"yes","@type":"node","@id":1183546250},"geometry":{"type":"Point","coordinates":[100.0744883,13.456748]}},{"type":"Feature","id":1183546260,"properties":{"addr:district":"เมืองสมุทรสาคร","addr:postcode":"74000","addr:province":"สมุทรสาคร","addr:subdistrict":"นาโคก","alt_name":"สถานีรถไฟนาโคก","name":"บ้านนาโคก","name:en":"Ban Na Khok","name:th":"บ้านนาโคก","province":"สมุทรสาคร","public_transport":"station","railway":"halt","ref":"าโ.","train":"yes","@type":"node","@id":1183546260},"geometry":{"type":"Point","coordinates":[100.102555,13.4768179]}},{"type":"Feature","id":1183546266,"properties":{"name":"บ้านนาขวาง","name:en":"Ban Na Khwang","name:th":"บ้านนาขวาง","public_transport":"station","railway":"halt","ref":"บ้.","train":"yes","@type":"node","@id":1183546266},"geometry":{"type":"Point","coordinates":[100.1211351,13.4860562]}},{"type":"Feature","id":1183546273,"properties":{"addr:district":"เมืองสมุทรสงคราม","addr:postcode":"75000","addr:province":"สมุทรสงคราม","addr:subdistrict":"ลาดใหญ่","alt_name":"สถานีรถไฟลาดใหญ่","country":"ไทย","name":"ลาดใหญ่","name:en":"Lat Yai","name:th":"ลาดใหญ่","province":"สมุทรสงคราม","public_transport":"station","railway":"halt","ref":"ลญ.","train":"yes","wikidata":"Q99695344","@type":"node","@id":1183546273},"geometry":{"type":"Point","coordinates":[100.0452019,13.4358497]}},{"type":"Feature","id":1183546297,"properties":{"addr:country":"ไทย","addr:district":"เมืองสมุทรสาคร","addr:postcode":"74000","addr:province":"สมุทรสาคร","addr:subdistrict":"บางโทรัด","alt_name":"สถานีรถไฟบางโทรัด","name":"บางโทรัด","name:en":"Bang Tho Rat","name:th":"บางโทรัด","public_transport":"station","railway":"halt","ref":"งโ.","train":"yes","@type":"node","@id":1183546297},"geometry":{"type":"Point","coordinates":[100.1601048,13.4942021]}},{"type":"Feature","id":2198941681,"properties":{"name":"หนองแก","name:en":"Nong Kae","name:th":"หนองแก","public_transport":"station","railway":"station","railway:ref":"นอ","railway:station_category":"4","ref":"นอ.","ref:station":"4119","train":"yes","wikidata":"Q13021779","@type":"node","@id":2198941681},"geometry":{"type":"Point","coordinates":[99.96458,12.5328272]}},{"type":"Feature","id":2406197628,"properties":{"railway":"station","station":"funicular","@type":"node","@id":2406197628},"geometry":{"type":"Point","coordinates":[99.9351992,13.1090115]}},{"type":"Feature","id":2406197633,"properties":{"name":"พระที่นั่งเพชรภูมิไพโรจน์","name:th":"พระที่นั่งเพชรภูมิไพโรจน์","public_transport":"station","railway":"station","station":"funicular","@type":"node","@id":2406197633},"geometry":{"type":"Point","coordinates":[99.9360883,13.1093928]}},{"type":"Feature","id":2415640455,"properties":{"name":"หัวหิน","name:en":"Hua Hin","name:th":"หัวหิน","name:zh":"華欣","name:zh-Hans":"华欣","public_transport":"station","railway":"station","railway:ref":"หห","railway:station_category":"1","ref":"หห.","ref:station":"4118","train":"yes","wheelchair":"yes","wikidata":"Q6633431","wikipedia":"th:สถานีรถไฟหัวหิน","@type":"node","@id":2415640455},"geometry":{"type":"Point","coordinates":[99.9551707,12.5646241]}},{"type":"Feature","id":2606351396,"properties":{"name":"วังก์พง","name:en":"Wang Phong","name:th":"วังก์พง","public_transport":"station","railway":"station","railway:ref":"วพ","railway:station_category":"3","ref":"วพ.","ref:station":"4123","train":"yes","wikidata":"Q16271192","@type":"node","@id":2606351396},"geometry":{"type":"Point","coordinates":[99.9322068,12.4007827]}},{"type":"Feature","id":2610455903,"properties":{"name":"ห้วยทรายเหนือ","name:en":"Huai Sai Nuea","name:th":"ห้วยทรายเหนือ","public_transport":"station","railway":"station","railway:ref":"ซน","railway:station_category":"4","ref":"ซน.","ref:station":"4114","train":"yes","wikidata":"Q13021800","@type":"node","@id":2610455903},"geometry":{"type":"Point","coordinates":[99.9502306,12.703564]}},{"type":"Feature","id":2628162366,"properties":{"addr:district":"อำเภอหัวหิน","addr:postcode":"77110","addr:province":"จังหวัดประจวบคีรีขันธ์","addr:subdistrict":"ตำบลหนองแก","name":"สวนสนประดิพัทธ์","name:en":"Suan Son Pradiphat","name:th":"สวนสนประดิพัทธ์","public_transport":"station","railway":"station","railway:ref":"สป","railway:station_category":"4","ref":"สป.","ref:station":"4120","train":"yes","wikidata":"Q13017027","@type":"node","@id":2628162366},"geometry":{"type":"Point","coordinates":[99.9722806,12.4999283]}},{"type":"Feature","id":2628162369,"properties":{"name":"เขาเต่า","name:en":"Khao Tao","name:th":"เขาเต่า","public_transport":"station","railway":"station","railway:ref":"ขต","railway:station_category":"3","ref":"ขต.","ref:station":"4121","train":"yes","wikidata":"Q13021802","@type":"node","@id":2628162369},"geometry":{"type":"Point","coordinates":[99.9700404,12.4595676]}},{"type":"Feature","id":2628200781,"properties":{"name":"ปราณบุรี","name:en":"Pran Buri","name:th":"ปราณบุรี","public_transport":"station","railway":"station","railway:ref":"ปน","railway:station_category":"3","ref":"ปน.","ref:station":"4124","train":"yes","wikidata":"Q13021740","@type":"node","@id":2628200781},"geometry":{"type":"Point","coordinates":[99.9261691,12.3764448]}},{"type":"Feature","id":4443469641,"properties":{"name":"ห้วยทรายใต้","name:en":"Huai Sai Tai","name:th":"ห้วยทรายใต้","network":"การรถไฟแห่งประเทศไทย","network:en":"State Railway of Thailand","network:th":"การรถไฟแห่งประเทศไทย","network:wikidata":"Q2165702","operator":"การรถไฟแห่งประเทศไทย","public_transport":"station","railway":"station","railway:ref":"ซใ","railway:station_category":"3","ref":"ซใ.","ref:station":"4115","train":"yes","wikidata":"Q6633433","@type":"node","@id":4443469641},"geometry":{"type":"Point","coordinates":[99.9487461,12.6677576]}},{"type":"Feature","id":4755947793,"properties":{"name":"บ่อตะคร้อ","name:de":"Bo Takhro","name:en":"Bo Takhro","name:th":"บ่อตะคร้อ","public_transport":"station","railway":"station","railway:ref":"บร","railway:station_category":"4","ref":"บร.","ref:station":"4091","source":"survey","train":"yes","@type":"node","@id":4755947793},"geometry":{"type":"Point","coordinates":[99.83501,13.4411378]}},{"type":"Feature","id":5274916039,"properties":{"addr:district":"เมืองราชบุรี","addr:place":"3","addr:postcode":"70000","addr:province":"ราชบุรี","addr:subdistrict":"คูบัว","name":"บ้านคูบัว","name:de":"Ban Khu Bua","name:en":"Ban Khu Bua","name:th":"บ้านคูบัว","public_transport":"station","railway":"station","railway:ref":"บบ","railway:station_category":"4","ref":"บบ.","ref:station":"4090","train":"yes","wikidata":"Q13021721","@type":"node","@id":5274916039},"geometry":{"type":"Point","coordinates":[99.8284102,13.4918765]}},{"type":"Feature","id":5274928464,"properties":{"addr:district":"ปากท่อ","addr:place":"5","addr:province":"ราชบุรี","addr:subdistrict":"ปากท่อ","name":"ปากท่อ","name:de":"Pak Tho","name:en":"Pak Tho","name:th":"ปากท่อ","public_transport":"station","railway":"station","railway:ref":"ปท","railway:station_category":"3","ref":"ปท.","ref:station":"4093","train":"yes","wikidata":"Q13021741","@type":"node","@id":5274928464},"geometry":{"type":"Point","coordinates":[99.8436145,13.3743276]}},{"type":"Feature","id":8847695414,"properties":{"name":"บางเค็ม","name:en":"Bang Khem","public_transport":"station","railway":"station","railway:ref":"งเ","railway:station_category":"4","ref":"งเ.","ref:station":"4095","train":"yes","@type":"node","@id":8847695414},"geometry":{"type":"Point","coordinates":[99.8534803,13.2979208]}},{"type":"Feature","id":237445837,"properties":{"name":"พระแก้ว","name:en":"Phra Kaeo","name:th":"พระแก้ว","network":"การรถไฟแห่งประเทศไทย","network:en":"State Railway of Thailand","network:th":"การรถไฟแห่งประเทศไทย","network:wikidata":"Q2165702","public_transport":"station","railway":"station","railway:ref":"พก","railway:station_category":"3","ref":"พก.","ref:station":"พก","train":"yes","wikidata":"Q25053137","@type":"node","@id":237445837},"geometry":{"type":"Point","coordinates":[100.6855474,14.4287017]}},{"type":"Feature","id":237461291,"properties":{"name":"มาบกะเบา","name:en":"Map Kabao","name:th":"มาบกะเบา","operator":"การรถไฟแห่งประเทศไทย","public_transport":"station","railway":"station","railway:ref":"มบ","railway:station_category":"2","ref":"มบ.","ref:station":"2082","train":"yes","wikidata":"Q10729224","@type":"node","@id":237461291},"geometry":{"type":"Point","coordinates":[101.0836873,14.618946]}},{"type":"Feature","id":237461310,"properties":{"name":"ผาเสด็จ","name:en":"Pha Sadet","name:th":"ผาเสด็จ","public_transport":"station","railway":"station","railway:ref":"ผด","railway:station_category":"2","ref":"ผด.","ref:station":"2083","source":"GPS","train":"yes","wikidata":"Q13021746","@type":"node","@id":237461310},"geometry":{"type":"Point","coordinates":[101.1006416,14.6445175]}},{"type":"Feature","id":249364994,"properties":{"name":"ลพบุรี","name:en":"Lop Buri","name:th":"ลพบุรี","network":"การรถไฟแห่งประเทศไทย","network:en":"State Railway of Thailand","network:th":"การรถไฟแห่งประเทศไทย","network:wikidata":"Q2165702","operator":"การรถไฟแห่งประเทศไทย","public_transport":"station","railway":"station","railway:ref":"ลบ","railway:station_category":"1","ref":"ลบ.","ref:station":"1050","srt_code":"LOR","train":"yes","wheelchair":"yes","wikidata":"Q6895727","@type":"node","@id":249364994},"geometry":{"type":"Point","coordinates":[100.6153786,14.7985255]}},{"type":"Feature","id":257164304,"properties":{"name":"หนองแซง","name:en":"Nong Saeng","name:th":"หนองแซง","operator":"การรถไฟแห่งประเทศไทย","public_transport":"station","railway":"station","railway:ref":"นช","railway:station_category":"2","ref":"นซ.","ref:station":"2002","source":"GPS","train":"yes","wikidata":"Q13021776","@type":"node","@id":257164304},"geometry":{"type":"Point","coordinates":[100.784439,14.4907749]}},{"type":"Feature","id":257164308,"properties":{"name":"ปางอโศก","name:en":"Pang Asok","name:th":"ปางอโศก","public_transport":"station","railway":"station","railway:ref":"โศ","railway:station_category":"2","ref":"โศ.","ref:station":"2089","source":"GPS","train":"yes","wikidata":"Q16434496","@type":"node","@id":257164308},"geometry":{"type":"Point","coordinates":[101.2999403,14.6534984]}},{"type":"Feature","id":259723383,"properties":{"name":"ชุมทางบ้านกลับ","name:en":"Ban Klap Junction","name:ja":"バーンクラップ分岐","name:th":"ชุมทางบ้านกลับ","network":"การรถไฟแห่งประเทศไทย","network:en":"State Railway of Thailand","network:th":"การรถไฟแห่งประเทศไทย","network:wikidata":"Q2165702","old_name":"บ้านกลับ","old_name:en":"Ban Klap","old_name:th":"บ้านกลับ","public_transport":"station","railway":"station","railway:ref":"บก","railway:station_category":"3","ref":"บก.","ref:station":"1047","train":"yes","wikidata":"Q20810802","@type":"node","@id":259723383},"geometry":{"type":"Point","coordinates":[100.6783748,14.7207202]}},{"type":"Feature","id":259723384,"properties":{"name":"หนองโดน","name:en":"Nong Don","name:th":"หนองโดน","network":"การรถไฟแห่งประเทศไทย","network:en":"State Railway of Thailand","network:th":"การรถไฟแห่งประเทศไทย","network:wikidata":"Q2165702","operator":"การรถไฟแห่งประเทศไทย","public_transport":"station","railway":"station","railway:ref":"โด","railway:station_category":"2","ref":"โด.","ref:station":"1045","train":"yes","wikidata":"Q18456398","@type":"node","@id":259723384},"geometry":{"type":"Point","coordinates":[100.7062069,14.6834114]}},{"type":"Feature","id":259723385,"properties":{"name":"บ้านหมอ","name:en":"Ban Mo","name:th":"บ้านหมอ","network":"การรถไฟแห่งประเทศไทย","network:en":"State Railway of Thailand","network:th":"การรถไฟแห่งประเทศไทย","network:wikidata":"Q2165702","operator":"การรถไฟแห่งประเทศไทย","public_transport":"station","railway":"station","railway:ref":"มอ","railway:station_category":"1","ref":"มอ.","ref:station":"1041","train":"yes","wikidata":"Q18456473","@type":"node","@id":259723385},"geometry":{"type":"Point","coordinates":[100.7264164,14.6166606]}},{"type":"Feature","id":259723386,"properties":{"name":"ท่าเรือ","name:en":"Tha Rua","name:th":"ท่าเรือ","network":"การรถไฟแห่งประเทศไทย","network:en":"State Railway of Thailand","network:th":"การรถไฟแห่งประเทศไทย","network:wikidata":"Q2165702","operator":"การรถไฟแห่งประเทศไทย","public_transport":"station","railway":"station","railway:ref":"ทร","railway:station_category":"1","ref":"ทร.","ref:station":"1039","train":"yes","wikidata":"Q11316596","@type":"node","@id":259723386},"geometry":{"type":"Point","coordinates":[100.7243967,14.5624355]}},{"type":"Feature","id":259723387,"properties":{"name":"หนองวิวัฒน์","name:en":"Nong Wiwat","name:th":"หนองวิวัฒน์","network":"การรถไฟแห่งประเทศไทย","network:en":"State Railway of Thailand","network:th":"การรถไฟแห่งประเทศไทย","network:wikidata":"Q2165702","operator":"การรถไฟแห่งประเทศไทย","public_transport":"station","railway":"station","railway:ref":"วิ","railway:station_category":"3","ref":"วิ.","ref:station":"1037","train":"yes","wikidata":"Q22124780","@type":"node","@id":259723387},"geometry":{"type":"Point","coordinates":[100.7271563,14.5056014]}},{"type":"Feature","id":357992316,"properties":{"name":"ภูเขาลาด","name:en":"Phukhao Lat","name:th":"ภูเขาลาด","public_transport":"station","railway":"station","railway:station_category":"3","ref":"ขล.","ref:station":"2113","source":"GPS","train":"yes","wikidata":"Q16307561","@type":"node","@id":357992316},"geometry":{"type":"Point","coordinates":[102.0237132,14.9561351]}},{"type":"Feature","id":357993406,"properties":{"name":"โคกกรวด","name:en":"Khok Kruat","name:th":"โคกกรวด","public_transport":"station","railway":"station","railway:ref":"คก","railway:station_category":"3","ref":"คก.","ref:station":"2111","source":"GPS","train":"yes","wikidata":"Q13021820","@type":"node","@id":357993406},"geometry":{"type":"Point","coordinates":[101.9588749,14.9311964]}},{"type":"Feature","id":357993873,"properties":{"name":"กุดจิก","name:en":"Kut Chik","name:th":"กุดจิก","public_transport":"station","railway":"station","railway:ref":"กจ","railway:station_category":"3","ref":"กจ.","ref:station":"2109","source":"GPS","train":"yes","wikidata":"Q13021660","@type":"node","@id":357993873},"geometry":{"type":"Point","coordinates":[101.8822018,14.905555]}},{"type":"Feature","id":357993955,"properties":{"name":"สูงเนิน","name:en":"Sung Noen","name:th":"สูงเนิน","public_transport":"station","railway":"station","railway:ref":"สน","railway:station_category":"2","ref":"สน.","ref:station":"2107","source":"GPS","train":"yes","wikidata":"Q16307580","@type":"node","@id":357993955},"geometry":{"type":"Point","coordinates":[101.8147138,14.8999202]}},{"type":"Feature","id":357994059,"properties":{"name":"สีคิ้ว","name:en":"Sikhio","name:th":"สีคิ้ว","public_transport":"station","railway":"station","railway:ref":"สค","railway:station_category":"2","ref":"สค.","ref:station":"2105","source":"GPS;sign","train":"yes","wikidata":"Q13021772","@type":"node","@id":357994059},"geometry":{"type":"Point","coordinates":[101.7213478,14.8931154]}},{"type":"Feature","id":357994207,"properties":{"name":"คลองไผ่","name:en":"Khlong Phai","name:th":"คลองไผ่","public_transport":"station","railway":"station","railway:ref":"คผ","railway:station_category":"3","ref":"คผ.","ref:station":"2100","source":"GPS","train":"yes","wikidata":"Q13021667","@type":"node","@id":357994207},"geometry":{"type":"Point","coordinates":[101.5710511,14.8742742]}},{"type":"Feature","id":357994216,"properties":{"name":"บ้านใหม่สำโรง","name:en":"Ban Mai Samrong","name:th":"บ้านใหม่สำโรง","public_transport":"station","railway":"station","railway:ref":"สำ","railway:station_category":"3","ref":"สำ.","ref:station":"2102","source":"GPS","train":"yes","wikidata":"Q101011902","@type":"node","@id":357994216},"geometry":{"type":"Point","coordinates":[101.6437321,14.868326]}},{"type":"Feature","id":506448640,"properties":{"name":"บ้านดงพลอง","name:en":"Ban Dong Phlong","operator":"การรถไฟแห่งประเทศไทย","public_transport":"station","railway":"station","railway:ref":"ดพ","railway:ref:en":"BDP","railway:station_category":"3","ref":"ดพ.","ref:station":"2124","train":"yes","@type":"node","@id":506448640},"geometry":{"type":"Point","coordinates":[102.2888154,15.2257634]}},{"type":"Feature","id":506455116,"properties":{"name":"บ้านมะค่า","name:en":"Ban Makha","name:th":"บ้านมะค่า","network":"การรถไฟแห่งประเทศไทย","network:en":"State Railway of Thailand","network:th":"การรถไฟแห่งประเทศไทย","network:wikidata":"Q2165702","operator":"การรถไฟแห่งประเทศไทย","public_transport":"station","railway":"station","railway:ref":"มค","railway:ref:en":"BMK","railway:station_category":"3","ref":"มค.","ref:station":"2126","source":"GPS;sign","train":"yes","@type":"node","@id":506455116},"geometry":{"type":"Point","coordinates":[102.2952689,15.2811036]}},{"type":"Feature","id":506475301,"properties":{"name":"ปากช่อง","name:en":"Pak Chong","name:th":"ปากช่อง","public_transport":"station","railway":"station","railway:ref":"ปช","railway:station_category":"1","ref":"ปช.","ref:station":"2093","source":"GPS;sign","train":"yes","wikidata":"Q6633354","@type":"node","@id":506475301},"geometry":{"type":"Point","coordinates":[101.4105911,14.7050481]}},{"type":"Feature","id":506475580,"properties":{"name":"บันไดม้า","name:en":"Bandai Ma","name:th":"บันไดม้า","operator":"การรถไฟแห่งประเทศไทย","public_transport":"station","railway":"station","railway:ref":"ได","railway:station_category":"2","ref":"ได.","ref:station":"2091","source":"GPS;sign","train":"yes","wikidata":"Q61357850","@type":"node","@id":506475580},"geometry":{"type":"Point","coordinates":[101.3694444,14.6728925]}},{"type":"Feature","id":1384419468,"properties":{"name":"นครราชสีมา","name:en":"Nakhon Ratchasima","name:th":"นครราชสีมา","public_transport":"station","railway":"station","railway:ref":"รส","railway:station_category":"1","ref":"รส.","ref:station":"2114","toilets:wheelchair":"yes","train":"yes","wheelchair":"yes","wikidata":"Q801230","wikipedia":"th:สถานีรถไฟนครราชสีมา","@type":"node","@id":1384419468},"geometry":{"type":"Point","coordinates":[102.0788985,14.9722695]}},{"type":"Feature","id":2068459291,"properties":{"name":"บ้านป่าหวาย","name:en":"Ban Pa Wai","network":"การรถไฟแห่งประเทศไทย","network:en":"State Railway of Thailand","network:th":"การรถไฟแห่งประเทศไทย","network:wikidata":"Q2165702","public_transport":"station","railway":"station","railway:ref":"ปว","railway:station_category":"3","ref":"ปว.","ref:station":"1048","train":"yes","wheelchair":"yes","wikidata":"Q20810803","@type":"node","@id":2068459291},"geometry":{"type":"Point","coordinates":[100.6432369,14.7594533]}},{"type":"Feature","id":2068459292,"properties":{"name":"มาบพระจันทร์","name:en":"Map Phra Chan","name:th":"มาบพระจันทร์","network":"การรถไฟแห่งประเทศไทย","network:en":"State Railway of Thailand","network:th":"การรถไฟแห่งประเทศไทย","network:wikidata":"Q2165702","public_transport":"station","railway":"station","railway:ref":"บจ","railway:station_category":"3","ref":"บจ.","ref:station":"1033","train":"yes","wikidata":"Q13021752","wikimedia_commons":"File:Map Phra Chan railway station 202301.jpg","wikipedia":"en:Map Phra Chan railway station","@type":"node","@id":2068459292},"geometry":{"type":"Point","coordinates":[100.6320805,14.4022844]}},{"type":"Feature","id":2068459353,"properties":{"name":"ชุมทางบ้านภาชี","name:en":"Ban Phachi Junction","name:th":"ชุมทางบ้านภาชี","network":"การรถไฟแห่งประเทศไทย","network:en":"State Railway of Thailand","network:th":"การรถไฟแห่งประเทศไทย","network:wikidata":"Q2165702","operator":"การรถไฟแห่งประเทศไทย","public_transport":"station","railway":"station","railway:ref":"ภช","railway:station_category":"1","ref":"ภช.","ref:station":"1036","source":"GPS","start_date":"1897-11-01","train":"yes","wikidata":"Q25537192","wikipedia":"th:สถานีรถไฟชุมทางบ้านภาชี","@type":"node","@id":2068459353},"geometry":{"type":"Point","coordinates":[100.7207717,14.4505571]}},{"type":"Feature","id":3107784146,"properties":{"name":"ลำนารายณ์","name:en":"Lam Narai","public_transport":"station","railway":"station","railway:ref":"ลา","railway:ref:en":"LNR","railway:station_category":"1","ref":"ลา.","ref:station":"2033","train":"yes","@type":"node","@id":3107784146},"geometry":{"type":"Point","coordinates":[101.1395215,15.2200983]}},{"type":"Feature","id":3256263453,"properties":{"name":"โคกสลุง","name:en":"Khok Salung","name:th":"โคกสลุง","public_transport":"station","railway":"station","railway:ref":"คุ","railway:ref:en":"KSL","railway:station_category":"2","ref":"คุ.","ref:station":"2024","train":"yes","wikidata":"Q47489120","@type":"node","@id":3256263453},"geometry":{"type":"Point","coordinates":[101.0230995,14.987146]}},{"type":"Feature","id":3442502719,"properties":{"name":"ชุมทางแก่งคอย","name:en":"Kaeng Khoi Junction","name:th":"ชุมทางแก่งคอย","operator":"การรถไฟแห่งประเทศไทย","public_transport":"station","railway":"station","railway:ref":"กค","railway:station_category":"1","ref":"กค.","ref:station":"2011","source":"GPS","srt_code":"KKJ","train":"yes","wikidata":"Q6633232","wikimedia_commons":"File:Kaeng Khoi Railway Station 202301-6.jpg","wikipedia":"th:สถานีรถไฟชุมทางแก่งคอย","@type":"node","@id":3442502719},"geometry":{"type":"Point","coordinates":[101.0053349,14.5874804]}},{"type":"Feature","id":3455595495,"properties":{"name":"ท่าช้าง","name:en":"Tha Chang","public_transport":"station","railway":"station","railway:ref":"ชา","railway:station_category":"3","ref":"ชา.","ref:station":"2213","train":"yes","@type":"node","@id":3455595495},"geometry":{"type":"Point","coordinates":[102.2743934,15.0019142]}},{"type":"Feature","id":3927825445,"properties":{"name":"หินซ้อน","name:en":"Hin Son","public_transport":"station","railway":"station","railway:ref":"หซ","railway:ref:en":"HIS","railway:station_category":"3","ref":"หซ.","ref:station":"2017","train":"yes","wikidata":"Q13021786","wikimedia_commons":"File:Hin Son railway station-1.jpg","wikipedia":"th:รายชื่อสถานีรถไฟ สายตะวันออกเฉียงเหนือ","@type":"node","@id":3927825445},"geometry":{"type":"Point","coordinates":[101.0510772,14.741291]}},{"type":"Feature","id":4919461486,"properties":{"name":"เนินถั่วแปบ","name:en":"Noen Thua Paep","name:th":"เนินถั่วแปบ","network":"การรถไฟแห่งประเทศไทย","network:en":"State Railway of Thailand","network:th":"การรถไฟแห่งประเทศไทย","network:wikidata":"Q2165702","public_transport":"station","railway":"station","railway:ref":"ถป","railway:ref:en":"NTP","railway:station_category":"ที่หยุดรถ","ref":"ถป.","ref:station":"2127","train":"yes","@type":"node","@id":4919461486},"geometry":{"type":"Point","coordinates":[102.2983694,15.3094272]}},{"type":"Feature","id":4919461487,"properties":{"name":"โนนสูง","name:en":"Non Sung","network":"การรถไฟแห่งประเทศไทย","network:en":"State Railway of Thailand","network:th":"การรถไฟแห่งประเทศไทย","network:wikidata":"Q2165702","operator":"การรถไฟแห่งประเทศไทย","public_transport":"station","railway":"station","railway:ref":"นโ","railway:ref:en":"NSU","railway:station_category":"1","ref":"นโ.","ref:station":"2122","train":"yes","wikidata":"Q22124821","@type":"node","@id":4919461487},"geometry":{"type":"Point","coordinates":[102.2481227,15.1768901]}},{"type":"Feature","id":4919461605,"properties":{"name":"บ้านหนองกันงา","name:en":"Ban Nong Kan Nga","public_transport":"station","railway":"halt","railway:ref":"ก้","railway:ref:en":"BGG","railway:station_category":"ป้ายหยุดรถ","ref":"ก้.","ref:station":"2291","train":"yes","@type":"node","@id":4919461605},"geometry":{"type":"Point","coordinates":[102.2060051,15.1290891]}},{"type":"Feature","id":4919461937,"properties":{"name":"พลสงคราม","name:en":"Phon Songkhram","name:th":"พลสงคราม","network":"การรถไฟแห่งประเทศไทย","network:en":"State Railway of Thailand","network:th":"การรถไฟแห่งประเทศไทย","network:wikidata":"Q2165702","operator":"การรถไฟแห่งประเทศไทย","public_transport":"station","railway":"station","railway:ref":"พค","railway:ref:en":"PSK","railway:station_category":"3","ref":"พค.","ref:station":"2128","train":"yes","@type":"node","@id":4919461937},"geometry":{"type":"Point","coordinates":[102.3035469,15.3483047]}},{"type":"Feature","id":4919461939,"properties":{"name":"หนองแมว","name:en":"Nong Maeo","operator":"การรถไฟแห่งประเทศไทย","public_transport":"station","railway":"station","railway:ref":"นง","railway:ref:en":"NNM","railway:station_category":"3","ref":"นง.","ref:station":"2121","train":"yes","@type":"node","@id":4919461939},"geometry":{"type":"Point","coordinates":[102.2163301,15.1408111]}},{"type":"Feature","id":5240576423,"properties":{"name":"โคกสะอาด","name:en":"Khok Sa-at","public_transport":"station","railway":"halt","railway:ref":"อา","railway:station_category":"ที่หยุดรถ","ref":"อา.","ref:station":"2106","train":"yes","@type":"node","@id":5240576423},"geometry":{"type":"Point","coordinates":[101.7695422,14.8973861]}},{"type":"Feature","id":5394772572,"properties":{"name":"สระบุรี","name:en":"Saraburi","name:zh":"北标","network":"การรถไฟแห่งประเทศไทย","network:en":"State Railway of Thailand","network:th":"การรถไฟแห่งประเทศไทย","network:wikidata":"Q2165702","operator":"การรถไฟแห่งประเทศไทย","public_transport":"station","railway":"station","railway:ref":"ะร","railway:station_category":"1","ref":"ะร.","ref:station":"2007","train":"yes","wheelchair":"limited","wikidata":"Q6633392","wikimedia_commons":"File:Saraburi Railway Station 202301-4.jpg","@type":"node","@id":5394772572},"geometry":{"type":"Point","coordinates":[100.916216,14.5273879]}},{"type":"Feature","id":5480897290,"properties":{"name":"สุรนารายณ์","name:en":"Suranarai","public_transport":"station","railway":"station","railway:ref":"ะน","railway:ref:en":"SNR","railway:station_category":"3","ref":"ะน.","ref:station":"2026","train":"yes","@type":"node","@id":5480897290},"geometry":{"type":"Point","coordinates":[101.0172521,15.07013]}},{"type":"Feature","id":5632696630,"properties":{"name":"บ้านป๊อกแป๊ก","name:en":"Ban Pok Paek","operator":"การรถไฟแห่งประเทศไทย","public_transport":"station","railway":"station","railway:ref":"ปป","railway:station_category":"2","ref":"ปป.","ref:station":"2005","train":"yes","wikidata":"Q25053230","@type":"node","@id":5632696630},"geometry":{"type":"Point","coordinates":[100.8642978,14.522363]}},{"type":"Feature","id":5805282089,"properties":{"name":"แก่งเสือเต้น","name:en":"Kaeng Suea Ten","public_transport":"station","railway":"station","railway:ref":"แส","railway:ref:en":"KST","railway:station_category":"3","ref":"แส.","ref:station":"2020","train":"yes","@type":"node","@id":5805282089},"geometry":{"type":"Point","coordinates":[101.0638116,14.8423132]}},{"type":"Feature","id":5864456980,"properties":{"name":"บ้านเกาะ","name:en":"Ban Ko","name:th":"บ้านเกาะ","operator":"การรถไฟแห่งประเทศไทย","public_transport":"station","railway":"station","railway:ref":"กะ","railway:ref:en":"BAK","railway:station_category":"3","ref":"กะ.","ref:station":"2117","train":"yes","wikidata":"Q6633360","@type":"node","@id":5864456980},"geometry":{"type":"Point","coordinates":[102.1385153,15.004304]}},{"type":"Feature","id":5960320486,"properties":{"name":"บ้านจงโก","name:en":"Ban Chongko","public_transport":"station","railway":"halt","railway:ref":"จโ","railway:ref:en":"BCK","railway:station_category":"ที่หยุดรถ","ref":"จโ.","ref:station":"2040","train":"yes","@type":"node","@id":5960320486},"geometry":{"type":"Point","coordinates":[101.3363414,15.2626301]}},{"type":"Feature","id":6053601085,"properties":{"name":"ตลาดลำนารายณ์","name:en":"Talat Lam Narai","public_transport":"station","railway":"halt","railway:ref":"รน","railway:station_category":"ที่หยุดรถ","ref":"รน.","ref:station":"2032","train":"yes","@type":"node","@id":6053601085},"geometry":{"type":"Point","coordinates":[101.130776,15.2104969]}},{"type":"Feature","id":6328466890,"properties":{"name":"ซับม่วง","name:en":"Sap Muang","public_transport":"station","railway":"station","railway:ref":"ชม","railway:station_category":"3","ref":"ซม.","ref:station":"2095","train":"yes","wikidata":"Q13021683","@type":"node","@id":6328466890},"geometry":{"type":"Point","coordinates":[101.4555114,14.7617422]}},{"type":"Feature","id":7018466486,"properties":{"name":"หนองสีดา","name:en":"Nong Sida","operator":"การรถไฟแห่งประเทศไทย","public_transport":"station","railway":"station","railway:ref":"นด","railway:station_category":"3","ref":"นด.","ref:station":"2003","train":"yes","wikidata":"Q13021782","@type":"node","@id":7018466486},"geometry":{"type":"Point","coordinates":[100.8247547,14.5161305]}},{"type":"Feature","id":7018483885,"properties":{"name":"หนองกวย","name:en":"Nong Kuai","operator":"การรถไฟแห่งประเทศไทย","public_transport":"station","railway":"station","railway:ref":"นก","railway:station_category":"3","ref":"นก.","ref:station":"2001","train":"yes","wikidata":"Q16307584","@type":"node","@id":7018483885},"geometry":{"type":"Point","coordinates":[100.7572108,14.4737413]}},{"type":"Feature","id":7309249212,"properties":{"name":"ชุมทางบ้านไผ่นาบุญ","name:en":"Ban Phai Na Bun Junction","name:th":"ชุมทางบ้านไผ่นาบุญ","operator":"การรถไฟแห่งประเทศไทย","public_transport":"station","railway":"station","railway:ref":"บญ","railway:station_category":"3","ref":"บญ.","ref:station":"3122","train":"yes","wikidata":"Q97229864","@type":"node","@id":7309249212},"geometry":{"type":"Point","coordinates":[100.9830144,14.5487424]}},{"type":"Feature","id":7712592193,"properties":{"name":"เขื่อนป่าสักชลสิทธิ์","name:en":"Pasak Jolasid Dam","public_transport":"station","railway":"halt","railway:ref":"ขธ","railway:ref:en":"PSJ","railway:station_category":"ที่หยุดรถ","ref":"ชธ.","ref:station":"2301","train":"yes","@type":"node","@id":7712592193},"geometry":{"type":"Point","coordinates":[101.0620622,14.8668986]}},{"type":"Feature","id":7896595818,"properties":{"name":"บ้านดอนกลาง","name:en":"Ban Don Klang","name:th":"บ้านดอนกลาง","public_transport":"station","railway":"halt","railway:ref":"ลก","railway:station_category":"ป้ายหยุดรถ","ref":"ลก.","ref:station":"1034","train":"yes","wikidata":"Q25053136","@type":"node","@id":7896595818},"geometry":{"type":"Point","coordinates":[100.6596028,14.4157114]}},{"type":"Feature","id":7896595820,"properties":{"name":"ดอนหญ้านาง","name:en":"Don Ya Nang","operator":"การรถไฟแห่งประเทศไทย","public_transport":"station","railway":"halt","railway:ref":"ญา","railway:station_category":"ป้ายหยุดรถ","ref":"ญา.","ref:station":"1224","train":"yes","wikidata":"Q25053139","@type":"node","@id":7896595820},"geometry":{"type":"Point","coordinates":[100.728397,14.4797237]}},{"type":"Feature","id":7896595821,"properties":{"name":"บ้านปลักแรด","name:en":"Ban Plak Raet","name:th":"บ้านปลักแรด","operator":"การรถไฟแห่งประเทศไทย","public_transport":"station","railway":"halt","railway:ref":"แด","railway:station_category":"ที่หยุดรถ","ref":"แด.","ref:station":"1038","train":"yes","wikidata":"Q25053148","@type":"node","@id":7896595821},"geometry":{"type":"Point","coordinates":[100.725988,14.530074]}},{"type":"Feature","id":7896595825,"properties":{"name":"ชุมทางหนองบัว","name:en":"Nong Bua Junction","operator":"การรถไฟแห่งประเทศไทย","public_transport":"station","railway":"station","railway:ref":"นบ","railway:station_category":"3","ref":"นบ.","ref:station":"2009","train":"yes","wikidata":"Q13021775","@type":"node","@id":7896595825},"geometry":{"type":"Point","coordinates":[100.9627994,14.5557708]}},{"type":"Feature","id":7896595826,"properties":{"name":"บุใหญ่","name:en":"Bu Yai","operator":"การรถไฟแห่งประเทศไทย","public_transport":"station","railway":"station","railway:ref":"ให","railway:station_category":"3","ref":"ให.","ref:station":"3121","train":"yes","wikidata":"Q101041303","@type":"node","@id":7896595826},"geometry":{"type":"Point","coordinates":[101.0062401,14.4282723]}},{"type":"Feature","id":7896595827,"properties":{"name":"วิหารแดง","name:en":"Wihan Daeng","public_transport":"station","railway":"station","railway:ref":"วแ","railway:station_category":"3","ref":"วแ.","ref:station":"3120","train":"yes","@type":"node","@id":7896595827},"geometry":{"type":"Point","coordinates":[100.9805721,14.3393015]}},{"type":"Feature","id":7896595828,"properties":{"addr:city":"อำเภอองครักษ์ จังหวัดนครนายก","addr:housenumber":"99/9 หมู่ 2 ตำบลบางปลากด","addr:postcode":"26120","addr:street":"ถนนรังสิต-นครนายก","name":"องครักษ์","name:en":"Ongkharak","public_transport":"station","railway":"station","railway:ref":"อษ","railway:station_category":"3","ref":"อษ.","ref:station":"3118","train":"yes","@type":"node","@id":7896595828},"geometry":{"type":"Point","coordinates":[100.9861266,14.1343194]}},{"type":"Feature","id":8194792368,"properties":{"name":"ท่าแค","name:en":"Tha Khae","network":"การรถไฟแห่งประเทศไทย","network:en":"State Railway of Thailand","network:th":"การรถไฟแห่งประเทศไทย","network:wikidata":"Q2165702","operator":"การรถไฟแห่งประเทศไทย","public_transport":"station","railway":"station","railway:ref":"ทแ","railway:station_category":"4","ref":"ทแ.","ref:station":"1051","train":"yes","wikidata":"Q28197324","@type":"node","@id":8194792368},"geometry":{"type":"Point","coordinates":[100.6063253,14.8401762]}},{"type":"Feature","id":8280904879,"properties":{"name":"กลางดง","name:en":"Klang Dong","operator":"การรถไฟแห่งประเทศไทย","public_transport":"station","railway":"station","railway:ref":"าง","railway:station_category":"2","ref":"าง.","ref:station":"2088","train":"yes","wikidata":"Q16307533","@type":"node","@id":8280904879},"geometry":{"type":"Point","coordinates":[101.25232,14.6479174]}},{"type":"Feature","id":8280963302,"properties":{"name":"จันทึก","name:en":"Chanthuek","operator":"การรถไฟแห่งประเทศไทย","public_transport":"station","railway":"station","railway:ref":"จท","railway:station_category":"3","ref":"จท.","ref:station":"2096","train":"yes","wikidata":"Q13021686","@type":"node","@id":8280963302},"geometry":{"type":"Point","coordinates":[101.493403,14.8144387]}},{"type":"Feature","id":8280963303,"properties":{"name":"คลองขนานจิตร","name:en":"Khlong Khanan Chit","operator":"การรถไฟแห่งประเทศไทย","public_transport":"station","railway":"station","railway:ref":"ขจ","railway:station_category":"3","ref":"ขจ.","ref:station":"2097","train":"yes","wikidata":"Q13021663","@type":"node","@id":8280963303},"geometry":{"type":"Point","coordinates":[101.5443176,14.8425312]}},{"type":"Feature","id":8286668352,"properties":{"name":"บ้านช่องใต้","name:en":"Ban Chong Tai","operator":"การรถไฟแห่งประเทศไทย","public_transport":"station","railway":"station","railway:ref":"ชต","railway:ref:en":"BCT","railway:station_category":"3","ref":"ชต.","ref:station":"2012","train":"yes","@type":"node","@id":8286668352},"geometry":{"type":"Point","coordinates":[101.0181527,14.6151807]}},{"type":"Feature","id":8286691231,"properties":{"name":"เขาหินดาด","name:en":"Khao Hin Dat","public_transport":"station","railway":"halt","railway:ref":"ดด","railway:ref:en":"KSD","railway:station_category":"ที่หยุดรถ","ref":"ดด.","ref:station":"2015","train":"yes","@type":"node","@id":8286691231},"geometry":{"type":"Point","coordinates":[101.0089976,14.7155333]}},{"type":"Feature","id":8286709521,"properties":{"name":"เขาคอก","name:en":"Khao Khok","operator":"การรถไฟแห่งประเทศไทย","public_transport":"station","railway":"halt","railway:ref":"ขก","railway:ref:en":"KOK","railway:station_category":"ที่หยุดรถ","ref":"ขก.","ref:station":"2013","train":"yes","@type":"node","@id":8286709521},"geometry":{"type":"Point","coordinates":[101.0170703,14.6629167]}},{"type":"Feature","id":8286725176,"properties":{"name":"เขาสูง","name:en":"Khao Sung","public_transport":"station","railway":"halt","railway:ref":"ขส","railway:ref:en":"KHS","railway:station_category":"ที่หยุดรถ","ref":"ขส.","ref:station":"2018","train":"yes","@type":"node","@id":8286725176},"geometry":{"type":"Point","coordinates":[101.0544809,14.7800392]}},{"type":"Feature","id":8286754932,"properties":{"name":"บ้านหนองบัว","name:en":"Ban Nong Bua","public_transport":"station","railway":"halt","railway:ref":"าบ","railway:ref:en":"BNB","railway:station_category":"ที่หยุดรถ","ref":"าบ.","ref:station":"2022","train":"yes","@type":"node","@id":8286754932},"geometry":{"type":"Point","coordinates":[101.0519994,14.8976816]}},{"type":"Feature","id":8342381821,"properties":{"name":"โรงเรียนอัสสัมชัญคอนแวนต์","name:en":"Assumption Convent School","public_transport":"station","railway":"halt","railway:station_category":"ที่หยุดรถ","ref:station":"2028","train":"yes","@type":"node","@id":8342381821},"geometry":{"type":"Point","coordinates":[101.0436172,15.1356396]}},{"type":"Feature","id":8342452837,"properties":{"name":"เขายายกะตา","name:en":"Khao Yai Ka Ta","public_transport":"station","railway":"halt","railway:ref":"เย","railway:ref:en":"KYT","railway:station_category":"ที่หยุดรถ","ref":"เย.","ref:station":"2030","train":"yes","@type":"node","@id":8342452837},"geometry":{"type":"Point","coordinates":[101.0689048,15.1737744]}},{"type":"Feature","id":8342529454,"properties":{"name":"บ้านเกาะรัง","name:en":"Ban Ko Rang","public_transport":"station","railway":"halt","railway:ref":"รง","railway:ref:en":"BKR","railway:station_category":"ที่หยุดรถ","ref":"รง.","ref:station":"2036","train":"yes","@type":"node","@id":8342529454},"geometry":{"type":"Point","coordinates":[101.220711,15.2790836]}},{"type":"Feature","id":8342529462,"properties":{"name":"แผ่นดินทอง","name:en":"Phaendin Thong","public_transport":"station","railway":"station","railway:ref":"แง","railway:ref:en":"PDT","railway:station_category":"3","ref":"แง.","ref:station":"2038","train":"yes","@type":"node","@id":8342529462},"geometry":{"type":"Point","coordinates":[101.2605966,15.2502428]}},{"type":"Feature","id":8342584337,"properties":{"name":"โคกคลี","name:en":"Khok Khli","public_transport":"station","railway":"station","railway:ref":"คี","railway:ref:en":"KKI","railway:station_category":"3","ref":"คี.","ref:station":"2042","train":"yes","@type":"node","@id":8342584337},"geometry":{"type":"Point","coordinates":[101.3691956,15.2745824]}},{"type":"Feature","id":8843999591,"properties":{"name":"ลาดบัวขาว","name:en":"Lat Bua Khao","public_transport":"station","railway":"station","railway:ref":"ลข","railway:station_category":"3","ref":"ลข.","ref:station":"2101","train":"yes","@type":"node","@id":8843999591},"geometry":{"type":"Point","coordinates":[101.5961409,14.8613312]}},{"type":"Feature","id":8844014387,"properties":{"name":"หนองน้ำขุ่น","name:en":"Nong Nam Khun","public_transport":"station","railway":"station","railway:ref":"นข","railway:station_category":"3","ref":"นข.","ref:station":"2103","train":"yes","@type":"node","@id":8844014387},"geometry":{"type":"Point","coordinates":[101.6717591,14.8818589]}},{"type":"Feature","id":8859083159,"properties":{"name":"บ้านพระพุทธ","name:en":"Ban Phra Phut","public_transport":"station","railway":"halt","railway:ref":"ะท","railway:station_category":"ที่หยุดรถ","ref":"ะท.","ref:station":"2212","train":"yes","@type":"node","@id":8859083159},"geometry":{"type":"Point","coordinates":[102.2262286,14.9956633]}},{"type":"Feature","id":8859210768,"properties":{"name":"บ้านพะเนา","name:en":"Ban Phanao","public_transport":"station","railway":"station","railway:ref":"พเ","railway:station_category":"3","ref":"พเ.","ref:station":"2211","train":"yes","@type":"node","@id":8859210768},"geometry":{"type":"Point","coordinates":[102.1929714,14.9858888]}},{"type":"Feature","id":8859340201,"properties":{"name":"หนองมโนรมย์","name:en":"Nong Manorom","public_transport":"station","railway":"station","railway:ref":"นโ","railway:station_category":"3","ref":"มโ.","ref:station":"2215","train":"yes","@type":"node","@id":8859340201},"geometry":{"type":"Point","coordinates":[102.3467351,15.0131562]}},{"type":"Feature","id":8985173783,"properties":{"name":"บ้านกระโดน","name:en":"Ban Kradon","public_transport":"station","railway":"station","railway:ref":"กโ","railway:ref:en":"NKN","railway:station_category":"3","ref":"กโ.","ref:station":"2120","train":"yes","@type":"node","@id":8985173783},"geometry":{"type":"Point","coordinates":[102.1869891,15.1042237]}},{"type":"Feature","id":11808393628,"properties":{"name":"หินลับ","name:en":"Hin Lap","name:th":"หินลับ","public_transport":"station","railway":"station","railway:ref":"หล","railway:station_category":"3","ref":"หล.","ref:station":"2084","source":"GPS","train":"yes","wikidata":"Q2948358","@type":"node","@id":11808393628},"geometry":{"type":"Point","coordinates":[101.1332776,14.6631982]}},{"type":"Feature","id":11808393633,"properties":{"name":"มวกเหล็ก","name:en":"Muak Lek","name:th":"มวกเหล็ก","network":"การรถไฟแห่งประเทศไทย","network:en":"State Railway of Thailand","network:th":"การรถไฟแห่งประเทศไทย","network:wikidata":"Q2165702","operator":"การรถไฟแห่งประเทศไทย","public_transport":"station","railway":"station","railway:ref":"มล","railway:station_category":"1","ref":"มล.","ref:station":"2086","source":"GPS;sign","train":"yes","wikidata":"Q11343201","@type":"node","@id":11808393633},"geometry":{"type":"Point","coordinates":[101.1994149,14.6512518]}},{"type":"Feature","id":11809204381,"properties":{"name":"ชุมทางถนนจิระ","name:en":"Thanon Chira Junction","name:th":"ชุมทางถนนจิระ","operator":"การรถไฟแห่งประเทศไทย","public_transport":"station","railway":"station","railway:ref":"จร","railway:ref:en":"TNJ","railway:station_category":"1","ref:station":"2115","train":"yes","wikidata":"Q4923132","wikipedia":"th:สถานีรถไฟชุมทางถนนจิระ","@type":"node","@id":11809204381},"geometry":{"type":"Point","coordinates":[102.1018736,14.9678193]}},{"type":"Feature","id":12898495293,"properties":{"name":"มวกเหล็กใหม่","network":"การรถไฟแห่งประเทศไทย","network:en":"State Railway of Thailand","network:th":"การรถไฟแห่งประเทศไทย","network:wikidata":"Q2165702","public_transport":"station","railway":"station","railway:ref":"มล.2","train":"yes","@type":"node","@id":12898495293},"geometry":{"type":"Point","coordinates":[101.1825785,14.659978]}}]}