{"type":"FeatureCollection","features":[{"type":"Feature","id":563853567,"properties":{"name":"Tops","shop":"supermarket","@type":"node","@id":563853567},"geometry":{"type":"Point","coordinates":[100.6828432,13.668235]}},{"type":"Feature","id":776323232,"properties":{"brand":"Tops","brand:th":"ท็อปส์","brand:wikidata":"Q7825140","level":"-1","name":"Tops","opening_hours":"Mo-Su 09:00-22:00","shop":"supermarket","@type":"node","@id":776323232},"geometry":{"type":"Point","coordinates":[100.634266,13.6687707]}},{"type":"Feature","id":912959097,"properties":{"branch":"มหาวิทยาลัยเกษตรศาสตร์","name":"ร้านโครงการหลวง","name:en":"Royal Project Shop","name:th":"ร้านโครงการหลวง","phone":"+66 2 561 0197","shop":"supermarket","short_name:th":"โครงการหลวง","@type":"node","@id":912959097},"geometry":{"type":"Point","coordinates":[100.564182,13.849363]}},{"type":"Feature","id":970113895,"properties":{"air_conditioning":"yes","branch":"พัฒนาการ","brand":"MaxValu","brand:wikidata":"Q11340427","name":"MaxValu","opening_hours":"24/7","shop":"supermarket","wheelchair":"yes","@type":"node","@id":970113895},"geometry":{"type":"Point","coordinates":[100.6424864,13.7357058]}},{"type":"Feature","id":1063290343,"properties":{"name":"Foodland","name:th":"ฟู้ดแลนด์ หลักสี่","shop":"supermarket","@type":"node","@id":1063290343},"geometry":{"type":"Point","coordinates":[100.5816704,13.8870531]}},{"type":"Feature","id":1196935408,"properties":{"name":"Blue Shop","shop":"supermarket","@type":"node","@id":1196935408},"geometry":{"type":"Point","coordinates":[100.5172116,13.7111977]}},{"type":"Feature","id":1340890035,"properties":{"name":"Tops Super","shop":"supermarket","@type":"node","@id":1340890035},"geometry":{"type":"Point","coordinates":[100.5488053,13.8406754]}},{"type":"Feature","id":1430115488,"properties":{"alt_name":"Tesco Lotus Express","brand":"Lotus's go fresh","brand:wikidata":"Q125937967","name":"Lotus's go fresh","not:brand:wikidata":"Q487494","shop":"supermarket","@type":"node","@id":1430115488},"geometry":{"type":"Point","coordinates":[100.6261564,13.9318348]}},{"type":"Feature","id":1597521876,"properties":{"level":"0","name":"Villa Supermarket","opening_hours":"07:00-21:00","phone":"+6626191001","shop":"supermarket","website":"http://www.villamarket.com/","@type":"node","@id":1597521876},"geometry":{"type":"Point","coordinates":[100.545227,13.779793]}},{"type":"Feature","id":1601440592,"properties":{"name":"ร้านเจ้เล้ง","shop":"supermarket","@type":"node","@id":1601440592},"geometry":{"type":"Point","coordinates":[100.589722,13.896967]}},{"type":"Feature","id":1639162480,"properties":{"branch":"Sukhumvit Soi 5","name":"Foodland","shop":"supermarket","@type":"node","@id":1639162480},"geometry":{"type":"Point","coordinates":[100.5540743,13.7421887]}},{"type":"Feature","id":1650896580,"properties":{"brand":"Villa Market","name":"Villa Market","shop":"supermarket","@type":"node","@id":1650896580},"geometry":{"type":"Point","coordinates":[100.5514066,13.741248]}},{"type":"Feature","id":1657638020,"properties":{"operator":"Family Mart","shop":"supermarket","@type":"node","@id":1657638020},"geometry":{"type":"Point","coordinates":[100.5993068,13.7334256]}},{"type":"Feature","id":1665500288,"properties":{"contact:fax":"+66 2 551 2108","contact:phone":"+66 2 521 2560","name":"Foodland Ram Inthra","opening_hours":"24/7","shop":"supermarket","source":"survey","website":"https://www.foodland.co.th/","@type":"node","@id":1665500288},"geometry":{"type":"Point","coordinates":[100.624435,13.8602498]}},{"type":"Feature","id":1688568570,"properties":{"name":"Villa Market","opening_hours":"Mo-Su 08:00-22:00","shop":"supermarket","@type":"node","@id":1688568570},"geometry":{"type":"Point","coordinates":[100.6735966,13.7758988]}},{"type":"Feature","id":1699712007,"properties":{"name":"Lemon Farm","shop":"supermarket","@type":"node","@id":1699712007},"geometry":{"type":"Point","coordinates":[100.641636,13.6514535]}},{"type":"Feature","id":1754023525,"properties":{"alt_name":"Tesco Lotus","brand":"Lotus's","brand:wikidata":"Q2378901","diet:halal":"yes","diet:kosher":"no","name":"Lotus's","opening_hours":"PH,Mo-Su 09:00-21:00","operator":"Tesco Lotus","shop":"supermarket","wheelchair":"yes","@type":"node","@id":1754023525},"geometry":{"type":"Point","coordinates":[100.565448,13.7604075]}},{"type":"Feature","id":1757030114,"properties":{"brand":"Tops","brand:th":"ท็อปส์","brand:wikidata":"Q7825140","name":"Tops","name:en":"Tops Market","name:th":"ท็อปส์ มาร์เก็ต","shop":"supermarket","wheelchair":"limited","@type":"node","@id":1757030114},"geometry":{"type":"Point","coordinates":[100.5204638,13.7238449]}},{"type":"Feature","id":1783501228,"properties":{"name":"Tops","shop":"supermarket","@type":"node","@id":1783501228},"geometry":{"type":"Point","coordinates":[100.5617567,13.8132267]}},{"type":"Feature","id":1796729116,"properties":{"addr:housenumber":"259","addr:street":"Sukhumvit 19","air_conditioning":"yes","brand":"Tops","brand:en":"Tops","brand:th":"ท็อปส์","brand:wikidata":"Q7825140","check_date":"2025-01-08","level":"-1","name":"Tops","name:en":"Tops","name:th":"ท็อปส์","organic":"yes","payment:cash":"yes","payment:mastercard":"yes","payment:visa":"yes","shop":"supermarket","@type":"node","@id":1796729116},"geometry":{"type":"Point","coordinates":[100.5593048,13.7381445]}},{"type":"Feature","id":1802560226,"properties":{"name":"Tops","shop":"supermarket","@type":"node","@id":1802560226},"geometry":{"type":"Point","coordinates":[100.4688378,13.7528996]}},{"type":"Feature","id":1969566860,"properties":{"name":"Tesco Lotus","name:zh":"易初莲花/乐购超市（披耶泰路）","operator":"Tesco Lotus","shop":"supermarket","@type":"node","@id":1969566860},"geometry":{"type":"Point","coordinates":[100.5302845,13.7331589]}},{"type":"Feature","id":1970099849,"properties":{"name":"Villa Market","shop":"supermarket","wheelchair":"yes","@type":"node","@id":1970099849},"geometry":{"type":"Point","coordinates":[100.5465069,13.7831701]}},{"type":"Feature","id":1971865240,"properties":{"brand":"Tops","brand:th":"ท็อปส์","brand:wikidata":"Q7825140","name":"Tops","shop":"supermarket","wheelchair":"yes","@type":"node","@id":1971865240},"geometry":{"type":"Point","coordinates":[100.6507356,13.6787089]}},{"type":"Feature","id":1985534540,"properties":{"level":"0","name":"Japanese Supermarket","shop":"supermarket","wheelchair":"limited","@type":"node","@id":1985534540},"geometry":{"type":"Point","coordinates":[100.544484,13.675398]}},{"type":"Feature","id":1986280702,"properties":{"brand":"Tops","brand:th":"ท็อปส์","brand:wikidata":"Q7825140","name":"Tops","opening_hours":"Mo-Su 10:00-22:00","shop":"supermarket","@type":"node","@id":1986280702},"geometry":{"type":"Point","coordinates":[100.6690166,13.7760566]}},{"type":"Feature","id":1986280951,"properties":{"alt_name":"Tesco Lotus","brand":"Lotus's","brand:wikidata":"Q2378901","name":"Lotus's","shop":"supermarket","@type":"node","@id":1986280951},"geometry":{"type":"Point","coordinates":[100.6792835,13.7806532]}},{"type":"Feature","id":2022082218,"properties":{"name":"MaxValu","shop":"supermarket","@type":"node","@id":2022082218},"geometry":{"type":"Point","coordinates":[100.5900611,13.8809542]}},{"type":"Feature","id":2064781174,"properties":{"image":"http://farm9.staticflickr.com/8330/8385471967_1998e9c50c_m.jpg","level":"0","name":"Villa Market","opening_hours":"Mo-Su 09:00-23:00","shop":"supermarket","@type":"node","@id":2064781174},"geometry":{"type":"Point","coordinates":[100.6106,13.8344655]}},{"type":"Feature","id":2066084083,"properties":{"email":"info@lemonfarm.com","image":"http://farm9.staticflickr.com/8511/8383777388_7af10838ab_m.jpg","level":"0","name":"Lemon Farm","phone":"+6626521971","shop":"supermarket","type":"organic supermarket","website":"http://www.facebook.com/lemonfarmfan","@type":"node","@id":2066084083},"geometry":{"type":"Point","coordinates":[100.5437556,13.7422342]}},{"type":"Feature","id":2072469030,"properties":{"floor":"1","name":"Villa Market","shop":"supermarket","@type":"node","@id":2072469030},"geometry":{"type":"Point","coordinates":[100.5670225,13.8287799]}},{"type":"Feature","id":2074240553,"properties":{"name":"Villa Market","shop":"supermarket","wheelchair":"yes","@type":"node","@id":2074240553},"geometry":{"type":"Point","coordinates":[100.5693331,13.7202394]}},{"type":"Feature","id":2075724395,"properties":{"level":"1","name":"Gourmet Market","shop":"supermarket","@type":"node","@id":2075724395},"geometry":{"type":"Point","coordinates":[100.6764044,13.8271912]}},{"type":"Feature","id":2077135159,"properties":{"name":"Foodland","shop":"supermarket","@type":"node","@id":2077135159},"geometry":{"type":"Point","coordinates":[100.2891407,13.5693557]}},{"type":"Feature","id":2089433249,"properties":{"addr:postcode":"10110","addr:street":"Sukhumvit Soi 16","name":"Foodland","opening_hours":"24/7","payment:credit_cards":"yes","payment:debit_cards":"yes","shop":"supermarket","website":"https://www.foodland.co.th/","@type":"node","@id":2089433249},"geometry":{"type":"Point","coordinates":[100.5608005,13.7326972]}},{"type":"Feature","id":2112343468,"properties":{"level":"0","name":"max valu tanjai","opening_hours":"10:00-22:00","parking":"yes","payment:credit_cards":"yes","phone":"+6622617206","shop":"supermarket","website":"www.jusco.co.th","@type":"node","@id":2112343468},"geometry":{"type":"Point","coordinates":[100.5739525,13.7280328]}},{"type":"Feature","id":2280188077,"properties":{"addr:street":"ถนนพลับพลาไชย","name":"Mini Big C","shop":"supermarket","@type":"node","@id":2280188077},"geometry":{"type":"Point","coordinates":[100.5111192,13.7455588]}},{"type":"Feature","id":2299993194,"properties":{"addr:housenumber":"60","addr:street":"ถนนหลังสวน","name":"Villa Market","shop":"supermarket","@type":"node","@id":2299993194},"geometry":{"type":"Point","coordinates":[100.5425556,13.7388322]}},{"type":"Feature","id":2400138885,"properties":{"brand":"Tops","brand:th":"ท็อปส์","brand:wikidata":"Q7825140","name":"Tops","opening_hours":"Mo-Su 08:00-22:00","shop":"supermarket","@type":"node","@id":2400138885},"geometry":{"type":"Point","coordinates":[100.5154595,13.7198851]}},{"type":"Feature","id":2404914063,"properties":{"brand":"Tops","brand:th":"ท็อปส์","brand:wikidata":"Q7825140","name":"Tops","shop":"supermarket","@type":"node","@id":2404914063},"geometry":{"type":"Point","coordinates":[100.5794315,13.7473128]}},{"type":"Feature","id":2406052815,"properties":{"alt_name:en":"Nittaya Thai Curry","branch":"บางลำพู","name":"น้ำพริกนิตยา","name:en":"Nittaya Curry","name:th":"น้ำพริกนิตยา","shop":"supermarket","wheelchair":"yes","@type":"node","@id":2406052815},"geometry":{"type":"Point","coordinates":[100.4967622,13.7606935]}},{"type":"Feature","id":2406057025,"properties":{"shop":"supermarket","@type":"node","@id":2406057025},"geometry":{"type":"Point","coordinates":[100.497405,13.7612643]}},{"type":"Feature","id":2539266965,"properties":{"addr:housenumber":"1595/503","addr:postcode":"10110","addr:street":"ถนนสุขุมวิท","branch":"Tanjai","brand":"MaxValu","brand:wikidata":"Q11340427","name":"MaxValu","operator":"MaxValu","shop":"supermarket","@type":"node","@id":2539266965},"geometry":{"type":"Point","coordinates":[100.5913671,13.7153647]}},{"type":"Feature","id":2758378636,"properties":{"name":"Max Value","shop":"supermarket","@type":"node","@id":2758378636},"geometry":{"type":"Point","coordinates":[100.6357802,13.7115534]}},{"type":"Feature","id":2766776963,"properties":{"name":"Tops Market","shop":"supermarket","@type":"node","@id":2766776963},"geometry":{"type":"Point","coordinates":[100.5395072,13.9110218]}},{"type":"Feature","id":2989071782,"properties":{"branch":"Tanjai","brand":"MaxValu","brand:wikidata":"Q11340427","name":"MaxValu","shop":"supermarket","@type":"node","@id":2989071782},"geometry":{"type":"Point","coordinates":[100.522175,13.706917]}},{"type":"Feature","id":2989071788,"properties":{"alt_name":"Tesco Lotus","brand":"Lotus's","brand:wikidata":"Q2378901","name":"Lotus's","shop":"supermarket","@type":"node","@id":2989071788},"geometry":{"type":"Point","coordinates":[100.5222772,13.7022846]}},{"type":"Feature","id":3076793698,"properties":{"name":"UFM Fuji Super","shop":"supermarket","@type":"node","@id":3076793698},"geometry":{"type":"Point","coordinates":[100.5721136,13.7422628]}},{"type":"Feature","id":3245774366,"properties":{"name":"Foodland","shop":"supermarket","@type":"node","@id":3245774366},"geometry":{"type":"Point","coordinates":[100.58167,13.7306205]}},{"type":"Feature","id":3246091644,"properties":{"brand":"Big C","brand:wikidata":"Q858665","name":"Big C","shop":"supermarket","@type":"node","@id":3246091644},"geometry":{"type":"Point","coordinates":[100.5856912,13.727095]}},{"type":"Feature","id":3251647470,"properties":{"addr:province":"กรุงเทพมหานคร","addr:street":"ถนนสุขุมวิท","name":"สหกรณ์กรุงเทพ","name:en":"Krungdeb Co-op","shop":"supermarket","@type":"node","@id":3251647470},"geometry":{"type":"Point","coordinates":[100.584012,13.720677]}},{"type":"Feature","id":3251684367,"properties":{"name":"เซ็นทรัล ฟู้ดฮอลล์","name:en":"Central Foodhall","opening_hours":"10:00-22:00","shop":"supermarket","@type":"node","@id":3251684367},"geometry":{"type":"Point","coordinates":[100.5448026,13.7448291]}},{"type":"Feature","id":3304690918,"properties":{"name":"Villa Market","shop":"supermarket","@type":"node","@id":3304690918},"geometry":{"type":"Point","coordinates":[100.5817885,13.7345482]}},{"type":"Feature","id":3399117143,"properties":{"name":"Tops เดลี่","shop":"supermarket","@type":"node","@id":3399117143},"geometry":{"type":"Point","coordinates":[100.3852543,13.6741848]}},{"type":"Feature","id":3448911330,"properties":{"name":"Villa Market","shop":"supermarket","@type":"node","@id":3448911330},"geometry":{"type":"Point","coordinates":[100.5073656,13.7194359]}},{"type":"Feature","id":3448933593,"properties":{"name":"MaxValu","shop":"supermarket","@type":"node","@id":3448933593},"geometry":{"type":"Point","coordinates":[100.5025643,13.7202766]}},{"type":"Feature","id":3450704013,"properties":{"name":"Tops Market","name:ja":"トップス マーケット","shop":"supermarket","website":"https://www.tops.co.th/th/","@type":"node","@id":3450704013},"geometry":{"type":"Point","coordinates":[100.5722875,13.7291274]}},{"type":"Feature","id":3450960000,"properties":{"branch":"daily","brand":"Tops","brand:th":"ท็อปส์","brand:wikidata":"Q7825140","name":"Tops","shop":"supermarket","@type":"node","@id":3450960000},"geometry":{"type":"Point","coordinates":[100.5082014,13.7222385]}},{"type":"Feature","id":3451531064,"properties":{"name":"UFM Fuji Super","opening_hours":"Mo-Su 08:00-22:00","shop":"supermarket","@type":"node","@id":3451531064},"geometry":{"type":"Point","coordinates":[100.5756184,13.7311517]}},{"type":"Feature","id":3502221453,"properties":{"name":"Foodland","name:en":"Foodland Rama 3","opening_hours":"24/7","shop":"supermarket","@type":"node","@id":3502221453},"geometry":{"type":"Point","coordinates":[100.5456046,13.6741617]}},{"type":"Feature","id":3721818727,"properties":{"brand":"MaxValu","brand:wikidata":"Q11340427","name":"MaxValu","opening_hours":"24/7","shop":"supermarket","source":"survey","source:date":"2017-02-16","@type":"node","@id":3721818727},"geometry":{"type":"Point","coordinates":[100.5736613,13.7864845]}},{"type":"Feature","id":3723292237,"properties":{"brand":"Tops","brand:th":"ท็อปส์","brand:wikidata":"Q1191685","name":"Tops","opening_hours":"24/7","shop":"supermarket","@type":"node","@id":3723292237},"geometry":{"type":"Point","coordinates":[100.5724624,13.7864486]}},{"type":"Feature","id":3760589855,"properties":{"alt_name":"Tesco Lotus","brand":"Lotus's","brand:wikidata":"Q2378901","name":"Lotus's","operator":"Tesco Lotus","shop":"supermarket","@type":"node","@id":3760589855},"geometry":{"type":"Point","coordinates":[100.6441607,13.9770285]}},{"type":"Feature","id":3768366115,"properties":{"opening_hours":"24/7","operator":"Max Value","shop":"supermarket","@type":"node","@id":3768366115},"geometry":{"type":"Point","coordinates":[100.5837117,13.7231153]}},{"type":"Feature","id":3801776822,"properties":{"alt_name":"Tesco Lotus","branch":"Lumlukka klong 2","brand":"Lotus's","brand:wikidata":"Q2378901","name":"Lotus's","shop":"supermarket","@type":"node","@id":3801776822},"geometry":{"type":"Point","coordinates":[100.6448982,13.9467006]}},{"type":"Feature","id":3801776823,"properties":{"alt_name":"Tesco Lotus","brand":"Lotus's","brand:wikidata":"Q2378901","name":"Lotus's","shop":"supermarket","@type":"node","@id":3801776823},"geometry":{"type":"Point","coordinates":[100.643843,13.9688448]}},{"type":"Feature","id":3823089865,"properties":{"name":"top supermarket","shop":"supermarket","@type":"node","@id":3823089865},"geometry":{"type":"Point","coordinates":[100.6481164,14.0661471]}},{"type":"Feature","id":3832008557,"properties":{"addr:city":"กรุงเทพมหานคร","addr:housenumber":"77/10 แขวงคลองต้นไทร เขตคลองสาน","addr:postcode":"10600","addr:street":"ถนนกรุงธนบุรี","brand":"Tops Daily","name:en":"Tops","opening_hours":"06:00-24:00","phone":"+6628620371","shop":"supermarket","@type":"node","@id":3832008557},"geometry":{"type":"Point","coordinates":[100.4995721,13.7214667]}},{"type":"Feature","id":3832137229,"properties":{"name":"ตลาดนัดเจ๊ฝน","shop":"supermarket","@type":"node","@id":3832137229},"geometry":{"type":"Point","coordinates":[100.4995312,13.72155]}},{"type":"Feature","id":3858706148,"properties":{"brand":"Big C","brand:wikidata":"Q858665","name":"Big C","opening_hours":"Mo-Su 09:00-23:00","shop":"supermarket","@type":"node","@id":3858706148},"geometry":{"type":"Point","coordinates":[100.5421353,13.7467823]}},{"type":"Feature","id":3872542600,"properties":{"name":"Foodland","opening_hours":"24/7","shop":"supermarket","@type":"node","@id":3872542600},"geometry":{"type":"Point","coordinates":[100.329315,13.785898]}},{"type":"Feature","id":3881667236,"properties":{"name":"Villa","shop":"supermarket","@type":"node","@id":3881667236},"geometry":{"type":"Point","coordinates":[100.4056744,13.767353]}},{"type":"Feature","id":3937670899,"properties":{"addr:housenumber":"177","addr:postcode":"10110","addr:street":"Ramkhamhaeng Road","alt_name":"BigC-Huamark","brand":"Big C","brand:wikidata":"Q858665","name":"Big C","shop":"supermarket","@type":"node","@id":3937670899},"geometry":{"type":"Point","coordinates":[100.6125166,13.7558679]}},{"type":"Feature","id":4024968099,"properties":{"air_conditioning":"yes","name":"Foodland","opening_hours":"24/7","operator":"Foodland","payment:cash":"yes","payment:credit_cards":"yes","shop":"supermarket","@type":"node","@id":4024968099},"geometry":{"type":"Point","coordinates":[100.5322917,13.7288235]}},{"type":"Feature","id":4024976426,"properties":{"name":"Villa Market","operator":"Villa Market","shop":"supermarket","@type":"node","@id":4024976426},"geometry":{"type":"Point","coordinates":[100.5405517,13.7004564]}},{"type":"Feature","id":4122382191,"properties":{"name":"Market","shop":"supermarket","@type":"node","@id":4122382191},"geometry":{"type":"Point","coordinates":[100.6008781,13.706592]}},{"type":"Feature","id":4127275395,"properties":{"name":"Market","name:en":"The Paseo Plaza","opening_hours":"PH,Mo-Su 08:00-22:00","shop":"supermarket","@type":"node","@id":4127275395},"geometry":{"type":"Point","coordinates":[100.7272889,13.7203073]}},{"type":"Feature","id":4127289290,"properties":{"name":"Удобрения","shop":"supermarket","@type":"node","@id":4127289290},"geometry":{"type":"Point","coordinates":[100.7312536,13.7224828]}},{"type":"Feature","id":4132492349,"properties":{"name":"MaxValue","shop":"supermarket","@type":"node","@id":4132492349},"geometry":{"type":"Point","coordinates":[100.6099968,13.7724953]}},{"type":"Feature","id":4134821829,"properties":{"name":"CP FreshMart","shop":"supermarket","@type":"node","@id":4134821829},"geometry":{"type":"Point","coordinates":[100.5078199,13.7067885]}},{"type":"Feature","id":4143851189,"properties":{"name":"Villa Market","shop":"supermarket","@type":"node","@id":4143851189},"geometry":{"type":"Point","coordinates":[100.5760837,13.7326721]}},{"type":"Feature","id":4185753393,"properties":{"addr:street":"ถนนนครไชยศรี","name":"ตลาดศรีย่าน","opening_hours":"Mo-Su 06:00-19:00","shop":"supermarket","@type":"node","@id":4185753393},"geometry":{"type":"Point","coordinates":[100.5122071,13.7850729]}},{"type":"Feature","id":4231239932,"properties":{"name":"Sumet Cycle Company Limited 2","shop":"supermarket","@type":"node","@id":4231239932},"geometry":{"type":"Point","coordinates":[100.5448231,13.8557767]}},{"type":"Feature","id":4231243294,"properties":{"name":"ตลาดรวมทรัพย์2","shop":"supermarket","@type":"node","@id":4231243294},"geometry":{"type":"Point","coordinates":[100.5439599,13.944429]}},{"type":"Feature","id":4254764090,"properties":{"name":"7-Eleven","name:th":"이근처에숙소","shop":"supermarket","@type":"node","@id":4254764090},"geometry":{"type":"Point","coordinates":[100.4980086,13.7566822]}},{"type":"Feature","id":4281295690,"properties":{"name":"Famirymart","shop":"supermarket","@type":"node","@id":4281295690},"geometry":{"type":"Point","coordinates":[100.5807246,13.802176]}},{"type":"Feature","id":4281295891,"properties":{"name":"7Elever","shop":"supermarket","@type":"node","@id":4281295891},"geometry":{"type":"Point","coordinates":[100.5795313,13.8210141]}},{"type":"Feature","id":4281295892,"properties":{"name":"7-Eleven","shop":"supermarket","@type":"node","@id":4281295892},"geometry":{"type":"Point","coordinates":[100.5795533,13.8203247]}},{"type":"Feature","id":4281295991,"properties":{"name":"Familymart","shop":"supermarket","@type":"node","@id":4281295991},"geometry":{"type":"Point","coordinates":[100.5913966,13.8184837]}},{"type":"Feature","id":4281295992,"properties":{"name":"Lotus Expled","shop":"supermarket","@type":"node","@id":4281295992},"geometry":{"type":"Point","coordinates":[100.5794393,13.8218877]}},{"type":"Feature","id":4281296390,"properties":{"name":"7-Eleven","shop":"supermarket","@type":"node","@id":4281296390},"geometry":{"type":"Point","coordinates":[100.5812234,13.8219554]}},{"type":"Feature","id":4281320989,"properties":{"name":"7-Eleven","shop":"supermarket","@type":"node","@id":4281320989},"geometry":{"type":"Point","coordinates":[100.5807699,13.8030989]}},{"type":"Feature","id":4281321089,"properties":{"name":"Familymart","shop":"supermarket","@type":"node","@id":4281321089},"geometry":{"type":"Point","coordinates":[100.5843126,13.800232]}},{"type":"Feature","id":4281321090,"properties":{"name":"7-Eleven","shop":"supermarket","@type":"node","@id":4281321090},"geometry":{"type":"Point","coordinates":[100.5892752,13.8183424]}},{"type":"Feature","id":4281321189,"properties":{"name":"7-Eleven","shop":"supermarket","@type":"node","@id":4281321189},"geometry":{"type":"Point","coordinates":[100.5795699,13.8182449]}},{"type":"Feature","id":4326800095,"properties":{"air_conditioning":"yes","name":"Mini Big C","shop":"supermarket","source":"survey","source:date":"2016-07-29","@type":"node","@id":4326800095},"geometry":{"type":"Point","coordinates":[100.6900369,13.9218181]}},{"type":"Feature","id":4327986996,"properties":{"name":"Lotus Supermarket","shop":"supermarket","@type":"node","@id":4327986996},"geometry":{"type":"Point","coordinates":[100.5988226,13.9253026]}},{"type":"Feature","id":4355467996,"properties":{"name:en":"Klongsan Plaza","shop":"supermarket","@type":"node","@id":4355467996},"geometry":{"type":"Point","coordinates":[100.50899,13.7285285]}},{"type":"Feature","id":4355476691,"properties":{"name:en":"7-11","shop":"supermarket","@type":"node","@id":4355476691},"geometry":{"type":"Point","coordinates":[100.4977334,13.7241023]}},{"type":"Feature","id":4357829492,"properties":{"name":"Fresh Market","shop":"supermarket","@type":"node","@id":4357829492},"geometry":{"type":"Point","coordinates":[100.4484722,13.8523473]}},{"type":"Feature","id":4357862989,"properties":{"name":"Tesco lotus","shop":"supermarket","@type":"node","@id":4357862989},"geometry":{"type":"Point","coordinates":[100.4499923,13.8887249]}},{"type":"Feature","id":4376747139,"properties":{"addr:city":"กรุงเทพมหานคร","addr:housenumber":"43/1","addr:postcode":"10310","addr:street":"รามคำแหง พลับพลา วังทองหลาง","description":"จำหน่ายกล้องSj4000,Sj5000,Sj5000+ ภายใต้แบรนด์ SJCAM ปลีก-ส่ง รวมถึงนำเข้าอุปกรณ์เสริมจากต่างประเทศหลายรายการ","name":"Rich-Network","opening_hours":"10:00-16:00น., 21:00-23:30","phone":"0807778500","shop":"supermarket","website":"https://www.rich-network.com/","@type":"node","@id":4376747139},"geometry":{"type":"Point","coordinates":[100.6159446,13.7625047]}},{"type":"Feature","id":4404027290,"properties":{"name:en":"Kaungthum( local car market)","shop":"supermarket","@type":"node","@id":4404027290},"geometry":{"type":"Point","coordinates":[100.5062238,13.7455763]}},{"type":"Feature","id":4405593690,"properties":{"addr:street":"ถนนเพชรบุรี","name:en":"Food Land Supermarket","opening_hours":"24/7","shop":"supermarket","@type":"node","@id":4405593690},"geometry":{"type":"Point","coordinates":[100.5913697,13.7434462]}},{"type":"Feature","id":4410706590,"properties":{"name:en":"Top Daily","shop":"supermarket","@type":"node","@id":4410706590},"geometry":{"type":"Point","coordinates":[100.5997906,13.7399217]}},{"type":"Feature","id":4410737189,"properties":{"addr:district":"Suan Luang","addr:housenumber":"999/1","addr:postcode":"10250","addr:province":"Bangkok","addr:street":"ถนนพระราม 9","addr:subdistrict":"Suan Luang","branch":"พระราม 9 เดอะไนน์","brand":"MaxValu","brand:wikidata":"Q11340427","check_date":"2026-07-12","name":"MaxValu","name:en":"MaxValu","opening_hours":"07:00-23:00","payment:cash":"yes","payment:credit_cards":"yes","payment:debit_cards":"yes","phone":"+66231851189","shop":"supermarket","wheelchair":"yes","@type":"node","@id":4410737189},"geometry":{"type":"Point","coordinates":[100.6239542,13.7413598]}},{"type":"Feature","id":4411449997,"properties":{"name":"Bobye market","name:en":"Bobye market","shop":"supermarket","@type":"node","@id":4411449997},"geometry":{"type":"Point","coordinates":[100.5152219,13.7570583]}},{"type":"Feature","id":4414830191,"properties":{"name:en":"Street Market","shop":"supermarket","@type":"node","@id":4414830191},"geometry":{"type":"Point","coordinates":[100.6155243,13.6917344]}},{"type":"Feature","id":4417875907,"properties":{"name:en":"Nigth market- Patpong","shop":"supermarket","@type":"node","@id":4417875907},"geometry":{"type":"Point","coordinates":[100.5312284,13.7297445]}},{"type":"Feature","id":4427437390,"properties":{"name:en":"StreetMarket","shop":"supermarket","@type":"node","@id":4427437390},"geometry":{"type":"Point","coordinates":[100.5984565,13.7196826]}},{"type":"Feature","id":4466123793,"properties":{"name:en":"Max Valu Tanjai","shop":"supermarket","source":"GPS","@type":"node","@id":4466123793},"geometry":{"type":"Point","coordinates":[100.6020023,13.7044389]}},{"type":"Feature","id":4484464975,"properties":{"access":"customers","name":"Gourmet Market","name:th":"กูร์เม่ต์ มาร์เก็ต","parking":"surface","shop":"supermarket","@type":"node","@id":4484464975},"geometry":{"type":"Point","coordinates":[100.6908504,13.6458746]}},{"type":"Feature","id":4518785090,"properties":{"name":"lemon farm","name:en":"Lemon Farm","shop":"supermarket","@type":"node","@id":4518785090},"geometry":{"type":"Point","coordinates":[100.5801729,13.7261831]}},{"type":"Feature","id":4550172296,"properties":{"name":"Chatuchak","shop":"supermarket","@type":"node","@id":4550172296},"geometry":{"type":"Point","coordinates":[100.5503774,13.8003893]}},{"type":"Feature","id":4550886890,"properties":{"name:en":"Tops Daily","shop":"supermarket","@type":"node","@id":4550886890},"geometry":{"type":"Point","coordinates":[100.4953538,13.7232641]}},{"type":"Feature","id":4554798790,"properties":{"name:en":"7 Eleven","shop":"supermarket","@type":"node","@id":4554798790},"geometry":{"type":"Point","coordinates":[100.4954415,13.7224227]}},{"type":"Feature","id":4557515606,"properties":{"name:en":"Soi 5","shop":"supermarket","@type":"node","@id":4557515606},"geometry":{"type":"Point","coordinates":[100.5759506,13.8787503]}},{"type":"Feature","id":4560017791,"properties":{"name:en":"Tesco Lotus","shop":"supermarket","@type":"node","@id":4560017791},"geometry":{"type":"Point","coordinates":[100.8279782,13.5062037]}},{"type":"Feature","id":4560113689,"properties":{"alt_name":"Tesco Lotus","brand":"Lotus's","brand:en":"Lotus's","brand:th":"โลตัส","brand:wikidata":"Q2378901","name":"Lotus's","name:en":"Lotus's","name:th":"โลตัส","shop":"supermarket","@type":"node","@id":4560113689},"geometry":{"type":"Point","coordinates":[100.6687633,13.5212703]}},{"type":"Feature","id":4580611301,"properties":{"addr:postcode":"10210","name:en":"7-Eleven","shop":"supermarket","@type":"node","@id":4580611301},"geometry":{"type":"Point","coordinates":[100.5985536,13.9242539]}},{"type":"Feature","id":4580876791,"properties":{"name:en":"Seven eleven","shop":"supermarket","@type":"node","@id":4580876791},"geometry":{"type":"Point","coordinates":[100.5990917,13.9269017]}},{"type":"Feature","id":4595976592,"properties":{"name:en":"Bang Khu Wiang Floating Market","shop":"supermarket","@type":"node","@id":4595976592},"geometry":{"type":"Point","coordinates":[100.4230288,13.8277466]}},{"type":"Feature","id":4596331102,"properties":{"name:en":"Maxvalu Supermarket","name:ko":"맥스벨류 슈퍼마켓","shop":"supermarket","@type":"node","@id":4596331102},"geometry":{"type":"Point","coordinates":[100.534591,13.6998365]}},{"type":"Feature","id":4614156900,"properties":{"name":"โลต้ส บางประกอก","name:th":"โลต้ส บางประกอก","shop":"supermarket","@type":"node","@id":4614156900},"geometry":{"type":"Point","coordinates":[100.4817984,13.6562446]}},{"type":"Feature","id":4615748390,"properties":{"name:en":"MaxValu Tanjai","opening_hours":"24/7","shop":"supermarket","@type":"node","@id":4615748390},"geometry":{"type":"Point","coordinates":[100.5635588,13.7300402]}},{"type":"Feature","id":4620345889,"properties":{"name":"วิลล่า มาร์เก็ต สาขาราชพฤกษ์","name:en":"Villa Market (HomePro Ratchapruk)","name:th":"วิลล่า มาร์เก็ต สาขาราชพฤกษ์","shop":"supermarket","website":"https://shoponline.villamarket.com/","@type":"node","@id":4620345889},"geometry":{"type":"Point","coordinates":[100.4481353,13.8202695]}},{"type":"Feature","id":4653346791,"properties":{"name:ko":"K-MARKET 라차다","shop":"supermarket","@type":"node","@id":4653346791},"geometry":{"type":"Point","coordinates":[100.570567,13.7669689]}},{"type":"Feature","id":4658253189,"properties":{"brand":"Tops","brand:en":"Tops","brand:th":"ท็อปส์","brand:wikidata":"Q7825140","name":"Tops","name:en":"Tops","name:th":"ท็อปส์","shop":"supermarket","@type":"node","@id":4658253189},"geometry":{"type":"Point","coordinates":[100.4788705,13.7516884]}},{"type":"Feature","id":4658462289,"properties":{"name:en":"Makro Samut Sakhon","shop":"supermarket","@type":"node","@id":4658462289},"geometry":{"type":"Point","coordinates":[100.3033106,13.5696786]}},{"type":"Feature","id":4731500422,"properties":{"brand":"Tops","brand:en":"Tops","brand:th":"ท็อปส์","brand:wikidata":"Q7825140","name":"Tops","name:de":"Tops","name:en":"Tops","name:th":"ท็อปส์","shop":"supermarket","@type":"node","@id":4731500422},"geometry":{"type":"Point","coordinates":[100.5351899,13.7282518]}},{"type":"Feature","id":4755790435,"properties":{"name:en":"Tops Supermarket","shop":"supermarket","@type":"node","@id":4755790435},"geometry":{"type":"Point","coordinates":[100.6882965,13.8134471]}},{"type":"Feature","id":4770392021,"properties":{"internet_access":"wlan","name":"ตั้ง ฮั่ว เส็ง","name:en":"Tang Hua Seng","name:th":"Dang Hua Seng","shop":"supermarket","@type":"node","@id":4770392021},"geometry":{"type":"Point","coordinates":[100.4828568,13.7880911]}},{"type":"Feature","id":4780363526,"properties":{"name":"Tesco ตลาด​วัดไพร่ฟ้า","name:th":"Tesco ตลาด​วัดไพร่ฟ้า","shop":"supermarket","@type":"node","@id":4780363526},"geometry":{"type":"Point","coordinates":[100.5141893,13.9804792]}},{"type":"Feature","id":4782154822,"properties":{"name":"Max Valu Supermarket","shop":"supermarket","@type":"node","@id":4782154822},"geometry":{"type":"Point","coordinates":[100.4747294,13.779275]}},{"type":"Feature","id":4783966023,"properties":{"name:zh":"泰国特产批发处","shop":"supermarket","@type":"node","@id":4783966023},"geometry":{"type":"Point","coordinates":[100.6502463,13.7972861]}},{"type":"Feature","id":4804033721,"properties":{"name":"Lotus's go fresh","opening_hours":"PH,Mo-Su 08:00-21:00","shop":"supermarket","@type":"node","@id":4804033721},"geometry":{"type":"Point","coordinates":[100.4291361,13.8975444]}},{"type":"Feature","id":4809300321,"properties":{"name":"BIG C","name:th":"BIG C","shop":"supermarket","@type":"node","@id":4809300321},"geometry":{"type":"Point","coordinates":[100.5747048,13.5769399]}},{"type":"Feature","id":4812526324,"properties":{"name:en":"Tops SKR Prapradang","shop":"supermarket","@type":"node","@id":4812526324},"geometry":{"type":"Point","coordinates":[100.5180986,13.6592049]}},{"type":"Feature","id":4817262327,"properties":{"name":"District EM shopping malls","name:th":"District EM shopping malls","shop":"supermarket","@type":"node","@id":4817262327},"geometry":{"type":"Point","coordinates":[100.5697999,13.7306812]}},{"type":"Feature","id":4875822623,"properties":{"name:en":"Gourmet SB Rachapruek","shop":"supermarket","@type":"node","@id":4875822623},"geometry":{"type":"Point","coordinates":[100.4489343,13.8094598]}},{"type":"Feature","id":4907286422,"properties":{"shop":"supermarket","@type":"node","@id":4907286422},"geometry":{"type":"Point","coordinates":[100.5377974,13.7471206]}},{"type":"Feature","id":4938214921,"properties":{"name":"Villa Market","name:en":"Villa Market Nichada Thani","shop":"supermarket","@type":"node","@id":4938214921},"geometry":{"type":"Point","coordinates":[100.5388912,13.8915899]}},{"type":"Feature","id":5026532622,"properties":{"name":"T-Super","name:th":"T-Super","opening_hours":"Mo-Su 09:00-21:00","shop":"supermarket","@type":"node","@id":5026532622},"geometry":{"type":"Point","coordinates":[100.5762368,13.7259745]}},{"type":"Feature","id":5048002551,"properties":{"name":"Tanjai","operator":"Aeon","shop":"supermarket","@type":"node","@id":5048002551},"geometry":{"type":"Point","coordinates":[100.5400654,13.8565346]}},{"type":"Feature","id":5088450302,"properties":{"name":"Mini Big C","opening_hours":"24/7","payment:app":"yes","payment:cash":"yes","shop":"supermarket","@type":"node","@id":5088450302},"geometry":{"type":"Point","coordinates":[100.7902363,13.7570086]}},{"type":"Feature","id":5180132621,"properties":{"name:en":"proud market","shop":"supermarket","@type":"node","@id":5180132621},"geometry":{"type":"Point","coordinates":[100.5744379,13.7527203]}},{"type":"Feature","id":5185058394,"properties":{"addr:city":"บางแค","addr:postcode":"10160","addr:street":"ถนนเพชรเกษม","name":"Foodland","opening_hours":"24/7","shop":"supermarket","@type":"node","@id":5185058394},"geometry":{"type":"Point","coordinates":[100.3754805,13.7067501]}},{"type":"Feature","id":5194206521,"properties":{"addr:street":"ตรอกพันธจิตต์ 2","name:de":"Minimarkt","name:en":"Minimarkt","shop":"supermarket","@type":"node","@id":5194206521},"geometry":{"type":"Point","coordinates":[100.51424,13.7415551]}},{"type":"Feature","id":5259652185,"properties":{"addr:postcode":"10150","addr:province":"กรุงเทพมหานคร","addr:street":"พระรามที่2 ซอย18","name":"Lotus's go fresh","opening_hours":"24/7","operator":"Ek-Chai Distribution System Co., Ltd.","shop":"supermarket","@type":"node","@id":5259652185},"geometry":{"type":"Point","coordinates":[100.4738961,13.6825681]}},{"type":"Feature","id":5304732122,"properties":{"addr:housenumber":"156","addr:street":"ถนนจักรพงษ์","addr:subdistrict":"แขวงตลาดยอด","alt_name:en":"Krungdeb Co-Op;Bangkok Co-Op;Bangkok Co-Operative Store Limited","alt_name:th":"สหกรณ์กรุงเทพ;ร้านสหกรณ์กรุงเทพ","branch":"บางลำพู","fax":"+66 2 281 8228","name":"ร้านสหกรณ์ กรุงเทพ จำกัด","name:en":"Krungdeb Co-Operative Store Limited","name:th":"ร้านสหกรณ์ กรุงเทพ จำกัด","opening_hours":"Mo-Su 09:30-18:30;PH open","phone":"+66 2 281 8228;+66 2 282 2489;+66 2 629 4265; +66 2 629 4266","shop":"supermarket","website":"http://krungdeb-coop.com/","@type":"node","@id":5304732122},"geometry":{"type":"Point","coordinates":[100.4972216,13.7610513]}},{"type":"Feature","id":5345498922,"properties":{"name:en":"Makro food","shop":"supermarket","@type":"node","@id":5345498922},"geometry":{"type":"Point","coordinates":[100.5814515,13.7315559]}},{"type":"Feature","id":5392863821,"properties":{"addr:street":"ถนนแจ้งวัฒนะ","name:en":"Villa mart","name:ko":"빌라 마트","shop":"supermarket","@type":"node","@id":5392863821},"geometry":{"type":"Point","coordinates":[100.5576034,13.8949322]}},{"type":"Feature","id":5447274264,"properties":{"brand":"MaxValu","brand:wikidata":"Q11340427","name":"MaxValu","opening_hours":"24/7","shop":"supermarket","@type":"node","@id":5447274264},"geometry":{"type":"Point","coordinates":[100.4507878,13.7089153]}},{"type":"Feature","id":5470860124,"properties":{"name:en":"7eleven","shop":"supermarket","@type":"node","@id":5470860124},"geometry":{"type":"Point","coordinates":[100.5277791,13.7275367]}},{"type":"Feature","id":5470868323,"properties":{"name:en":"7eleven","shop":"supermarket","@type":"node","@id":5470868323},"geometry":{"type":"Point","coordinates":[100.5284832,13.7281997]}},{"type":"Feature","id":5521930829,"properties":{"name":"Lotus's go fresh","opening_hours":"24/7","shop":"supermarket","@type":"node","@id":5521930829},"geometry":{"type":"Point","coordinates":[100.7290499,13.6911348]}},{"type":"Feature","id":5584354158,"properties":{"air_conditioning":"yes","brand":"MaxValu","brand:wikidata":"Q11340427","name":"MaxValu","opening_hours":"24/7","shop":"supermarket","@type":"node","@id":5584354158},"geometry":{"type":"Point","coordinates":[100.6949654,13.9233255]}},{"type":"Feature","id":5616509166,"properties":{"name":"Lemon Farm","opening_hours":"Mo-Su 10:00-21:30","organic":"only","shop":"supermarket","@type":"node","@id":5616509166},"geometry":{"type":"Point","coordinates":[100.5800987,13.7261366]}},{"type":"Feature","id":5622487521,"properties":{"name:en":"Makro","shop":"supermarket","@type":"node","@id":5622487521},"geometry":{"type":"Point","coordinates":[100.5358371,13.7101335]}},{"type":"Feature","id":5626526521,"properties":{"shop":"supermarket","@type":"node","@id":5626526521},"geometry":{"type":"Point","coordinates":[100.4105847,13.8782215]}},{"type":"Feature","id":5658795746,"properties":{"brand":"Tops","brand:th":"ท็อปส์","brand:wikidata":"Q7825140","name":"Tops","shop":"supermarket","@type":"node","@id":5658795746},"geometry":{"type":"Point","coordinates":[100.5918532,13.714466]}},{"type":"Feature","id":5817055253,"properties":{"addr:housenumber":"75/30-33","addr:postcode":"10240","addr:street":"ถนนนวมินทร์","email":"pdinfah@gmail.com","name":"บ. เพื่อนดินฟ้า จำกัด","name:en":"Pdinfah","opening_hours":"Tu-Fr 08:00-17:00; Sa-Su 07:30-17:00","phone":"023752549","shop":"supermarket","website":"http://pdinfah.com","@type":"node","@id":5817055253},"geometry":{"type":"Point","coordinates":[100.6505671,13.7971179]}},{"type":"Feature","id":5874767821,"properties":{"name":"Golden Place","payment:cash":"yes","payment:credit_cards":"yes","shop":"supermarket","@type":"node","@id":5874767821},"geometry":{"type":"Point","coordinates":[100.5966148,13.7623301]}},{"type":"Feature","id":5902026985,"properties":{"addr:housenumber":"#l4","level":"G","name:en":"Tops supermarket","opening_hours":"Mo-Su 10:00-22:00","payment:cash":"yes","payment:credit_cards":"yes","payment:debit_cards":"yes","payment:mastercard":"yes","payment:mastercard_contactless":"yes","payment:thai_qr":"yes","payment:visa":"yes","payment:visa_debit":"yes","shop":"supermarket","@type":"node","@id":5902026985},"geometry":{"type":"Point","coordinates":[100.5299853,13.7444727]}},{"type":"Feature","id":6007360629,"properties":{"branch":"Lumlukka klong 4","brand":"Big C","brand:wikidata":"Q858665","brand:wikipedia":"en:Big C","level":"1","name":"Big C","shop":"supermarket","@type":"node","@id":6007360629},"geometry":{"type":"Point","coordinates":[100.6819805,13.9340436]}},{"type":"Feature","id":6009420724,"properties":{"brand":"Big C","brand:wikidata":"Q858665","brand:wikipedia":"en:Big C","name":"Big C","shop":"supermarket","@type":"node","@id":6009420724},"geometry":{"type":"Point","coordinates":[100.666494,13.922747]}},{"type":"Feature","id":6012511591,"properties":{"brand":"Big C","brand:wikidata":"Q858665","name":"Big C","shop":"supermarket","@type":"node","@id":6012511591},"geometry":{"type":"Point","coordinates":[100.65459,13.8884056]}},{"type":"Feature","id":6022338686,"properties":{"name":"ตลาดสดไอยรา","shop":"supermarket","@type":"node","@id":6022338686},"geometry":{"type":"Point","coordinates":[100.6349156,14.0795763]}},{"type":"Feature","id":6059978137,"properties":{"brand":"MaxValu","brand:wikidata":"Q11340427","name":"MaxValu","shop":"supermarket","@type":"node","@id":6059978137},"geometry":{"type":"Point","coordinates":[100.5919543,13.8190137]}},{"type":"Feature","id":6068369586,"properties":{"name:en":"Street Market","shop":"supermarket","@type":"node","@id":6068369586},"geometry":{"type":"Point","coordinates":[100.6550967,13.9215754]}},{"type":"Feature","id":6179946671,"properties":{"brand":"Tesco Express","brand:wikidata":"Q487494","brand:wikipedia":"en:Tesco","name":"Tesco Express","shop":"supermarket","@type":"node","@id":6179946671},"geometry":{"type":"Point","coordinates":[100.4794519,13.845123]}},{"type":"Feature","id":6259484786,"properties":{"name:es":"comercio chinos todo el callejón, por mayor y público","shop":"supermarket","@type":"node","@id":6259484786},"geometry":{"type":"Point","coordinates":[100.5022645,13.7442544]}},{"type":"Feature","id":6274385791,"properties":{"shop":"supermarket","@type":"node","@id":6274385791},"geometry":{"type":"Point","coordinates":[100.5005644,13.7582763]}},{"type":"Feature","id":6274385894,"properties":{"shop":"supermarket","@type":"node","@id":6274385894},"geometry":{"type":"Point","coordinates":[100.5073398,13.7554337]}},{"type":"Feature","id":6274391191,"properties":{"shop":"supermarket","@type":"node","@id":6274391191},"geometry":{"type":"Point","coordinates":[100.501195,13.7649051]}},{"type":"Feature","id":6274453793,"properties":{"name:en":". Agic Minimart","shop":"supermarket","@type":"node","@id":6274453793},"geometry":{"type":"Point","coordinates":[100.6038378,13.922522]}},{"type":"Feature","id":6274460185,"properties":{"shop":"supermarket","@type":"node","@id":6274460185},"geometry":{"type":"Point","coordinates":[100.4997307,13.7621351]}},{"type":"Feature","id":6274467685,"properties":{"shop":"supermarket","@type":"node","@id":6274467685},"geometry":{"type":"Point","coordinates":[100.6002275,13.9235542]}},{"type":"Feature","id":6274467785,"properties":{"shop":"supermarket","@type":"node","@id":6274467785},"geometry":{"type":"Point","coordinates":[100.5999606,13.9236382]}},{"type":"Feature","id":6276437786,"properties":{"name:de":"Markthalle","shop":"supermarket","@type":"node","@id":6276437786},"geometry":{"type":"Point","coordinates":[100.5155554,13.7904215]}},{"type":"Feature","id":6287460726,"properties":{"shop":"supermarket","@type":"node","@id":6287460726},"geometry":{"type":"Point","coordinates":[100.5156949,13.7302684]}},{"type":"Feature","id":6287460729,"properties":{"shop":"supermarket","@type":"node","@id":6287460729},"geometry":{"type":"Point","coordinates":[100.5181364,13.7204564]}},{"type":"Feature","id":6304826866,"properties":{"shop":"supermarket","@type":"node","@id":6304826866},"geometry":{"type":"Point","coordinates":[100.5962451,13.7936189]}},{"type":"Feature","id":6310465055,"properties":{"addr:housenumber":"15","addr:postcode":"10400","addr:province":"กรุงเทพมหานคร","addr:street":"Phayathai Rd, Khwaeng Thanon Phaya Thai, Khet Ratchathewi, Krung Thep Maha Nakhon 10400","level":"-1","name":"Tops Market Century Plaza","opening_hours":"Mo-Su 10:00-21:30","shop":"supermarket","@type":"node","@id":6310465055},"geometry":{"type":"Point","coordinates":[100.5368679,13.7615962]}},{"type":"Feature","id":6315288800,"properties":{"shop":"supermarket","@type":"node","@id":6315288800},"geometry":{"type":"Point","coordinates":[100.3275709,13.7960554]}},{"type":"Feature","id":6338208385,"properties":{"name:en":"Tops Market","shop":"supermarket","@type":"node","@id":6338208385},"geometry":{"type":"Point","coordinates":[100.494723,13.7269434]}},{"type":"Feature","id":6338208585,"properties":{"name":"Tops Market","name:en":"Tops Market","shop":"supermarket","@type":"node","@id":6338208585},"geometry":{"type":"Point","coordinates":[100.538856,13.7475332]}},{"type":"Feature","id":6342580556,"properties":{"brand":"Tesco Express","brand:wikidata":"Q487494","name":"Tesco Express","opening_hours":"24/7","shop":"supermarket","@type":"node","@id":6342580556},"geometry":{"type":"Point","coordinates":[100.4955941,13.8434654]}},{"type":"Feature","id":6344803033,"properties":{"airconditioned":"yes","name":"Lotus Express","opening_hours":"24/7","shop":"supermarket","@type":"node","@id":6344803033},"geometry":{"type":"Point","coordinates":[100.6725203,13.9077333]}},{"type":"Feature","id":6372474517,"properties":{"name":"P&P Supermarket","name:en":"P&P Supermarket","name:th":"พีแอนด์พี ซุปเปอร์มาร์เก็ต","opening_hours":"Mo-Su 09:00-18:00","payment:cash":"yes","shop":"supermarket","@type":"node","@id":6372474517},"geometry":{"type":"Point","coordinates":[100.5104956,13.6974322]}},{"type":"Feature","id":6391889310,"properties":{"shop":"supermarket","@type":"node","@id":6391889310},"geometry":{"type":"Point","coordinates":[100.5115196,13.7846077]}},{"type":"Feature","id":6391901498,"properties":{"name:de":"Marktplatz","shop":"supermarket","@type":"node","@id":6391901498},"geometry":{"type":"Point","coordinates":[100.5117904,13.7849486]}},{"type":"Feature","id":6453568491,"properties":{"name":"7-11 กลางซอยพัฒนาการ38","shop":"supermarket","@type":"node","@id":6453568491},"geometry":{"type":"Point","coordinates":[100.626648,13.7316044]}},{"type":"Feature","id":6542258086,"properties":{"name":"marche local","shop":"supermarket","@type":"node","@id":6542258086},"geometry":{"type":"Point","coordinates":[100.5042039,13.7697672]}},{"type":"Feature","id":6574977229,"properties":{"alt_name":"Big C Supercenter","brand":"Big C","brand:wikidata":"Q858665","brand:wikipedia":"en:Big C","name":"Big C","opening_hours":"Mo-Su 09:00-23:00","shop":"supermarket","@type":"node","@id":6574977229},"geometry":{"type":"Point","coordinates":[100.5962275,13.6504766]}},{"type":"Feature","id":6579501477,"properties":{"name":"MR.DIY","shop":"supermarket","@type":"node","@id":6579501477},"geometry":{"type":"Point","coordinates":[100.6469485,14.0662608]}},{"type":"Feature","id":6594505985,"properties":{"name:en":"Jatujak market","shop":"supermarket","@type":"node","@id":6594505985},"geometry":{"type":"Point","coordinates":[100.5502756,13.7989857]}},{"type":"Feature","id":6765221927,"properties":{"branch":"Rattanathibet","brand":"Tesco","brand:wikidata":"Q487494","brand:wikipedia":"en:Tesco","name":"Tesco","opening_hours":"Mo-Su 08:00-23:00","shop":"supermarket","@type":"node","@id":6765221927},"geometry":{"type":"Point","coordinates":[100.5185678,13.8617511]}},{"type":"Feature","id":6811740598,"properties":{"name":"ตลาดนครฉลองกรุง","shop":"supermarket","@type":"node","@id":6811740598},"geometry":{"type":"Point","coordinates":[100.800169,13.7593549]}},{"type":"Feature","id":6849444472,"properties":{"name:en":"Golden Place","shop":"supermarket","@type":"node","@id":6849444472},"geometry":{"type":"Point","coordinates":[100.4803761,13.7595285]}},{"type":"Feature","id":6854994686,"properties":{"name:en":"Green Net Cooperative","shop":"supermarket","@type":"node","@id":6854994686},"geometry":{"type":"Point","coordinates":[100.5853522,13.7924886]}},{"type":"Feature","id":6856891331,"properties":{"shop":"supermarket","@type":"node","@id":6856891331},"geometry":{"type":"Point","coordinates":[100.5581668,13.7450502]}},{"type":"Feature","id":6938716669,"properties":{"brand":"Big C","brand:en":"Big C","brand:th":"บิ๊กซี","brand:wikidata":"Q858665","name":"Big C","name:en":"Big C","name:th":"บิ๊กซี","shop":"supermarket","@type":"node","@id":6938716669},"geometry":{"type":"Point","coordinates":[100.6617292,13.8411833]}},{"type":"Feature","id":7053732385,"properties":{"name":"Foodland Rama II","name:en":"Foodland Rama II","shop":"supermarket","@type":"node","@id":7053732385},"geometry":{"type":"Point","coordinates":[100.4526173,13.6687227]}},{"type":"Feature","id":7068163970,"properties":{"name":"Tops daily","shop":"supermarket","@type":"node","@id":7068163970},"geometry":{"type":"Point","coordinates":[100.6915961,13.7344543]}},{"type":"Feature","id":7165369485,"properties":{"name:en":"Tesco Lotus","shop":"supermarket","@type":"node","@id":7165369485},"geometry":{"type":"Point","coordinates":[100.4120145,13.923762]}},{"type":"Feature","id":7178955085,"properties":{"name:en":"Local Market","shop":"supermarket","@type":"node","@id":7178955085},"geometry":{"type":"Point","coordinates":[100.5830881,13.7718951]}},{"type":"Feature","id":7235037481,"properties":{"brand":"Tops","brand:th":"ท็อปส์","brand:wikidata":"Q7825140","level":"0","name":"Tops","opening_hours":"Mo-Su 11:00-22:00","shop":"supermarket","@type":"node","@id":7235037481},"geometry":{"type":"Point","coordinates":[100.6013363,13.7056355]}},{"type":"Feature","id":7274217185,"properties":{"name:de":"Silom Night Market","shop":"supermarket","@type":"node","@id":7274217185},"geometry":{"type":"Point","coordinates":[100.5325218,13.7282256]}},{"type":"Feature","id":7289745264,"properties":{"branch":"เมืองทองธานี คอสโม","brand":"MaxValu","brand:wikidata":"Q11340427","check_date":"2026-06-27","level":"1","name":"MaxValu","opening_hours":"24/7","payment:cash":"yes","payment:credit_cards":"yes","payment:debit_cards":"yes","phone":"0205682403","shop":"supermarket","wheelchair":"yes","@type":"node","@id":7289745264},"geometry":{"type":"Point","coordinates":[100.5527611,13.9123821]}},{"type":"Feature","id":7325627585,"properties":{"name:en":"7-11","opening_hours":"24/7","shop":"supermarket","@type":"node","@id":7325627585},"geometry":{"type":"Point","coordinates":[100.481813,13.6824293]}},{"type":"Feature","id":7404728985,"properties":{"name":"CNC","shop":"supermarket","@type":"node","@id":7404728985},"geometry":{"type":"Point","coordinates":[100.5069412,13.7457227]}},{"type":"Feature","id":7515085456,"properties":{"brand":"Tesco Lotus","brand:wikidata":"Q2378901","brand:wikipedia":"th:เทสโก้ โลตัส","name":"Tesco Lotus","shop":"supermarket","@type":"node","@id":7515085456},"geometry":{"type":"Point","coordinates":[100.6075177,13.6613761]}},{"type":"Feature","id":7616967281,"properties":{"name":"ซีเจ เอ็กเพรส","name:en":"CJ Express","name:th":"ซีเจ เอ็กเพรส","shop":"supermarket","website":"https://www.cjexpress.co.th/","@type":"node","@id":7616967281},"geometry":{"type":"Point","coordinates":[100.4718037,13.8367156]}},{"type":"Feature","id":7684788215,"properties":{"name":"Makro Food Service","name:th":"แม็คโคร ฟู้ดเซอร์วิส บางปู","shop":"supermarket","@type":"node","@id":7684788215},"geometry":{"type":"Point","coordinates":[100.6196112,13.5409376]}},{"type":"Feature","id":8057808202,"properties":{"addr:housenumber":"----","addr:postcode":"74000","addr:street":"ถนนพระรามที่ 2","name":"ร้านบ้านต้นไม้","opening_hours":"Mo-Su 09:30-18:00","payment:cash":"yes","phone":"0972259662","shop":"supermarket","website":"https://web.facebook.com/Banntonmaimoo4/settings/?tab=page_info","@type":"node","@id":8057808202},"geometry":{"type":"Point","coordinates":[100.2934202,13.5731922]}},{"type":"Feature","id":8067099410,"properties":{"brand":"SPAR","name":"SPAR Fresh & Easy Food Market","shop":"supermarket","@type":"node","@id":8067099410},"geometry":{"type":"Point","coordinates":[100.5384931,13.9097233]}},{"type":"Feature","id":8170053819,"properties":{"addr:postcode":"10400","name:en":"7-Eleven","shop":"supermarket","@type":"node","@id":8170053819},"geometry":{"type":"Point","coordinates":[100.5445012,13.7810737]}},{"type":"Feature","id":8274256539,"properties":{"branch":"เดลี่รพ.ศิครินทร์บางนา","brand":"Tops","brand:en":"Tops","brand:th":"ท็อปส์","brand:wikidata":"Q7825140","name":"Tops","name:en":"Tops","name:th":"ท็อปส์","shop":"supermarket","@type":"node","@id":8274256539},"geometry":{"type":"Point","coordinates":[100.645468,13.6550405]}},{"type":"Feature","id":8360381388,"properties":{"addr:city":"แขวงสามวาตะวันตก","addr:housenumber":"17/5","addr:postcode":"10510","addr:street":"หนองระแหง4","name":"K SHOP อะไหล่แต่งรถยนต์","opening_hours":"24/7","phone":"+66 934474282","shop":"supermarket","@type":"node","@id":8360381388},"geometry":{"type":"Point","coordinates":[100.6933146,13.9154671]}},{"type":"Feature","id":8390597149,"properties":{"addr:city":"นนทบุรี","addr:housenumber":"28/1 หมู่ 7 หนองเพราะงาย ไทรน้อย","addr:postcode":"11150","name":"ร้าน วี ตะวัน ช๊อป","payment:cash":"yes","shop":"supermarket","@type":"node","@id":8390597149},"geometry":{"type":"Point","coordinates":[100.3308098,13.8919944]}},{"type":"Feature","id":8622827947,"properties":{"addr:city":"แพรกษา","addr:housenumber":"134/62-63","addr:postcode":"10280","addr:street":"เทพารักษ์","name":"Deepwheelthailand","opening_hours":"10:00-22:00","payment:cash":"yes","payment:credit_cards":"yes","phone":"0858361620","shop":"supermarket","website":"https://www.facebook.com/Deepwheelthailand","@type":"node","@id":8622827947},"geometry":{"type":"Point","coordinates":[100.6571962,13.5823326]}},{"type":"Feature","id":8818331736,"properties":{"brand":"Tops","brand:th":"ท็อปส์","brand:wikidata":"Q7825140","brand:wikipedia":"en:Tops Friendly Markets","name":"Tops","official_name":"Tops Friendly Markets","opening_hours":"PH,Mo-Su 09:00-22:00","shop":"supermarket","@type":"node","@id":8818331736},"geometry":{"type":"Point","coordinates":[100.6503835,13.6654316]}},{"type":"Feature","id":8819425548,"properties":{"name":"Lemon Farm","organic":"only","shop":"supermarket","@type":"node","@id":8819425548},"geometry":{"type":"Point","coordinates":[100.6507037,13.6653627]}},{"type":"Feature","id":8873830843,"properties":{"addr:city":"แขวงสวนหลวง","addr:housenumber":"1469/5","addr:postcode":"10250","addr:street":"พัฒนาการ 31/1","name":"CIVILI MALL","shop":"supermarket","website":"https://civilimall.com","@type":"node","@id":8873830843},"geometry":{"type":"Point","coordinates":[100.6202959,13.737717]}},{"type":"Feature","id":8912997520,"properties":{"addr:city":"บางคูวัด","addr:housenumber":"127/3","addr:postcode":"12000","name":"กระเบื้องยาง สยามคิริน","phone":"0850006834","shop":"supermarket","website":"https://www.siamkirin.com/","@type":"node","@id":8912997520},"geometry":{"type":"Point","coordinates":[100.5132373,13.9633456]}},{"type":"Feature","id":8946085963,"properties":{"addr:city":"แขวงคลองจั่น","addr:postcode":"10240","addr:street":"นวมินทร์ 14","name":"CP Freshmart","name:th":"ซีพี เฟรชมาร์ท","opening_hours":"Mo-Su 06:00-22:00","phone":"+66 83 988 9719","shop":"supermarket","website":"http://www.cpfreshmartshop.com","@type":"node","@id":8946085963},"geometry":{"type":"Point","coordinates":[100.6484002,13.7771026]}},{"type":"Feature","id":8946099398,"properties":{"addr:city":"แขวงคลองจั่น","addr:postcode":"10240","addr:street":"เสรีไท 7","brand":"Tesco Extra","brand:wikidata":"Q25172225","brand:wikipedia":"en:Tesco Extra","name":"Tesco Extra","opening_hours":"24/7","phone":"1712","shop":"supermarket","website":"https://www.tescolotus.com","@type":"node","@id":8946099398},"geometry":{"type":"Point","coordinates":[100.6491111,13.7759266]}},{"type":"Feature","id":9216374892,"properties":{"addr:city":"กรุงเทพมหานคร","addr:housenumber":"224","addr:postcode":"10260","addr:street":"ถนนเทพรัตน","air_conditioning":"sales","brand":"Homepro","fast_food":"sales","name":"โฮมโปร บางนา กม.1","opening_hours":"Mo-Su 09:00-21:00","operator":"บริษัท โฮม โปรดักส์ เซ็นเตอร์ จำกัด","payment:cash":"yes","payment:credit_cards":"yes","payment:debit_cards":"yes","payment:mastercard":"yes","payment:visa":"yes","service:bicycle:tools":"yes","shop":"supermarket","@type":"node","@id":9216374892},"geometry":{"type":"Point","coordinates":[100.6142571,13.6699815]}},{"type":"Feature","id":9405251517,"properties":{"addr:street":"ซอยสีลม 3","name":"Chinese market","name:en":"Chinese Supermarket","name:zh":"中国超市","opening_hours":"Mo-Su 09:00-22:00","shop":"supermarket","@type":"node","@id":9405251517},"geometry":{"type":"Point","coordinates":[100.5312206,13.7253921]}},{"type":"Feature","id":9604893679,"properties":{"air_conditioning":"yes","diet:gluten_free":"yes","diet:halal":"yes","diet:vegan":"yes","diet:vegetarian":"yes","name":"ร้านจนดี (Vegetarian Supermarket with Local Products)","organic":"yes","shop":"supermarket","stroller":"yes","wheelchair":"yes","@type":"node","@id":9604893679},"geometry":{"type":"Point","coordinates":[100.6532828,13.7968517]}},{"type":"Feature","id":9658094672,"properties":{"addr:city":"แขวงกระทุ่มราย","addr:housenumber":"64/4","addr:postcode":"10530","addr:street":"ถนนเลียบวารี","name":"Beety Bakery shop","opening_hours":"Mo-Su 07:30-19:00","operator":"Beety","phone":"0621646449","shop":"supermarket","@type":"node","@id":9658094672},"geometry":{"type":"Point","coordinates":[100.8572798,13.8557967]}},{"type":"Feature","id":9671285719,"properties":{"name:en":"Street Market","shop":"supermarket","@type":"node","@id":9671285719},"geometry":{"type":"Point","coordinates":[100.5199461,13.7227598]}},{"type":"Feature","id":9671302117,"properties":{"name":"เลมอน ฟาร์ม","name:en":"Lemon Farm","name:th":"เลมอน ฟาร์ม","organic":"yes","shop":"supermarket","@type":"node","@id":9671302117},"geometry":{"type":"Point","coordinates":[100.5279681,13.7342927]}},{"type":"Feature","id":9748616904,"properties":{"name":"Lotus","name:th":"โลตัส","shop":"supermarket","@type":"node","@id":9748616904},"geometry":{"type":"Point","coordinates":[100.6390322,13.5732628]}},{"type":"Feature","id":9748616906,"properties":{"name":"Makro Food Service","name:th":"แมคโคร ฟู๊ดเซอร์วิส","shop":"supermarket","@type":"node","@id":9748616906},"geometry":{"type":"Point","coordinates":[100.6199337,13.5821748]}},{"type":"Feature","id":9774119866,"properties":{"name":"Villa Market","shop":"supermarket","@type":"node","@id":9774119866},"geometry":{"type":"Point","coordinates":[100.5428247,13.7366202]}},{"type":"Feature","id":9796826980,"properties":{"brand":"Tops","brand:th":"ท็อปส์","brand:wikidata":"Q7825140","name":"Tops","operator":"Tops","shop":"supermarket","@type":"node","@id":9796826980},"geometry":{"type":"Point","coordinates":[100.5696905,13.7670276]}},{"type":"Feature","id":9796826981,"properties":{"check_date":"2023-01-05","check_date:opening_hours":"2022-11-21","diet:halal":"yes","name":"Foodland","opening_hours":"24/7","operator":"Foodland","payment:credit_cards":"yes","payment:debit_cards":"yes","shop":"supermarket","website":"https://www.foodland.co.th/","wheelchair":"yes","@type":"node","@id":9796826981},"geometry":{"type":"Point","coordinates":[100.5722085,13.7706422]}},{"type":"Feature","id":9805814378,"properties":{"name":"ร้านยาเมื่องใหม่เภสัช สาขาสนามกอล์ฟเอกชัย","shop":"supermarket","@type":"node","@id":9805814378},"geometry":{"type":"Point","coordinates":[100.345865,13.6314459]}},{"type":"Feature","id":9876643054,"properties":{"addr:city":"ตำบลบางกระสอ","addr:housenumber":"133","addr:postcode":"11000","addr:street":"ซอยรัตนาธิเบศร์ 24","name":"ICETEE Shop","phone":"+66 926657854","shop":"supermarket","@type":"node","@id":9876643054},"geometry":{"type":"Point","coordinates":[100.504732,13.8672039]}},{"type":"Feature","id":10050969497,"properties":{"addr:city":"ตำบลบางบัวทอง","addr:housenumber":"888/32","addr:postcode":"11110","addr:street":"ถนนกาญจนาภิเษก","name":"บัวทองเบเกอรี่ Buathongbakery สาขาเเยกไทรน้อย","shop":"supermarket","@type":"node","@id":10050969497},"geometry":{"type":"Point","coordinates":[100.4125834,13.9244476]}},{"type":"Feature","id":10181156617,"properties":{"addr:postcode":"12130","addr:street":"พหลโยธิน 77","contact:facebook":"taladsimummuang","name":"ตลาดสี่มุมเมือง","name:en":"Talad Si Mummuang","opening_hours":"24/7","shop":"supermarket","@type":"node","@id":10181156617},"geometry":{"type":"Point","coordinates":[100.620151,13.960664]}},{"type":"Feature","id":10224752956,"properties":{"alt_name":"Tesco Lotus","branch":"อ่อนนุช","brand":"Lotus's","brand:en":"Lotus's","brand:th":"โลตัส","brand:wikidata":"Q2378901","name":"Lotus's","name:en":"Lotus's","name:th":"โลตัส","opening_hours":"Mo-Su 07:00-22:00","payment:alipay":"yes","payment:app":"yes","payment:cards":"yes","payment:cash":"yes","payment:credit_cards":"yes","payment:debit_cards":"yes","payment:jcb":"yes","payment:mastercard":"yes","payment:visa":"yes","phone":"+6627203714","shop":"supermarket","@type":"node","@id":10224752956},"geometry":{"type":"Point","coordinates":[100.6703926,13.7178958]}},{"type":"Feature","id":10272999966,"properties":{"addr:housenumber":"234","addr:postcode":"10160","addr:province":"กรุงเทพมหานคร","addr:street":"ถนนเลียบคลองภาษีเจริญฝั่งเหนือ","currency:THB":"yes","description":"เราจำหน่ายเครื่องคั่วกาแฟราคาไม่แพง เครื่องบดกาแฟ อุปกรณ์สำหรับเปิดร้านกาแฟ เมล็ดกาแฟคั่วสดใหม่ คลังสินค้าของเราอยู่ที่หนองแขม กรุงเทพมหานคร ที่นี่คุณสามารถรับสินค้าที่ซื้อด้วยตัวคุณเองโดยการนัดหมายล่วงหน้า เปิดมาตั้งแต่ปี 2558 การจัดส่งรวดเร็ว ส่งทั่วประ","email":"lin.chomph@gmail.com","image":"https://www.linlin.in.th/wp-content/uploads/logo-square.png","name":"LinLin Coffee Equipment","opening_hours":"Mo-Su 08:00-20:00","payment:cash":"yes","phone":"+66 63 419 1569","shop":"supermarket","start_date":"2015-10-10","website":"https://www.linlin.in.th/","@type":"node","@id":10272999966},"geometry":{"type":"Point","coordinates":[100.3565806,13.6910724]}},{"type":"Feature","id":10566591996,"properties":{"name":"Fresh@Makro","opening_hours":"Mo-Su 07:00-21:00","organic":"only","shop":"supermarket","@type":"node","@id":10566591996},"geometry":{"type":"Point","coordinates":[100.6588396,13.7234407]}},{"type":"Feature","id":10687090476,"properties":{"addr:city":"แขวงคลองต้นไทร","addr:housenumber":"112","addr:postcode":"10600","addr:street":"ถนนเจริญนคร","alt_name":"Tesco Lotus","brand":"Lotus's","brand:en":"Lotus's","brand:th":"โลตัส","brand:wikidata":"Q2378901","name":"Lotus's","name:en":"Lotus's","name:th":"โลตัส","opening_hours":"08:00-22:00","payment:cash":"yes","payment:credit_cards":"yes","shop":"supermarket","@type":"node","@id":10687090476},"geometry":{"type":"Point","coordinates":[100.5084488,13.7263664]}},{"type":"Feature","id":10762058197,"properties":{"name":"7-Eleven สุขุมวิท 41","not:brand:wikidata":"Q259340","opening_hours":"24/7","payment:cash":"yes","payment:credit_cards":"yes","payment:visa":"yes","shop":"supermarket","@type":"node","@id":10762058197},"geometry":{"type":"Point","coordinates":[100.5719126,13.7296777]}},{"type":"Feature","id":10763340227,"properties":{"addr:housenumber":"605/46","addr:postcode":"10260","addr:street":"สวัสดี 4","name":"สวนของเต่าทอง","opening_hours:covid19":"restricted","operator":"สวนของเต่าทอง","shop":"supermarket","@type":"node","@id":10763340227},"geometry":{"type":"Point","coordinates":[100.5953642,13.7027644]}},{"type":"Feature","id":10770122019,"properties":{"brand":"Tops","brand:th":"ท็อปส์","brand:wikidata":"Q7825140","check_date":"2025-01-18","level":"0","name":"Tops","name:en":"Tops","opening_hours":"24/7","payment:cash":"yes","payment:credit_cards":"yes","payment:debit_cards":"yes","shop":"supermarket","@type":"node","@id":10770122019},"geometry":{"type":"Point","coordinates":[100.5812075,13.7287674]}},{"type":"Feature","id":10772514305,"properties":{"name:en":"SUP Street Market","opening_hours":"Tu, Th 00:00-24:00","shop":"supermarket","@type":"node","@id":10772514305},"geometry":{"type":"Point","coordinates":[100.5629255,13.7450329]}},{"type":"Feature","id":10857874160,"properties":{"branch":"Food Hall","brand":"Tops","brand:en":"Tops","brand:th":"ท็อปส์","brand:wikidata":"Q7825140","name":"Tops","name:en":"Tops","name:th":"ท็อปส์","shop":"supermarket","wikidata":"Q134932513","@type":"node","@id":10857874160},"geometry":{"type":"Point","coordinates":[100.606804,13.7955529]}},{"type":"Feature","id":10994720798,"properties":{"brand":"Tops","brand:th":"ท็อปส์","changing_table":"yes","changing_table:fee":"no","level":"0","name":"Tops","opening_hours":"Mo-Su,PH 08:00-22:00","organic":"yes","shop":"supermarket","toilets":"yes","wheelchair":"designated","@type":"node","@id":10994720798},"geometry":{"type":"Point","coordinates":[100.6286081,13.7557553]}},{"type":"Feature","id":11061142159,"properties":{"name":"Nene Mermaid Home","shop":"supermarket","@type":"node","@id":11061142159},"geometry":{"type":"Point","coordinates":[100.6334255,13.6859961]}},{"type":"Feature","id":11075346091,"properties":{"name":"จินเจอร์ฟาร์ม","name:en":"Ginger Farm","name:th":"จินเจอร์ฟาร์ม","organic":"only","shop":"supermarket","@type":"node","@id":11075346091},"geometry":{"type":"Point","coordinates":[100.5359355,13.7295587]}},{"type":"Feature","id":11083846512,"properties":{"name":"Foodland Silom","opening_hours":"24/7","shop":"supermarket","@type":"node","@id":11083846512},"geometry":{"type":"Point","coordinates":[100.5340632,13.7274246]}},{"type":"Feature","id":11086202720,"properties":{"alt_name":"Tesco Lotus","brand":"Lotus's","brand:wikidata":"Q2378901","name":"Lotus's","shop":"supermarket","@type":"node","@id":11086202720},"geometry":{"type":"Point","coordinates":[100.6500633,13.5831037]}},{"type":"Feature","id":11142749892,"properties":{"brand":"Big C","brand:wikidata":"Q858665","name":"Big C","shop":"supermarket","@type":"node","@id":11142749892},"geometry":{"type":"Point","coordinates":[100.5282336,13.7335194]}},{"type":"Feature","id":11145548440,"properties":{"name":"7 ELEVEN","opening_hours":"07:00-20:00","shop":"supermarket","@type":"node","@id":11145548440},"geometry":{"type":"Point","coordinates":[100.5489328,13.9153287]}},{"type":"Feature","id":11228672025,"properties":{"name":"หวังจงหวัง","name:en":"Wang Zhong Wang","name:th":"หวังจงหวัง","name:zh":"王中王","shop":"supermarket","@type":"node","@id":11228672025},"geometry":{"type":"Point","coordinates":[100.5356273,13.7293455]}},{"type":"Feature","id":11240230037,"properties":{"name:en":"7 Eleven","shop":"supermarket","@type":"node","@id":11240230037},"geometry":{"type":"Point","coordinates":[100.6917706,13.6491915]}},{"type":"Feature","id":11245133902,"properties":{"name":"เบทาโกร ช็อบ","name:en":"Betagro Shop","name:th":"เบทาโกร ช็อบ","shop":"supermarket","@type":"node","@id":11245133902},"geometry":{"type":"Point","coordinates":[100.6432445,13.8574401]}},{"type":"Feature","id":11245133903,"properties":{"name":"ดีฟาร์ม","shop":"supermarket","@type":"node","@id":11245133903},"geometry":{"type":"Point","coordinates":[100.6432345,13.8576289]}},{"type":"Feature","id":11255953382,"properties":{"brand":"MaxValu","brand:wikidata":"Q11340427","name":"MaxValu","shop":"supermarket","@type":"node","@id":11255953382},"geometry":{"type":"Point","coordinates":[100.6272404,13.8578983]}},{"type":"Feature","id":11257764887,"properties":{"brand":"Tops","brand:en":"Tops","brand:th":"ท็อปส์","brand:wikidata":"Q7825140","name":"Tops","name:en":"Tops","name:th":"ท็อปส์","shop":"supermarket","@type":"node","@id":11257764887},"geometry":{"type":"Point","coordinates":[100.6449824,13.8574069]}},{"type":"Feature","id":11264926825,"properties":{"alt_name":"Tesco Lotus","brand":"Lotus's","brand:en":"Lotus's","brand:th":"โลตัส","brand:wikidata":"Q2378901","name":"Lotus's","name:en":"Lotus's","name:th":"โลตัส","shop":"supermarket","@type":"node","@id":11264926825},"geometry":{"type":"Point","coordinates":[100.6424947,13.952368]}},{"type":"Feature","id":11265006938,"properties":{"alt_name":"Tesco Lotus","brand":"Lotus's","brand:wikidata":"Q2378901","name":"Lotus's","shop":"supermarket","@type":"node","@id":11265006938},"geometry":{"type":"Point","coordinates":[100.7329857,14.0361702]}},{"type":"Feature","id":11275228371,"properties":{"brand":"Tops","brand:en":"Tops","brand:th":"ท็อปส์","brand:wikidata":"Q7825140","name":"Tops","name:en":"Tops","name:th":"ท็อปส์","shop":"supermarket","@type":"node","@id":11275228371},"geometry":{"type":"Point","coordinates":[100.5383992,13.69784]}},{"type":"Feature","id":11287702381,"properties":{"branch":"บางศรีเมือง","delivery":"yes","name":"ไทยฟู้ดส์ เฟรซ มาร์เก็ต","name:en":"Thai Foods Fresh Market","name:th":"ไทยฟู้ดส์ เฟรซ มาร์เก็ต","phone":"09 7919 6026","shop":"supermarket","@type":"node","@id":11287702381},"geometry":{"type":"Point","coordinates":[100.4767742,13.8396878]}},{"type":"Feature","id":11328252369,"properties":{"name":"Supermarket","shop":"supermarket","@type":"node","@id":11328252369},"geometry":{"type":"Point","coordinates":[100.7281497,13.817457]}},{"type":"Feature","id":11354350992,"properties":{"shop":"supermarket","@type":"node","@id":11354350992},"geometry":{"type":"Point","coordinates":[100.5639714,13.7443883]}},{"type":"Feature","id":11391078715,"properties":{"name":"7-Eleven","shop":"supermarket","@type":"node","@id":11391078715},"geometry":{"type":"Point","coordinates":[100.9179469,13.7143464]}},{"type":"Feature","id":11405085169,"properties":{"shop":"supermarket","@type":"node","@id":11405085169},"geometry":{"type":"Point","coordinates":[100.5617919,13.8133345]}},{"type":"Feature","id":11461954818,"properties":{"name":"ฟู้ดแลนด์ สายไหม","name:en":"Foodland Sai Mai","name:th":"ฟู้ดแลนด์ สายไหม","shop":"supermarket","@type":"node","@id":11461954818},"geometry":{"type":"Point","coordinates":[100.6602075,13.9186001]}},{"type":"Feature","id":11462497384,"properties":{"name":"Golden Place","opening_hours":"Mo-Su 06:00-21:00","shop":"supermarket","@type":"node","@id":11462497384},"geometry":{"type":"Point","coordinates":[100.7782639,13.7097345]}},{"type":"Feature","id":11465318053,"properties":{"addr:district":"สัมพันธวงศ์","addr:postcode":"10100","addr:province":"กรุงเทพมหานคร","addr:subdistrict":"ตลาดน้อย","name":"สรรพกิจพัฒนา","name:en":"Sapphakit Phattana","name:th":"สรรพกิจพัฒนา","shop":"supermarket","@type":"node","@id":11465318053},"geometry":{"type":"Point","coordinates":[100.5136621,13.7321554]}},{"type":"Feature","id":11484488389,"properties":{"name":"CJ","opening_hours":"Mo-Sa 06:00-23:00","shop":"supermarket","@type":"node","@id":11484488389},"geometry":{"type":"Point","coordinates":[100.528852,13.7264362]}},{"type":"Feature","id":11499811270,"properties":{"name:en":"7 Eleven","shop":"supermarket","@type":"node","@id":11499811270},"geometry":{"type":"Point","coordinates":[100.6324829,13.7672566]}},{"type":"Feature","id":11502415669,"properties":{"name:en":"7-Eleven","shop":"supermarket","@type":"node","@id":11502415669},"geometry":{"type":"Point","coordinates":[100.6398517,13.7197367]}},{"type":"Feature","id":11609617210,"properties":{"brand":"Tops","brand:en":"Tops","brand:th":"ท็อปส์","brand:wikidata":"Q7825140","name":"Tops","name:en":"Tops","name:th":"ท็อปส์","shop":"supermarket","@type":"node","@id":11609617210},"geometry":{"type":"Point","coordinates":[100.521913,13.7068769]}},{"type":"Feature","id":11664370494,"properties":{"alt_name":"Tesco Lotus","brand":"Lotus's","brand:en":"Lotus's","brand:th":"โลตัส","brand:wikidata":"Q2378901","name":"Lotus's","name:en":"Lotus's","name:th":"โลตัส","shop":"supermarket","@type":"node","@id":11664370494},"geometry":{"type":"Point","coordinates":[100.5524785,13.7886649]}},{"type":"Feature","id":11681071710,"properties":{"alt_name":"Tesco Lotus","brand":"Lotus's","brand:wikidata":"Q2378901","name":"Lotus's","shop":"supermarket","@type":"node","@id":11681071710},"geometry":{"type":"Point","coordinates":[100.3623276,13.8078268]}},{"type":"Feature","id":11693095769,"properties":{"name:fr":"Petit marché","shop":"supermarket","@type":"node","@id":11693095769},"geometry":{"type":"Point","coordinates":[100.7340981,13.7377047]}},{"type":"Feature","id":11735960129,"properties":{"addr:city":"แขวงบางแค","addr:district":"บางแค","addr:housenumber":"88/44-45","addr:postcode":"10160","addr:province":"กทม.","addr:street":"สำเพ็ง 2 (ปากซอย 1) ถนนกัลปพฤกษ์","addr:subdistrict":"บางแค","name":"Bakery Maker","name:th":"Bakery Maker เบเกอรี่เมคเกอร์","opening_hours":"8.30-18.30","operator":"Bakery Maker","payment:cash":"yes","payment:contactless":"yes","payment:credit_cards":"yes","phone":"+66 8351495","shop":"supermarket","@type":"node","@id":11735960129},"geometry":{"type":"Point","coordinates":[100.4121696,13.6834613]}},{"type":"Feature","id":11738062808,"properties":{"check_date":"2024-03-17","level":"0","payment:cash":"yes","payment:mastercard":"yes","payment:visa":"yes","shop":"supermarket","@type":"node","@id":11738062808},"geometry":{"type":"Point","coordinates":[100.5237213,13.8057572]}},{"type":"Feature","id":11780939089,"properties":{"alt_name":"Tesco Lotus","brand":"Lotus's","brand:wikidata":"Q2378901","name":"Lotus's","shop":"supermarket","@type":"node","@id":11780939089},"geometry":{"type":"Point","coordinates":[100.5973939,13.6354459]}},{"type":"Feature","id":11870761402,"properties":{"brand":"Tops","brand:th":"ท็อปส์","brand:wikidata":"Q7825140","name":"Tops","shop":"supermarket","@type":"node","@id":11870761402},"geometry":{"type":"Point","coordinates":[100.5429529,13.7099862]}},{"type":"Feature","id":12252402996,"properties":{"addr:district":"คลองเตย","addr:housenumber":"201","addr:place":"ปากซอย9ตลาดคลองเตย","addr:postcode":"10110","addr:province":"กทม.","addr:street":"ถนนสุนทรโกษา","addr:subdistrict":"คลองเตย","name":"M rice เอ็มข้าวสาร","opening_hours":"Mo-Su 08:00-18:00","organic":"only","phone":"06-5193-2245","shop":"supermarket","@type":"node","@id":12252402996},"geometry":{"type":"Point","coordinates":[100.5623434,13.7160769]}},{"type":"Feature","id":12285152202,"properties":{"name:en":"BIG C","shop":"supermarket","@type":"node","@id":12285152202},"geometry":{"type":"Point","coordinates":[100.5537447,13.9094776]}},{"type":"Feature","id":12390285901,"properties":{"name":"Lotus’s Go Fresh","opening_hours":"24/7","shop":"supermarket","@type":"node","@id":12390285901},"geometry":{"type":"Point","coordinates":[100.7486316,13.6235506]}},{"type":"Feature","id":12428813639,"properties":{"name":"J.J. Mart Super","shop":"supermarket","@type":"node","@id":12428813639},"geometry":{"type":"Point","coordinates":[100.5488465,13.8018489]}},{"type":"Feature","id":12428813849,"properties":{"name":"Big C mini","shop":"supermarket","@type":"node","@id":12428813849},"geometry":{"type":"Point","coordinates":[100.5653055,13.8156856]}},{"type":"Feature","id":12428814183,"properties":{"name":"Lotus's","shop":"supermarket","@type":"node","@id":12428814183},"geometry":{"type":"Point","coordinates":[100.5634652,13.8181872]}},{"type":"Feature","id":12429510635,"properties":{"branch":"Foodplace","brand":"Big C","brand:en":"Big C","brand:th":"บิ๊กซี","brand:wikidata":"Q858665","name":"Big C","name:en":"Big C","name:th":"บิ๊กซี","shop":"supermarket","@type":"node","@id":12429510635},"geometry":{"type":"Point","coordinates":[100.5006164,13.7463959]}},{"type":"Feature","id":12432537401,"properties":{"branch":"mini","brand":"Big C","brand:en":"Big C","brand:th":"บิ๊กซี","brand:wikidata":"Q858665","name":"Big C","name:en":"Big C","name:th":"บิ๊กซี","shop":"supermarket","@type":"node","@id":12432537401},"geometry":{"type":"Point","coordinates":[100.4618833,13.7229955]}},{"type":"Feature","id":12462582927,"properties":{"air_conditioning":"yes","check_date":"2026-06-25","currency:THB":"yes","internet_access":"no","level":"-1","name":"Gourmet Market","name:en":"Gourmet Market","name:th":"กูร์เมต์ มาร์เก็ต","opening_hours":"07:00-22:00","payment:cash":"yes","payment:credit_cards":"yes","payment:debit_cards":"yes","shop":"supermarket","toilets":"yes","toilets:wheelchair":"limited","wheelchair":"limited","@type":"node","@id":12462582927},"geometry":{"type":"Point","coordinates":[100.5740842,13.8062663]}},{"type":"Feature","id":12506856502,"properties":{"name":"Tops","shop":"supermarket","@type":"node","@id":12506856502},"geometry":{"type":"Point","coordinates":[100.6553055,13.7739496]}},{"type":"Feature","id":12583109804,"properties":{"name:en":"Marche","shop":"supermarket","@type":"node","@id":12583109804},"geometry":{"type":"Point","coordinates":[100.5810198,13.7284704]}},{"type":"Feature","id":12586875106,"properties":{"name:en":"Tops Food Hall","shop":"supermarket","@type":"node","@id":12586875106},"geometry":{"type":"Point","coordinates":[100.5809781,13.7284926]}},{"type":"Feature","id":12593045634,"properties":{"addr:district":"Bang Na","addr:postcode":"10260","addr:province":"Bangkok","addr:street":"Sanphawut Road","addr:subdistrict":"Bang Na Tai","brand":"CJ Express","brand:wikidata":"Q125874457","name":"CJ Supermarket","shop":"supermarket","@type":"node","@id":12593045634},"geometry":{"type":"Point","coordinates":[100.6005527,13.6740919]}},{"type":"Feature","id":12613045801,"properties":{"name:en":"Gourmet Market","shop":"supermarket","@type":"node","@id":12613045801},"geometry":{"type":"Point","coordinates":[100.565277,13.7320137]}},{"type":"Feature","id":12648108132,"properties":{"name":"BigC Bangkok Marche","not:brand:wikidata":"Q858665","shop":"supermarket","@type":"node","@id":12648108132},"geometry":{"type":"Point","coordinates":[100.548074,13.72783]}},{"type":"Feature","id":12687811141,"properties":{"brand":"Tops","brand:en":"Tops","brand:th":"ท็อปส์","brand:wikidata":"Q7825140","name":"Tops","name:en":"Tops","name:th":"ท็อปส์","shop":"supermarket","@type":"node","@id":12687811141},"geometry":{"type":"Point","coordinates":[100.650185,13.6430732]}},{"type":"Feature","id":12687811145,"properties":{"alt_name":"Tesco Lotus Express","brand":"Lotus's go fresh","brand:wikidata":"Q125937967","name":"Lotus's go fresh","shop":"supermarket","@type":"node","@id":12687811145},"geometry":{"type":"Point","coordinates":[100.6493351,13.6438223]}},{"type":"Feature","id":12824994908,"properties":{"addr:district":"บางขุนเทียน","addr:housenumber":"361/1","addr:postcode":"10150","addr:province":"กรุงเทพมหานคร","addr:street":"ซอยอนามัยงามเจริญ 25","addr:subdistrict":"ท่าข้าม","mobile":"086-489-1111","name":"เจริญรัตน์การทอ (JRR)","opening_hours":"08.00-17.00","operator":"โรงงานทอผ้ายืด","payment:cash":"yes","payment:cheque":"yes","payment:debit_cards":"yes","payment:mastercard":"yes","payment:notes":"yes","payment:visa":"yes","phone":"086-489-1111","shop":"supermarket","stroller":"yes","wheelchair":"yes","@type":"node","@id":12824994908},"geometry":{"type":"Point","coordinates":[100.465186,13.6552496]}},{"type":"Feature","id":12873531472,"properties":{"branch":"เมืองทองธานี","branch:en":"Muang Thong Thani","brand":"Makro Food Service","name":"Makro Food Service เมืองทองธานี","name:en":"Makro Food Service Muang Thong Thani","shop":"supermarket","@type":"node","@id":12873531472},"geometry":{"type":"Point","coordinates":[100.5429946,13.9136311]}},{"type":"Feature","id":12879611040,"properties":{"brand":"Big C","brand:en":"Big C","brand:th":"บิ๊กซี","brand:wikidata":"Q858665","name":"Big C","name:en":"Big C","name:th":"บิ๊กซี","shop":"supermarket","@type":"node","@id":12879611040},"geometry":{"type":"Point","coordinates":[100.6123142,13.7854373]}},{"type":"Feature","id":13015136325,"properties":{"name":"PROPERTY FINDER","operator":"นายหน้าอสังหาริมทรัพย์ บริการปล่อยเช่า คอนโด รับฝาก ซื้อ ขาย","shop":"supermarket","@type":"node","@id":13015136325},"geometry":{"type":"Point","coordinates":[100.5919057,13.6349563]}},{"type":"Feature","id":13255765031,"properties":{"alt_name":"Tesco Lotus Express","brand":"Lotus's go fresh","brand:wikidata":"Q125937967","check_date":"2025-10-25","name":"Lotus's go fresh","shop":"supermarket","@type":"node","@id":13255765031},"geometry":{"type":"Point","coordinates":[100.4802182,13.8229614]}},{"type":"Feature","id":13257101112,"properties":{"amenity":"cafe","brand":"Amazon Fresh","brand:wikidata":"Q4740834","name":"Amazon Fresh","shop":"supermarket","@type":"node","@id":13257101112},"geometry":{"type":"Point","coordinates":[100.4901052,13.7526374]}},{"type":"Feature","id":13351584557,"properties":{"addr:district":"ลาดพร้าว","addr:housenumber":"99/188","addr:postcode":"10230","addr:province":"กรุงเทพมหานคร","addr:street":"ซอยลาดพร้าววัังหิน 13","addr:subdistrict":"ลาดพร้าว","name":"Growpets โกรว์เพ็ทช็อป สาขาลาดพร้าววังหิน","opening_hours":"Mo-Su 10:00-23:30","payment:cash":"yes","payment:credit_cards":"yes","phone":"0979639612","shop":"supermarket","@type":"node","@id":13351584557},"geometry":{"type":"Point","coordinates":[100.5922683,13.8029744]}},{"type":"Feature","id":13351602389,"properties":{"addr:district":"สายไหม","addr:housenumber":"17/8","addr:postcode":"10220","addr:province":"กรุงเทพมหานคร","addr:street":"ซอยพหลโยธิน 54/1 แยก 4","addr:subdistrict":"คลองถนน","name":"Growpets โกรว์เพ็ทช็อป สาขาพหลโยธิน54","opening_hours":"Mo-Su 09:00-22:00","payment:cash":"yes","payment:credit_cards":"yes","phone":"0643439926","shop":"supermarket","@type":"node","@id":13351602389},"geometry":{"type":"Point","coordinates":[100.628851,13.9065003]}},{"type":"Feature","id":13399354901,"properties":{"name:en":"Lotus's go fresh","shop":"supermarket","@type":"node","@id":13399354901},"geometry":{"type":"Point","coordinates":[100.4769477,13.7125663]}},{"type":"Feature","id":13415451501,"properties":{"shop":"supermarket","@type":"node","@id":13415451501},"geometry":{"type":"Point","coordinates":[100.6331186,13.7309561]}},{"type":"Feature","id":13571853489,"properties":{"name":"Max Valu","shop":"supermarket","@type":"node","@id":13571853489},"geometry":{"type":"Point","coordinates":[100.6806624,13.9610297]}},{"type":"Feature","id":13657631011,"properties":{"addr:district":"บางบ่อ","addr:postcode":"10560","addr:province":"สมุทรปราการ","addr:street":"หลังตลาดเสริมสุข","addr:subdistrict":"บางบ่อ","name":"ล้านบีบีshop ตลาดเสริมสุข","opening_hours":"10:00-21:00","phone":"0935540212","shop":"supermarket","@type":"node","@id":13657631011},"geometry":{"type":"Point","coordinates":[100.8376127,13.5766402]}},{"type":"Feature","id":13659206697,"properties":{"name":"Souky","opening_hours":"Mo-Su 08:00-05:00","shop":"supermarket","@type":"node","@id":13659206697},"geometry":{"type":"Point","coordinates":[100.553461,13.742298]}},{"type":"Feature","id":13726031022,"properties":{"name":"7 Eleven","opening_hours":"24/7","shop":"supermarket","@type":"node","@id":13726031022},"geometry":{"type":"Point","coordinates":[100.5036968,13.7429975]}},{"type":"Feature","id":13963942544,"properties":{"addr:housenumber":"46/16","name":"Foodsmiths","shop":"supermarket","@type":"node","@id":13963942544},"geometry":{"type":"Point","coordinates":[100.5770451,13.7184703]}},{"type":"Feature","id":13970429253,"properties":{"branch":"ราชพฤกษ์","brand":"MaxValu","brand:wikidata":"Q11340427","check_date":"2026-06-27","name":"MaxValu","opening_hours":"07:00-01:00","payment:cash":"yes","payment:credit_cards":"yes","payment:debit_cards":"yes","phone":"0292440358","shop":"supermarket","wheelchair":"yes","@type":"node","@id":13970429253},"geometry":{"type":"Point","coordinates":[100.4495895,13.9127735]}},{"type":"Feature","id":14002544550,"properties":{"addr:district":"วัฒนา","addr:housenumber":"45","addr:postcode":"10110","addr:province":"กรุงเทพมหานคร","addr:street":"ซอยสุขุมวิท 23","addr:subdistrict":"คลองเตยเหนือ","branch":"ประสานมิตรพลาซ่า","brand":"MaxValu","brand:wikidata":"Q11340427","check_date":"2026-07-10","name":"MaxValu","opening_hours":"07:00-23:00","payment:cash":"yes","payment:credit_cards":"yes","payment:debit_cards":"yes","phone":"+6621634350","shop":"supermarket","wheelchair":"yes","@type":"node","@id":14002544550},"geometry":{"type":"Point","coordinates":[100.5628509,13.7404194]}},{"type":"Feature","id":14212587093,"properties":{"name":"CJ Super market","not:brand:wikidata":"Q125874457","shop":"supermarket","@type":"node","@id":14212587093},"geometry":{"type":"Point","coordinates":[100.6845824,13.7001661]}},{"type":"Feature","id":25042811,"properties":{"addr:district":"คลองเตย","addr:housenumber":"2929","addr:postcode":"10110","addr:province":"กรุงเทพมหานคร","addr:street":"Rama IV Road","addr:subdistrict":"คลองตัน","alt_name":"BigC-Extra Rama IV","branch":"Extra","brand":"Big C","brand:wikidata":"Q858665","building":"yes","name":"Big C","shop":"supermarket","toilets:wheelchair":"yes","wheelchair":"yes","@type":"way","@id":25042811},"geometry":{"type":"Point","coordinates":[100.5689089,13.7189291]}},{"type":"Feature","id":25042959,"properties":{"addr:district":"คลองเตย","addr:postcode":"10110","addr:province":"กรุงเทพมหานคร","addr:subdistrict":"คลองตัน","alt_name":"Tesco Lotus","brand":"Lotus's","brand:en":"Lotus's","brand:th":"โลตัส","brand:wikidata":"Q2378901","building":"yes","name":"Lotus's","name:en":"Lotus's","name:th":"โลตัส","shop":"supermarket","@type":"way","@id":25042959},"geometry":{"type":"Point","coordinates":[100.5683855,13.7171549]}},{"type":"Feature","id":25620995,"properties":{"addr:housenumber":"611","addr:postcode":"10260","addr:street":"Debaratna Road","alt_name":"BigC-Bangna","branch":"Bangna","brand":"Big C","brand:wikidata":"Q858665","building":"retail","name":"Big C","opening_hours":"Mo-Su 09:00-22:00","shop":"supermarket","@type":"way","@id":25620995},"geometry":{"type":"Point","coordinates":[100.6359117,13.6692688]}},{"type":"Feature","id":25699926,"properties":{"air_conditioning":"yes","alt_name":"Tesco Lotus","branch":"อ่อนนุช","brand":"Lotus's","brand:en":"Lotus's","brand:th":"โลตัส","brand:wikidata":"Q2378901","building":"yes","building:levels":"7","check_date":"2025-04-11","name":"Lotus's","name:en":"Lotus's","name:th":"โลตัส","name:zh":"安努-Lotus's","opening_hours":"Mo-Su, PH 06:00-00:00","payment:cash":"yes","payment:credit_cards":"yes","payment:debit_cards":"yes","second_hand":"no","shop":"supermarket","@type":"way","@id":25699926},"geometry":{"type":"Point","coordinates":[100.6004147,13.7050488]}},{"type":"Feature","id":25699964,"properties":{"addr:district":"วัฒนา","addr:province":"กรุงเทพมหานคร","addr:subdistrict":"พระโขนงเหนือ","branch":"Extra","brand":"Big C","brand:wikidata":"Q858665","building":"yes","building:levels":"7","name":"Big C","shop":"supermarket","@type":"way","@id":25699964},"geometry":{"type":"Point","coordinates":[100.6015398,13.7091929]}},{"type":"Feature","id":26190728,"properties":{"addr:postcode":"10270","addr:street":"ถนนศรีนครินทร์","building":"yes","name":"Foodland","name:th":"ฟู้ดแลนด์","operator":"Foodland","shop":"supermarket","wheelchair":"yes","@type":"way","@id":26190728},"geometry":{"type":"Point","coordinates":[100.6331335,13.6369415]}},{"type":"Feature","id":26191063,"properties":{"brand":"Big C","brand:wikidata":"Q858665","brand:wikipedia":"en:Big C","building":"yes","name":"Big C","shop":"supermarket","@type":"way","@id":26191063},"geometry":{"type":"Point","coordinates":[100.6413037,13.6487927]}},{"type":"Feature","id":26192315,"properties":{"brand":"Tesco Lotus","brand:wikidata":"Q2378901","brand:wikipedia":"th:เทสโก้ โลตัส","building":"yes","name":"Tesco Lotus","shop":"supermarket","@type":"way","@id":26192315},"geometry":{"type":"Point","coordinates":[100.6204234,13.6210004]}},{"type":"Feature","id":26192377,"properties":{"brand":"Big C","brand:en":"Big C","brand:th":"บิ๊กซี","brand:wikidata":"Q858665","brand:wikipedia":"en:Big C","building":"yes","name":"Big C","name:en":"Big C","name:th":"บิ๊กซี","shop":"supermarket","@type":"way","@id":26192377},"geometry":{"type":"Point","coordinates":[100.7079,13.6038577]}},{"type":"Feature","id":26206491,"properties":{"building":"yes","created_by":"Potlatch 0.10b","name":"Big C","shop":"supermarket","@type":"way","@id":26206491},"geometry":{"type":"Point","coordinates":[100.6067017,13.5843634]}},{"type":"Feature","id":31424411,"properties":{"alt_name":"Tesco Lotus","brand":"Lotus's","brand:en":"Lotus's","brand:th":"โลตัส","brand:wikidata":"Q2378901","landuse":"retail","name":"Lotus's","name:en":"Lotus's","name:th":"โลตัส","opening_hours":"ทุกวัน 7.00 - 23.00","operator":"Tesco Lotus","phone":"+661712","shop":"supermarket","website":"https://www.tescolotus.com/","@type":"way","@id":31424411},"geometry":{"type":"Point","coordinates":[100.6439584,13.7682306]}},{"type":"Feature","id":34499729,"properties":{"air_conditioning":"yes","branch":"foodplace","brand":"Big C","brand:wikidata":"Q858665","building":"yes","name":"Big C","opening_hours":"24/7","payment:cash":"yes","payment:credit_cards":"yes","shop":"supermarket","@type":"way","@id":34499729},"geometry":{"type":"Point","coordinates":[100.6694041,13.6864037]}},{"type":"Feature","id":43941517,"properties":{"addr:district":"บางพลี","addr:housenumber":"14/9 หมู่ 13","addr:postcode":"10540","addr:province":"สมุทรปราการ","addr:street":"ถนนบางนา-ตราด","addr:subdistrict":"บางแก้ว","air_conditioning":"yes","alt_name":"Tesco Lotus","branch":"Extra","branch:en":"Bang Na-Trat","branch:th":"บางนา-ตราด","brand":"Lotus's","brand:en":"Lotus's","brand:th":"โลตัส","brand:wikidata":"Q2378901","building":"supermarket","building:levels":"2","name":"Lotus's","name:en":"Lotus's","name:th":"โลตัส","opening_hours":"Mo-Su 08:00-23:00","operator":"CP Axtra","phone":"02-739-9000","shop":"supermarket","website":"https://lotuss.com/","@type":"way","@id":43941517},"geometry":{"type":"Point","coordinates":[100.6789668,13.6531122]}},{"type":"Feature","id":53575454,"properties":{"addr:district":"ยานนาวา","addr:postcode":"10120","addr:province":"กรุงเทพมหานคร","addr:subdistrict":"ช่องนนทรี","alt_name":"Tesco Lotus","branch":"พระราม 3","brand":"Lotus's","brand:en":"Lotus's","brand:th":"โลตัส","brand:wikidata":"Q2378901","building":"yes","building:levels":"3","name":"Lotus's","name:en":"Lotus's","name:th":"โลตัส","shop":"supermarket","@type":"way","@id":53575454},"geometry":{"type":"Point","coordinates":[100.5412592,13.696572]}},{"type":"Feature","id":97558076,"properties":{"branch":"พระราม 2","brand":"Big C","brand:en":"Big C","brand:th":"บิ๊กซี","brand:wikidata":"Q858665","building":"yes","layer":"1","name":"Big C","name:en":"Big C","name:th":"บิ๊กซี","shop":"supermarket","wheelchair":"yes","@type":"way","@id":97558076},"geometry":{"type":"Point","coordinates":[100.4405626,13.6613802]}},{"type":"Feature","id":118058993,"properties":{"addr:housenumber":"40/8","addr:postcode":"10150","addr:street":"กาญจนาภิเษก","building":"yes","name":"ห้างสรรพสินค้าแม็คโคร บางบอน","name:en":"Makro Bangbon","name:th":"ห้างสรรพสินค้าแม็คโคร บางบอน","shop":"supermarket","@type":"way","@id":118058993},"geometry":{"type":"Point","coordinates":[100.4079976,13.6706329]}},{"type":"Feature","id":124874096,"properties":{"building":"yes","name":"Thai Mart","name:en":"Thai Mart","name:th":"ไทยมาร์ท","shop":"supermarket","@type":"way","@id":124874096},"geometry":{"type":"Point","coordinates":[100.537869,13.9005188]}},{"type":"Feature","id":138127526,"properties":{"addr:district":"สาทร","addr:postcode":"10120","addr:province":"กรุงเทพมหานคร","addr:subdistrict":"ทุ่งวัดดอน","brand":"Tops","brand:th":"ท็อปส์","brand:wikidata":"Q7825140","building":"yes","name":"Tops","name:th":"ท็อปส์ เซ็นต์หลุย","opening_hours":"Mo-Su 07:00-22:00","shop":"supermarket","source":"Survey","@type":"way","@id":138127526},"geometry":{"type":"Point","coordinates":[100.5270943,13.7064862]}},{"type":"Feature","id":139333081,"properties":{"addr:housenumber":"2","addr:postcode":"10600","addr:street":"ถนนอิสรภาพ","branch":"อิสรภาพ","brand":"Big C","brand:en":"Big C","brand:th":"บิ๊กซี","brand:wikidata":"Q858665","name":"Big C","name:en":"Big C","name:th":"บิ๊กซี","shop":"supermarket","@type":"way","@id":139333081},"geometry":{"type":"Point","coordinates":[100.4927898,13.7329341]}},{"type":"Feature","id":145889681,"properties":{"addr:housenumber":"371","addr:postcode":"10150","addr:street":"เอกชัย 67","alt_name":"บิ๊กซีบางบอน","building":"yes","internet_access":"wlan","name":"บิ๊กซี ซูเปอร์เซ็นเตอร์ สาขา บางบอน","name:en":"Big C Supercenter Branch Bangbon","shop":"supermarket","@type":"way","@id":145889681},"geometry":{"type":"Point","coordinates":[100.4360466,13.6784138]}},{"type":"Feature","id":146929819,"properties":{"name":"ร้านเจ้เล้ง","shop":"supermarket","@type":"way","@id":146929819},"geometry":{"type":"Point","coordinates":[100.5897695,13.8969331]}},{"type":"Feature","id":149514334,"properties":{"addr:housenumber":"64/13","addr:postcode":"10160","addr:street":"ถนนเพชรเกษม","alt_name":"Tesco Lotus","branch":"บางแค","brand":"Lotus's","brand:en":"Lotus's","brand:th":"โลตัส","brand:wikidata":"Q2378901","building":"yes","name":"Lotus's","name:en":"Lotus's","name:th":"โลตัส","shop":"supermarket","@type":"way","@id":149514334},"geometry":{"type":"Point","coordinates":[100.4190046,13.7127727]}},{"type":"Feature","id":151745952,"properties":{"building":"yes","name":"ตลาดโลตัส","name:en":"Tesco Lotus Supermarket","name:th":"ตลาดโลตัส","shop":"supermarket","source":"Bing","@type":"way","@id":151745952},"geometry":{"type":"Point","coordinates":[100.496216,13.9123627]}},{"type":"Feature","id":151982530,"properties":{"building":"yes","name":"Villa Market","shop":"supermarket","source":"Bing","@type":"way","@id":151982530},"geometry":{"type":"Point","coordinates":[100.5505139,13.8815347]}},{"type":"Feature","id":152991235,"properties":{"addr:district":"วัฒนา","addr:province":"กรุงเทพมหานคร","addr:subdistrict":"พระโขนงเหนือ","brand":"MaxValu","brand:wikidata":"Q1960109","building":"retail","name":"MaxValu","shop":"supermarket","@type":"way","@id":152991235},"geometry":{"type":"Point","coordinates":[100.5971112,13.7186589]}},{"type":"Feature","id":156639235,"properties":{"building":"yes","name":"บิ๊กซี เอ็กซ์ตร้า แจ้งวัฒนะ","name:en":"Big C Extra","old_name":"คาร์ฟูร์ แจ้งวัฒนะ","operator":"Big C","shop":"supermarket","source":"Yahoo","@type":"way","@id":156639235},"geometry":{"type":"Point","coordinates":[100.5148571,13.905684]}},{"type":"Feature","id":156708521,"properties":{"addr:district":"บางกะปิ","addr:postcode":"10240","addr:province":"กรุงเทพมหานคร","addr:subdistrict":"คลองจั่น","building":"yes","name":"แมคโคร ลาดพร้าว","name:en":"Makro Bangkapi","shop":"supermarket","source":"Yahoo hires","@type":"way","@id":156708521},"geometry":{"type":"Point","coordinates":[100.6404104,13.7655558]}},{"type":"Feature","id":156723174,"properties":{"addr:district":"หลักสี่","addr:province":"กรุงเทพมหานคร","addr:subdistrict":"ทุ่งสองห้อง","brand":"Big C","brand:en":"Big C","brand:th":"บิ๊กซี","brand:wikidata":"Q858665","building":"yes","name":"Big C","name:en":"Big C","name:th":"บิ๊กซี","opening_hours":"Mo-Su 09:00-23:00","shop":"supermarket","source":"Bing; sign","@type":"way","@id":156723174},"geometry":{"type":"Point","coordinates":[100.5601759,13.8940994]}},{"type":"Feature","id":156723176,"properties":{"branch":"Lotus","brand":"Tesco","brand:wikidata":"Q487494","building":"yes","name":"Lotus's","opening_hours":"Mo-Su 08:00-23:00","shop":"supermarket","@type":"way","@id":156723176},"geometry":{"type":"Point","coordinates":[100.5562989,13.8959688]}},{"type":"Feature","id":156977215,"properties":{"alt_name":"Tesco Lotus","atm":"yes","branch":"Ramindra","brand":"Lotus's","brand:en":"Lotus's","brand:th":"โลตัส","brand:wikidata":"Q2378901","brand:wikipedia":"en:Lotus's","building":"yes","name":"Lotus's","name:en":"Lotus's","name:th":"โลตัส","shop":"supermarket","@type":"way","@id":156977215},"geometry":{"type":"Point","coordinates":[100.6138413,13.8018821]}},{"type":"Feature","id":157035723,"properties":{"branch":"Extra","brand":"Big C","brand:en":"Big C","brand:th":"บิ๊กซี","brand:wikidata":"Q858665","building":"yes","name":"Big C","name:en":"Big C","name:th":"บิ๊กซี","shop":"supermarket","wheelchair":"limited","@type":"way","@id":157035723},"geometry":{"type":"Point","coordinates":[100.618386,13.8608082]}},{"type":"Feature","id":157198917,"properties":{"brand":"Tops","brand:th":"ท็อปส์","brand:wikidata":"Q7825140","building":"yes","name":"Tops","shop":"supermarket","@type":"way","@id":157198917},"geometry":{"type":"Point","coordinates":[100.5667856,13.8438211]}},{"type":"Feature","id":157982305,"properties":{"alt_name":"Tesco Lotus","brand":"Lotus's","brand:en":"Lotus's","brand:th":"โลตัส","brand:wikidata":"Q2378901","building":"yes","name":"Lotus's","name:en":"Lotus's","name:th":"โลตัส","shop":"supermarket","source":"Bing","wheelchair":"yes","wheelchair:description":"for more information of accessible places in BKK, visit www.facebook.com/wheelgoround","@type":"way","@id":157982305},"geometry":{"type":"Point","coordinates":[100.5350112,13.8057838]}},{"type":"Feature","id":164560253,"properties":{"addr:district":"สัมพันธวงศ์","addr:postcode":"10100","addr:province":"กรุงเทพมหานคร","addr:subdistrict":"สัมพันธวงศ์","alt_name":"Tesco Lotus","brand":"Lotus's","brand:en":"Lotus's","brand:th":"โลตัส","brand:wikidata":"Q2378901","building":"yes","name":"Lotus's","name:en":"Lotus's","name:ja":"テスコロータス","name:th":"โลตัส","shop":"supermarket","@type":"way","@id":164560253},"geometry":{"type":"Point","coordinates":[100.5084328,13.7417569]}},{"type":"Feature","id":175274041,"properties":{"brand":"Big C","brand:wikidata":"Q858665","building":"yes","name":"Big C","shop":"supermarket","source":"Bing","@type":"way","@id":175274041},"geometry":{"type":"Point","coordinates":[100.6184118,13.990613]}},{"type":"Feature","id":175552836,"properties":{"branch":"Extra","brand":"Big C","brand:en":"Big C","brand:th":"บิ๊กซี","brand:wikidata":"Q858665","building":"retail","building:levels":"1","diet:halal":"yes","diet:kosher":"no","layer":"3","name":"Big C","name:en":"Big C","name:th":"บิ๊กซี","nohousenumber":"yes","opening_hours":"PH,Mo-Su 10:00-22:00","roof:levels":"0","shop":"supermarket","wheelchair":"yes","@type":"way","@id":175552836},"geometry":{"type":"Point","coordinates":[100.6807927,13.6487749]}},{"type":"Feature","id":176153885,"properties":{"addr:district":"วัฒนา","addr:postcode":"10110","addr:province":"กรุงเทพมหานคร","addr:subdistrict":"คลองตันเหนือ","building":"yes","name":"Fuji Supermarket","opening_hours":"Mo-Su 08:00-22:00","shop":"supermarket","@type":"way","@id":176153885},"geometry":{"type":"Point","coordinates":[100.5682809,13.7330792]}},{"type":"Feature","id":176304632,"properties":{"addr:street":"ลาดพร้าว","brand":"Big C","brand:en":"Big C","brand:th":"บิ๊กซี","brand:wikidata":"Q858665","name":"Big C","name:en":"Big C","name:th":"บิ๊กซี","shop":"supermarket","@type":"way","@id":176304632},"geometry":{"type":"Point","coordinates":[100.5687469,13.810289]}},{"type":"Feature","id":176332742,"properties":{"addr:district":"คลองเตย","addr:postcode":"10110","addr:province":"กรุงเทพมหานคร","addr:subdistrict":"คลองตัน","brand":"Big C","brand:en":"Big C","brand:th":"บิ๊กซี","brand:wikidata":"Q858665","building":"yes","check_date":"2024-11-09","name":"Big C","name:en":"Big C","name:th":"บิ๊กซี","shop":"supermarket","@type":"way","@id":176332742},"geometry":{"type":"Point","coordinates":[100.5702828,13.7180416]}},{"type":"Feature","id":183077054,"properties":{"addr:housename":"Tesco Lotus","addr:housenumber":"1190","addr:postcode":"10900","addr:street":"ถนนพหลโยธิน","alt_name":"Tesco Lotus","branch":"ลาดพร้าว-พหลโยธิน","brand":"Lotus's","brand:en":"Lotus's","brand:th":"โลตัส","brand:wikidata":"Q2378901","building":"yes","name":"Lotus's","name:en":"Lotus's","name:th":"โลตัส","opening_hours":"Mo-Su 08:00-22:00","shop":"supermarket","website":"https://www.tescolotus.com","@type":"way","@id":183077054},"geometry":{"type":"Point","coordinates":[100.5638785,13.8178627]}},{"type":"Feature","id":185306801,"properties":{"building":"yes","name":"ฟู้ดแลนด์ ลาดพร้าว","name:en":"Foodland Supermarket","name:th":"ฟู้ดแลนด์ ลาดพร้าว","shop":"supermarket","@type":"way","@id":185306801},"geometry":{"type":"Point","coordinates":[100.6229953,13.7792248]}},{"type":"Feature","id":189993663,"properties":{"addr:district":"หนองจอก","addr:postcode":"10530","addr:province":"กรุงเทพมหานคร","building":"yes","name":"ท็อปส์ ซูเปอร์ สาขาหนองจอก","name:en":"Tops Super Nong Chok Brance","name:th":"ท็อปส์ ซูเปอร์ สาขาหนองจอก","shop":"supermarket","@type":"way","@id":189993663},"geometry":{"type":"Point","coordinates":[100.8645407,13.8554259]}},{"type":"Feature","id":190018944,"properties":{"alt_name":"Tesco Lotus","brand":"Lotus's","brand:wikidata":"Q2378901","brand:wikipedia":"th:เทสโก้ โลตัส","name":"Lotus's","shop":"supermarket","@type":"way","@id":190018944},"geometry":{"type":"Point","coordinates":[100.6005189,13.8794076]}},{"type":"Feature","id":191551149,"properties":{"addr:housenumber":"46","addr:postcode":"10530","addr:street":"ถนนเชื่อมสัมพันธ์","diet:halal":"yes","diet:kosher":"no","name":"เทสโก้โลตัส สาขาหนองจอก","name:en":"Tesco Lotus Nong Chok Brance","name:th":"เทสโก้โลตัส สาขาหนองจอก","opening_hours":"PH,Mo-Su 07:00-21:00","shop":"supermarket","wheelchair":"yes","@type":"way","@id":191551149},"geometry":{"type":"Point","coordinates":[100.8599127,13.8513666]}},{"type":"Feature","id":200954977,"properties":{"name":"ร้านขายขนมนำเข้าจากประเทศต่างๆในเอเชีย","shop":"supermarket","@type":"way","@id":200954977},"geometry":{"type":"Point","coordinates":[100.5510236,13.8393922]}},{"type":"Feature","id":218012479,"properties":{"alt_name":"Tesco Lotus","brand":"Lotus's","brand:en":"Lotus's","brand:th":"โลตัส","brand:wikidata":"Q2378901","brand:wikipedia":"en:Lotus's","building":"yes","name":"Lotus's","name:en":"Lotus's","name:th":"โลตัส","shop":"supermarket","@type":"way","@id":218012479},"geometry":{"type":"Point","coordinates":[100.6126235,13.9938949]}},{"type":"Feature","id":220646002,"properties":{"alt_name":"Lotus ปทุมธานี","brand":"Lotus's","brand:wikidata":"Q2378901","brand:wikipedia":"en:Lotus's","building":"commercial","name":"Lotus's","shop":"supermarket","@type":"way","@id":220646002},"geometry":{"type":"Point","coordinates":[100.5263327,14.0204278]}},{"type":"Feature","id":232144540,"properties":{"addr:district":"ปทุมวัน","addr:housenumber":"831","addr:postcode":"10330","addr:province":"กรุงเทพมหานคร","addr:street":"ถนนพระรามที่ 1","addr:subdistrict":"วังใหม่","air_conditioning":"yes","alt_name":"Tesco Lotus","branch":"พระราม 1","branch:en":"Rama I","brand":"Lotus's","brand:en":"Lotus's","brand:th":"โลตัส","brand:wikidata":"Q2378901","building":"retail","building:levels":"5","height":"15","name":"Lotus's","name:en":"Lotus's","name:th":"โลตัส","network":"Tesco Lotus","network:wikidata":"Q2378901","opening_hours":"Mo-Su,PH 08:00-23:00","shop":"supermarket","smoking":"no","website":"https://www.tescolotus.com/","@type":"way","@id":232144540},"geometry":{"type":"Point","coordinates":[100.5245287,13.7481757]}},{"type":"Feature","id":242681663,"properties":{"addr:district":"วัฒนา","addr:housenumber":"34","addr:postcode":"10110","addr:province":"กรุงเทพมหานคร","addr:street":"ซอยสุขุมวิท 11","addr:subdistrict":"คลองเตยเหนือ","building":"yes","name":"Villa Market","name:en":"Villa Market","shop":"supermarket","@type":"way","@id":242681663},"geometry":{"type":"Point","coordinates":[100.5562781,13.7452448]}},{"type":"Feature","id":252778503,"properties":{"alt_name":"Tesco Lotus","brand":"Lotus's","brand:en":"Lotus's","brand:th":"โลตัส","brand:wikidata":"Q2378901","building":"yes","name":"Lotus's","name:en":"Lotus's","name:th":"โลตัส","shop":"supermarket","@type":"way","@id":252778503},"geometry":{"type":"Point","coordinates":[100.4780971,13.7763661]}},{"type":"Feature","id":255439247,"properties":{"brand":"Tesco Lotus","building":"yes","shop":"supermarket","@type":"way","@id":255439247},"geometry":{"type":"Point","coordinates":[100.6811146,14.0014976]}},{"type":"Feature","id":258879469,"properties":{"building":"yes","name":"ร้านสหกรณ์มหาวิทยาลัยเกษตรศาสตร์","name:en":"Kasetsart University Co-operative Store","name:th":"ร้านสหกรณ์มหาวิทยาลัยเกษตรศาสตร์","shop":"supermarket","wheelchair":"no","@type":"way","@id":258879469},"geometry":{"type":"Point","coordinates":[100.5670375,13.8454633]}},{"type":"Feature","id":260721381,"properties":{"addr:district":"เมืองนนทบุรี","addr:housenumber":"37/112","addr:postcode":"11000","addr:province":"นนทบุรี","addr:street":"ถนนรัตนาธิเบศร์","addr:subdistrict":"บางกระสอ","alt_name":"Tesco Lotus","branch":"Rattanathibat","brand":"Lotus's","brand:en":"Lotus's","brand:th":"โลตัส","brand:wikidata":"Q2378901","building":"supermarket","building:levels":"1","name":"Lotus's","name:en":"Lotus's","name:th":"โลตัส","opening_hours":"Mo-Su 08:00-22:00","shop":"supermarket","@type":"way","@id":260721381},"geometry":{"type":"Point","coordinates":[100.5188243,13.8619082]}},{"type":"Feature","id":301801363,"properties":{"building":"yes","name":"ตลาดนางเลิ้ง","name:en":"Nangloeng Market","name:th":"ตลาดนางเลิ้ง","note":"Food market","shop":"supermarket","@type":"way","@id":301801363},"geometry":{"type":"Point","coordinates":[100.5121473,13.7590642]}},{"type":"Feature","id":305662284,"properties":{"addr:city":"บางบอน","addr:housenumber":"10, 12","addr:postcode":"10150","addr:street":"ถนนบางขุนเทียน","building":"yes","name":"แม็กซ์แวลู สาขาเอกชัยบางบอน","operator":"Max Valu","shop":"supermarket","@type":"way","@id":305662284},"geometry":{"type":"Point","coordinates":[100.4261574,13.6721174]}},{"type":"Feature","id":316164641,"properties":{"addr:district":"บึงกุ่ม","addr:postcode":"10240","addr:province":"กรุงเทพมหานคร","addr:subdistrict":"คลองกุ่ม","building":"yes","name":"บริษัท พลังบุญ จำกัด","operator":"สันติอโศก","shop":"supermarket","@type":"way","@id":316164641},"geometry":{"type":"Point","coordinates":[100.6512219,13.7966098]}},{"type":"Feature","id":316185992,"properties":{"addr:district":"บึงกุ่ม","addr:housenumber":"75/6","addr:postcode":"10240","addr:province":"กรุงเทพมหานคร","addr:street":"ซอยนวมินทร์ 52","addr:subdistrict":"คลองกุ่ม","building":"yes","name":"ร้านขายของชำไพโรจน์","opening_hours":"จันทร์ - เสาร์ 7.00 - 22.00","operator":"M2T Group","phone":"+6621387049","shop":"supermarket","wheelchair":"limited","@type":"way","@id":316185992},"geometry":{"type":"Point","coordinates":[100.6504229,13.7977665]}},{"type":"Feature","id":316413725,"properties":{"addr:district":"บางกะปิ","addr:postcode":"10240","addr:province":"กรุงเทพมหานคร","addr:subdistrict":"หัวหมาก","branch":"Extra Sukhapiban 3","brand":"Big C","brand:wikidata":"Q858665","building":"yes","name":"Big C","name:th":"บิ๊กซี เอ็กซ์ตร้า สุขาภิบาล 3","shop":"supermarket","@type":"way","@id":316413725},"geometry":{"type":"Point","coordinates":[100.6584064,13.7706491]}},{"type":"Feature","id":316417449,"properties":{"building":"yes","name":"ซุเปอร์คุ้ม","shop":"supermarket","@type":"way","@id":316417449},"geometry":{"type":"Point","coordinates":[100.648666,13.7998725]}},{"type":"Feature","id":322651065,"properties":{"branch":"Saphan Kwai","brand":"Big C","brand:en":"Big C","brand:th":"บิ๊กซี","brand:wikidata":"Q858665","building":"yes","name":"Big C","name:en":"Big C","name:th":"บิ๊กซี","shop":"supermarket","@type":"way","@id":322651065},"geometry":{"type":"Point","coordinates":[100.5495259,13.791291]}},{"type":"Feature","id":323347384,"properties":{"addr:district":"วัฒนา","addr:postcode":"10110","addr:province":"กรุงเทพมหานคร","addr:subdistrict":"คลองตันเหนือ","alt_name":"Tesco Lotus","brand":"Lotus's","brand:wikidata":"Q2378901","building":"yes","name":"Lotus's go fresh","shop":"supermarket","@type":"way","@id":323347384},"geometry":{"type":"Point","coordinates":[100.5842539,13.7228953]}},{"type":"Feature","id":333433398,"properties":{"brand":"Lotus's","brand:en":"Lotus's","brand:th":"โลตัส","brand:wikidata":"Q2378901","building":"yes","name":"Lotus's","name:en":"Lotus's","name:th":"โลตัส","shop":"supermarket","@type":"way","@id":333433398},"geometry":{"type":"Point","coordinates":[100.7362776,13.9368781]}},{"type":"Feature","id":334182826,"properties":{"addr:district":"คลองเตย","addr:postcode":"10110","addr:province":"กรุงเทพมหานคร","addr:subdistrict":"คลองเตย","building":"yes","name":"Makro Food Service Sukhumvit 22","name:th":"แม็คโคร ฟู้ดเซอร์วิส สุขุมวิท 22","shop":"supermarket","@type":"way","@id":334182826},"geometry":{"type":"Point","coordinates":[100.5647225,13.7315156]}},{"type":"Feature","id":339061848,"properties":{"addr:street":"ประดิษย์มนูธรรม","name":"โกลเด้นเพลสพระรามเก้า","name:en":"Golden Place Rama9","operator":"บริษัท สุวรรณชาด จำกัด","shop":"supermarket","@type":"way","@id":339061848},"geometry":{"type":"Point","coordinates":[100.5988574,13.7641693]}},{"type":"Feature","id":339703688,"properties":{"addr:district":"วัฒนา","addr:postcode":"10110","addr:province":"กรุงเทพมหานคร","addr:subdistrict":"คลองเตยเหนือ","building":"yes","layer":"1","name":"Villa Market","shop":"supermarket","@type":"way","@id":339703688},"geometry":{"type":"Point","coordinates":[100.5566578,13.7412626]}},{"type":"Feature","id":342582132,"properties":{"addr:district":"บางพลัด","addr:postcode":"10700","addr:province":"กรุงเทพมหานคร","addr:street":"ถนนจรัญสนิทวงศ์","addr:subdistrict":"บางพลัด","alt_name":"Tesco Lotus","branch":"จรัญสนิทวงศ์","brand":"Lotus's","brand:en":"Lotus's","brand:th":"โลตัส","brand:wikidata":"Q2378901","building":"yes","check_date":"2024-12-30","name":"Lotus's","name:en":"Lotus's","name:th":"โลตัส","not:brand:wikidata":"Q487494","opening_hours":"Mo-Su 08:00-22:00","payment:cash":"yes","payment:credit_cards":"yes","payment:debit_cards":"yes","shop":"supermarket","toilets":"yes","toilets:wheelchair":"yes","@type":"way","@id":342582132},"geometry":{"type":"Point","coordinates":[100.5021988,13.7879893]}},{"type":"Feature","id":352097836,"properties":{"addr:city":"กรุงเทพมหานคร","addr:housenumber":"1050 แขวงบุคคโล เขตธนบุรี","addr:postcode":"10600","addr:street":"สมเด็จพระเจ้าตากสิน","branch":"ดาวคะนอง","brand":"Big C","brand:en":"Big C","brand:th":"บิ๊กซี","brand:wikidata":"Q858665","landuse":"commercial","name":"Big C","name:en":"Big C","name:th":"บิ๊กซี","opening_hours":"Mo-Su 09:00-23:00","operator":"0-2876-2777","shop":"supermarket","@type":"way","@id":352097836},"geometry":{"type":"Point","coordinates":[100.4828205,13.6990199]}},{"type":"Feature","id":368908192,"properties":{"addr:city":"บางแค","addr:housenumber":"1759","addr:postcode":"10160","addr:street":"ถนนเพชรเกษม","brand":"Big C","brand:wikidata":"Q858665","building":"yes","name":"Big C","opening_hours":"09:00-23:00","operator":"Big C","shop":"supermarket","@type":"way","@id":368908192},"geometry":{"type":"Point","coordinates":[100.3811229,13.7068273]}},{"type":"Feature","id":376296693,"properties":{"building":"yes","name":"ฟู้ดแลนด์","name:en":"Foodland","name:th":"ฟู้ดแลนด์","shop":"supermarket","@type":"way","@id":376296693},"geometry":{"type":"Point","coordinates":[100.4705246,13.7581707]}},{"type":"Feature","id":376302681,"properties":{"alt_name":"Tesco Lotus","atm":"yes","brand":"Lotus's","brand:en":"Lotus's","brand:th":"โลตัส","brand:wikidata":"Q2378901","building":"yes","name":"Lotus's","name:en":"Lotus's","name:th":"โลตัส","shop":"supermarket","@type":"way","@id":376302681},"geometry":{"type":"Point","coordinates":[100.4695239,13.7421652]}},{"type":"Feature","id":376863095,"properties":{"addr:district":"บางพลัด","addr:housenumber":"666","addr:place":"อาคารธนาลงกรณ์","addr:postcode":"10700","addr:province":"กรุงเเทพมหานคร","addr:street":"ถนนบรมราชชนนี","addr:subdistrict":"บางบำหรุ","building":"yes","name":"Foodland","opening_hours":"24/7","phone":"02 446 8080","shop":"supermarket","@type":"way","@id":376863095},"geometry":{"type":"Point","coordinates":[100.4734643,13.7832485]}},{"type":"Feature","id":376871147,"properties":{"building":"yes","name:en":"BigC","shop":"supermarket","@type":"way","@id":376871147},"geometry":{"type":"Point","coordinates":[100.5936283,13.6383965]}},{"type":"Feature","id":378171188,"properties":{"air_conditioning":"yes","alt_name":"บิ๊กซีบางปะกอก","branch":"บางปะกอก","brand":"Big C","brand:en":"Big C","brand:th":"บิ๊กซี","brand:wikidata":"Q858665","building":"yes","name":"Big C","name:en":"Big C","name:th":"บิ๊กซี","opening_hours":"Mo-Su 09:00-22:00","phone":"028722000","shop":"supermarket","@type":"way","@id":378171188},"geometry":{"type":"Point","coordinates":[100.4928615,13.6834805]}},{"type":"Feature","id":378173854,"properties":{"addr:district":"ยานนาวา","addr:postcode":"10120","addr:province":"กรุงเทพมหานคร","addr:subdistrict":"บางโพงพาง","building":"yes","shop":"supermarket","@type":"way","@id":378173854},"geometry":{"type":"Point","coordinates":[100.5288129,13.6779367]}},{"type":"Feature","id":378330235,"properties":{"addr:postcode":"10130","addr:street":"Suksawat Rd.","building":"yes","building:levels":"2","name":"Big C Suksawat","name:th":"บิ๊กซี ซูเปอร์เซ็นเตอร์ สุขสวัสดิ์","opening_hours":"09:00-22:00","payment:cash":"yes","payment:credit_cards":"yes","payment:debit_cards":"yes","shop":"supermarket","@type":"way","@id":378330235},"geometry":{"type":"Point","coordinates":[100.5224324,13.6542273]}},{"type":"Feature","id":379863487,"properties":{"building":"yes","name":"ตลาดดาวคะนอง","name:en":"Dao Khanong Market","shop":"supermarket","@type":"way","@id":379863487},"geometry":{"type":"Point","coordinates":[100.4824761,13.6976013]}},{"type":"Feature","id":384677217,"properties":{"alt_name":"Tesco Lotus","branch":"พัฒนาการ","brand":"Lotus's","brand:en":"Lotus's","brand:th":"โลตัส","brand:wikidata":"Q2378901","building":"yes","name":"Lotus's","name:en":"Lotus's","name:th":"โลตัส","shop":"supermarket","website":"https://www.tescolotus.com/","@type":"way","@id":384677217},"geometry":{"type":"Point","coordinates":[100.6361534,13.7375499]}},{"type":"Feature","id":384811825,"properties":{"building":"yes","name":"Minimart","shop":"supermarket","@type":"way","@id":384811825},"geometry":{"type":"Point","coordinates":[100.2540702,13.7844319]}},{"type":"Feature","id":390596579,"properties":{"addr:district":"บางกะปิ","addr:postcode":"10240","addr:province":"กรุงเทพมหานคร","addr:subdistrict":"หัวหมาก","building":"yes","name":"Foodland Supermarket","shop":"supermarket","@type":"way","@id":390596579},"geometry":{"type":"Point","coordinates":[100.6076319,13.7503172]}},{"type":"Feature","id":390786932,"properties":{"building":"yes","shop":"supermarket","@type":"way","@id":390786932},"geometry":{"type":"Point","coordinates":[100.6239364,13.7413558]}},{"type":"Feature","id":415683620,"properties":{"addr:city":"99/99 หมู่ 7 ถนนกรุงเทพ-ปทุมธานี ตำบลบางคูวัต,อำเภอเมือง, Amphoe Mueang Pathum Thani,Chang Wat Pathum Thani 12000","addr:housenumber":"99/99 หมู่ 7 ถนนกรุงเทพ-ปทุมธานี ตำบลบางคูวัต,อำเภอเมือง, Amphoe Mueang Pathum Thani,Chang Wat Pathum Thani 12000","addr:postcode":"12000","addr:street":"99/99 หมู่ 7 ถนนกรุงเทพ-ปทุมธานี ตำบลบางคูวัต,อำเภอเมือง, Amphoe Mueang Pathum Thani,Chang Wat Pathum Thani 12000","name":"The Tree Avenue","name:th":"เดอะ ทรี อเวนิว","opening_hours":"เปิดให้บริการอยู่: 10:00-21:00","operator":"02 598 6306","shop":"supermarket","@type":"way","@id":415683620},"geometry":{"type":"Point","coordinates":[100.5143532,13.9615491]}},{"type":"Feature","id":442653606,"properties":{"building":"yes","name":"แมคโคร macro","shop":"supermarket","@type":"way","@id":442653606},"geometry":{"type":"Point","coordinates":[100.633182,14.066986]}},{"type":"Feature","id":442653607,"properties":{"addr:city":"pathum thani","addr:postcode":"12120","building":"yes","name":"Tesco Lotus","name:th":"เทสโก้โลตัส คลองหลวง","operator":"02 116 9545","shop":"supermarket","@type":"way","@id":442653607},"geometry":{"type":"Point","coordinates":[100.6292813,14.0665798]}},{"type":"Feature","id":445146701,"properties":{"brand":"MaxValu","brand:wikidata":"Q11340427","building":"yes","layer":"1","name":"MaxValu","shop":"supermarket","@type":"way","@id":445146701},"geometry":{"type":"Point","coordinates":[100.6560348,13.9950167]}},{"type":"Feature","id":503372085,"properties":{"addr:district":"ลาดกระบัง","addr:housenumber":"127/1","addr:postcode":"10520","addr:province":"กรุงเทพมหานคร","addr:street":"ถนนฉลองกรุง","addr:subdistrict":"ลำปลาทิว","brand":"MaxValu","brand:wikidata":"Q11340427","building":"yes","check_date":"2026-05-06","name":"MaxValu","opening_hours":"Mo-Su 07:00-23:00","phone":"+66204227124","shop":"supermarket","@type":"way","@id":503372085},"geometry":{"type":"Point","coordinates":[100.7971944,13.7569862]}},{"type":"Feature","id":519961513,"properties":{"addr:district":"ลาดกระบัง","addr:postcode":"10520","addr:province":"กรุงเทพมหานคร","building":"yes","name":"Tesco Lotus","shop":"supermarket","@type":"way","@id":519961513},"geometry":{"type":"Point","coordinates":[100.7982803,13.755766]}},{"type":"Feature","id":529984414,"properties":{"building":"retail","name":"บิ๊กซี คลอง 3","name:en":"Big C Khongsam","shop":"supermarket","source":"DigitalGlobe-Standard","@type":"way","@id":529984414},"geometry":{"type":"Point","coordinates":[100.6621135,14.0326625]}},{"type":"Feature","id":530131200,"properties":{"building":"yes","name":"ตลาดไทยสมบูรณ์","name:en":"Thai Somboon Market","shop":"supermarket","source":"DigitalGlobe-Standard","@type":"way","@id":530131200},"geometry":{"type":"Point","coordinates":[100.6629317,14.0450491]}},{"type":"Feature","id":531966708,"properties":{"brand":"Tops","brand:en":"Tops","brand:th":"ท็อปส์","brand:wikidata":"Q7825140","building":"yes","name":"Tops","name:en":"Tops","name:th":"ท็อปส์","shop":"supermarket","@type":"way","@id":531966708},"geometry":{"type":"Point","coordinates":[100.495401,13.7232631]}},{"type":"Feature","id":544106186,"properties":{"addr:postcode":"10150","addr:province":"กรุงเทพมหานคร","addr:street":"พระรามที่2 ซอย18","building":"yes","name":"Lotus's go fresh","opening_hours":"24/7","operator":"Ek-Chai Distribution System Co., Ltd.","shop":"supermarket","@type":"way","@id":544106186},"geometry":{"type":"Point","coordinates":[100.4738683,13.6826]}},{"type":"Feature","id":544343117,"properties":{"building":"yes","name":"Global House","shop":"supermarket","@type":"way","@id":544343117},"geometry":{"type":"Point","coordinates":[100.5228467,14.0361275]}},{"type":"Feature","id":553275675,"properties":{"building":"yes","name":"สหกรณ์ร้านค้ามหาวิทยาลัยสุโขทัยธรรมาธิราช จำกัด","shop":"supermarket","@type":"way","@id":553275675},"geometry":{"type":"Point","coordinates":[100.5361998,13.9098383]}},{"type":"Feature","id":556475393,"properties":{"building":"retail","name":"Mini Big C","opening_hours":"24/7","shop":"supermarket","@type":"way","@id":556475393},"geometry":{"type":"Point","coordinates":[100.5502481,13.8723646]}},{"type":"Feature","id":556775867,"properties":{"addr:district":"บึงกุ่ม","addr:postcode":"10240","addr:province":"กรุงเทพมหานคร","addr:subdistrict":"คลองกุ่ม","building":"yes","name":"Lotus's","opening_hours":"Mo-Su 07:00-22:00","shop":"supermarket","@type":"way","@id":556775867},"geometry":{"type":"Point","coordinates":[100.6736325,13.7847633]}},{"type":"Feature","id":560769788,"properties":{"building":"yes","name":"Big C","shop":"supermarket","@type":"way","@id":560769788},"geometry":{"type":"Point","coordinates":[100.5950488,13.79784]}},{"type":"Feature","id":561173350,"properties":{"alt_name":"Tesco Lotus","branch":"พระราม 2","brand":"Lotus's","brand:wikidata":"Q2378901","building":"yes","name":"Lotus's","name:th":"โลตัส","shop":"supermarket","@type":"way","@id":561173350},"geometry":{"type":"Point","coordinates":[100.4190739,13.6475553]}},{"type":"Feature","id":562658519,"properties":{"addr:district":"ตลิ่งชัน","addr:postcode":"10170","addr:province":"กรุงเทพมหานคร","addr:subdistrict":"บางระมาด","building":"yes","layer":"1","name":"ฟู้ดวิลล่า ราชพฤกษ์","name:en":"Food Villa Ratchaphruek","shop":"supermarket","@type":"way","@id":562658519},"geometry":{"type":"Point","coordinates":[100.4440123,13.7647088]}},{"type":"Feature","id":564544502,"properties":{"addr:city":"Klong 7","addr:street":"ถนนรังสิต-นครนายก","building":"yes","name":"Tesco Lotus Klong 7","shop":"supermarket","@type":"way","@id":564544502},"geometry":{"type":"Point","coordinates":[100.7665537,14.0360311]}},{"type":"Feature","id":589378954,"properties":{"brand":"Big C","brand:en":"Big C","brand:th":"บิ๊กซี","brand:wikidata":"Q858665","building":"yes","name":"Big C","name:en":"Big C","name:th":"บิ๊กซี","shop":"supermarket","@type":"way","@id":589378954},"geometry":{"type":"Point","coordinates":[100.2812749,13.7065393]}},{"type":"Feature","id":626797304,"properties":{"addr:district":"สะพานสูง","addr:postcode":"10240","addr:province":"กรุงเทพมหานคร","addr:subdistrict":"สะพานสูง","building":"yes","shop":"supermarket","@type":"way","@id":626797304},"geometry":{"type":"Point","coordinates":[100.6690079,13.7761881]}},{"type":"Feature","id":626810306,"properties":{"addr:district":"สะพานสูง","addr:postcode":"10240","addr:province":"กรุงเทพมหานคร","addr:subdistrict":"สะพานสูง","building":"yes","shop":"supermarket","@type":"way","@id":626810306},"geometry":{"type":"Point","coordinates":[100.6792868,13.78071]}},{"type":"Feature","id":637175123,"properties":{"brand":"Big C","brand:en":"Big C","brand:th":"บิ๊กซี","brand:wikidata":"Q858665","building":"yes","building:levels":"2","name":"Big C","name:en":"Big C","name:th":"บิ๊กซี","shop":"supermarket","@type":"way","@id":637175123},"geometry":{"type":"Point","coordinates":[100.6820743,13.9339174]}},{"type":"Feature","id":676695111,"properties":{"addr:district":"ยานนาวา","addr:postcode":"10120","addr:province":"กรุงเทพมหานคร","addr:subdistrict":"ช่องนนทรี","building":"yes","name":"Lotus Express","shop":"supermarket","@type":"way","@id":676695111},"geometry":{"type":"Point","coordinates":[100.5387803,13.6927925]}},{"type":"Feature","id":688271169,"properties":{"building":"yes","shop":"supermarket","@type":"way","@id":688271169},"geometry":{"type":"Point","coordinates":[100.6267123,13.7316165]}},{"type":"Feature","id":694361143,"properties":{"alt_name":"Tesco Lotus","brand":"Lotus's","brand:en":"Lotus's","brand:th":"โลตัส","brand:wikidata":"Q2378901","building":"yes","name":"Lotus's","name:en":"Lotus's","name:th":"โลตัส","shop":"supermarket","@type":"way","@id":694361143},"geometry":{"type":"Point","coordinates":[100.7871688,13.5875602]}},{"type":"Feature","id":695655727,"properties":{"brand":"Big C","brand:wikidata":"Q858665","building":"yes","name":"Big C","shop":"supermarket","@type":"way","@id":695655727},"geometry":{"type":"Point","coordinates":[100.7016493,13.7452342]}},{"type":"Feature","id":696362210,"properties":{"addr:district":"บางกะปิ","addr:postcode":"10240","addr:province":"กรุงเทพมหานคร","addr:subdistrict":"คลองจั่น","brand":"Tesco","brand:wikidata":"Q487494","building":"yes","name":"Tesco","shop":"supermarket","@type":"way","@id":696362210},"geometry":{"type":"Point","coordinates":[100.6299488,13.7871533]}},{"type":"Feature","id":696537544,"properties":{"branch":"นครอินทร์","branch:en":"Nakorn-In","branch:th":"นครอินทร์","brand":"Tesco","brand:wikidata":"Q487494","building":"yes","name":"Tesco","name:en":"Tesco Lotus Nakorn-In Branch","name:th":"เทสโก้ โลตัส สาขานครอินทร์","opening_hours":"Mo-Su 08:00-23:00","payment:cash":"yes","payment:credit_cards":"yes","payment:debit_cards":"yes","phone":"02 860 5100","shop":"supermarket","website":"https://www.tescolotus.com/","@type":"way","@id":696537544},"geometry":{"type":"Point","coordinates":[100.4807189,13.8236465]}},{"type":"Feature","id":697975600,"properties":{"brand":"Big C","brand:wikidata":"Q858665","brand:wikipedia":"en:Big C","building":"commercial","name":"Big C","shop":"supermarket","@type":"way","@id":697975600},"geometry":{"type":"Point","coordinates":[100.6063861,13.8911054]}},{"type":"Feature","id":749744109,"properties":{"air_conditioning":"yes","building":"yes","building:levels":"1","name":"Villa Market","name:en":"Villa Market","operator":"Villa","payment:cash":"yes","payment:credit_cards":"yes","payment:debit_cards":"yes","shop":"supermarket","@type":"way","@id":749744109},"geometry":{"type":"Point","coordinates":[100.6241948,13.6577692]}},{"type":"Feature","id":756669663,"properties":{"brand":"Big C","brand:wikidata":"Q858665","brand:wikipedia":"en:Big C","building":"yes","name":"Big C","shop":"supermarket","@type":"way","@id":756669663},"geometry":{"type":"Point","coordinates":[100.6274918,13.9712136]}},{"type":"Feature","id":762242946,"properties":{"addr:district":"วัฒนา","addr:postcode":"10110","addr:province":"กรุงเทพมหานคร","addr:subdistrict":"คลองตันเหนือ","building":"retail","check_date":"2024-01-07","name":"Villa Market","operator":"Villa market JP Co.,Ltd","phone":"+66 2 6621000","shop":"supermarket","website":"http://www.villamarket.com/","@type":"way","@id":762242946},"geometry":{"type":"Point","coordinates":[100.5676263,13.7321864]}},{"type":"Feature","id":821196310,"properties":{"building":"retail","name:en":"Tesco lotus","shop":"supermarket","source":"Bing","@type":"way","@id":821196310},"geometry":{"type":"Point","coordinates":[100.2795545,13.5631401]}},{"type":"Feature","id":851365926,"properties":{"addr:district":"ลาดกระบัง","addr:postcode":"10520","addr:province":"กรุงเทพมหานคร","building":"yes","building:levels":"2","layer":"1","name":"HomePro ลาดกระบัง","shop":"supermarket","@type":"way","@id":851365926},"geometry":{"type":"Point","coordinates":[100.7257228,13.7230254]}},{"type":"Feature","id":895652082,"properties":{"addr:housenumber":"888/8","addr:street":"ถนนเทพรัตน","building":"retail","building:levels":"2","name":"Foodland","opening_hours":"Mo-Su 00:00-24:00","roof:levels":"0","shop":"supermarket","@type":"way","@id":895652082},"geometry":{"type":"Point","coordinates":[100.7158145,13.6321983]}},{"type":"Feature","id":895652084,"properties":{"brand":"Tesco Lotus","brand:wikidata":"Q2378901","brand:wikipedia":"th:เทสโก้ โลตัส","building":"retail","name":"Tesco Lotus","opening_hours":"PH,Mo-Su 09:00-21:00","shop":"supermarket","wheelchair":"yes","@type":"way","@id":895652084},"geometry":{"type":"Point","coordinates":[100.7103006,13.6314211]}},{"type":"Feature","id":904161545,"properties":{"branch":"ร่มเกล้า","brand":"Big C","brand:en":"Big C","brand:th":"บิ๊กซี","brand:wikidata":"Q858665","building":"yes","name":"Big C","name:en":"Big C","name:th":"บิ๊กซี","shop":"supermarket","@type":"way","@id":904161545},"geometry":{"type":"Point","coordinates":[100.737634,13.8093592]}},{"type":"Feature","id":946929906,"properties":{"building":"yes","name":"ซีเจ ซูเปอร์มาร์เก็ต","shop":"supermarket","@type":"way","@id":946929906},"geometry":{"type":"Point","coordinates":[100.6266441,13.9711515]}},{"type":"Feature","id":946937529,"properties":{"brand":"Big C","brand:wikidata":"Q858665","brand:wikipedia":"en:Big C","building":"house","name":"Big C","opening_hours":"Mo-Su 06:00-23:00","shop":"supermarket","@type":"way","@id":946937529},"geometry":{"type":"Point","coordinates":[100.63506,13.969735]}},{"type":"Feature","id":946937533,"properties":{"building":"yes","name":"CP Freshmart","shop":"supermarket","@type":"way","@id":946937533},"geometry":{"type":"Point","coordinates":[100.6374153,13.9618096]}},{"type":"Feature","id":946937536,"properties":{"brand":"Big C","brand:wikidata":"Q858665","brand:wikipedia":"en:Big C","building":"yes","name":"Big C","shop":"supermarket","@type":"way","@id":946937536},"geometry":{"type":"Point","coordinates":[100.6390643,13.9703334]}},{"type":"Feature","id":985978885,"properties":{"brand":"MaxValu","brand:wikidata":"Q11340427","brand:wikipedia":"en:MaxValu","building":"yes","layer":"-1","name":"MaxValu","payment:cash":"yes","payment:coins":"yes","payment:credit_cards":"yes","payment:debit_cards":"yes","payment:mastercard":"yes","payment:notes":"yes","payment:visa":"yes","shop":"supermarket","@type":"way","@id":985978885},"geometry":{"type":"Point","coordinates":[100.6811634,13.8585661]}},{"type":"Feature","id":1027675202,"properties":{"building":"yes","name":"ไทยฟู้ดส์ เฟรซ มาร์เก็ต","name:en":"Thai Foods Fresh Market","name:th":"ไทยฟู้ดส์ เฟรซ มาร์เก็ต","shop":"supermarket","@type":"way","@id":1027675202},"geometry":{"type":"Point","coordinates":[100.4722073,13.8281038]}},{"type":"Feature","id":1041626107,"properties":{"brand":"Big C","brand:wikidata":"Q858665","brand:wikipedia":"en:Big C","building":"yes","name":"Big C","not:brand:wikidata":"Q858665","shop":"supermarket","@type":"way","@id":1041626107},"geometry":{"type":"Point","coordinates":[100.6213393,13.5994317]}},{"type":"Feature","id":1041626108,"properties":{"building":"yes","name":"ซีเจ ซูเปอร์มาร์เก็ต","shop":"supermarket","@type":"way","@id":1041626108},"geometry":{"type":"Point","coordinates":[100.6215856,13.5994959]}},{"type":"Feature","id":1049141301,"properties":{"addr:district":"ลาดกระบัง","addr:housename":"ท็อปส์เดลี่ สาขา เค แอล วิลล่า ลาดกระบัง","addr:postcode":"10520","addr:province":"กรุงเทพมหานคร","addr:street":"ฉลองกรุง 1","branch":"Tops Daily KL Villa","brand":"Tops","brand:th":"ท็อปส์","brand:wikidata":"Q7825140","brand:wikipedia":"en:Tops Supermarket","building":"retail","building:levels":"1","check_date:opening_hours":"2023-09-08","diet:halal":"yes","diet:kosher":"no","name":"Tops","opening_hours":"PH,Mo-Su 06:00-24:00","roof:levels":"0","roof:shape":"flat","shop":"supermarket","wheelchair":"yes","@type":"way","@id":1049141301},"geometry":{"type":"Point","coordinates":[100.7715398,13.7276583]}},{"type":"Feature","id":1061596753,"properties":{"building":"yes","name":"HomePro","shop":"supermarket","@type":"way","@id":1061596753},"geometry":{"type":"Point","coordinates":[100.6142308,13.6698976]}},{"type":"Feature","id":1072647994,"properties":{"addr:district":"ลาดกระบัง","addr:postcode":"10520","addr:province":"กรุงเทพมหานคร","alt_name":"Tesco Lotus","branch":"Ladkrabang","brand":"Lotus's","brand:wikidata":"Q2378901","building":"retail","building:levels":"1","diet:halal":"yes","diet:kosher":"no","name":"Lotus's","nohousenumber":"yes","opening_hours":"PH,Mo-Su 08:00-21:00","roof:levels":"0","roof:shape":"gabled","shop":"supermarket","wheelchair":"yes","@type":"way","@id":1072647994},"geometry":{"type":"Point","coordinates":[100.793082,13.7193986]}},{"type":"Feature","id":1075079765,"properties":{"brand":"Big C","diet:halal":"yes","diet:kosher":"no","name":"Big C","opening_hours":"PH,Mo-Su 08:00-21:00","shop":"supermarket","wheelchair":"yes","@type":"way","@id":1075079765},"geometry":{"type":"Point","coordinates":[100.8548068,13.8545235]}},{"type":"Feature","id":1103434693,"properties":{"addr:district":"บางรัก","addr:postcode":"10500","addr:province":"กรุงเทพมหานคร","addr:subdistrict":"มหาพฤฒาราม","building":"yes","shop":"supermarket","@type":"way","@id":1103434693},"geometry":{"type":"Point","coordinates":[100.5174399,13.7354893]}},{"type":"Feature","id":1112189171,"properties":{"alt_name":"Tesco Lotus","brand":"Lotus's","brand:wikidata":"Q2378901","building":"yes","name":"Lotus's","shop":"supermarket","@type":"way","@id":1112189171},"geometry":{"type":"Point","coordinates":[100.6302749,13.6206776]}},{"type":"Feature","id":1120582441,"properties":{"building":"house","shop":"supermarket","@type":"way","@id":1120582441},"geometry":{"type":"Point","coordinates":[100.6915318,13.7344108]}},{"type":"Feature","id":1120582442,"properties":{"building":"house","shop":"supermarket","@type":"way","@id":1120582442},"geometry":{"type":"Point","coordinates":[100.6917447,13.7344926]}},{"type":"Feature","id":1120586142,"properties":{"building":"house","name":"711","shop":"supermarket","@type":"way","@id":1120586142},"geometry":{"type":"Point","coordinates":[100.6916506,13.7331812]}},{"type":"Feature","id":1121236568,"properties":{"addr:district":"สะพานสูง","addr:postcode":"10240","addr:province":"กรุงเทพมหานคร","addr:subdistrict":"สะพานสูง","building":"supermarket","name":"Golden Place","organic":"yes","shop":"supermarket","@type":"way","@id":1121236568},"geometry":{"type":"Point","coordinates":[100.6743782,13.7784517]}},{"type":"Feature","id":1125558127,"properties":{"brand":"Tops","brand:en":"Tops","brand:th":"ท็อปส์","brand:wikidata":"Q7825140","building":"yes","name":"Tops","name:en":"Tops","name:th":"ท็อปส์","shop":"supermarket","@type":"way","@id":1125558127},"geometry":{"type":"Point","coordinates":[100.6499109,13.8109378]}},{"type":"Feature","id":1125754806,"properties":{"addr:district":"บึงกุ่ม","addr:postcode":"10240","addr:province":"กรุงเทพมหานคร","addr:subdistrict":"คลองกุ่ม","brand":"MaxValu","brand:wikidata":"Q11340427","building":"yes","name":"MaxValu","shop":"supermarket","@type":"way","@id":1125754806},"geometry":{"type":"Point","coordinates":[100.6553993,13.8181084]}},{"type":"Feature","id":1126449536,"properties":{"brand":"Tops","brand:th":"ท็อปส์","brand:wikidata":"Q7825140","building":"yes","name":"Tops","shop":"supermarket","source":"microsoft/BuildingFootprints","@type":"way","@id":1126449536},"geometry":{"type":"Point","coordinates":[100.4483855,13.7456848]}},{"type":"Feature","id":1132753976,"properties":{"alt_name":"Tesco Lotus","branch":"go fresh","brand":"Lotus's","brand:en":"Lotus's","brand:th":"โลตัส","brand:wikidata":"Q2378901","building":"yes","name":"Lotus's","name:en":"Lotus's","name:th":"โลตัส","shop":"supermarket","@type":"way","@id":1132753976},"geometry":{"type":"Point","coordinates":[100.6569108,13.7262015]}},{"type":"Feature","id":1133246786,"properties":{"alt_name":"Tesco Lotus","brand":"Lotus's","brand:wikidata":"Q2378901","building":"yes","name":"Lotus's","shop":"supermarket","@type":"way","@id":1133246786},"geometry":{"type":"Point","coordinates":[100.6349069,13.6189519]}},{"type":"Feature","id":1134493798,"properties":{"brand":"Tops","brand:th":"ท็อปส์","diet:halal":"no","name":"Tops","opening_hours":"PH,Mo-Su 06:00-23:00","shop":"supermarket","wheelchair":"yes","@type":"way","@id":1134493798},"geometry":{"type":"Point","coordinates":[100.7844826,13.7126795]}},{"type":"Feature","id":1158741787,"properties":{"building":"yes","name":"แม็คโคร ฟู้ดเซอร์วิส","shop":"supermarket","@type":"way","@id":1158741787},"geometry":{"type":"Point","coordinates":[100.6559016,13.9329042]}},{"type":"Feature","id":1159014939,"properties":{"building":"yes","name":"ซีเจ ซูเปอร์มาร์เก็ต","shop":"supermarket","@type":"way","@id":1159014939},"geometry":{"type":"Point","coordinates":[100.6603533,13.9519997]}},{"type":"Feature","id":1194107552,"properties":{"landuse":"retail","name":"แบมบินี่ วิลล่า","name:en":"Bambini Villa","name:th":"แบมบินี่ วิลล่า","shop":"supermarket","@type":"way","@id":1194107552},"geometry":{"type":"Point","coordinates":[100.5707005,13.7193302]}},{"type":"Feature","id":1194352618,"properties":{"alt_name":"Tesco Lotus","brand":"Lotus's","brand:wikidata":"Q2378901","building":"yes","name":"Lotus's","shop":"supermarket","@type":"way","@id":1194352618},"geometry":{"type":"Point","coordinates":[100.650061,13.5831065]}},{"type":"Feature","id":1205729819,"properties":{"brand":"Big C","brand:en":"Big C","brand:th":"บิ๊กซี","brand:wikidata":"Q858665","building":"yes","country":"Thailand","name":"Big C","name:en":"Big C","name:th":"บิ๊กซี","shop":"supermarket","@type":"way","@id":1205729819},"geometry":{"type":"Point","coordinates":[100.2739149,13.5651368]}},{"type":"Feature","id":1207945479,"properties":{"alt_name":"Tesco Lotus","brand":"Lotus's","brand:wikidata":"Q2378901","building":"commercial","building:levels":"2","name":"Lotus's","shop":"supermarket","@type":"way","@id":1207945479},"geometry":{"type":"Point","coordinates":[100.5973276,13.5873498]}},{"type":"Feature","id":1213872964,"properties":{"addr:district":"บางรัก","addr:housenumber":"44/5;44/3","addr:postcode":"10500","addr:province":"กรุงเทพมหานคร","addr:street":"ซอยปราโมทย์ 2","addr:subdistrict":"สุริยวงศ์","building":"yes","building:levels":"5","name":"Hari Grocery Thali","name:en":"Hari Grocery Thali","shop":"supermarket","@type":"way","@id":1213872964},"geometry":{"type":"Point","coordinates":[100.5198189,13.7252196]}},{"type":"Feature","id":1216078237,"properties":{"addr:district":"บางเขน","addr:postcode":"10220","addr:province":"กรุงเทพมหานคร","addr:subdistrict":"ท่าแร้ง","alt_name":"Tesco Lotus","brand":"Lotus's","brand:en":"Lotus's","brand:th":"โลตัส","brand:wikidata":"Q2378901","building":"yes","name":"Lotus's","name:en":"Lotus's","name:th":"โลตัส","shop":"supermarket","@type":"way","@id":1216078237},"geometry":{"type":"Point","coordinates":[100.6403523,13.8548789]}},{"type":"Feature","id":1223154434,"properties":{"brand":"Big C","brand:en":"Big C","brand:th":"บิ๊กซี เอ็กซ์ตร้า","brand:wikidata":"Q858665","building":"yes","name":"Big C Extra","name:en":"Big C Extra","name:th":"บิ๊กซี","shop":"supermarket","@type":"way","@id":1223154434},"geometry":{"type":"Point","coordinates":[100.3666817,13.7091944]}},{"type":"Feature","id":1223702095,"properties":{"alt_name":"Tesco Lotus","brand":"Lotus's","brand:en":"Lotus's","brand:th":"โลตัส","brand:wikidata":"Q2378901","building":"yes","name":"Lotus's","name:en":"Lotus's","name:th":"โลตัส","shop":"supermarket","@type":"way","@id":1223702095},"geometry":{"type":"Point","coordinates":[100.6005138,13.8793566]}},{"type":"Feature","id":1228630103,"properties":{"branch":"Daily Mini Supermarket","brand":"Tops","brand:en":"Tops","brand:th":"ท็อปส์","brand:wikidata":"Q7825140","building":"yes","name":"Tops","name:en":"Tops","name:th":"ท็อปส์","shop":"supermarket","@type":"way","@id":1228630103},"geometry":{"type":"Point","coordinates":[100.5963342,14.0765357]}},{"type":"Feature","id":1229757091,"properties":{"addr:district":"สาทร","addr:postcode":"10120","addr:province":"กรุงเทพมหานคร","addr:subdistrict":"ยานนาวา","branch":"Mini","brand":"Big C","brand:wikidata":"Q858665","building":"yes","name":"Big C","shop":"supermarket","@type":"way","@id":1229757091},"geometry":{"type":"Point","coordinates":[100.5146837,13.7152415]}},{"type":"Feature","id":1234194832,"properties":{"addr:district":"ทุ่งครุ","addr:postcode":"10140","addr:province":"กรุงเทพมหานคร","building":"yes","name":"CJ More ซ๊เจ มอร์ สาขาประชาอุทิศ 76","opening_hours":"Mo-Su 06:00-22:00","phone":"0935824290","shop":"supermarket","website":"https://www.cjexpress.co.th/","@type":"way","@id":1234194832},"geometry":{"type":"Point","coordinates":[100.5052834,13.6270151]}},{"type":"Feature","id":1239927859,"properties":{"building":"yes","name":"CJ","shop":"supermarket","@type":"way","@id":1239927859},"geometry":{"type":"Point","coordinates":[100.6836158,13.5907019]}},{"type":"Feature","id":1241669902,"properties":{"alt_name":"Tesco Lotus","brand":"Lotus's","brand:wikidata":"Q2378901","building":"yes","name":"Lotus's","shop":"supermarket","@type":"way","@id":1241669902},"geometry":{"type":"Point","coordinates":[100.6094582,13.8793239]}},{"type":"Feature","id":1242866087,"properties":{"alt_name":"Tesco Lotus","brand":"Lotus's","brand:wikidata":"Q2378901","building":"yes","name":"Lotus's","shop":"supermarket","@type":"way","@id":1242866087},"geometry":{"type":"Point","coordinates":[100.6065556,13.6159907]}},{"type":"Feature","id":1248149763,"properties":{"brand":"Tops","brand:th":"ท็อปส์","level":"0","name":"Tops","shop":"supermarket","wheelchair":"limited","@type":"way","@id":1248149763},"geometry":{"type":"Point","coordinates":[100.5823881,13.771464]}},{"type":"Feature","id":1248752721,"properties":{"alt_name":"Tesco Lotus","brand":"Lotus's","level":"0","name":"Lotus's Go Fresh","shop":"supermarket","wheelchair":"yes","@type":"way","@id":1248752721},"geometry":{"type":"Point","coordinates":[100.5803735,13.7775306]}},{"type":"Feature","id":1267036397,"properties":{"alt_name":"Tesco Lotus","brand":"Lotus's","brand:wikidata":"Q2378901","building":"yes","name":"Lotus's","shop":"supermarket","@type":"way","@id":1267036397},"geometry":{"type":"Point","coordinates":[100.2525215,13.6522229]}},{"type":"Feature","id":1292795446,"properties":{"brand":"Big C","brand:en":"Big C","brand:th":"บิ๊กซี","brand:wikidata":"Q858665","landuse":"retail","name":"Big C","name:en":"Big C","name:th":"บิ๊กซี","shop":"supermarket","@type":"way","@id":1292795446},"geometry":{"type":"Point","coordinates":[100.5109158,13.6117926]}},{"type":"Feature","id":1300063484,"properties":{"alt_name":"Tesco Lotus","brand":"Lotus's","brand:en":"Lotus's","brand:th":"โลตัส","brand:wikidata":"Q2378901","building":"yes","name":"Lotus's","name:en":"Lotus's","name:th":"โลตัส","shop":"supermarket","@type":"way","@id":1300063484},"geometry":{"type":"Point","coordinates":[100.6198874,13.6310175]}},{"type":"Feature","id":1307435552,"properties":{"building":"yes","name":"มาร์เก็ต วิลเลจ","name:en":"Market Village","name:th":"มาร์เก็ต วิลเลจ","shop":"supermarket","@type":"way","@id":1307435552},"geometry":{"type":"Point","coordinates":[100.6847111,14.0010854]}},{"type":"Feature","id":1314411171,"properties":{"alt_name":"Tesco Lotus","brand":"Lotus's","brand:en":"Lotus's","brand:th":"โลตัส","brand:wikidata":"Q2378901","landuse":"retail","layer":"1","name":"Lotus's","name:en":"Lotus's","name:th":"โลตัส","shop":"supermarket","@type":"way","@id":1314411171},"geometry":{"type":"Point","coordinates":[100.5015231,13.6780287]}},{"type":"Feature","id":1326437373,"properties":{"addr:district":"ดินแดง","addr:housenumber":"8","addr:postcode":"10400","addr:province":"กรุงเทพมหานคร","addr:street":"ซอยประชาสงเคราะห์ 2","addr:subdistrict":"ดินแดง","building":"yes","building:levels":"2","name":"พิพัฒน์สโตร์ 2","shop":"supermarket","@type":"way","@id":1326437373},"geometry":{"type":"Point","coordinates":[100.5559055,13.7620492]}},{"type":"Feature","id":1328735678,"properties":{"brand":"Big C","brand:en":"Big C","brand:th":"บิ๊กซี","brand:wikidata":"Q858665","building":"retail","name":"Big C","name:en":"Big C","name:th":"บิ๊กซี","shop":"supermarket","@type":"way","@id":1328735678},"geometry":{"type":"Point","coordinates":[100.4202928,13.6516571]}},{"type":"Feature","id":1335094328,"properties":{"building":"yes","name":"Jiffy","shop":"supermarket","@type":"way","@id":1335094328},"geometry":{"type":"Point","coordinates":[100.6157937,13.605491]}},{"type":"Feature","id":1341004611,"properties":{"brand":"CJ Express","brand:wikidata":"Q125874457","building":"yes","name":"CJ Supermarket","shop":"supermarket","@type":"way","@id":1341004611},"geometry":{"type":"Point","coordinates":[100.4438567,13.6875784]}},{"type":"Feature","id":1341004613,"properties":{"air_conditioning":"yes","branch":"กัลปพฤกษ์","brand":"Big C","brand:en":"Big C","brand:th":"บิ๊กซี","brand:wikidata":"Q858665","building":"yes","name":"Big C","name:en":"Big C","name:th":"บิ๊กซี","shop":"supermarket","@type":"way","@id":1341004613},"geometry":{"type":"Point","coordinates":[100.4322159,13.6885177]}},{"type":"Feature","id":1351729518,"properties":{"addr:district":"สะพานสูง","addr:postcode":"10240","addr:province":"กรุงเทพมหานคร","addr:subdistrict":"สะพานสูง","brand":"แม็คโคร","brand:en":"Makro","brand:th":"แม็คโคร","brand:wikidata":"Q704606","building":"supermarket","name":"แม็คโคร","name:en":"Makro","name:th":"แม็คโคร","shop":"supermarket","@type":"way","@id":1351729518},"geometry":{"type":"Point","coordinates":[100.6745936,13.7759723]}},{"type":"Feature","id":1354127887,"properties":{"brand":"CJ Express","brand:wikidata":"Q125874457","building":"yes","name":"CJ Supermarket","shop":"supermarket","@type":"way","@id":1354127887},"geometry":{"type":"Point","coordinates":[100.4723686,13.580871]}},{"type":"Feature","id":1369210086,"properties":{"building":"yes","name":"Golden Place","shop":"supermarket","@type":"way","@id":1369210086},"geometry":{"type":"Point","coordinates":[100.5553369,13.7797129]}},{"type":"Feature","id":1374667452,"properties":{"brand":"Tops","brand:en":"Tops","brand:th":"ท็อปส์","brand:wikidata":"Q7825140","building":"yes","name":"Tops","name:en":"Tops","name:th":"ท็อปส์","shop":"supermarket","@type":"way","@id":1374667452},"geometry":{"type":"Point","coordinates":[100.5367659,13.7824401]}},{"type":"Feature","id":1375029810,"properties":{"brand":"Big C","brand:en":"Big C","brand:th":"บิ๊กซี","brand:wikidata":"Q858665","building":"yes","name":"Big C","name:en":"Big C","name:th":"บิ๊กซี","shop":"supermarket","@type":"way","@id":1375029810},"geometry":{"type":"Point","coordinates":[100.6106029,13.63834]}},{"type":"Feature","id":1414583894,"properties":{"air_conditioning":"yes","building":"yes","currency:THB":"yes","name":"กิ๊ก มินิมาร์ท","name:en":"Kik Minimart","shop":"supermarket","@type":"way","@id":1414583894},"geometry":{"type":"Point","coordinates":[100.6340861,13.8780832]}},{"type":"Feature","id":1415648737,"properties":{"alt_name":"Tesco Lotus Express","brand":"Lotus's go fresh","brand:wikidata":"Q125937967","building":"yes","name":"Lotus's go fresh","shop":"supermarket","@type":"way","@id":1415648737},"geometry":{"type":"Point","coordinates":[100.5994371,13.6210233]}},{"type":"Feature","id":1418628949,"properties":{"building":"yes","name":"Golden Place","shop":"supermarket","@type":"way","@id":1418628949},"geometry":{"type":"Point","coordinates":[100.5136853,13.7791862]}},{"type":"Feature","id":1432038993,"properties":{"brand":"Tops","brand:en":"Tops","brand:th":"ท็อปส์","brand:wikidata":"Q7825140","building":"yes","name":"Tops","name:en":"Tops","name:th":"ท็อปส์","shop":"supermarket","@type":"way","@id":1432038993},"geometry":{"type":"Point","coordinates":[100.697927,13.6674916]}},{"type":"Feature","id":1441991427,"properties":{"brand":"Big C","brand:en":"Big C","brand:th":"บิ๊กซี","brand:wikidata":"Q858665","building":"yes","layer":"1","name":"Big C","name:en":"Big C","name:th":"บิ๊กซี","shop":"supermarket","@type":"way","@id":1441991427},"geometry":{"type":"Point","coordinates":[100.7197566,13.817226]}},{"type":"Feature","id":1443553055,"properties":{"building":"yes","shop":"supermarket","@type":"way","@id":1443553055},"geometry":{"type":"Point","coordinates":[100.4367596,13.6655174]}},{"type":"Feature","id":1462869079,"properties":{"brand":"CJ Express","brand:wikidata":"Q125874457","building":"yes","name":"CJ Supermarket","shop":"supermarket","@type":"way","@id":1462869079},"geometry":{"type":"Point","coordinates":[100.7550296,14.0487218]}},{"type":"Feature","id":1464305495,"properties":{"alt_name":"Tesco Lotus Express","brand":"Lotus's go fresh","brand:wikidata":"Q125937967","building":"yes","name":"Lotus's go fresh","shop":"supermarket","@type":"way","@id":1464305495},"geometry":{"type":"Point","coordinates":[100.6321785,13.7721654]}},{"type":"Feature","id":1464309600,"properties":{"alt_name":"Tesco Lotus Express","brand":"Lotus's go fresh","brand:wikidata":"Q125937967","building":"yes","name":"Lotus's go fresh","shop":"supermarket","@type":"way","@id":1464309600},"geometry":{"type":"Point","coordinates":[100.6302017,13.971392]}},{"type":"Feature","id":1476896542,"properties":{"alt_name":"Tesco Lotus","brand":"Lotus's","brand:en":"Lotus's","brand:th":"โลตัส","brand:wikidata":"Q2378901","building":"yes","name":"Lotus's","name:en":"Lotus's","name:th":"โลตัส","shop":"supermarket","@type":"way","@id":1476896542},"geometry":{"type":"Point","coordinates":[100.3977556,13.7831851]}},{"type":"Feature","id":1487102670,"properties":{"alt_name":"Tesco Lotus Express","brand":"Lotus's go fresh","brand:wikidata":"Q125937967","building":"yes","name":"Lotus's go fresh","shop":"supermarket","@type":"way","@id":1487102670},"geometry":{"type":"Point","coordinates":[100.6424755,13.8208775]}},{"type":"Feature","id":1494511344,"properties":{"building":"yes","name":"ฟู้ดแลนด์","name:en":"Foodland","name:th":"ฟู้ดแลนด์","shop":"supermarket","wikidata":"Q5465559","wikipedia":"en:Foodland (Thailand)","@type":"way","@id":1494511344},"geometry":{"type":"Point","coordinates":[100.6464568,13.8034525]}},{"type":"Feature","id":1507675783,"properties":{"branch":"บางกรวย","brand":"MaxValu","brand:wikidata":"Q11340427","building":"yes","name":"MaxValu","opening_hours":"Mo-Su,PH 07:00-23:00","shop":"supermarket","@type":"way","@id":1507675783},"geometry":{"type":"Point","coordinates":[100.4747957,13.7938665]}},{"type":"Feature","id":1552317058,"properties":{"building":"commercial","name":"Lotus go Fresh","shop":"supermarket","@type":"way","@id":1552317058},"geometry":{"type":"Point","coordinates":[100.6733021,13.6444176]}},{"type":"Feature","id":995551160,"properties":{"alt_name":"Tesco Lotus","brand":"Lotus's","brand:wikidata":"Q2378901","name":"Lotus's","operator":"Lotus","shop":"supermarket","@type":"node","@id":995551160},"geometry":{"type":"Point","coordinates":[100.9167709,12.8198776]}},{"type":"Feature","id":1553398550,"properties":{"level":"0","name":"Villa Market","name:ko":"빌라마켓","opening_hours":"07:00-01:00","phone":"+66 38 416888","shop":"supermarket","website":"http://www.villamarket.com/","wheelchair":"yes","@type":"node","@id":1553398550},"geometry":{"type":"Point","coordinates":[100.8817023,12.9296874]}},{"type":"Feature","id":2195952851,"properties":{"alt_name":"Tesco Lotus","brand":"Lotus's","brand:en":"Lotus's","brand:th":"โลตัส","brand:wikidata":"Q2378901","name":"Lotus's","name:en":"Lotus's","name:th":"โลตัส","shop":"supermarket","@type":"node","@id":2195952851},"geometry":{"type":"Point","coordinates":[100.9718521,13.3401828]}},{"type":"Feature","id":2418502307,"properties":{"name":"Lotus","shop":"supermarket","@type":"node","@id":2418502307},"geometry":{"type":"Point","coordinates":[100.898612,12.6721955]}},{"type":"Feature","id":2641802478,"properties":{"alt_name":"Lotus Minimart","brand":"Lotus's","name":"Lotus's Minimart","name:ru":"продуктовый магазин Лотос","not:brand:wikidata":"Q2378901","payment:app":"yes","payment:cash":"yes","payment:contactless":"yes","shop":"supermarket","@type":"node","@id":2641802478},"geometry":{"type":"Point","coordinates":[100.8868835,12.8898145]}},{"type":"Feature","id":2682671026,"properties":{"name":"ร้านเกล้า","shop":"supermarket","@type":"node","@id":2682671026},"geometry":{"type":"Point","coordinates":[101.6490463,12.7894584]}},{"type":"Feature","id":2682671032,"properties":{"addr:city":"Klaeng","addr:postcode":"21110","addr:street":"ถนนสุขุมวิท","opening_hours":"08:00 - 22:00","shop":"supermarket","website":"https://tescolotus.com/","@type":"node","@id":2682671032},"geometry":{"type":"Point","coordinates":[101.6590171,12.7866491]}},{"type":"Feature","id":2739066104,"properties":{"addr:housenumber":"315/174","addr:postcode":"20150","addr:street":"จอมเทียน 1","name":"ท็อปเดลี่ (สาขาเขาพระตำหนัก)","name:en":"Tops Daily (Kho Phra Tamnak)","opening_hours":"24/7","phone":"038251281","shop":"supermarket","website":"https://www.tops.co.th/","wheelchair":"no","@type":"node","@id":2739066104},"geometry":{"type":"Point","coordinates":[100.8699583,12.9015769]}},{"type":"Feature","id":2811103863,"properties":{"name":"Tesco Lotus","shop":"supermarket","@type":"node","@id":2811103863},"geometry":{"type":"Point","coordinates":[100.9341605,13.3335033]}},{"type":"Feature","id":2811166122,"properties":{"name":"Home Pro","shop":"supermarket","@type":"node","@id":2811166122},"geometry":{"type":"Point","coordinates":[100.9596307,13.3160918]}},{"type":"Feature","id":2811232275,"properties":{"name":"Lotus's go fresh","shop":"supermarket","@type":"node","@id":2811232275},"geometry":{"type":"Point","coordinates":[100.9296758,13.336695]}},{"type":"Feature","id":2814998988,"properties":{"name":"Lotus's go fresh","shop":"supermarket","@type":"node","@id":2814998988},"geometry":{"type":"Point","coordinates":[100.9344372,13.2991219]}},{"type":"Feature","id":2815029920,"properties":{"brand":"Big C","brand:en":"Big C","brand:th":"บิ๊กซี","brand:wikidata":"Q858665","name":"Big C","name:en":"Big C","name:th":"บิ๊กซี","shop":"supermarket","@type":"node","@id":2815029920},"geometry":{"type":"Point","coordinates":[100.9701446,13.3384054]}},{"type":"Feature","id":2815280499,"properties":{"brand":"Tops","brand:en":"Tops","brand:th":"ท็อปส์","brand:wikidata":"Q7825140","name":"Tops","name:en":"Tops","name:th":"ท็อปส์","shop":"supermarket","@type":"node","@id":2815280499},"geometry":{"type":"Point","coordinates":[100.9694037,13.3364205]}},{"type":"Feature","id":3518902604,"properties":{"name":"Global House","shop":"supermarket","@type":"node","@id":3518902604},"geometry":{"type":"Point","coordinates":[101.23609,12.7063862]}},{"type":"Feature","id":3867067077,"properties":{"name":"Tesco Lotus","shop":"supermarket","@type":"node","@id":3867067077},"geometry":{"type":"Point","coordinates":[100.9654534,13.2774879]}},{"type":"Feature","id":3969044995,"properties":{"shop":"supermarket","@type":"node","@id":3969044995},"geometry":{"type":"Point","coordinates":[101.449419,12.5496226]}},{"type":"Feature","id":4097197843,"properties":{"brand":"MaxValu","brand:wikidata":"Q11340427","name":"MaxValu","shop":"supermarket","@type":"node","@id":4097197843},"geometry":{"type":"Point","coordinates":[100.8977746,12.9346314]}},{"type":"Feature","id":4105655690,"properties":{"brand":"Tops","brand:en":"Tops","brand:th":"ท็อปส์","brand:wikidata":"Q7825140","name":"Tops","name:en":"Tops","name:th":"ท็อปส์","shop":"supermarket","@type":"node","@id":4105655690},"geometry":{"type":"Point","coordinates":[100.9112157,12.9226831]}},{"type":"Feature","id":4268628398,"properties":{"brand":"Tops","brand:th":"ท็อปส์","brand:wikidata":"Q7825140","brand:wikipedia":"en:Tops Supermarket","name":"Tops","opening_hours":"Mo-Su 09:00-22:00","shop":"supermarket","@type":"node","@id":4268628398},"geometry":{"type":"Point","coordinates":[100.8786135,12.9237153]}},{"type":"Feature","id":4359852326,"properties":{"name":"Tesco","shop":"supermarket","@type":"node","@id":4359852326},"geometry":{"type":"Point","coordinates":[101.0898961,13.0346212]}},{"type":"Feature","id":4394565496,"properties":{"name":"108 ช็อป","name:en":"108 shop","name:ja":"108 ショップ","shop":"supermarket","@type":"node","@id":4394565496},"geometry":{"type":"Point","coordinates":[100.9274698,13.1681867]}},{"type":"Feature","id":4483991414,"properties":{"brand":"TESCO Lotus","name":"TESCO Lotus","shop":"supermarket","@type":"node","@id":4483991414},"geometry":{"type":"Point","coordinates":[101.0044209,13.4260924]}},{"type":"Feature","id":4525766091,"properties":{"brand":"Big C","brand:wikidata":"Q858665","name":"Big C","name:en":"Big C","opening_hours":"Mo-Su 09:00-22:00","shop":"supermarket","website":"https://corporate.bigc.co.th/find-a-store?branch=11204&lang=th","website:en":"https://corporate.bigc.co.th/find-a-store?branch=11204&lang=en","website:th":"https://corporate.bigc.co.th/find-a-store?branch=11204&lang=th","@type":"node","@id":4525766091},"geometry":{"type":"Point","coordinates":[101.065233,13.68199]}},{"type":"Feature","id":4525782794,"properties":{"shop":"supermarket","@type":"node","@id":4525782794},"geometry":{"type":"Point","coordinates":[101.0937583,13.6606025]}},{"type":"Feature","id":4623469446,"properties":{"brand":"Tops","brand:en":"Tops","brand:th":"ท็อปส์","brand:wikidata":"Q7825140","name":"Tops","name:en":"Tops","name:th":"ท็อปส์","shop":"supermarket","@type":"node","@id":4623469446},"geometry":{"type":"Point","coordinates":[101.2677041,12.6966451]}},{"type":"Feature","id":4826446623,"properties":{"addr:district":"ศรีราชา","addr:housenumber":"9/3","addr:postcode":"20110","addr:province":"ชลบุรี","addr:subdistrict":"สุรศักดิ์","branch":"ศรีราชา","brand":"MaxValu","brand:wikidata":"Q11340427","check_date":"2026-06-21","name":"MaxValu","shop":"supermarket","@type":"node","@id":4826446623},"geometry":{"type":"Point","coordinates":[100.983824,13.1541107]}},{"type":"Feature","id":4859975521,"properties":{"name":"เทสโกโลตัส บางวัว","name:th":"เทสโกโลตัส บางวัว","shop":"supermarket","@type":"node","@id":4859975521},"geometry":{"type":"Point","coordinates":[100.967817,13.5415382]}},{"type":"Feature","id":5527457721,"properties":{"name:en":"Family Mart","shop":"supermarket","@type":"node","@id":5527457721},"geometry":{"type":"Point","coordinates":[100.8910981,12.9695837]}},{"type":"Feature","id":5985063885,"properties":{"shop":"supermarket","@type":"node","@id":5985063885},"geometry":{"type":"Point","coordinates":[100.8986461,12.6720634]}},{"type":"Feature","id":5996815787,"properties":{"addr:street":"ถนนสุขุมวิท","name:en":"Sattahip market","name:ru":"Рынок 700 раёв (продукты,вещи,инструмент,барахолка)","opening_hours":"Th, Sa 16:00-21:00","shop":"supermarket","@type":"node","@id":5996815787},"geometry":{"type":"Point","coordinates":[100.8893324,12.6979471]}},{"type":"Feature","id":6052310386,"properties":{"brand":"7-Eleven","name":"7-Eleven","shop":"supermarket","@type":"node","@id":6052310386},"geometry":{"type":"Point","coordinates":[101.2374462,12.665348]}},{"type":"Feature","id":6228668487,"properties":{"name:en":"7-11","shop":"supermarket","@type":"node","@id":6228668487},"geometry":{"type":"Point","coordinates":[101.2034987,13.7224032]}},{"type":"Feature","id":6276433385,"properties":{"name":"Seven eleven","shop":"supermarket","@type":"node","@id":6276433385},"geometry":{"type":"Point","coordinates":[101.0276021,13.6145994]}},{"type":"Feature","id":6276433485,"properties":{"name":"Markthalle","shop":"supermarket","@type":"node","@id":6276433485},"geometry":{"type":"Point","coordinates":[101.0217355,13.6033478]}},{"type":"Feature","id":6330204685,"properties":{"name:en":"Mini So","name:ru":"МиниСо","opening_hours":"Mo-Su 11:00-23:00","shop":"supermarket","@type":"node","@id":6330204685},"geometry":{"type":"Point","coordinates":[100.86995,12.9250347]}},{"type":"Feature","id":6401929298,"properties":{"name":"Tesco Lotus","shop":"supermarket","@type":"node","@id":6401929298},"geometry":{"type":"Point","coordinates":[100.9764187,12.6925487]}},{"type":"Feature","id":6594035887,"properties":{"name:en":"Local market","shop":"supermarket","@type":"node","@id":6594035887},"geometry":{"type":"Point","coordinates":[101.5174342,12.6375684]}},{"type":"Feature","id":6753992085,"properties":{"brand":"Tops","brand:th":"ท็อปส์","brand:wikidata":"Q7825140","name":"Tops","name:ru":"Топс магазин","shop":"supermarket","@type":"node","@id":6753992085},"geometry":{"type":"Point","coordinates":[100.894569,12.9142754]}},{"type":"Feature","id":6865278111,"properties":{"name":"Mini Big C","opening_hours":"00:00-24:00","shop":"supermarket","@type":"node","@id":6865278111},"geometry":{"type":"Point","coordinates":[100.9164888,12.8138544]}},{"type":"Feature","id":6879340005,"properties":{"name":"วรรณ","shop":"supermarket","@type":"node","@id":6879340005},"geometry":{"type":"Point","coordinates":[101.2680888,12.6857767]}},{"type":"Feature","id":6879743843,"properties":{"name":"วรรณ","shop":"supermarket","@type":"node","@id":6879743843},"geometry":{"type":"Point","coordinates":[101.2732735,12.6869451]}},{"type":"Feature","id":7027941972,"properties":{"addr:floor":"4","name":"wunu","shop":"supermarket","@type":"node","@id":7027941972},"geometry":{"type":"Point","coordinates":[100.9918799,13.3708197]}},{"type":"Feature","id":7102126185,"properties":{"name":"Macro","name:en":"Macro","name:ru":"Макро","shop":"supermarket","@type":"node","@id":7102126185},"geometry":{"type":"Point","coordinates":[100.8890278,12.699797]}},{"type":"Feature","id":7159818085,"properties":{"name:en":"7-Eleven","shop":"supermarket","@type":"node","@id":7159818085},"geometry":{"type":"Point","coordinates":[101.7079472,13.3817119]}},{"type":"Feature","id":7160154686,"properties":{"name:en":"CJ","opening_hours":"Mo-Su 06:00-22:00","shop":"supermarket","@type":"node","@id":7160154686},"geometry":{"type":"Point","coordinates":[101.4392736,13.2829327]}},{"type":"Feature","id":7161610385,"properties":{"name:en":"7-Eleven","shop":"supermarket","@type":"node","@id":7161610385},"geometry":{"type":"Point","coordinates":[101.2194285,12.9924593]}},{"type":"Feature","id":7161725685,"properties":{"name:en":"Big C","shop":"supermarket","@type":"node","@id":7161725685},"geometry":{"type":"Point","coordinates":[101.2121606,12.9832461]}},{"type":"Feature","id":7162053985,"properties":{"name:en":"Cj","shop":"supermarket","@type":"node","@id":7162053985},"geometry":{"type":"Point","coordinates":[101.149872,12.9472095]}},{"type":"Feature","id":7162054085,"properties":{"name:en":"Tesco Lotus Express","shop":"supermarket","@type":"node","@id":7162054085},"geometry":{"type":"Point","coordinates":[101.149436,12.9473551]}},{"type":"Feature","id":7162221585,"properties":{"name:en":"7-Eleven","shop":"supermarket","@type":"node","@id":7162221585},"geometry":{"type":"Point","coordinates":[101.0487291,12.9543559]}},{"type":"Feature","id":7162221586,"properties":{"name:en":"Tesco Lotus Express","shop":"supermarket","@type":"node","@id":7162221586},"geometry":{"type":"Point","coordinates":[101.0484849,12.9539571]}},{"type":"Feature","id":7483601782,"properties":{"brand":"Big C","brand:wikidata":"Q858665","brand:wikipedia":"en:Big C","name":"Big C","shop":"supermarket","@type":"node","@id":7483601782},"geometry":{"type":"Point","coordinates":[100.9240613,12.9079642]}},{"type":"Feature","id":7487465023,"properties":{"shop":"supermarket","@type":"node","@id":7487465023},"geometry":{"type":"Point","coordinates":[100.9585252,13.1467117]}},{"type":"Feature","id":7602714343,"properties":{"changing_table":"no","name":"CJ Supermarket","opening_hours":"Mo-Su 06:00-21:00","organic":"no","shop":"supermarket","@type":"node","@id":7602714343},"geometry":{"type":"Point","coordinates":[100.8968864,12.7619545]}},{"type":"Feature","id":9387094122,"properties":{"addr:city":"บ้านนา","addr:housenumber":"346 หมู่ 13","addr:postcode":"21110","name":"ร้าน ป.ปัณณ์","opening_hours":"Mo-Su 08:00-22:00","phone":"0818619863","shop":"supermarket","@type":"node","@id":9387094122},"geometry":{"type":"Point","coordinates":[101.692138,12.8355366]}},{"type":"Feature","id":10925750443,"properties":{"name":"ร้านเจ๊แดง","shop":"supermarket","@type":"node","@id":10925750443},"geometry":{"type":"Point","coordinates":[100.9809204,12.709235]}},{"type":"Feature","id":11045873905,"properties":{"name:en":"7-11","shop":"supermarket","@type":"node","@id":11045873905},"geometry":{"type":"Point","coordinates":[101.1550146,12.9730903]}},{"type":"Feature","id":11181065939,"properties":{"addr:street":"Pattaya Klang","branch":"Extra","brand":"Big C","brand:en":"Big C","brand:th":"บิ๊กซี","brand:wikidata":"Q858665","building":"retail","name":"Big C","name:en":"Big C","name:th":"บิ๊กซี","shop":"supermarket","wheelchair":"yes","@type":"node","@id":11181065939},"geometry":{"type":"Point","coordinates":[100.8948854,12.9353539]}},{"type":"Feature","id":11397510367,"properties":{"name":"7-eleven","shop":"supermarket","@type":"node","@id":11397510367},"geometry":{"type":"Point","coordinates":[101.2848452,12.7811665]}},{"type":"Feature","id":11598283677,"properties":{"brand":"Tops","brand:th":"ท็อปส์","level":"0","name":"Tops","opening_hours":"24/7","shop":"supermarket","wheelchair":"yes","@type":"node","@id":11598283677},"geometry":{"type":"Point","coordinates":[100.8716222,12.8970439]}},{"type":"Feature","id":11609990126,"properties":{"addr:city":"เพ","addr:district":"เมือง","addr:housenumber":"2/1","addr:postcode":"21160","addr:province":"ระยอง","addr:street":"หนองยายอิน ซอย1","addr:subdistrict":"เพ","check_date":"2026-09-23","check_date:currency:XBT":"2026-09-23","contact:facebook":"https://www.facebook.com/napamarket","currency:THB":"yes","currency:XBT":"yes","name":"นภา มาร์เก็ต","name:en":"Napa Market","opening_hours":"Mo-Su 07:30-20:30","payment:cash":"yes","payment:contactless":"yes","payment:lightning":"yes","payment:lightning_contactless":"no","payment:onchain":"yes","phone":"+66 94 919 6677","shop":"supermarket","@type":"node","@id":11609990126},"geometry":{"type":"Point","coordinates":[101.4002049,12.6209217]}},{"type":"Feature","id":11740460569,"properties":{"name:en":"ตลาดนัดลุงหนู","shop":"supermarket","@type":"node","@id":11740460569},"geometry":{"type":"Point","coordinates":[101.2869075,12.6922285]}},{"type":"Feature","id":11746388423,"properties":{"name":"Lotus's Go Fresh","shop":"supermarket","@type":"node","@id":11746388423},"geometry":{"type":"Point","coordinates":[101.4456793,12.6301915]}},{"type":"Feature","id":11799341011,"properties":{"alt_name":"Tesco Lotus","brand":"Lotus's","brand:wikidata":"Q2378901","name":"Lotus's go fresh","shop":"supermarket","@type":"node","@id":11799341011},"geometry":{"type":"Point","coordinates":[100.9642718,13.1481914]}},{"type":"Feature","id":11890648134,"properties":{"name":"Yod Phatthana Shop ร้านยอดพัฒนา","opening_hours":"Mo-Sa 06:30-19:15","payment:cash":"yes","payment:contactless":"yes","shop":"supermarket","@type":"node","@id":11890648134},"geometry":{"type":"Point","coordinates":[100.8977557,12.7262087]}},{"type":"Feature","id":12081469673,"properties":{"name":"7-Eleven","opening_hours":"24/7","shop":"supermarket","@type":"node","@id":12081469673},"geometry":{"type":"Point","coordinates":[100.8828878,12.8871342]}},{"type":"Feature","id":12157145994,"properties":{"addr:district":"บ้านบึง","addr:housenumber":"44","addr:place":"มาบคล้า","addr:postcode":"20220","addr:province":"ชลบุรี","addr:subdistrict":"คลองกิ่ว","name":"ร้านขายของชำ by ตี๋เล็ก","opening_hours":"06:00-21:00","operator":"ตี๋เล็ก","payment:app":"yes","payment:cash":"yes","phone":"0839206204","shop":"supermarket","@type":"node","@id":12157145994},"geometry":{"type":"Point","coordinates":[101.1921642,13.192518]}},{"type":"Feature","id":12385857901,"properties":{"name":"7 -Eleven","opening_hours":"24/7","shop":"supermarket","@type":"node","@id":12385857901},"geometry":{"type":"Point","coordinates":[101.2557332,12.6826596]}},{"type":"Feature","id":12385858001,"properties":{"name":"Big C mini","shop":"supermarket","@type":"node","@id":12385858001},"geometry":{"type":"Point","coordinates":[101.2543772,12.6827724]}},{"type":"Feature","id":12558330601,"properties":{"name:en":"7-Eleven","opening_hours":"24/7","shop":"supermarket","@type":"node","@id":12558330601},"geometry":{"type":"Point","coordinates":[101.0617737,13.6946266]}},{"type":"Feature","id":12558330602,"properties":{"name:en":"7-Еleven","opening_hours":"24/7","shop":"supermarket","@type":"node","@id":12558330602},"geometry":{"type":"Point","coordinates":[101.0668075,13.6827164]}},{"type":"Feature","id":12558330603,"properties":{"name:en":"7-Еleven","opening_hours":"24/7","shop":"supermarket","@type":"node","@id":12558330603},"geometry":{"type":"Point","coordinates":[101.0664219,13.6836641]}},{"type":"Feature","id":12558330701,"properties":{"name:en":"7-Еlеvеn","opening_hours":"24/7","shop":"supermarket","@type":"node","@id":12558330701},"geometry":{"type":"Point","coordinates":[101.0678867,13.6931163]}},{"type":"Feature","id":12558331401,"properties":{"name:en":"7-Eleven","opening_hours":"24/7","shop":"supermarket","@type":"node","@id":12558331401},"geometry":{"type":"Point","coordinates":[101.0797554,13.69199]}},{"type":"Feature","id":12670002689,"properties":{"brand":"Tops","brand:en":"Tops","brand:th":"ท็อปส์","brand:wikidata":"Q7825140","name":"Tops Daily","name:en":"Tops","name:th":"ท็อปส์","shop":"supermarket","@type":"node","@id":12670002689},"geometry":{"type":"Point","coordinates":[100.899524,12.8999175]}},{"type":"Feature","id":13324218585,"properties":{"alt_name":"Tesco Lotus Express","brand":"Lotus's go fresh","brand:wikidata":"Q125937967","name":"Lotus's go fresh","shop":"supermarket","@type":"node","@id":13324218585},"geometry":{"type":"Point","coordinates":[101.4309377,12.6251704]}},{"type":"Feature","id":13955744701,"properties":{"addr:district":"อำเภอศรีราชา","addr:housenumber":"222/6","addr:province":"จังหวัดชลบุรี","addr:street":"ศรีราชานคร 3","addr:subdistrict":"ตำบลศรีราชา","branch":"ศรีราชา อาทาระ","brand":"MaxValu","brand:wikidata":"Q11340427","check_date":"2026-06-21","name":"MaxValu","opening_hours":"24/7","shop":"supermarket","@type":"node","@id":13955744701},"geometry":{"type":"Point","coordinates":[100.9270702,13.1679948]}},{"type":"Feature","id":142172785,"properties":{"addr:housenumber":"408/2","addr:street":"ถนนสุขุมวิท","alt_name":"Tesco Lotus","branch":"South Pattaya","brand":"Lotus's","brand:wikidata":"Q2378901","building":"retail","name":"Lotus's","name:en":"Tesco Lotus South Pattaya","name:ru":"Гипермаркет Теско лотус","name:th":"โลตัส พัทยาใต้","opening_hours":"Mo-Su 08:00-22:00","shop":"supermarket","@type":"way","@id":142172785},"geometry":{"type":"Point","coordinates":[100.8946216,12.9063638]}},{"type":"Feature","id":142333438,"properties":{"alt_name":"Tesco Lotus","branch":"North Pattaya","brand":"Lotus's","brand:en":"Lotus's","brand:th":"โลตัส","brand:wikidata":"Q2378901","building":"yes","name":"Lotus's","name:en":"Lotus's","name:th":"โลตัส","opening_hours":"Mo-Su 08:00-21:00","shop":"supermarket","website":"https://www.tescolotus.com/","@type":"way","@id":142333438},"geometry":{"type":"Point","coordinates":[100.8938505,12.9512487]}},{"type":"Feature","id":142569150,"properties":{"addr:city":"Pattaya","branch":"Pattaya South","brand":"Big C","brand:wikidata":"Q858665","building":"yes","name":"Big C","name:en":"Big C","name:ru":"супермаркет Big C","name:th":"บิ๊กซี ซูเปอร์เซ็นเตอร์","shop":"supermarket","@type":"way","@id":142569150},"geometry":{"type":"Point","coordinates":[100.8940415,12.9157481]}},{"type":"Feature","id":153095118,"properties":{"building":"yes","name":"Foodmart","opening_hours":"24/7","shop":"supermarket","@type":"way","@id":153095118},"geometry":{"type":"Point","coordinates":[100.8697684,12.9049654]}},{"type":"Feature","id":169003818,"properties":{"alt_name":"Tesco Lotus","brand":"Lotus's","brand:wikidata":"Q2378901","name":"Lotus's","opening_hours":"Mo-Su 08:00-23:00","operator":"Tesco Lotus","shop":"supermarket","toilets:wheelchair":"yes","wheelchair":"yes","@type":"way","@id":169003818},"geometry":{"type":"Point","coordinates":[101.2692904,12.6837191]}},{"type":"Feature","id":205436101,"properties":{"addr:housenumber":"565/66","addr:postcode":"20150","addr:street":"ถนนสุขุมวิท","branch":"Pattaya","building":"yes","name":"GO Wholesale","opening_hours":"Mo-Su 06:00-22:00","shop":"supermarket","@type":"way","@id":205436101},"geometry":{"type":"Point","coordinates":[100.8934614,12.9148206]}},{"type":"Feature","id":228433893,"properties":{"branch":"Marina","brand":"Big C","brand:en":"Big C","brand:th":"บิ๊กซี","brand:wikidata":"Q858665","building":"yes","name":"Big C","name:en":"Big C","name:th":"บิ๊กซี","opening_hours":"Mo-Su 09:00-24:00","shop":"supermarket","wheelchair":"yes","@type":"way","@id":228433893},"geometry":{"type":"Point","coordinates":[100.8912251,12.94565]}},{"type":"Feature","id":253420258,"properties":{"addr:housenumber":"20/390","addr:street":"พัทยาใต้","building":"yes","name":"Friendship Supermarket","name:th":"เฟรนด์ชิพ ซุปเปอร์มาร์เก็ต","shop":"supermarket","website":"https://www.friendshipmart.com/","@type":"way","@id":253420258},"geometry":{"type":"Point","coordinates":[100.8798,12.9234837]}},{"type":"Feature","id":276517144,"properties":{"building":"yes","name":"Big C Extra","shop":"supermarket","@type":"way","@id":276517144},"geometry":{"type":"Point","coordinates":[100.9645565,13.3232394]}},{"type":"Feature","id":276517770,"properties":{"building":"yes","name":"Big C","shop":"supermarket","@type":"way","@id":276517770},"geometry":{"type":"Point","coordinates":[100.960307,13.3159717]}},{"type":"Feature","id":276518162,"properties":{"building":"yes","name":"Makro","shop":"supermarket","@type":"way","@id":276518162},"geometry":{"type":"Point","coordinates":[100.9602249,13.3219498]}},{"type":"Feature","id":311061298,"properties":{"building":"yes","name":"Foodland","shop":"supermarket","website":"https://www.foodland.co.th/","wheelchair":"yes","@type":"way","@id":311061298},"geometry":{"type":"Point","coordinates":[100.8971433,12.9337327]}},{"type":"Feature","id":322604509,"properties":{"addr:street":"พระตำหนัก 4","brand":"Tops","brand:en":"Tops","brand:th":"ท็อปส์","brand:wikidata":"Q7825140","building":"yes","name":"Tops","name:en":"Tops","name:th":"ท็อปส์","shop":"supermarket","@type":"way","@id":322604509},"geometry":{"type":"Point","coordinates":[100.8624932,12.9150172]}},{"type":"Feature","id":380957958,"properties":{"alt_name":"Tesco Lotus","brand":"Lotus's","brand:wikidata":"Q2378901","building":"yes","name":"Lotus's","opening_hours":"06:00-22:00","shop":"supermarket","website":"https://www.tescolotus.com/","@type":"way","@id":380957958},"geometry":{"type":"Point","coordinates":[100.9067425,12.8834179]}},{"type":"Feature","id":411739874,"properties":{"building":"yes","name":"TESCO Lotus express","shop":"supermarket","@type":"way","@id":411739874},"geometry":{"type":"Point","coordinates":[101.1732392,13.2889796]}},{"type":"Feature","id":451576309,"properties":{"brand":"TESCO Lotus","building":"yes","name":"TESCO Lotus","opening_hours":"Mo-Su 08:00-22:00","shop":"supermarket","@type":"way","@id":451576309},"geometry":{"type":"Point","coordinates":[100.9603362,13.5506195]}},{"type":"Feature","id":468526166,"properties":{"alt_name":"Tesco Lotus","brand":"Lotus's","brand:wikidata":"Q2378901","building":"yes","name":"Lotus's","opening_hours":"Mo-Su 06:00-22:00","shop":"supermarket","@type":"way","@id":468526166},"geometry":{"type":"Point","coordinates":[101.165725,12.7169968]}},{"type":"Feature","id":468543097,"properties":{"brand":"TESCO Lotus","building":"commercial","name":"TESCO Lotus","shop":"supermarket","@type":"way","@id":468543097},"geometry":{"type":"Point","coordinates":[101.0476031,12.7203766]}},{"type":"Feature","id":468932691,"properties":{"building":"yes","name":"Big C","opening_hours":"Mo-Su 08:00-22:00","shop":"supermarket","@type":"way","@id":468932691},"geometry":{"type":"Point","coordinates":[101.1191648,13.3048654]}},{"type":"Feature","id":468932693,"properties":{"building":"yes","name":"Tesco Lotus","opening_hours":"Mo-Su 08:00-22:00","shop":"supermarket","@type":"way","@id":468932693},"geometry":{"type":"Point","coordinates":[101.1210981,13.3054365]}},{"type":"Feature","id":525547001,"properties":{"addr:district":"เมืองชลบุรี","addr:housenumber":"413/81","addr:place":"หมู่ 5","addr:postcode":"20000","addr:province":"ชลบุรี","addr:street":"ถนนเศรษฐกิจ","addr:subdistrict":"บ้านสวน","air_conditioning":"yes","branch":"ชลบุรี","building":"yes","name":"ไทวัสดุ","opening_hours":"Mo-Su 07:30-20:00","payment:cash":"yes","payment:credit_cards":"yes","payment:promptpay":"yes","phone":"033000200","shop":"supermarket","stroller":"yes","website":"https://www.thaiwatsadu.com/","wheelchair":"yes","@type":"way","@id":525547001},"geometry":{"type":"Point","coordinates":[100.9994359,13.3569883]}},{"type":"Feature","id":713427563,"properties":{"addr:street":"ถนนสุขุมวิท","brand":"Big C","brand:wikidata":"Q858665","brand:wikipedia":"en:Big C","building":"yes","name":"Big C","shop":"supermarket","@type":"way","@id":713427563},"geometry":{"type":"Point","coordinates":[100.8889338,12.7008855]}},{"type":"Feature","id":766648888,"properties":{"addr:district":"ศรีราชา","addr:housenumber":"165/133","addr:postcode":"20110","addr:province":"ชลบุรี","addr:subdistrict":"สุรศักดิ์","branch":"อิออน ศรีราชา ช้อปปิ้งเซ็นเตอร์","brand":"MaxValu","brand:wikidata":"Q11340427","building":"yes","check_date":"2026-06-21","name":"MaxValu","name:ja":"マックスバリュ","opening_hours":"07:00-23:00","payment:cash":"yes","payment:credit_cards":"yes","payment:debit_cards":"yes","phone":"0383272248","shop":"supermarket","wheelchair":"yes","@type":"way","@id":766648888},"geometry":{"type":"Point","coordinates":[100.9356461,13.1672059]}},{"type":"Feature","id":770906854,"properties":{"building":"yes","shop":"supermarket","@type":"way","@id":770906854},"geometry":{"type":"Point","coordinates":[100.9431101,13.336353]}},{"type":"Feature","id":770906880,"properties":{"building":"yes","shop":"supermarket","@type":"way","@id":770906880},"geometry":{"type":"Point","coordinates":[100.9448212,13.3339405]}},{"type":"Feature","id":800204503,"properties":{"building":"commercial","name":"Big C Express - Supermarket","payment:cash":"yes","payment:debit_cards":"yes","shop":"supermarket","@type":"way","@id":800204503},"geometry":{"type":"Point","coordinates":[100.9240652,12.9079575]}},{"type":"Feature","id":807580458,"properties":{"building":"yes","name":"Big C","shop":"supermarket","source":"Bing","@type":"way","@id":807580458},"geometry":{"type":"Point","coordinates":[101.4243381,12.624284]}},{"type":"Feature","id":812434215,"properties":{"brand":"Big C","brand:en":"Big C","brand:th":"บิ๊กซี","brand:wikidata":"Q858665","building":"retail","name":"Big C","name:en":"Big C","name:th":"บิ๊กซี","shop":"supermarket","source":"Bing","@type":"way","@id":812434215},"geometry":{"type":"Point","coordinates":[101.2686003,12.6993848]}},{"type":"Feature","id":951357132,"properties":{"brand":"Big C","brand:wikidata":"Q858665","brand:wikipedia":"en:Big C","building":"yes","name":"Big C","shop":"supermarket","@type":"way","@id":951357132},"geometry":{"type":"Point","coordinates":[101.0561276,13.6909355]}},{"type":"Feature","id":1124934728,"properties":{"addr:district":"เมืองชลบุรี","addr:housenumber":"57/37","addr:place":"หมู่ 6","addr:postcode":"20000","addr:province":"ชลบุรี","addr:street":"ถนนเศรษฐกิจ","addr:subdistrict":"บ้านสวน","branch":"บ้านสวน","brand":"Tesco","brand:wikidata":"Q487494","building":"yes","name":"Tesco","opening_hours":"Mo-Su 07:00-22:00","payment:cash":"yes","payment:credit_cards":"yes","payment:debit_cards":"yes","payment:mastercard":"yes","payment:visa":"yes","phone":"038459472","shop":"supermarket","website":"https://www.lotuss.com/","@type":"way","@id":1124934728},"geometry":{"type":"Point","coordinates":[101.0021302,13.3528558]}},{"type":"Feature","id":1267663695,"properties":{"brand":"CJ Express","brand:wikidata":"Q125874457","building":"yes","name":"CJ Supermarket","shop":"supermarket","@type":"way","@id":1267663695},"geometry":{"type":"Point","coordinates":[101.1985328,12.6800959]}},{"type":"Feature","id":1368740151,"properties":{"building":"yes","name":"Best Supermarket","opening_hours":"08:00-00:00","shop":"supermarket","website":"https://www.bestpattaya.co.th/","wheelchair":"yes","@type":"way","@id":1368740151},"geometry":{"type":"Point","coordinates":[100.8906723,12.9565855]}},{"type":"Feature","id":1388285877,"properties":{"alt_name":"Tesco Lotus Express","brand":"Lotus's go fresh","brand:wikidata":"Q125937967","building":"retail","building:levels":"1","name":"Lotus's go fresh","shop":"supermarket","@type":"way","@id":1388285877},"geometry":{"type":"Point","coordinates":[100.9017962,12.9092456]}},{"type":"Feature","id":1461505359,"properties":{"alt_name":"Tesco Lotus","brand":"Lotus's","brand:en":"Lotus's","brand:th":"โลตัส","brand:wikidata":"Q2378901","building":"yes","name":"Lotus's","name:en":"Lotus's","name:th":"โลตัส","shop":"supermarket","@type":"way","@id":1461505359},"geometry":{"type":"Point","coordinates":[100.953823,13.1589835]}},{"type":"Feature","id":1466706009,"properties":{"addr:district":"เมืองชลบุรี","addr:housenumber":"99/154","addr:place":"หมู่ 5","addr:postcode":"20000","addr:province":"ชลบุรี","addr:street":"ซอย บ้านสวน 9 ซอย 1","addr:subdistrict":"บ้านสวน","addr:village":"บ้านพิมพาภรณ์ 1","building":"retail","name":"ร้านพรจันทร์","opening_hours":"Mo-Su 08:00-21:00","payment:cash":"yes","payment:promptpay":"yes","shop":"supermarket","@type":"way","@id":1466706009},"geometry":{"type":"Point","coordinates":[100.9946198,13.3550382]}},{"type":"Feature","id":1474629392,"properties":{"brand":"Tops","brand:en":"Tops","brand:th":"ท็อปส์","brand:wikidata":"Q7825140","building":"yes","name":"Tops","name:en":"Tops","name:th":"ท็อปส์","shop":"supermarket","@type":"way","@id":1474629392},"geometry":{"type":"Point","coordinates":[100.8668839,12.9177417]}},{"type":"Feature","id":1376487685,"properties":{"addr:street":"ถนนเพชรเกษม","alt_name":"Tesco Lotus","brand":"Lotus's","brand:wikidata":"Q2378901","brand:wikipedia":"en:Lotus's","check_date":"2024-03-03","level":"0","name":"Lotus's","opening_hours":"Mo-Su 08:00-22:00","payment:cash":"yes","payment:mastercard":"yes","payment:visa":"yes","shop":"supermarket","website":"https://www.lotuss.com/en","wheelchair":"yes","@type":"node","@id":1376487685},"geometry":{"type":"Point","coordinates":[99.9581034,12.5572937]}},{"type":"Feature","id":1554890549,"properties":{"name":"Okay Supermarket","shop":"supermarket","@type":"node","@id":1554890549},"geometry":{"type":"Point","coordinates":[99.9755065,12.7963041]}},{"type":"Feature","id":1569240634,"properties":{"name":"Tesco Lotus","operator":"Tesco Lotus","shop":"supermarket","@type":"node","@id":1569240634},"geometry":{"type":"Point","coordinates":[99.9674302,12.7959849]}},{"type":"Feature","id":1646796882,"properties":{"name":"CJ Express","shop":"supermarket","@type":"node","@id":1646796882},"geometry":{"type":"Point","coordinates":[99.9795554,13.2140358]}},{"type":"Feature","id":2090926231,"properties":{"name":"G Supermarket","shop":"supermarket","source":"GPS","@type":"node","@id":2090926231},"geometry":{"type":"Point","coordinates":[99.9527255,12.559452]}},{"type":"Feature","id":2520658759,"properties":{"shop":"supermarket","@type":"node","@id":2520658759},"geometry":{"type":"Point","coordinates":[99.95058,13.1093579]}},{"type":"Feature","id":2571228622,"properties":{"name":"Malee Supermarket","shop":"supermarket","@type":"node","@id":2571228622},"geometry":{"type":"Point","coordinates":[99.947176,12.5883457]}},{"type":"Feature","id":4074731743,"properties":{"name":"โกลเด้นเพลซ","name:en":"Golden Place","name:th":"โกลเด้นเพลซ","shop":"supermarket","@type":"node","@id":4074731743},"geometry":{"type":"Point","coordinates":[99.9518347,12.585447]}},{"type":"Feature","id":4077704649,"properties":{"name":"โกลเด้นเพลซ","name:en":"Golden Place","name:th":"โกลเด้นเพลซ","shop":"supermarket","@type":"node","@id":4077704649},"geometry":{"type":"Point","coordinates":[99.9493524,12.6001253]}},{"type":"Feature","id":4079637269,"properties":{"name":"Villa Market","name:en":"Villa Market","name:th":"วิลล่า มาร์เก็ท","shop":"supermarket","@type":"node","@id":4079637269},"geometry":{"type":"Point","coordinates":[99.9506749,12.5991331]}},{"type":"Feature","id":4561185390,"properties":{"name":"บ้านปูม้า","shop":"supermarket","@type":"node","@id":4561185390},"geometry":{"type":"Point","coordinates":[100.0544006,12.9900892]}},{"type":"Feature","id":4696501053,"properties":{"name":"หิน เหล็ก ไฟ ซุปเปอร์มาร์เก็ต","name:en":"Hin Lek Fai Supermarket","name:th":"หิน เหล็ก ไฟ ซุปเปอร์มาร์เก็ต","shop":"supermarket","@type":"node","@id":4696501053},"geometry":{"type":"Point","coordinates":[99.90576,12.572234]}},{"type":"Feature","id":4738097124,"properties":{"name:en":"7 Eleven","shop":"supermarket","@type":"node","@id":4738097124},"geometry":{"type":"Point","coordinates":[99.9430733,13.2639346]}},{"type":"Feature","id":4758908258,"properties":{"name":"Cj Express","shop":"supermarket","@type":"node","@id":4758908258},"geometry":{"type":"Point","coordinates":[99.9674998,12.7962181]}},{"type":"Feature","id":4759236598,"properties":{"name":"Cj Express","shop":"supermarket","@type":"node","@id":4759236598},"geometry":{"type":"Point","coordinates":[99.9742224,12.7971295]}},{"type":"Feature","id":4898754321,"properties":{"name":"Shopping Mall","name:en":"Tops Robinson Phetchaburi","shop":"supermarket","@type":"node","@id":4898754321},"geometry":{"type":"Point","coordinates":[99.9459837,13.0641563]}},{"type":"Feature","id":5211698090,"properties":{"name":"Big C","shop":"supermarket","@type":"node","@id":5211698090},"geometry":{"type":"Point","coordinates":[100.0201739,13.4104449]}},{"type":"Feature","id":6956263724,"properties":{"addr:district":"เขาย้อย","addr:postcode":"76140","addr:province":"เพชรบุรี","addr:subdistrict":"เขาย้อย","name":"ตลาดเทศบาลตำบลเขาย้อย","shop":"supermarket","@type":"node","@id":6956263724},"geometry":{"type":"Point","coordinates":[99.8238592,13.2362677]}},{"type":"Feature","id":6959370290,"properties":{"name":"ร้านเจ๊จู","shop":"supermarket","@type":"node","@id":6959370290},"geometry":{"type":"Point","coordinates":[99.8202011,13.2388759]}},{"type":"Feature","id":9950371591,"properties":{"brand":"Tops","brand:en":"Tops","brand:th":"ท็อปส์","brand:wikidata":"Q7825140","name":"Tops","name:en":"Tops","name:th":"ท็อปส์","shop":"supermarket","@type":"node","@id":9950371591},"geometry":{"type":"Point","coordinates":[99.9595255,12.5622385]}},{"type":"Feature","id":10220660559,"properties":{"name":"Lotus","shop":"supermarket","@type":"node","@id":10220660559},"geometry":{"type":"Point","coordinates":[99.9791582,13.2149809]}},{"type":"Feature","id":11263663837,"properties":{"addr:floor":"G","name":"Big C Marché","name:en":"Big C Marché","opening_hours":"Mo-Su 08:00-21:00","payment:cash":"yes","payment:mastercard":"yes","payment:visa":"yes","shop":"supermarket","@type":"node","@id":11263663837},"geometry":{"type":"Point","coordinates":[99.9611976,12.5482402]}},{"type":"Feature","id":11990022379,"properties":{"name":"CJ","operator":"CJ","shop":"supermarket","@type":"node","@id":11990022379},"geometry":{"type":"Point","coordinates":[99.733532,12.5880397]}},{"type":"Feature","id":12878878648,"properties":{"name":"Thai Foods Fresh Market","shop":"supermarket","@type":"node","@id":12878878648},"geometry":{"type":"Point","coordinates":[99.9519142,12.5832246]}},{"type":"Feature","id":13366410275,"properties":{"name":"CJ more","shop":"supermarket","@type":"node","@id":13366410275},"geometry":{"type":"Point","coordinates":[99.8248017,13.2314813]}},{"type":"Feature","id":79505821,"properties":{"alt_name":"Tesco Lotus","brand":"Lotus's","brand:en":"Lotus's","brand:th":"โลตัส","brand:wikidata":"Q2378901","brand:wikipedia":"en:Lotus's","building":"yes","name":"Lotus's","name:en":"Lotus's","name:th":"โลตัส","shop":"supermarket","@type":"way","@id":79505821},"geometry":{"type":"Point","coordinates":[99.9188302,12.3916004]}},{"type":"Feature","id":208652437,"properties":{"building":"yes","name":"Villa Market","shop":"supermarket","wheelchair":"yes","@type":"way","@id":208652437},"geometry":{"type":"Point","coordinates":[99.9589874,12.5643449]}},{"type":"Feature","id":243656114,"properties":{"building":"yes","name":"Tesco Lotus","name:th":"เทสโก้ โลตัส","shop":"supermarket","@type":"way","@id":243656114},"geometry":{"type":"Point","coordinates":[99.9391815,13.1025864]}},{"type":"Feature","id":304624565,"properties":{"name":"supermarket","shop":"supermarket","@type":"way","@id":304624565},"geometry":{"type":"Point","coordinates":[99.5569709,12.5438348]}},{"type":"Feature","id":308117354,"properties":{"addr:housenumber":"130","addr:street":"ถนนเพชรเกษม","brand":"Big C","building":"retail","building:levels":"2","check_date:opening_hours":"2022-06-24","name":"Big C @ Phetchaburi","name:th":"บิ๊กซี เพชรบุรี","opening_hours":"Mo-Su 09:00-22:00","shop":"supermarket","@type":"way","@id":308117354},"geometry":{"type":"Point","coordinates":[99.9481337,13.0792942]}},{"type":"Feature","id":313293217,"properties":{"building":"yes","name":"Makro","shop":"supermarket","@type":"way","@id":313293217},"geometry":{"type":"Point","coordinates":[99.9199753,12.4235356]}},{"type":"Feature","id":340908555,"properties":{"alt_name:en":"Chi An Tueng Supermarket","building":"yes","name":"จี้อันตึ๊งซุปเปอร์มาร์เก็ต","name:en":"G Supermarket","name:th":"จี้อันตึ๊งซุปเปอร์มาร์เก็ต","shop":"supermarket","@type":"way","@id":340908555},"geometry":{"type":"Point","coordinates":[99.9527489,12.5717243]}},{"type":"Feature","id":341143581,"properties":{"alt_name":"Tesco Lotus","brand":"Lotus's","brand:wikidata":"Q2378901","building":"retail","name":"Lotus's","shop":"supermarket","@type":"way","@id":341143581},"geometry":{"type":"Point","coordinates":[100.0059487,13.4019622]}},{"type":"Feature","id":413490266,"properties":{"building":"yes","name":"Big C Market","shop":"supermarket","@type":"way","@id":413490266},"geometry":{"type":"Point","coordinates":[99.9436546,12.5761752]}},{"type":"Feature","id":445526191,"properties":{"alt_name":"Tesco Lotus","brand":"Lotus's","brand:wikidata":"Q2378901","brand:wikipedia":"en:Lotus's","building":"yes","name":"Lotus's","opening_hours":"Mo-Su 08:00-22:00","shop":"supermarket","@type":"way","@id":445526191},"geometry":{"type":"Point","coordinates":[99.9006957,12.9827121]}},{"type":"Feature","id":468923705,"properties":{"building":"yes","name":"Big C Market","name:en":"Big C Market","shop":"supermarket","@type":"way","@id":468923705},"geometry":{"type":"Point","coordinates":[99.9711801,12.7903278]}},{"type":"Feature","id":983584119,"properties":{"alt_name":"Tesco Lotus","brand":"Lotus's","brand:wikidata":"Q2378901","brand:wikipedia":"en:Lotus's","building":"yes","name":"Lotus's","shop":"supermarket","@type":"way","@id":983584119},"geometry":{"type":"Point","coordinates":[99.9733307,12.7989755]}},{"type":"Feature","id":1251522299,"properties":{"building":"yes","name":"วรรณา ปราณี ซุปเปอร์สโตร์","name:en":"Wannapranee Superstore","name:th":"วรรณา ปราณี ซุปเปอร์สโตร์","shop":"supermarket","@type":"way","@id":1251522299},"geometry":{"type":"Point","coordinates":[99.9470218,12.5760216]}},{"type":"Feature","id":3008454322,"properties":{"shop":"supermarket","@type":"node","@id":3008454322},"geometry":{"type":"Point","coordinates":[102.0174371,14.9624064]}},{"type":"Feature","id":3008477533,"properties":{"addr:city":"Ban Mai","addr:country":"TH","addr:housenumber":"380","addr:province":"Nakhon Ratchasima","name":"Prasomshap","note":"Very small village shop open almost 24/7","operator":"none","organic":"no","shop":"supermarket","source":"My close neighbours","wheelchair":"limited","@type":"node","@id":3008477533},"geometry":{"type":"Point","coordinates":[102.018461,14.9645]}},{"type":"Feature","id":3457272702,"properties":{"name":"Tesco Lotus","shop":"supermarket","@type":"node","@id":3457272702},"geometry":{"type":"Point","coordinates":[100.6125457,14.8014013]}},{"type":"Feature","id":4235378467,"properties":{"name":"Makro Cash & Carry","opening_hours":"Mo-Su,PH 06:00-22:00","payment:credit_cards":"yes","payment:debit_cards":"yes","shop":"supermarket","wheelchair":"yes","@type":"node","@id":4235378467},"geometry":{"type":"Point","coordinates":[100.6869838,14.7823606]}},{"type":"Feature","id":4435311890,"properties":{"name":"แม็คโครหัวทะเล","name:th":"แม็คโครหัวทะเล","shop":"supermarket","@type":"node","@id":4435311890},"geometry":{"type":"Point","coordinates":[102.1397718,14.9282868]}},{"type":"Feature","id":4636873989,"properties":{"shop":"supermarket","@type":"node","@id":4636873989},"geometry":{"type":"Point","coordinates":[100.7980888,14.7264176]}},{"type":"Feature","id":4725430090,"properties":{"shop":"supermarket","@type":"node","@id":4725430090},"geometry":{"type":"Point","coordinates":[101.4134275,14.7038694]}},{"type":"Feature","id":4725767689,"properties":{"name:en":"mini Big C","shop":"supermarket","@type":"node","@id":4725767689},"geometry":{"type":"Point","coordinates":[101.4174309,14.7070673]}},{"type":"Feature","id":4725768089,"properties":{"name:en":"7 Eleven","shop":"supermarket","@type":"node","@id":4725768089},"geometry":{"type":"Point","coordinates":[101.4170824,14.7075]}},{"type":"Feature","id":4742978025,"properties":{"alt_name":"Tesco Lotus","branch":"Ayutthaya City Park","brand":"Lotus's","brand:wikidata":"Q2378901","name":"Lotus's","name:en":"Lotus's","name:th":"โลตัส","not:brand:wikidata":"Q2378901","shop":"supermarket","toilets:wheelchair":"yes","wheelchair":"yes","@type":"node","@id":4742978025},"geometry":{"type":"Point","coordinates":[100.6109348,14.3365741]}},{"type":"Feature","id":4817633122,"properties":{"name":"Big C Supercenter","name:en":"Big C Supercenter","name:ja":"Big C Supercenter","name:zh":"Big C Supercenter","name:zh-Hant":"Big C Supercenter","shop":"supermarket","@type":"node","@id":4817633122},"geometry":{"type":"Point","coordinates":[100.611175,14.3196039]}},{"type":"Feature","id":5023192322,"properties":{"name:en":"Marketplace","shop":"supermarket","@type":"node","@id":5023192322},"geometry":{"type":"Point","coordinates":[100.61081,14.8015674]}},{"type":"Feature","id":5048165909,"properties":{"name":"AEC Trade Center","shop":"supermarket","@type":"node","@id":5048165909},"geometry":{"type":"Point","coordinates":[100.6150979,14.15055]}},{"type":"Feature","id":5087410922,"properties":{"name":"บิ๊กซี","name:en":"Big C","shop":"supermarket","@type":"node","@id":5087410922},"geometry":{"type":"Point","coordinates":[102.0181335,14.7183369]}},{"type":"Feature","id":5205582027,"properties":{"name:en":"Tesco Lotus XL","shop":"supermarket","@type":"node","@id":5205582027},"geometry":{"type":"Point","coordinates":[101.3958272,14.6660603]}},{"type":"Feature","id":5351033759,"properties":{"name":"Lotus Express","opening_hours":"24/7","shop":"supermarket","@type":"node","@id":5351033759},"geometry":{"type":"Point","coordinates":[102.1363187,14.9650199]}},{"type":"Feature","id":5391779198,"properties":{"alt_name":"Tesco Lotus Express","brand":"Lotus's go fresh","brand:wikidata":"Q125937967","check_date":"2026-07-16","name":"Lotus's go fresh","shop":"supermarket","@type":"node","@id":5391779198},"geometry":{"type":"Point","coordinates":[102.0818594,14.9645968]}},{"type":"Feature","id":5403059421,"properties":{"alt_name":"Tesco Lotus Express","brand":"Lotus's go fresh","brand:wikidata":"Q125937967","name":"Lotus's go fresh","shop":"supermarket","@type":"node","@id":5403059421},"geometry":{"type":"Point","coordinates":[101.0567263,14.8624256]}},{"type":"Feature","id":5412259621,"properties":{"brand":"7-Eleven","name":"7-Eleven","shop":"supermarket","@type":"node","@id":5412259621},"geometry":{"type":"Point","coordinates":[101.8473727,14.3674232]}},{"type":"Feature","id":5431384921,"properties":{"brand":"Tops","brand:en":"Tops","brand:th":"ท็อปส์","brand:wikidata":"Q7825140","check_date":"2025-09-13","name":"Tops daily","name:en":"Tops daily","name:th":"ท็อปส์","shop":"supermarket","@type":"node","@id":5431384921},"geometry":{"type":"Point","coordinates":[101.3573311,14.6517827]}},{"type":"Feature","id":5448427151,"properties":{"check_date":"2026-07-03","name":"BigC Market","opening_hours":"09:00-20:00","shop":"supermarket","@type":"node","@id":5448427151},"geometry":{"type":"Point","coordinates":[102.2493519,15.1724932]}},{"type":"Feature","id":5928484085,"properties":{"name":"ตลาดสด","name:en":"Local Market","shop":"supermarket","@type":"node","@id":5928484085},"geometry":{"type":"Point","coordinates":[102.172167,15.330874]}},{"type":"Feature","id":6053538232,"properties":{"shop":"supermarket","@type":"node","@id":6053538232},"geometry":{"type":"Point","coordinates":[100.6104034,14.80089]}},{"type":"Feature","id":6053538233,"properties":{"shop":"supermarket","@type":"node","@id":6053538233},"geometry":{"type":"Point","coordinates":[100.6113221,14.8036585]}},{"type":"Feature","id":6053557714,"properties":{"shop":"supermarket","@type":"node","@id":6053557714},"geometry":{"type":"Point","coordinates":[102.0688653,15.1994563]}},{"type":"Feature","id":6053557721,"properties":{"shop":"supermarket","@type":"node","@id":6053557721},"geometry":{"type":"Point","coordinates":[102.1175832,15.0749844]}},{"type":"Feature","id":6053566396,"properties":{"shop":"supermarket","@type":"node","@id":6053566396},"geometry":{"type":"Point","coordinates":[100.6117395,14.8045856]}},{"type":"Feature","id":6053605389,"properties":{"shop":"supermarket","@type":"node","@id":6053605389},"geometry":{"type":"Point","coordinates":[101.9673311,15.3101776]}},{"type":"Feature","id":6110125107,"properties":{"check_date":"2025-08-29","name:en":"Big C","opening_hours":"Mo-Fr 08:00-22:00","shop":"supermarket","@type":"node","@id":6110125107},"geometry":{"type":"Point","coordinates":[102.0552669,14.9493584]}},{"type":"Feature","id":6155678908,"properties":{"name":"เอกภาพ","shop":"supermarket","@type":"node","@id":6155678908},"geometry":{"type":"Point","coordinates":[100.8924884,14.4063237]}},{"type":"Feature","id":6159126412,"properties":{"name":"เอกภาพ","shop":"supermarket","@type":"node","@id":6159126412},"geometry":{"type":"Point","coordinates":[100.8916649,14.404274]}},{"type":"Feature","id":6164052651,"properties":{"name":"เอกภาพ","shop":"supermarket","@type":"node","@id":6164052651},"geometry":{"type":"Point","coordinates":[100.8782512,14.406777]}},{"type":"Feature","id":6180300811,"properties":{"name":"เอกภาพ","shop":"supermarket","@type":"node","@id":6180300811},"geometry":{"type":"Point","coordinates":[100.9130877,14.5242876]}},{"type":"Feature","id":6342984991,"properties":{"shop":"supermarket","@type":"node","@id":6342984991},"geometry":{"type":"Point","coordinates":[100.61636,14.8008692]}},{"type":"Feature","id":6342984994,"properties":{"name:de":"Markthalle","shop":"supermarket","@type":"node","@id":6342984994},"geometry":{"type":"Point","coordinates":[100.6107324,14.8037951]}},{"type":"Feature","id":6342984995,"properties":{"name:en":"Mini big C","shop":"supermarket","@type":"node","@id":6342984995},"geometry":{"type":"Point","coordinates":[100.6123084,14.8010099]}},{"type":"Feature","id":6342985697,"properties":{"shop":"supermarket","@type":"node","@id":6342985697},"geometry":{"type":"Point","coordinates":[100.614595,14.8002355]}},{"type":"Feature","id":6342990285,"properties":{"shop":"supermarket","@type":"node","@id":6342990285},"geometry":{"type":"Point","coordinates":[100.6141641,14.8004422]}},{"type":"Feature","id":6364950386,"properties":{"name:en":"7 eleven","shop":"supermarket","@type":"node","@id":6364950386},"geometry":{"type":"Point","coordinates":[102.1388127,15.0290173]}},{"type":"Feature","id":6367674088,"properties":{"check_date":"2025-08-29","name:en":"7-Eleven","opening_hours":"24/7","shop":"supermarket","@type":"node","@id":6367674088},"geometry":{"type":"Point","coordinates":[102.0789605,14.9764684]}},{"type":"Feature","id":6367674596,"properties":{"check_date":"2025-08-08","name:en":"Tops Daily","opening_hours":"24/7","shop":"supermarket","@type":"node","@id":6367674596},"geometry":{"type":"Point","coordinates":[102.0775078,14.9766915]}},{"type":"Feature","id":6377748889,"properties":{"name:en":"Tesco Lotus express","shop":"supermarket","@type":"node","@id":6377748889},"geometry":{"type":"Point","coordinates":[101.9674936,14.9269773]}},{"type":"Feature","id":6384950988,"properties":{"name":"Lotus's","shop":"supermarket","@type":"node","@id":6384950988},"geometry":{"type":"Point","coordinates":[101.9001181,14.8986137]}},{"type":"Feature","id":6391889297,"properties":{"name:en":"Tesco Lotus","shop":"supermarket","@type":"node","@id":6391889297},"geometry":{"type":"Point","coordinates":[100.868414,14.3484288]}},{"type":"Feature","id":6391901289,"properties":{"name":"Cp all","opening_hours":"24/7","shop":"supermarket","@type":"node","@id":6391901289},"geometry":{"type":"Point","coordinates":[100.9347728,14.5255009]}},{"type":"Feature","id":6391901385,"properties":{"name:en":"7 eleven","shop":"supermarket","@type":"node","@id":6391901385},"geometry":{"type":"Point","coordinates":[101.180749,14.6290668]}},{"type":"Feature","id":7229268240,"properties":{"name":"7-Eleven","shop":"supermarket","@type":"node","@id":7229268240},"geometry":{"type":"Point","coordinates":[101.0994031,14.4076841]}},{"type":"Feature","id":7234390611,"properties":{"name":"7-Eleven","shop":"supermarket","@type":"node","@id":7234390611},"geometry":{"type":"Point","coordinates":[101.0014056,14.121249]}},{"type":"Feature","id":7825267334,"properties":{"addr:city":"บ่อทอง","addr:housenumber":"191","addr:postcode":"15170","addr:street":"ถนนพหลโยธิน","name":"ร้านค้าทวีสุข","opening_hours":"Mo-Su 09:00-18:00","shop":"supermarket","@type":"node","@id":7825267334},"geometry":{"type":"Point","coordinates":[100.6353046,15.2711114]}},{"type":"Feature","id":8780408011,"properties":{"addr:city":"ตำบลสูงเนิน  อำเภอสูงเนิน จังหวัดนครราชสีมา","addr:housenumber":"147 หมู่15","addr:postcode":"30170","addr:street":"ถนนยุทธศาสตร์","name":"ร้านเอ็มวายค้าข้าว","payment:cash":"yes","phone":"062-9892773","shop":"supermarket","@type":"node","@id":8780408011},"geometry":{"type":"Point","coordinates":[101.8494685,14.8979182]}},{"type":"Feature","id":9300447977,"properties":{"name":"Tops Market","shop":"supermarket","@type":"node","@id":9300447977},"geometry":{"type":"Point","coordinates":[100.6098561,14.3316373]}},{"type":"Feature","id":9710553076,"properties":{"alt_name":"Tesco Lotus","brand":"Lotus's","brand:en":"Lotus's","brand:th":"โลตัส","brand:wikidata":"Q2378901","check_date":"2026-07-03","name":"Lotus's","name:en":"Lotus's","name:th":"โลตัส","opening_hours":"08:00-21:00","shop":"supermarket","@type":"node","@id":9710553076},"geometry":{"type":"Point","coordinates":[102.1368966,15.0199273]}},{"type":"Feature","id":9710688438,"properties":{"name":"โลตัส ด่านขุนทด","name:en":"Lotus Dan Khun Thot","shop":"supermarket","@type":"node","@id":9710688438},"geometry":{"type":"Point","coordinates":[101.7689889,15.2153868]}},{"type":"Feature","id":10117797668,"properties":{"name":"ร้านป้าจู","opening_hours":"Mo-Su 09:00-18:00","payment:cash":"yes","shop":"supermarket","@type":"node","@id":10117797668},"geometry":{"type":"Point","coordinates":[100.9685059,14.371888]}},{"type":"Feature","id":10578061912,"properties":{"addr:city":"โนนสูง","addr:housenumber":"52/5","addr:postcode":"30160","addr:street":"โนนสูง-มิตรภาพ","name":"ฮกกี่ เอ็กเพลส (สาขาโนนสูง)","opening_hours":"07.00-21.00","operator":"บริษัท ฮกกี่ซูปเปอร์มาร์ท จำกัด","phone":"0626201313","shop":"supermarket","@type":"node","@id":10578061912},"geometry":{"type":"Point","coordinates":[102.2493346,15.1755974]}},{"type":"Feature","id":10617273961,"properties":{"shop":"supermarket","@type":"node","@id":10617273961},"geometry":{"type":"Point","coordinates":[101.5024776,14.9381501]}},{"type":"Feature","id":10628510410,"properties":{"addr:city":"พระทองคำ","addr:housenumber":"508","addr:postcode":"30220","addr:street":"ถนนสุรนารายณ์","name":"ธีระค้าวัสดุก่อสร้าง","opening_hours":"Mo-Sa 07:00-17:00","payment:app":"yes","payment:cash":"yes","phone":"0885616056","shop":"supermarket","@type":"node","@id":10628510410},"geometry":{"type":"Point","coordinates":[101.9661216,15.312843]}},{"type":"Feature","id":11483412012,"properties":{"name":"ร้านค้า","shop":"supermarket","@type":"node","@id":11483412012},"geometry":{"type":"Point","coordinates":[102.1070062,14.9072227]}},{"type":"Feature","id":11483412013,"properties":{"name":"ร้านค้า","operator":"ร้านค้า","shop":"supermarket","@type":"node","@id":11483412013},"geometry":{"type":"Point","coordinates":[102.1378655,14.8823917]}},{"type":"Feature","id":11648691958,"properties":{"name":"7-eleven","shop":"supermarket","@type":"node","@id":11648691958},"geometry":{"type":"Point","coordinates":[101.4458951,14.1312739]}},{"type":"Feature","id":11648728936,"properties":{"name":"Lotus's (go fresh)","shop":"supermarket","@type":"node","@id":11648728936},"geometry":{"type":"Point","coordinates":[101.4448789,14.1305216]}},{"type":"Feature","id":12008862969,"properties":{"name":"7 eleven","opening_hours":"24/7","shop":"supermarket","@type":"node","@id":12008862969},"geometry":{"type":"Point","coordinates":[100.9182157,14.5233561]}},{"type":"Feature","id":12016132569,"properties":{"name":"7 eleven","shop":"supermarket","@type":"node","@id":12016132569},"geometry":{"type":"Point","coordinates":[100.6523666,14.7974898]}},{"type":"Feature","id":12391007822,"properties":{"addr:district":"pakchong","addr:housenumber":"200","addr:postcode":"30320","addr:province":"nakorn rachasima","addr:subdistrict":"klangdong","check_date:currency:XBT":"2024-12-03","currency:THB":"yes","name":"Artit shop","opening_hours":"Mo-Su 09:00-21:00","payment:app":"yes","payment:cash":"yes","payment:lightning":"yes","shop":"supermarket","@type":"node","@id":12391007822},"geometry":{"type":"Point","coordinates":[101.3208236,14.6191467]}},{"type":"Feature","id":12430606712,"properties":{"name":"7-eleven","shop":"supermarket","@type":"node","@id":12430606712},"geometry":{"type":"Point","coordinates":[101.6376967,14.6372252]}},{"type":"Feature","id":12438641682,"properties":{"brand":"CJ Express","brand:wikidata":"Q125874457","name":"CJ Supermarket","shop":"supermarket","@type":"node","@id":12438641682},"geometry":{"type":"Point","coordinates":[101.1624611,14.2760949]}},{"type":"Feature","id":12459227302,"properties":{"brand":"Big C","brand:en":"Big C","brand:th":"บิ๊กซี","brand:wikidata":"Q858665","name":"Big C","name:en":"Big C","name:th":"บิ๊กซี","shop":"supermarket","@type":"node","@id":12459227302},"geometry":{"type":"Point","coordinates":[101.762817,15.1923651]}},{"type":"Feature","id":12459665234,"properties":{"alt_name":"Tesco Lotus","brand":"Lotus's","brand:en":"Lotus's","brand:th":"โลตัส","brand:wikidata":"Q2378901","name":"Lotus's","name:en":"Lotus's","name:th":"โลตัส","shop":"supermarket","@type":"node","@id":12459665234},"geometry":{"type":"Point","coordinates":[102.0687313,15.1950645]}},{"type":"Feature","id":12472968358,"properties":{"check_date:currency:XBT":"2025-01-03","contact:facebook":"https://www.facebook.com/sinlapanit","currency:XBT":"yes","email":"maiza1129@gmail.com","name":"สินลาพานิช","name:en":"Sinlapanit","opening_hours":"06:00-19:30","payment:lightning":"yes","payment:onchain":"yes","phone":"0942956229","shop":"supermarket","@type":"node","@id":12472968358},"geometry":{"type":"Point","coordinates":[101.7693835,15.2083938]}},{"type":"Feature","id":12506658204,"properties":{"name:en":"7-Eleven","opening_hours":"24/7","shop":"supermarket","@type":"node","@id":12506658204},"geometry":{"type":"Point","coordinates":[102.0467081,14.9489668]}},{"type":"Feature","id":12531361082,"properties":{"addr:district":"อำเภอสูงเนิน","addr:housenumber":"299-8","addr:place":"ร้านเอสโฟนมือถือและซ่อม สูงเนิน","addr:postcode":"30170","addr:province":"นครราชสีมา","addr:street":"ถนนมิตรภาพ","addr:subdistrict":"สูงเนิน","contact:facebook":"https://www.facebook.com/sphonesound","name":"ร้านเอสโฟน มือถือและซ่อมสูงเนิน","name:th":"เอสโฟน มือถือและซ่อม สูงเนิน","opening_hours":"จันทร์-อาทิตย์ 8:30น.-20:30น.","payment:สด-ผ่อน":"yes","phone":"0872544419","shop":"supermarket","@type":"node","@id":12531361082},"geometry":{"type":"Point","coordinates":[101.8342792,14.8707473]}},{"type":"Feature","id":12531558459,"properties":{"addr:district":"อำเภอสูงเนิน","addr:housenumber":"299-8","addr:postcode":"30170","addr:province":"นครราชสีมา","addr:street":"ถนนมิตรภาพ","addr:subdistrict":"สูงเนิน","contact:facebook":"https://www.facebook.com/share/16DS79i2AF/?mibextid=wwXIfr","email":"gantapon99@gmail.com","name":"เอสโฟนมือถือและซ่อม","opening_hours":"24/7","operator":"เอสโฟน","payment:cash":"yes","payment:credit_cards":"yes","payment:สด-ผ่อน":"yes","phone":"+66872544419","shop":"supermarket","@type":"node","@id":12531558459},"geometry":{"type":"Point","coordinates":[101.8343544,14.8707636]}},{"type":"Feature","id":12536991283,"properties":{"shop":"supermarket","@type":"node","@id":12536991283},"geometry":{"type":"Point","coordinates":[101.976394,14.561446]}},{"type":"Feature","id":12593733716,"properties":{"alt_name":"Tesco Lotus","brand":"Lotus's","brand:en":"Lotus's","brand:th":"โลตัส","brand:wikidata":"Q2378901","name":"Lotus's","name:en":"Lotus's","name:th":"โลตัส","shop":"supermarket","@type":"node","@id":12593733716},"geometry":{"type":"Point","coordinates":[100.7177185,15.05863]}},{"type":"Feature","id":13018111006,"properties":{"brand":"CJ Express","brand:wikidata":"Q125874457","name":"CJ Supermarket","shop":"supermarket","@type":"node","@id":13018111006},"geometry":{"type":"Point","coordinates":[102.1069631,14.9088059]}},{"type":"Feature","id":13045030501,"properties":{"addr:street":"ถนนสายบ้านหัวลาน-บ้านดอนพุทรา","name":"7 Eleven","shop":"supermarket","@type":"node","@id":13045030501},"geometry":{"type":"Point","coordinates":[100.6140179,14.3569808]}},{"type":"Feature","id":13045649645,"properties":{"check_date":"2025-09-13","name":"Makro","shop":"supermarket","@type":"node","@id":13045649645},"geometry":{"type":"Point","coordinates":[102.0480652,14.9582546]}},{"type":"Feature","id":13046927111,"properties":{"check_date":"2025-09-11","name":"Lotus's","shop":"supermarket","@type":"node","@id":13046927111},"geometry":{"type":"Point","coordinates":[102.1043822,14.9884439]}},{"type":"Feature","id":13056083882,"properties":{"check_date":"2025-08-06","name":"Makro","opening_hours":"06:00-22:00","shop":"supermarket","@type":"node","@id":13056083882},"geometry":{"type":"Point","coordinates":[102.1361955,14.9319479]}},{"type":"Feature","id":13120699619,"properties":{"check_date":"2025-08-31","description":"Shop for buying eggs","shop":"supermarket","@type":"node","@id":13120699619},"geometry":{"type":"Point","coordinates":[102.0245668,14.9480252]}},{"type":"Feature","id":13120699620,"properties":{"check_date":"2025-08-31","description":"Shop for buying chicken","name:th":"รักไก่","phone":"+66 97 478 2287","shop":"supermarket","@type":"node","@id":13120699620},"geometry":{"type":"Point","coordinates":[102.0249668,14.9491339]}},{"type":"Feature","id":13120701230,"properties":{"check_date":"2025-09-05","name":"CJ More","shop":"supermarket","@type":"node","@id":13120701230},"geometry":{"type":"Point","coordinates":[102.1309779,15.0353217]}},{"type":"Feature","id":13428749835,"properties":{"check_date":"2026-01-03","name":"Foodland","opening_hours":"10:00-02:00","shop":"supermarket","@type":"node","@id":13428749835},"geometry":{"type":"Point","coordinates":[102.0903069,14.9813061]}},{"type":"Feature","id":13461887210,"properties":{"check_date":"2026-01-15","organic":"only","shop":"supermarket","@type":"node","@id":13461887210},"geometry":{"type":"Point","coordinates":[102.1033812,14.9764392]}},{"type":"Feature","id":13463900676,"properties":{"alt_name":"Tesco Lotus","brand":"Lotus's","brand:en":"Lotus's","brand:th":"โลตัส","brand:wikidata":"Q2378901","check_date":"2026-01-17","name":"Lotus's","name:en":"Lotus's","name:th":"โลตัส","shop":"supermarket","@type":"node","@id":13463900676},"geometry":{"type":"Point","coordinates":[102.0587309,14.957955]}},{"type":"Feature","id":13476763056,"properties":{"check_date":"2026-01-22","name":"WishCo Express","shop":"supermarket","@type":"node","@id":13476763056},"geometry":{"type":"Point","coordinates":[102.0451557,14.9565953]}},{"type":"Feature","id":13511125605,"properties":{"brand":"Tops","brand:en":"Tops","brand:th":"ท็อปส์","brand:wikidata":"Q7825140","building:levels":"0","check_date":"2026-01-29","name":"Tops","name:en":"Tops","name:th":"ท็อปส์","opening_hours":"10:00-22:00","shop":"supermarket","@type":"node","@id":13511125605},"geometry":{"type":"Point","coordinates":[102.1169096,14.9963411]}},{"type":"Feature","id":13858938117,"properties":{"alt_name":"Tesco Lotus","brand":"Lotus's","brand:en":"Lotus's","brand:th":"โลตัส","brand:wikidata":"Q2378901","name":"Lotus's","name:en":"Lotus's","name:th":"โลตัส","shop":"supermarket","@type":"node","@id":13858938117},"geometry":{"type":"Point","coordinates":[102.1592132,14.7393209]}},{"type":"Feature","id":14024324971,"properties":{"brand":"CJ Express","brand:wikidata":"Q125874457","check_date":"2026-07-03","name":"CJ Supermarket","shop":"supermarket","@type":"node","@id":14024324971},"geometry":{"type":"Point","coordinates":[102.2515191,15.1769987]}},{"type":"Feature","id":14024324975,"properties":{"check_date":"2026-07-03","name":"WishCo Express","shop":"supermarket","@type":"node","@id":14024324975},"geometry":{"type":"Point","coordinates":[102.2515218,15.1765645]}},{"type":"Feature","id":14024326429,"properties":{"check_date":"2026-07-16","name":"WishCo Express","shop":"supermarket","@type":"node","@id":14024326429},"geometry":{"type":"Point","coordinates":[102.0813713,14.9636192]}},{"type":"Feature","id":14177374341,"properties":{"check_date":"2026-09-01","name:en":"Thai Foods Fresh Market","name:th":"ไทยฟู้ดส์ เฟรฃ มาร์เก็ต","shop":"supermarket","@type":"node","@id":14177374341},"geometry":{"type":"Point","coordinates":[102.1139764,14.9960046]}},{"type":"Feature","id":14177374342,"properties":{"check_date":"2026-09-01","name":"April","name:en":"April","name:th":"เอพริล","shop":"supermarket","@type":"node","@id":14177374342},"geometry":{"type":"Point","coordinates":[102.1142575,14.9960311]}},{"type":"Feature","id":217790223,"properties":{"landuse":"commercial","name":"Tesco Lotus","shop":"supermarket","@type":"way","@id":217790223},"geometry":{"type":"Point","coordinates":[100.6169235,14.1204046]}},{"type":"Feature","id":217993371,"properties":{"alt_name":"Tesco Lotus","branch":"Lotus","brand":"Lotus's","brand:en":"Lotus's","brand:th":"โลตัส","brand:wikidata":"Q2378901","building":"yes","name":"Lotus's","name:en":"Lotus's","name:th":"โลตัส","shop":"supermarket","@type":"way","@id":217993371},"geometry":{"type":"Point","coordinates":[100.6089499,14.1887093]}},{"type":"Feature","id":219198106,"properties":{"name":"PX กองทัพภาคที่ 2","shop":"supermarket","@type":"way","@id":219198106},"geometry":{"type":"Point","coordinates":[102.0935037,14.9572558]}},{"type":"Feature","id":297016691,"properties":{"building":"apartments","shop":"supermarket","@type":"way","@id":297016691},"geometry":{"type":"Point","coordinates":[102.0223532,14.9609108]}},{"type":"Feature","id":334736753,"properties":{"addr:housenumber":"719","addr:postcode":"300000","addr:street":"ถนนมิตรภาพ","alt_name":"Tesco Lotus","brand":"Lotus's","brand:en":"Lotus's","brand:th":"โลตัส","brand:wikidata":"Q2378901","building":"commercial","name":"Lotus's","name:en":"Lotus's","name:th":"โลตัส","opening_hours":"Mo-Su 08:00-22:00","phone":"027979000","shop":"supermarket","website":"https://www.tescolotus.com/home","@type":"way","@id":334736753},"geometry":{"type":"Point","coordinates":[102.0706917,14.9778949]}},{"type":"Feature","id":336036152,"properties":{"building":"yes","name":"Big C","shop":"supermarket","toilets:wheelchair":"no","wheelchair":"yes","@type":"way","@id":336036152},"geometry":{"type":"Point","coordinates":[102.0920845,14.9818075]}},{"type":"Feature","id":424019357,"properties":{"alt_name":"Tesco Lotus","brand":"Lotus's","brand:en":"Lotus's","brand:th":"โลตัส","brand:wikidata":"Q2378901","building":"yes","name":"Lotus's","name:en":"Lotus's","name:th":"โลตัส","shop":"supermarket","@type":"way","@id":424019357},"geometry":{"type":"Point","coordinates":[100.677983,14.7865897]}},{"type":"Feature","id":424062008,"properties":{"brand":"Big C","brand:en":"Big C","brand:th":"บิ๊กซี","brand:wikidata":"Q858665","building":"yes","name":"Big C","name:en":"Big C","name:th":"บิ๊กซี","opening_hours":"Mo-Su 09:00-22:00","shop":"supermarket","@type":"way","@id":424062008},"geometry":{"type":"Point","coordinates":[100.6634987,14.7988701]}},{"type":"Feature","id":566374978,"properties":{"building":"yes","name":"Tesco Lotus","shop":"supermarket","@type":"way","@id":566374978},"geometry":{"type":"Point","coordinates":[102.021501,14.7144087]}},{"type":"Feature","id":568041705,"properties":{"building":"yes","name":"toffee (ทอฟฟี่)","shop":"supermarket","@type":"way","@id":568041705},"geometry":{"type":"Point","coordinates":[102.0699881,14.9713109]}},{"type":"Feature","id":574849415,"properties":{"building":"yes","shop":"supermarket","@type":"way","@id":574849415},"geometry":{"type":"Point","coordinates":[102.0266569,14.7235617]}},{"type":"Feature","id":574880767,"properties":{"building":"yes","shop":"supermarket","@type":"way","@id":574880767},"geometry":{"type":"Point","coordinates":[101.9759603,14.5612565]}},{"type":"Feature","id":658021815,"properties":{"building":"yes","name":"เอส เค แกรนด์มาร์ท","name:en":"SK Grand Mart","shop":"supermarket","@type":"way","@id":658021815},"geometry":{"type":"Point","coordinates":[100.8935317,14.4318112]}},{"type":"Feature","id":658210047,"properties":{"building":"yes","name":"โลตัส เอ็กซ์เพรส","shop":"supermarket","@type":"way","@id":658210047},"geometry":{"type":"Point","coordinates":[100.8788031,14.4067361]}},{"type":"Feature","id":658210051,"properties":{"building":"yes","name":"มินิบิ๊กซี","shop":"supermarket","@type":"way","@id":658210051},"geometry":{"type":"Point","coordinates":[100.8790331,14.4067413]}},{"type":"Feature","id":1011171284,"properties":{"alt_name":"Tesco Lotus","brand":"Lotus's","brand:en":"Lotus's","brand:th":"โลตัส","brand:wikidata":"Q2378901","building":"retail","internet_access":"wlan","name":"Lotus's","name:en":"Lotus's","name:fr":"Tesco lotus","name:th":"โลตัส","opening_hours":"Mo-Su 09:00-22:00","shop":"supermarket","@type":"way","@id":1011171284},"geometry":{"type":"Point","coordinates":[101.393124,14.6618664]}},{"type":"Feature","id":1134685147,"properties":{"addr:city":"โนนสูง","addr:housenumber":"52/5","addr:postcode":"30160","addr:street":"โนนสูง-มิตรภาพ","branch":"โนนสูง","building":"yes","name":"ฮกกี่ เอ็กเพลส (สาขาโนนสูง)","opening_hours":"07.00-21.00","operator":"บริษัท ฮกกี่ซูปเปอร์มาร์ท จำกัด","phone":"0626201313","shop":"supermarket","@type":"way","@id":1134685147},"geometry":{"type":"Point","coordinates":[102.2493232,15.1755872]}},{"type":"Feature","id":1193772895,"properties":{"alt_name":"Tesco Lotus","brand":"Lotus's","brand:wikidata":"Q2378901","building":"yes","name":"Lotus's","shop":"supermarket","@type":"way","@id":1193772895},"geometry":{"type":"Point","coordinates":[101.0005946,14.1191923]}},{"type":"Feature","id":1289793085,"properties":{"alt_name":"Tesco Lotus","brand":"Lotus's","brand:en":"Lotus's","brand:th":"โลตัส","brand:wikidata":"Q2378901","building":"yes","name":"Lotus's","name:en":"Lotus's","name:th":"โลตัส","shop":"supermarket","@type":"way","@id":1289793085},"geometry":{"type":"Point","coordinates":[101.217754,14.2075247]}},{"type":"Feature","id":1363541449,"properties":{"alt_name":"Tesco Lotus Express","brand":"Lotus's go fresh","brand:wikidata":"Q125937967","building":"yes","name":"Lotus's go fresh","shop":"supermarket","@type":"way","@id":1363541449},"geometry":{"type":"Point","coordinates":[100.7712443,14.5759873]}},{"type":"Feature","id":1447146571,"properties":{"addr:district":"Mueang Nakhon Ratchasima","addr:housenumber":"1149 12","addr:postcode":"30000","addr:province":"Nakhon Ratchasima","addr:street":"Sura Narai Rd","addr:subdistrict":"Nai Mueang","building":"yes","check_date":"2026-01-19","name":"อาร์เอ็นยาร์ด","name:en":"RN Yard","shop":"supermarket","website":"www.rnyard.co.th","@type":"way","@id":1447146571},"geometry":{"type":"Point","coordinates":[102.123902,14.9937482]}}]}